{"type":"FeatureCollection","name":"clothing_recycle_bins_taipei","features":[{"type":"Feature","geometry":{"type":"Point","coordinates":[121.5437,25.05609]},"properties":{"source_city":"臺北市","approval_id":"TP-10","category":"舊衣回收箱","org_name":"台北市自閉症家長協會","org_type":"身障復健團體","phone":"(02)25953937","district":"中山區","village":"","approved_location":"興安街103號前人行道","full_address":"臺北市中山區興安街103號前人行道","approval_years":"","note":"","longitude":121.5437,"latitude":25.05609,"resource_type":"臺北舊衣回收箱"}},{"type":"Feature","geometry":{"type":"Point","coordinates":[121.54848,25.08163]},"properties":{"source_city":"臺北市","approval_id":"TP-1027","category":"舊衣回收箱","org_name":"台北市身心障礙者自立更生創業協會","org_type":"身障復健團體","phone":"(02)27099961","district":"中山區","village":"","approved_location":"北安路575號旁電桿旁邊","full_address":"臺北市中山區北安路575號旁電桿旁邊","approval_years":"","note":"","longitude":121.54848,"latitude":25.08163,"resource_type":"臺北舊衣回收箱"}},{"type":"Feature","geometry":{"type":"Point","coordinates":[121.5562,25.08517]},"properties":{"source_city":"臺北市","approval_id":"TP-1028","category":"舊衣回收箱","org_name":"台北市身心障礙者自立更生創業協會","org_type":"身障復健團體","phone":"(02)27099961","district":"中山區","village":"","approved_location":"北安路819號之1對面郵筒旁","full_address":"臺北市中山區北安路819號之1對面郵筒旁","approval_years":"","note":"","longitude":121.5562,"latitude":25.08517,"resource_type":"臺北舊衣回收箱"}},{"type":"Feature","geometry":{"type":"Point","coordinates":[121.54025,25.04802]},"properties":{"source_city":"臺北市","approval_id":"TP-1029","category":"舊衣回收箱","org_name":"台北市身心障礙者自立更生創業協會","org_type":"身障復健團體","phone":"(02)27099961","district":"中山區","village":"","approved_location":"龍江路12-1號旁","full_address":"臺北市中山區龍江路12-1號旁","approval_years":"","note":"","longitude":121.54025,"latitude":25.04802,"resource_type":"臺北舊衣回收箱"}},{"type":"Feature","geometry":{"type":"Point","coordinates":[121.5393934,25.0454078]},"properties":{"source_city":"臺北市","approval_id":"TP-1080","category":"舊衣回收箱","org_name":"臺北市至善無障愛關懷協會","org_type":"公益協會團體","phone":"(02)27096731","district":"中山區","village":"","approved_location":"八德路2段210巷10號斜對面公佈告欄","full_address":"臺北市中山區八德路2段210巷10號斜對面公佈告欄","approval_years":"","note":"","longitude":121.5393934,"latitude":25.0454078,"resource_type":"臺北舊衣回收箱"}},{"type":"Feature","geometry":{"type":"Point","coordinates":[121.541123,25.04686]},"properties":{"source_city":"臺北市","approval_id":"TP-1081","category":"舊衣回收箱","org_name":"臺北市至善無障愛關懷協會","org_type":"公益協會團體","phone":"(02)27096731","district":"中山區","village":"","approved_location":"八德路2段266號電箱旁(中影八德大樓旁)","full_address":"臺北市中山區八德路2段266號電箱旁(中影八德大樓旁)","approval_years":"","note":"","longitude":121.541123,"latitude":25.04686,"resource_type":"臺北舊衣回收箱"}},{"type":"Feature","geometry":{"type":"Point","coordinates":[121.560341,25.017195]},"properties":{"source_city":"臺北市","approval_id":"TP-1096","category":"舊衣回收箱","org_name":"臺北市至善無障愛關懷協會","org_type":"公益協會團體","phone":"(02)27096731","district":"中山區","village":"","approved_location":"松江路63巷18號對面","full_address":"臺北市中山區松江路63巷18號對面","approval_years":"","note":"","longitude":121.560341,"latitude":25.017195,"resource_type":"臺北舊衣回收箱"}},{"type":"Feature","geometry":{"type":"Point","coordinates":[121.559359,25.0209605]},"properties":{"source_city":"臺北市","approval_id":"TP-1097","category":"舊衣回收箱","org_name":"臺北市至善無障愛關懷協會","org_type":"公益協會團體","phone":"(02)27096731","district":"中山區","village":"","approved_location":"伊通街39號","full_address":"臺北市中山區伊通街39號","approval_years":"","note":"","longitude":121.559359,"latitude":25.0209605,"resource_type":"臺北舊衣回收箱"}},{"type":"Feature","geometry":{"type":"Point","coordinates":[121.607197,25.056091]},"properties":{"source_city":"臺北市","approval_id":"TP-1099","category":"舊衣回收箱","org_name":"臺北市至善無障愛關懷協會","org_type":"公益協會團體","phone":"(02)27096731","district":"中山區","village":"","approved_location":"民族東路512巷26號對面","full_address":"臺北市中山區民族東路512巷26號對面","approval_years":"","note":"","longitude":121.607197,"latitude":25.056091,"resource_type":"臺北舊衣回收箱"}},{"type":"Feature","geometry":{"type":"Point","coordinates":[121.54483,25.05459]},"properties":{"source_city":"臺北市","approval_id":"TP-11","category":"舊衣回收箱","org_name":"台北市自閉症家長協會","org_type":"身障復健團體","phone":"(02)25953937","district":"中山區","village":"","approved_location":"長春路339巷口","full_address":"臺北市中山區長春路339巷口","approval_years":"","note":"","longitude":121.54483,"latitude":25.05459,"resource_type":"臺北舊衣回收箱"}},{"type":"Feature","geometry":{"type":"Point","coordinates":[121.495375,25.028656]},"properties":{"source_city":"臺北市","approval_id":"TP-1100","category":"舊衣回收箱","org_name":"臺北市至善無障愛關懷協會","org_type":"公益協會團體","phone":"(02)27096731","district":"中山區","village":"","approved_location":"龍江路331巷1號","full_address":"臺北市中山區龍江路331巷1號","approval_years":"","note":"","longitude":121.495375,"latitude":25.028656,"resource_type":"臺北舊衣回收箱"}},{"type":"Feature","geometry":{"type":"Point","coordinates":[121.52574,25.06318]},"properties":{"source_city":"臺北市","approval_id":"TP-1112","category":"舊衣回收箱","org_name":"台北市身心障礙運動體育會","org_type":"身障復健團體","phone":"(02)25975091","district":"中山區","village":"","approved_location":"林森北路與民權東路1段口樹旁","full_address":"臺北市中山區林森北路與民權東路1段口樹旁","approval_years":"","note":"","longitude":121.52574,"latitude":25.06318,"resource_type":"臺北舊衣回收箱"}},{"type":"Feature","geometry":{"type":"Point","coordinates":[121.5392346,25.05340414]},"properties":{"source_city":"臺北市","approval_id":"TP-1180","category":"舊衣回收箱","org_name":"臺北市身障關愛福利協會","org_type":"身障復健團體","phone":"0933-494-219","district":"中山區","village":"","approved_location":"龍江路120巷如意新村圍牆外登桿旁","full_address":"臺北市中山區龍江路120巷如意新村圍牆外登桿旁","approval_years":"","note":"","longitude":121.5392346,"latitude":25.05340414,"resource_type":"臺北舊衣回收箱"}},{"type":"Feature","geometry":{"type":"Point","coordinates":[121.5555664,25.08579155]},"properties":{"source_city":"臺北市","approval_id":"TP-1185","category":"舊衣回收箱","org_name":"臺北市身障關愛福利協會","org_type":"身障復健團體","phone":"0933-494-219","district":"中山區","village":"","approved_location":"北安路821巷4弄底(樓梯入口前人行道左側)","full_address":"臺北市中山區北安路821巷4弄底(樓梯入口前人行道左側)","approval_years":"","note":"","longitude":121.5555664,"latitude":25.08579155,"resource_type":"臺北舊衣回收箱"}},{"type":"Feature","geometry":{"type":"Point","coordinates":[121.5282327,25.06317371]},"properties":{"source_city":"臺北市","approval_id":"TP-1186","category":"舊衣回收箱","org_name":"臺北市身障關愛福利協會","org_type":"身障復健團體","phone":"0933-494-219","district":"中山區","village":"","approved_location":"新生北路3段3巷17號對面路燈下","full_address":"臺北市中山區新生北路3段3巷17號對面路燈下","approval_years":"","note":"","longitude":121.5282327,"latitude":25.06317371,"resource_type":"臺北舊衣回收箱"}},{"type":"Feature","geometry":{"type":"Point","coordinates":[121.5407551,25.04531642]},"properties":{"source_city":"臺北市","approval_id":"TP-1193","category":"舊衣回收箱","org_name":"臺北市身障關愛福利協會","org_type":"身障復健團體","phone":"0933-494-219","district":"中山區","village":"","approved_location":"安東街16巷18弄口電桿下","full_address":"臺北市中山區安東街16巷18弄口電桿下","approval_years":"","note":"","longitude":121.5407551,"latitude":25.04531642,"resource_type":"臺北舊衣回收箱"}},{"type":"Feature","geometry":{"type":"Point","coordinates":[121.5421017,25.05357838]},"properties":{"source_city":"臺北市","approval_id":"TP-1194","category":"舊衣回收箱","org_name":"臺北市身障福利發展協會","org_type":"身障復健團體","phone":"(02)25912695","district":"中山區","village":"","approved_location":"遼寧街132號對面路燈桿前","full_address":"臺北市中山區遼寧街132號對面路燈桿前","approval_years":"","note":"","longitude":121.5421017,"latitude":25.05357838,"resource_type":"臺北舊衣回收箱"}},{"type":"Feature","geometry":{"type":"Point","coordinates":[121.5420047,25.05207105]},"properties":{"source_city":"臺北市","approval_id":"TP-1195","category":"舊衣回收箱","org_name":"臺北市身障福利發展協會","org_type":"身障復健團體","phone":"(02)25912695","district":"中山區","village":"","approved_location":"遼寧街133號對面路燈桿前","full_address":"臺北市中山區遼寧街133號對面路燈桿前","approval_years":"","note":"","longitude":121.5420047,"latitude":25.05207105,"resource_type":"臺北舊衣回收箱"}},{"type":"Feature","geometry":{"type":"Point","coordinates":[121.5392086,25.05773187]},"properties":{"source_city":"臺北市","approval_id":"TP-1197","category":"舊衣回收箱","org_name":"臺北市身障福利發展協會","org_type":"身障復健團體","phone":"(02)25912695","district":"中山區","village":"","approved_location":"民生東路3段與合江街口","full_address":"臺北市中山區民生東路3段與合江街口","approval_years":"","note":"","longitude":121.5392086,"latitude":25.05773187,"resource_type":"臺北舊衣回收箱"}},{"type":"Feature","geometry":{"type":"Point","coordinates":[121.54223,25.05764]},"properties":{"source_city":"臺北市","approval_id":"TP-12","category":"舊衣回收箱","org_name":"台北市自閉症家長協會","org_type":"身障復健團體","phone":"(02)25953937","district":"中山區","village":"","approved_location":"民生東路3段與遼寧街口變電箱旁","full_address":"臺北市中山區民生東路3段與遼寧街口變電箱旁","approval_years":"","note":"","longitude":121.54223,"latitude":25.05764,"resource_type":"臺北舊衣回收箱"}},{"type":"Feature","geometry":{"type":"Point","coordinates":[121.5390577,25.10419386]},"properties":{"source_city":"臺北市","approval_id":"TP-1203","category":"舊衣回收箱","org_name":"臺北市身障福利發展協會","org_type":"身障復健團體","phone":"(02)25912695","district":"中山區","village":"","approved_location":"合江街20巷口公園","full_address":"臺北市中山區合江街20巷口公園","approval_years":"","note":"","longitude":121.5390577,"latitude":25.10419386,"resource_type":"臺北舊衣回收箱"}},{"type":"Feature","geometry":{"type":"Point","coordinates":[121.5415543,25.05608018]},"properties":{"source_city":"臺北市","approval_id":"TP-1211","category":"舊衣回收箱","org_name":"臺北市身障福利發展協會","org_type":"身障復健團體","phone":"(02)25912695","district":"中山區","village":"","approved_location":"興安公園西北角","full_address":"臺北市中山區興安公園西北角","approval_years":"","note":"","longitude":121.5415543,"latitude":25.05608018,"resource_type":"臺北舊衣回收箱"}},{"type":"Feature","geometry":{"type":"Point","coordinates":[121.54202,25.06398]},"properties":{"source_city":"臺北市","approval_id":"TP-1231","category":"舊衣回收箱","org_name":"台北市弱勢彩券聯合促進會","org_type":"公益協會團體","phone":"(02)23026138","district":"中山區","village":"","approved_location":"龍江路五常街口(近五常國小)","full_address":"臺北市中山區龍江路五常街口(近五常國小)","approval_years":"","note":"","longitude":121.54202,"latitude":25.06398,"resource_type":"臺北舊衣回收箱"}},{"type":"Feature","geometry":{"type":"Point","coordinates":[121.5405319,25.0563768]},"properties":{"source_city":"臺北市","approval_id":"TP-1237","category":"舊衣回收箱","org_name":"台北市弱勢彩券聯合促進會","org_type":"公益協會團體","phone":"(02)23026138","district":"中山區","village":"","approved_location":"龍江路與興安街口","full_address":"臺北市中山區龍江路與興安街口","approval_years":"","note":"","longitude":121.5405319,"latitude":25.0563768,"resource_type":"臺北舊衣回收箱"}},{"type":"Feature","geometry":{"type":"Point","coordinates":[121.5403181,25.0547071]},"properties":{"source_city":"臺北市","approval_id":"TP-1238","category":"舊衣回收箱","org_name":"台北市弱勢彩券聯合促進會","org_type":"公益協會團體","phone":"(02)23026138","district":"中山區","village":"","approved_location":"龍江路與長春路口","full_address":"臺北市中山區龍江路與長春路口","approval_years":"","note":"","longitude":121.5403181,"latitude":25.0547071,"resource_type":"臺北舊衣回收箱"}},{"type":"Feature","geometry":{"type":"Point","coordinates":[121.53207,25.05937]},"properties":{"source_city":"臺北市","approval_id":"TP-1239","category":"舊衣回收箱","org_name":"台北市弱勢彩券聯合促進會","org_type":"公益協會團體","phone":"(02)23026138","district":"中山區","village":"","approved_location":"北安路595巷口電桿下","full_address":"臺北市中山區北安路595巷口電桿下","approval_years":"","note":"","longitude":121.53207,"latitude":25.05937,"resource_type":"臺北舊衣回收箱"}},{"type":"Feature","geometry":{"type":"Point","coordinates":[121.53253,25.06414]},"properties":{"source_city":"臺北市","approval_id":"TP-1240","category":"舊衣回收箱","org_name":"台北市弱勢彩券聯合促進會","org_type":"公益協會團體","phone":"(02)23026138","district":"中山區","village":"","approved_location":"民生東路2段115巷25弄14號對面公園桿子旁","full_address":"臺北市中山區民生東路2段115巷25弄14號對面公園桿子旁","approval_years":"","note":"","longitude":121.53253,"latitude":25.06414,"resource_type":"臺北舊衣回收箱"}},{"type":"Feature","geometry":{"type":"Point","coordinates":[121.53255,25.06433]},"properties":{"source_city":"臺北市","approval_id":"TP-1241","category":"舊衣回收箱","org_name":"台北市弱勢彩券聯合促進會","org_type":"公益協會團體","phone":"(02)23026138","district":"中山區","village":"","approved_location":"松江路402巷7弄2號對面(變電箱旁)","full_address":"臺北市中山區松江路402巷7弄2號對面(變電箱旁)","approval_years":"","note":"","longitude":121.53255,"latitude":25.06433,"resource_type":"臺北舊衣回收箱"}},{"type":"Feature","geometry":{"type":"Point","coordinates":[121.53042,25.06437]},"properties":{"source_city":"臺北市","approval_id":"TP-1242","category":"舊衣回收箱","org_name":"台北市弱勢彩券聯合促進會","org_type":"公益協會團體","phone":"(02)23026138","district":"中山區","village":"","approved_location":"吉林路343巷口停車場旁","full_address":"臺北市中山區吉林路343巷口停車場旁","approval_years":"","note":"","longitude":121.53042,"latitude":25.06437,"resource_type":"臺北舊衣回收箱"}},{"type":"Feature","geometry":{"type":"Point","coordinates":[121.53251,25.06132]},"properties":{"source_city":"臺北市","approval_id":"TP-1243","category":"舊衣回收箱","org_name":"台北市弱勢彩券聯合促進會","org_type":"公益協會團體","phone":"(02)23026138","district":"中山區","village":"","approved_location":"錦州街231巷口停車格旁","full_address":"臺北市中山區錦州街231巷口停車格旁","approval_years":"","note":"","longitude":121.53251,"latitude":25.06132,"resource_type":"臺北舊衣回收箱"}},{"type":"Feature","geometry":{"type":"Point","coordinates":[121.52802,25.06503]},"properties":{"source_city":"臺北市","approval_id":"TP-1297","category":"舊衣回收箱","org_name":"臺北市身障者互助關懷協會","org_type":"身障復健團體","phone":"(02)26886212","district":"中山區","village":"","approved_location":"新生北路3段35號旁防火巷前柱旁","full_address":"臺北市中山區新生北路3段35號旁防火巷前柱旁","approval_years":"","note":"","longitude":121.52802,"latitude":25.06503,"resource_type":"臺北舊衣回收箱"}},{"type":"Feature","geometry":{"type":"Point","coordinates":[121.526685,25.05504304]},"properties":{"source_city":"臺北市","approval_id":"TP-233","category":"舊衣回收箱","org_name":"台北市視障生活品質福利促進會","org_type":"視障服務團體","phone":"(02)25587370","district":"中山區","village":"","approved_location":"長春路71巷口右側","full_address":"臺北市中山區長春路71巷口右側","approval_years":"","note":"","longitude":121.526685,"latitude":25.05504304,"resource_type":"臺北舊衣回收箱"}},{"type":"Feature","geometry":{"type":"Point","coordinates":[121.5240284,25.05722593]},"properties":{"source_city":"臺北市","approval_id":"TP-234","category":"舊衣回收箱","org_name":"台北市視障生活品質福利促進會","org_type":"視障服務團體","phone":"(02)25587370","district":"中山區","village":"","approved_location":"中山北路2段65巷13號旁","full_address":"臺北市中山區中山北路2段65巷13號旁","approval_years":"","note":"","longitude":121.5240284,"latitude":25.05722593,"resource_type":"臺北舊衣回收箱"}},{"type":"Feature","geometry":{"type":"Point","coordinates":[121.5264063,25.05663667]},"properties":{"source_city":"臺北市","approval_id":"TP-235","category":"舊衣回收箱","org_name":"台北市視障生活品質福利促進會","org_type":"視障服務團體","phone":"(02)25587370","district":"中山區","village":"","approved_location":"新生北路2段68巷口","full_address":"臺北市中山區新生北路2段68巷口","approval_years":"","note":"","longitude":121.5264063,"latitude":25.05663667,"resource_type":"臺北舊衣回收箱"}},{"type":"Feature","geometry":{"type":"Point","coordinates":[121.531932,25.056062]},"properties":{"source_city":"臺北市","approval_id":"TP-236","category":"舊衣回收箱","org_name":"台北市心理復健家屬聯合協會","org_type":"身障復健團體","phone":"(02)23660399","district":"中山區","village":"","approved_location":"松江路170巷9號與長春路137巷12號對面公園（電氣設備旁）","full_address":"臺北市中山區松江路170巷9號與長春路137巷12號對面公園（電氣設備旁）","approval_years":"","note":"","longitude":121.531932,"latitude":25.056062,"resource_type":"臺北舊衣回收箱"}},{"type":"Feature","geometry":{"type":"Point","coordinates":[121.528852,25.051038]},"properties":{"source_city":"臺北市","approval_id":"TP-237","category":"舊衣回收箱","org_name":"台北市心理復健家屬聯合協會","org_type":"身障復健團體","phone":"(02)23660399","district":"中山區","village":"","approved_location":"吉林路22巷23號轉角處","full_address":"臺北市中山區吉林路22巷23號轉角處","approval_years":"","note":"","longitude":121.528852,"latitude":25.051038,"resource_type":"臺北舊衣回收箱"}},{"type":"Feature","geometry":{"type":"Point","coordinates":[121.531432,25.047575]},"properties":{"source_city":"臺北市","approval_id":"TP-239","category":"舊衣回收箱","org_name":"台北市心理復健家屬聯合協會","org_type":"身障復健團體","phone":"(02)23660399","district":"中山區","village":"","approved_location":"松江路38巷(長安東路2段36巷15號右側巷口)","full_address":"臺北市中山區松江路38巷(長安東路2段36巷15號右側巷口)","approval_years":"","note":"","longitude":121.531432,"latitude":25.047575,"resource_type":"臺北舊衣回收箱"}},{"type":"Feature","geometry":{"type":"Point","coordinates":[121.530182,25.050491]},"properties":{"source_city":"臺北市","approval_id":"TP-240","category":"舊衣回收箱","org_name":"台北市心理復健家屬聯合協會","org_type":"身障復健團體","phone":"(02)23660399","district":"中山區","village":"","approved_location":"吉林路與松江路90號交叉口人行道(靠近行道樹旁)","full_address":"臺北市中山區吉林路與松江路90號交叉口人行道(靠近行道樹旁)","approval_years":"","note":"","longitude":121.530182,"latitude":25.050491,"resource_type":"臺北舊衣回收箱"}},{"type":"Feature","geometry":{"type":"Point","coordinates":[121.550851,25.081115]},"properties":{"source_city":"臺北市","approval_id":"TP-242","category":"舊衣回收箱","org_name":"台北市心理復健家屬聯合協會","org_type":"身障復健團體","phone":"(02)23660399","district":"中山區","village":"","approved_location":"北安路588巷34號對面","full_address":"臺北市中山區北安路588巷34號對面","approval_years":"","note":"","longitude":121.550851,"latitude":25.081115,"resource_type":"臺北舊衣回收箱"}},{"type":"Feature","geometry":{"type":"Point","coordinates":[121.527476,25.065407]},"properties":{"source_city":"臺北市","approval_id":"TP-243","category":"舊衣回收箱","org_name":"台北市心理復健家屬聯合協會","org_type":"身障復健團體","phone":"(02)23660399","district":"中山區","village":"","approved_location":"新生北路3段56巷1號（里公布欄旁）","full_address":"臺北市中山區新生北路3段56巷1號（里公布欄旁）","approval_years":"","note":"","longitude":121.527476,"latitude":25.065407,"resource_type":"臺北舊衣回收箱"}},{"type":"Feature","geometry":{"type":"Point","coordinates":[121.549298,25.082802]},"properties":{"source_city":"臺北市","approval_id":"TP-245","category":"舊衣回收箱","org_name":"台北市心理復健家屬聯合協會","org_type":"身障復健團體","phone":"(02)23660399","district":"中山區","village":"","approved_location":"北安路630巷口(麥當勞後第二根電線桿旁)","full_address":"臺北市中山區北安路630巷口(麥當勞後第二根電線桿旁)","approval_years":"","note":"","longitude":121.549298,"latitude":25.082802,"resource_type":"臺北舊衣回收箱"}},{"type":"Feature","geometry":{"type":"Point","coordinates":[121.530248,25.057259]},"properties":{"source_city":"臺北市","approval_id":"TP-248","category":"舊衣回收箱","org_name":"台北市心理復健家屬聯合協會","org_type":"身障復健團體","phone":"(02)23660399","district":"中山區","village":"","approved_location":"吉林路123巷口","full_address":"臺北市中山區吉林路123巷口","approval_years":"","note":"","longitude":121.530248,"latitude":25.057259,"resource_type":"臺北舊衣回收箱"}},{"type":"Feature","geometry":{"type":"Point","coordinates":[121.530271,25.052588]},"properties":{"source_city":"臺北市","approval_id":"TP-250","category":"舊衣回收箱","org_name":"台北市心理復健家屬聯合協會","org_type":"身障復健團體","phone":"(02)23660399","district":"中山區","village":"","approved_location":"松江路124巷與吉林路47號巷口","full_address":"臺北市中山區松江路124巷與吉林路47號巷口","approval_years":"","note":"","longitude":121.530271,"latitude":25.052588,"resource_type":"臺北舊衣回收箱"}},{"type":"Feature","geometry":{"type":"Point","coordinates":[121.540339,25.050191]},"properties":{"source_city":"臺北市","approval_id":"TP-253","category":"舊衣回收箱","org_name":"台北市心理復健家屬聯合協會","org_type":"身障復健團體","phone":"(02)23660399","district":"中山區","village":"","approved_location":"龍江路61號對面（號誌控制器旁）","full_address":"臺北市中山區龍江路61號對面（號誌控制器旁）","approval_years":"","note":"","longitude":121.540339,"latitude":25.050191,"resource_type":"臺北舊衣回收箱"}},{"type":"Feature","geometry":{"type":"Point","coordinates":[121.542311,25.060729]},"properties":{"source_city":"臺北市","approval_id":"TP-254","category":"舊衣回收箱","org_name":"台北市心理復健家屬聯合協會","org_type":"身障復健團體","phone":"(02)23660399","district":"中山區","village":"","approved_location":"民權東路3段60巷11號對面(圍牆邊)","full_address":"臺北市中山區民權東路3段60巷11號對面(圍牆邊)","approval_years":"","note":"","longitude":121.542311,"latitude":25.060729,"resource_type":"臺北舊衣回收箱"}},{"type":"Feature","geometry":{"type":"Point","coordinates":[121.533693,25.054845]},"properties":{"source_city":"臺北市","approval_id":"TP-255","category":"舊衣回收箱","org_name":"台北市心理復健家屬聯合協會","org_type":"身障復健團體","phone":"(02)23660399","district":"中山區","village":"","approved_location":"長春路163巷口（圍牆邊）","full_address":"臺北市中山區長春路163巷口（圍牆邊）","approval_years":"","note":"","longitude":121.533693,"latitude":25.054845,"resource_type":"臺北舊衣回收箱"}},{"type":"Feature","geometry":{"type":"Point","coordinates":[121.542049,25.050681]},"properties":{"source_city":"臺北市","approval_id":"TP-258","category":"舊衣回收箱","org_name":"台北市心理復健家屬聯合協會","org_type":"身障復健團體","phone":"(02)23660399","district":"中山區","village":"","approved_location":"遼寧街62巷口","full_address":"臺北市中山區遼寧街62巷口","approval_years":"","note":"","longitude":121.542049,"latitude":25.050681,"resource_type":"臺北舊衣回收箱"}},{"type":"Feature","geometry":{"type":"Point","coordinates":[121.528981,25.060763]},"properties":{"source_city":"臺北市","approval_id":"TP-260","category":"舊衣回收箱","org_name":"台北市心理復健家屬聯合協會","org_type":"身障復健團體","phone":"(02)23660399","district":"中山區","village":"","approved_location":"中原街110號對面","full_address":"臺北市中山區中原街110號對面","approval_years":"","note":"","longitude":121.528981,"latitude":25.060763,"resource_type":"臺北舊衣回收箱"}},{"type":"Feature","geometry":{"type":"Point","coordinates":[121.551462,25.082108]},"properties":{"source_city":"臺北市","approval_id":"TP-261","category":"舊衣回收箱","org_name":"台北市心理復健家屬聯合協會","org_type":"身障復健團體","phone":"(02)23660399","district":"中山區","village":"","approved_location":"明水路606巷口（行道樹旁）","full_address":"臺北市中山區明水路606巷口（行道樹旁）","approval_years":"","note":"","longitude":121.551462,"latitude":25.082108,"resource_type":"臺北舊衣回收箱"}},{"type":"Feature","geometry":{"type":"Point","coordinates":[121.529434,25.053413]},"properties":{"source_city":"臺北市","approval_id":"TP-263","category":"舊衣回收箱","org_name":"台北市心理復健家屬聯合協會","org_type":"身障復健團體","phone":"(02)23660399","district":"中山區","village":"","approved_location":"吉林路108巷6號對面(圍牆邊)","full_address":"臺北市中山區吉林路108巷6號對面(圍牆邊)","approval_years":"","note":"","longitude":121.529434,"latitude":25.053413,"resource_type":"臺北舊衣回收箱"}},{"type":"Feature","geometry":{"type":"Point","coordinates":[121.530105,25.055331]},"properties":{"source_city":"臺北市","approval_id":"TP-264","category":"舊衣回收箱","org_name":"台北市心理復健家屬聯合協會","org_type":"身障復健團體","phone":"(02)23660399","district":"中山區","village":"","approved_location":"吉林路132號對面（電器設備旁）","full_address":"臺北市中山區吉林路132號對面（電器設備旁）","approval_years":"","note":"","longitude":121.530105,"latitude":25.055331,"resource_type":"臺北舊衣回收箱"}},{"type":"Feature","geometry":{"type":"Point","coordinates":[121.5314788,25.05474108]},"properties":{"source_city":"臺北市","approval_id":"TP-268","category":"舊衣回收箱","org_name":"台北市心理復健家屬聯合協會","org_type":"身障復健團體","phone":"(02)23660399","district":"中山區","village":"","approved_location":"長春路與一江街交叉口(電信設備旁)","full_address":"臺北市中山區長春路與一江街交叉口(電信設備旁)","approval_years":"","note":"","longitude":121.5314788,"latitude":25.05474108,"resource_type":"臺北舊衣回收箱"}},{"type":"Feature","geometry":{"type":"Point","coordinates":[121.552514,25.080103]},"properties":{"source_city":"臺北市","approval_id":"TP-269","category":"舊衣回收箱","org_name":"台北市心理復健家屬聯合協會","org_type":"身障復健團體","phone":"(02)23660399","district":"中山區","village":"","approved_location":"明水路與樂群二路交叉口(公車站牌旁)","full_address":"臺北市中山區明水路與樂群二路交叉口(公車站牌旁)","approval_years":"","note":"","longitude":121.552514,"latitude":25.080103,"resource_type":"臺北舊衣回收箱"}},{"type":"Feature","geometry":{"type":"Point","coordinates":[121.52741,25.06733]},"properties":{"source_city":"臺北市","approval_id":"TP-27","category":"舊衣回收箱","org_name":"台北市自閉症家長協會","org_type":"身障復健團體","phone":"(02)25953937","district":"中山區","village":"","approved_location":"新生北路3段82之5號前","full_address":"臺北市中山區新生北路3段82之5號前","approval_years":"","note":"","longitude":121.52741,"latitude":25.06733,"resource_type":"臺北舊衣回收箱"}},{"type":"Feature","geometry":{"type":"Point","coordinates":[121.54069,25.05341]},"properties":{"source_city":"臺北市","approval_id":"TP-29","category":"舊衣回收箱","org_name":"台北市自閉症家長協會","org_type":"身障復健團體","phone":"(02)25953937","district":"中山區","village":"","approved_location":"遼寧街128巷與龍江路交叉口","full_address":"臺北市中山區遼寧街128巷與龍江路交叉口","approval_years":"","note":"","longitude":121.54069,"latitude":25.05341,"resource_type":"臺北舊衣回收箱"}},{"type":"Feature","geometry":{"type":"Point","coordinates":[121.52815,25.04866329]},"properties":{"source_city":"臺北市","approval_id":"TP-321","category":"舊衣回收箱","org_name":"臺北市唐氏症家長協會","org_type":"身障復健團體","phone":"(02)22782321","district":"中山區","village":"","approved_location":"長安東路1段77巷4弄4之1號對面","full_address":"臺北市中山區長安東路1段77巷4弄4之1號對面","approval_years":"","note":"","longitude":121.52815,"latitude":25.04866329,"resource_type":"臺北舊衣回收箱"}},{"type":"Feature","geometry":{"type":"Point","coordinates":[121.5266651,25.04949192]},"properties":{"source_city":"臺北市","approval_id":"TP-322","category":"舊衣回收箱","org_name":"臺北市唐氏症家長協會","org_type":"身障復健團體","phone":"(02)22782321","district":"中山區","village":"","approved_location":"林森北路85巷52號對面","full_address":"臺北市中山區林森北路85巷52號對面","approval_years":"","note":"","longitude":121.5266651,"latitude":25.04949192,"resource_type":"臺北舊衣回收箱"}},{"type":"Feature","geometry":{"type":"Point","coordinates":[121.5352702,25.06581009]},"properties":{"source_city":"臺北市","approval_id":"TP-323","category":"舊衣回收箱","org_name":"臺北市唐氏症家長協會","org_type":"身障復健團體","phone":"(02)22782321","district":"中山區","village":"","approved_location":"松江路469巷43號前","full_address":"臺北市中山區松江路469巷43號前","approval_years":"","note":"","longitude":121.5352702,"latitude":25.06581009,"resource_type":"臺北舊衣回收箱"}},{"type":"Feature","geometry":{"type":"Point","coordinates":[121.5242221,25.06544394]},"properties":{"source_city":"臺北市","approval_id":"TP-324","category":"舊衣回收箱","org_name":"臺北市唐氏症家長協會","org_type":"身障復健團體","phone":"(02)22782321","district":"中山區","village":"","approved_location":"雙城街18巷口","full_address":"臺北市中山區雙城街18巷口","approval_years":"","note":"","longitude":121.5242221,"latitude":25.06544394,"resource_type":"臺北舊衣回收箱"}},{"type":"Feature","geometry":{"type":"Point","coordinates":[121.5348173,25.05912351]},"properties":{"source_city":"臺北市","approval_id":"TP-325","category":"舊衣回收箱","org_name":"臺北市唐氏症家長協會","org_type":"身障復健團體","phone":"(02)22782321","district":"中山區","village":"","approved_location":"民生東路2段147巷與建國北路2段116巷口","full_address":"臺北市中山區民生東路2段147巷與建國北路2段116巷口","approval_years":"","note":"","longitude":121.5348173,"latitude":25.05912351,"resource_type":"臺北舊衣回收箱"}},{"type":"Feature","geometry":{"type":"Point","coordinates":[121.5346866,25.06230921]},"properties":{"source_city":"臺北市","approval_id":"TP-326","category":"舊衣回收箱","org_name":"臺北市唐氏症家長協會","org_type":"身障復健團體","phone":"(02)22782321","district":"中山區","village":"","approved_location":"民權東路2段152巷口","full_address":"臺北市中山區民權東路2段152巷口","approval_years":"","note":"","longitude":121.5346866,"latitude":25.06230921,"resource_type":"臺北舊衣回收箱"}},{"type":"Feature","geometry":{"type":"Point","coordinates":[121.5359561,25.06031003]},"properties":{"source_city":"臺北市","approval_id":"TP-327","category":"舊衣回收箱","org_name":"臺北市唐氏症家長協會","org_type":"身障復健團體","phone":"(02)22782321","district":"中山區","village":"","approved_location":"錦州街298號對面","full_address":"臺北市中山區錦州街298號對面","approval_years":"","note":"","longitude":121.5359561,"latitude":25.06031003,"resource_type":"臺北舊衣回收箱"}},{"type":"Feature","geometry":{"type":"Point","coordinates":[121.5333784,25.05889051]},"properties":{"source_city":"臺北市","approval_id":"TP-328","category":"舊衣回收箱","org_name":"臺北市唐氏症家長協會","org_type":"身障復健團體","phone":"(02)22782321","district":"中山區","village":"","approved_location":"松江路235巷口","full_address":"臺北市中山區松江路235巷口","approval_years":"","note":"","longitude":121.5333784,"latitude":25.05889051,"resource_type":"臺北舊衣回收箱"}},{"type":"Feature","geometry":{"type":"Point","coordinates":[121.5436923,25.0659441]},"properties":{"source_city":"臺北市","approval_id":"TP-499","category":"舊衣回收箱","org_name":"臺北市視障藝文發展協會","org_type":"視障服務團體","phone":"(02)25912695","district":"中山區","village":"","approved_location":"復興北路514巷10號旁","full_address":"臺北市中山區復興北路514巷10號旁","approval_years":"","note":"","longitude":121.5436923,"latitude":25.0659441,"resource_type":"臺北舊衣回收箱"}},{"type":"Feature","geometry":{"type":"Point","coordinates":[121.5331895,25.0535862]},"properties":{"source_city":"臺北市","approval_id":"TP-500","category":"舊衣回收箱","org_name":"臺北市視障藝文發展協會","org_type":"視障服務團體","phone":"(02)25912695","district":"中山區","village":"","approved_location":"松江路127號與四平街口變電箱旁","full_address":"臺北市中山區松江路127號與四平街口變電箱旁","approval_years":"","note":"","longitude":121.5331895,"latitude":25.0535862,"resource_type":"臺北舊衣回收箱"}},{"type":"Feature","geometry":{"type":"Point","coordinates":[121.5347569,25.052921]},"properties":{"source_city":"臺北市","approval_id":"TP-501","category":"舊衣回收箱","org_name":"臺北市視障藝文發展協會","org_type":"視障服務團體","phone":"(02)25912695","district":"中山區","village":"","approved_location":"松江路123巷與伊通街口變電箱旁","full_address":"臺北市中山區松江路123巷與伊通街口變電箱旁","approval_years":"","note":"","longitude":121.5347569,"latitude":25.052921,"resource_type":"臺北舊衣回收箱"}},{"type":"Feature","geometry":{"type":"Point","coordinates":[121.5365104,25.0536014]},"properties":{"source_city":"臺北市","approval_id":"TP-502","category":"舊衣回收箱","org_name":"臺北市視障藝文發展協會","org_type":"視障服務團體","phone":"(02)25912695","district":"中山區","village":"","approved_location":"建國北路2段與四平街口","full_address":"臺北市中山區建國北路2段與四平街口","approval_years":"","note":"","longitude":121.5365104,"latitude":25.0536014,"resource_type":"臺北舊衣回收箱"}},{"type":"Feature","geometry":{"type":"Point","coordinates":[121.5349775,25.0547531]},"properties":{"source_city":"臺北市","approval_id":"TP-503","category":"舊衣回收箱","org_name":"臺北市視障藝文發展協會","org_type":"視障服務團體","phone":"(02)25912695","district":"中山區","village":"","approved_location":"伊通街與長春路電箱下","full_address":"臺北市中山區伊通街與長春路電箱下","approval_years":"","note":"","longitude":121.5349775,"latitude":25.0547531,"resource_type":"臺北舊衣回收箱"}},{"type":"Feature","geometry":{"type":"Point","coordinates":[121.5435139,25.0546696]},"properties":{"source_city":"臺北市","approval_id":"TP-504","category":"舊衣回收箱","org_name":"臺北市視障藝文發展協會","org_type":"視障服務團體","phone":"(02)25912695","district":"中山區","village":"","approved_location":"長春路327巷口","full_address":"臺北市中山區長春路327巷口","approval_years":"","note":"","longitude":121.5435139,"latitude":25.0546696,"resource_type":"臺北舊衣回收箱"}},{"type":"Feature","geometry":{"type":"Point","coordinates":[121.5411254,25.0660051]},"properties":{"source_city":"臺北市","approval_id":"TP-509","category":"舊衣回收箱","org_name":"臺北市視障藝文發展協會","org_type":"視障服務團體","phone":"(02)25912695","district":"中山區","village":"","approved_location":"復興北路514巷66號對面電箱旁","full_address":"臺北市中山區復興北路514巷66號對面電箱旁","approval_years":"","note":"","longitude":121.5411254,"latitude":25.0660051,"resource_type":"臺北舊衣回收箱"}},{"type":"Feature","geometry":{"type":"Point","coordinates":[121.541106,25.0675789]},"properties":{"source_city":"臺北市","approval_id":"TP-511","category":"舊衣回收箱","org_name":"臺北市視障藝文發展協會","org_type":"視障服務團體","phone":"(02)25912695","district":"中山區","village":"","approved_location":"龍江路457巷口","full_address":"臺北市中山區龍江路457巷口","approval_years":"","note":"","longitude":121.541106,"latitude":25.0675789,"resource_type":"臺北舊衣回收箱"}},{"type":"Feature","geometry":{"type":"Point","coordinates":[121.547011,25.08174]},"properties":{"source_city":"臺北市","approval_id":"TP-52","category":"舊衣回收箱","org_name":"臺北市視障樂活福利促進會","org_type":"視障服務團體","phone":"(02)25993105","district":"中山區","village":"","approved_location":"大直街21巷9號旁","full_address":"臺北市中山區大直街21巷9號旁","approval_years":"","note":"","longitude":121.547011,"latitude":25.08174,"resource_type":"臺北舊衣回收箱"}},{"type":"Feature","geometry":{"type":"Point","coordinates":[121.547572,25.085031]},"properties":{"source_city":"臺北市","approval_id":"TP-53","category":"舊衣回收箱","org_name":"臺北市視障樂活福利促進會","org_type":"視障服務團體","phone":"(02)25993105","district":"中山區","village":"","approved_location":"大直街84巷口","full_address":"臺北市中山區大直街84巷口","approval_years":"","note":"","longitude":121.547572,"latitude":25.085031,"resource_type":"臺北舊衣回收箱"}},{"type":"Feature","geometry":{"type":"Point","coordinates":[121.554205,25.085446]},"properties":{"source_city":"臺北市","approval_id":"TP-54","category":"舊衣回收箱","org_name":"臺北市視障樂活福利促進會","org_type":"視障服務團體","phone":"(02)25993105","district":"中山區","village":"","approved_location":"北安路805巷2號前","full_address":"臺北市中山區北安路805巷2號前","approval_years":"","note":"","longitude":121.554205,"latitude":25.085446,"resource_type":"臺北舊衣回收箱"}},{"type":"Feature","geometry":{"type":"Point","coordinates":[121.5250743,25.0492709]},"properties":{"source_city":"臺北市","approval_id":"TP-586","category":"舊衣回收箱","org_name":"台北市彩虹心服務協會","org_type":"公益協會團體","phone":"(02)25060676","district":"中山區","village":"","approved_location":"長安東路1段35號旁電箱","full_address":"臺北市中山區長安東路1段35號旁電箱","approval_years":"","note":"","longitude":121.5250743,"latitude":25.0492709,"resource_type":"臺北舊衣回收箱"}},{"type":"Feature","geometry":{"type":"Point","coordinates":[121.5282827,25.0495641]},"properties":{"source_city":"臺北市","approval_id":"TP-587","category":"舊衣回收箱","org_name":"台北市彩虹心服務協會","org_type":"公益協會團體","phone":"(02)25060676","district":"中山區","village":"","approved_location":"新生北路1段108之2號","full_address":"臺北市中山區新生北路1段108之2號","approval_years":"","note":"","longitude":121.5282827,"latitude":25.0495641,"resource_type":"臺北舊衣回收箱"}},{"type":"Feature","geometry":{"type":"Point","coordinates":[121.5271385,25.0513809]},"properties":{"source_city":"臺北市","approval_id":"TP-588","category":"舊衣回收箱","org_name":"台北市彩虹心服務協會","org_type":"公益協會團體","phone":"(02)25060676","district":"中山區","village":"","approved_location":"南京東路1段132巷和林森北路159巷交叉口","full_address":"臺北市中山區南京東路1段132巷和林森北路159巷交叉口","approval_years":"","note":"","longitude":121.5271385,"latitude":25.0513809,"resource_type":"臺北舊衣回收箱"}},{"type":"Feature","geometry":{"type":"Point","coordinates":[121.5378415,25.08515117]},"properties":{"source_city":"臺北市","approval_id":"TP-626","category":"舊衣回收箱","org_name":"台北市史懷哲慈善會","org_type":"公益協會團體","phone":"(02)25429529","district":"中山區","village":"","approved_location":"通北街143號公布欄旁","full_address":"臺北市中山區通北街143號公布欄旁","approval_years":"","note":"","longitude":121.5378415,"latitude":25.08515117,"resource_type":"臺北舊衣回收箱"}},{"type":"Feature","geometry":{"type":"Point","coordinates":[121.537675,25.08356112]},"properties":{"source_city":"臺北市","approval_id":"TP-627","category":"舊衣回收箱","org_name":"台北市史懷哲慈善會","org_type":"公益協會團體","phone":"(02)25429529","district":"中山區","village":"","approved_location":"通北街124巷","full_address":"臺北市中山區通北街124巷","approval_years":"","note":"","longitude":121.537675,"latitude":25.08356112,"resource_type":"臺北舊衣回收箱"}},{"type":"Feature","geometry":{"type":"Point","coordinates":[121.499,25.0547]},"properties":{"source_city":"臺北市","approval_id":"TP-691","category":"舊衣回收箱","org_name":"台北市中風之友康復協會","org_type":"身障復健團體","phone":"(02)27644061","district":"中山區","village":"","approved_location":"遼寧街右轉龍江路155巷口路燈桿與機車停車格間","full_address":"臺北市中山區遼寧街右轉龍江路155巷口路燈桿與機車停車格間","approval_years":"","note":"","longitude":121.499,"latitude":25.0547,"resource_type":"臺北舊衣回收箱"}},{"type":"Feature","geometry":{"type":"Point","coordinates":[121.537,25.0545]},"properties":{"source_city":"臺北市","approval_id":"TP-693","category":"舊衣回收箱","org_name":"台北市中風之友康復協會","org_type":"身障復健團體","phone":"(02)27644061","district":"中山區","village":"","approved_location":"長春路258巷2弄口","full_address":"臺北市中山區長春路258巷2弄口","approval_years":"","note":"","longitude":121.537,"latitude":25.0545,"resource_type":"臺北舊衣回收箱"}},{"type":"Feature","geometry":{"type":"Point","coordinates":[121.539,25.0525]},"properties":{"source_city":"臺北市","approval_id":"TP-699","category":"舊衣回收箱","org_name":"台北市中風之友康復協會","org_type":"身障復健團體","phone":"(02)27644061","district":"中山區","village":"","approved_location":"興安街與遼寧街口","full_address":"臺北市中山區興安街與遼寧街口","approval_years":"","note":"","longitude":121.539,"latitude":25.0525,"resource_type":"臺北舊衣回收箱"}},{"type":"Feature","geometry":{"type":"Point","coordinates":[121.5314627,25.04903898]},"properties":{"source_city":"臺北市","approval_id":"TP-807","category":"舊衣回收箱","org_name":"台北市身心障礙運動協會","org_type":"身障復健團體","phone":"(02)25912695","district":"中山區","village":"","approved_location":"長安東路2段35巷7號對面(長安國中側門旁)","full_address":"臺北市中山區長安東路2段35巷7號對面(長安國中側門旁)","approval_years":"","note":"","longitude":121.5314627,"latitude":25.04903898,"resource_type":"臺北舊衣回收箱"}},{"type":"Feature","geometry":{"type":"Point","coordinates":[121.5562285,25.07867344]},"properties":{"source_city":"臺北市","approval_id":"TP-819","category":"舊衣回收箱","org_name":"台北市身心障礙運動協會","org_type":"身障復健團體","phone":"(02)25912695","district":"中山區","village":"","approved_location":"敬業三路177巷口電箱旁","full_address":"臺北市中山區敬業三路177巷口電箱旁","approval_years":"","note":"","longitude":121.5562285,"latitude":25.07867344,"resource_type":"臺北舊衣回收箱"}},{"type":"Feature","geometry":{"type":"Point","coordinates":[121.54271,25.06547]},"properties":{"source_city":"臺北市","approval_id":"TP-829","category":"舊衣回收箱","org_name":"臺北市身心障礙者創業輔導發展協會","org_type":"身障復健團體","phone":"(02)27775940","district":"中山區","village":"","approved_location":"復興北路488巷31號對面","full_address":"臺北市中山區復興北路488巷31號對面","approval_years":"","note":"","longitude":121.54271,"latitude":25.06547,"resource_type":"臺北舊衣回收箱"}},{"type":"Feature","geometry":{"type":"Point","coordinates":[121.55683,25.04216]},"properties":{"source_city":"臺北市","approval_id":"TP-832","category":"舊衣回收箱","org_name":"臺北市身心障礙者創業輔導發展協會","org_type":"身障復健團體","phone":"(02)27775940","district":"中山區","village":"","approved_location":"長安東路1段56巷公園電信箱旁","full_address":"臺北市中山區長安東路1段56巷公園電信箱旁","approval_years":"","note":"","longitude":121.55683,"latitude":25.04216,"resource_type":"臺北舊衣回收箱"}},{"type":"Feature","geometry":{"type":"Point","coordinates":[121.53493,25.04981]},"properties":{"source_city":"臺北市","approval_id":"TP-834","category":"舊衣回收箱","org_name":"臺北市身心障礙者創業輔導發展協會","org_type":"身障復健團體","phone":"(02)27775940","district":"中山區","village":"","approved_location":"松江路77巷過伊通街口處","full_address":"臺北市中山區松江路77巷過伊通街口處","approval_years":"","note":"","longitude":121.53493,"latitude":25.04981,"resource_type":"臺北舊衣回收箱"}},{"type":"Feature","geometry":{"type":"Point","coordinates":[121.53371,25.04581]},"properties":{"source_city":"臺北市","approval_id":"TP-847","category":"舊衣回收箱","org_name":"臺北市身心障礙者創業輔導發展協會","org_type":"身障復健團體","phone":"(02)27775940","district":"中山區","village":"","approved_location":"渭水路2-1號對面電箱旁","full_address":"臺北市中山區渭水路2-1號對面電箱旁","approval_years":"","note":"","longitude":121.53371,"latitude":25.04581,"resource_type":"臺北舊衣回收箱"}},{"type":"Feature","geometry":{"type":"Point","coordinates":[121.521858,25.061013]},"properties":{"source_city":"臺北市","approval_id":"TP-858","category":"舊衣回收箱","org_name":"台北市視障者重建發展協會","org_type":"視障服務團體","phone":"0937-862-107","district":"中山區","village":"","approved_location":"中山北路2段116巷17號旁","full_address":"臺北市中山區中山北路2段116巷17號旁","approval_years":"","note":"","longitude":121.521858,"latitude":25.061013,"resource_type":"臺北舊衣回收箱"}},{"type":"Feature","geometry":{"type":"Point","coordinates":[121.539298,25.061778]},"properties":{"source_city":"臺北市","approval_id":"TP-860","category":"舊衣回收箱","org_name":"台北市視障者重建發展協會","org_type":"視障服務團體","phone":"0937-862-107","district":"中山區","village":"","approved_location":"龍江路298巷底與合江街交叉口(路燈下方)","full_address":"臺北市中山區龍江路298巷底與合江街交叉口(路燈下方)","approval_years":"","note":"","longitude":121.539298,"latitude":25.061778,"resource_type":"臺北舊衣回收箱"}},{"type":"Feature","geometry":{"type":"Point","coordinates":[121.521851,25.059794]},"properties":{"source_city":"臺北市","approval_id":"TP-866","category":"舊衣回收箱","org_name":"台北市視障者重建發展協會","org_type":"視障服務團體","phone":"0937-862-107","district":"中山區","village":"","approved_location":"民生西路3巷9號旁(圍牆邊)","full_address":"臺北市中山區民生西路3巷9號旁(圍牆邊)","approval_years":"","note":"","longitude":121.521851,"latitude":25.059794,"resource_type":"臺北舊衣回收箱"}},{"type":"Feature","geometry":{"type":"Point","coordinates":[121.557236,25.080048]},"properties":{"source_city":"臺北市","approval_id":"TP-873","category":"舊衣回收箱","org_name":"台北市視障者重建發展協會","org_type":"視障服務團體","phone":"0937-862-107","district":"中山區","village":"","approved_location":"樂群2路147號斜前方(行道樹旁)","full_address":"臺北市中山區樂群2路147號斜前方(行道樹旁)","approval_years":"","note":"","longitude":121.557236,"latitude":25.080048,"resource_type":"臺北舊衣回收箱"}},{"type":"Feature","geometry":{"type":"Point","coordinates":[121.545162,25.081342]},"properties":{"source_city":"臺北市","approval_id":"TP-874","category":"舊衣回收箱","org_name":"台北市視障者重建發展協會","org_type":"視障服務團體","phone":"0937-862-107","district":"中山區","village":"","approved_location":"大直街20巷34號對面","full_address":"臺北市中山區大直街20巷34號對面","approval_years":"","note":"","longitude":121.545162,"latitude":25.081342,"resource_type":"臺北舊衣回收箱"}},{"type":"Feature","geometry":{"type":"Point","coordinates":[121.520857,25.063668]},"properties":{"source_city":"臺北市","approval_id":"TP-875","category":"舊衣回收箱","org_name":"台北市視障者重建發展協會","org_type":"視障服務團體","phone":"0937-862-107","district":"中山區","village":"","approved_location":"撫順街12號對面","full_address":"臺北市中山區撫順街12號對面","approval_years":"","note":"","longitude":121.520857,"latitude":25.063668,"resource_type":"臺北舊衣回收箱"}},{"type":"Feature","geometry":{"type":"Point","coordinates":[121.5241938,25.06413099]},"properties":{"source_city":"臺北市","approval_id":"TP-911","category":"舊衣回收箱","org_name":"台北市視障者福利發展協會","org_type":"視障服務團體","phone":"(02)25912695","district":"中山區","village":"","approved_location":"雙城街10巷6號","full_address":"臺北市中山區雙城街10巷6號","approval_years":"","note":"","longitude":121.5241938,"latitude":25.06413099,"resource_type":"臺北舊衣回收箱"}},{"type":"Feature","geometry":{"type":"Point","coordinates":[121.5323588,25.05937287]},"properties":{"source_city":"臺北市","approval_id":"TP-913","category":"舊衣回收箱","org_name":"台北市視障者福利發展協會","org_type":"視障服務團體","phone":"(02)25912695","district":"中山區","village":"","approved_location":"松江路252巷5號斜對面（圍牆邊）","full_address":"臺北市中山區松江路252巷5號斜對面（圍牆邊）","approval_years":"","note":"","longitude":121.5323588,"latitude":25.05937287,"resource_type":"臺北舊衣回收箱"}},{"type":"Feature","geometry":{"type":"Point","coordinates":[121.5498695,25.08418234]},"properties":{"source_city":"臺北市","approval_id":"TP-917","category":"舊衣回收箱","org_name":"台北市視障者福利發展協會","org_type":"視障服務團體","phone":"(02)25912695","district":"中山區","village":"","approved_location":"北安路670巷14號旁（公布欄邊）","full_address":"臺北市中山區北安路670巷14號旁（公布欄邊）","approval_years":"","note":"","longitude":121.5498695,"latitude":25.08418234,"resource_type":"臺北舊衣回收箱"}},{"type":"Feature","geometry":{"type":"Point","coordinates":[121.5314184,25.0624322]},"properties":{"source_city":"臺北市","approval_id":"TP-969","category":"舊衣回收箱","org_name":"台北市視障多元就業促進會","org_type":"視障服務團體","phone":"(02)25991234","district":"中山區","village":"","approved_location":"建國北路3段22巷(民權東路2段135巷口)","full_address":"臺北市中山區建國北路3段22巷(民權東路2段135巷口)","approval_years":"","note":"","longitude":121.5314184,"latitude":25.0624322,"resource_type":"臺北舊衣回收箱"}},{"type":"Feature","geometry":{"type":"Point","coordinates":[121.5314184,25.0624706]},"properties":{"source_city":"臺北市","approval_id":"TP-970","category":"舊衣回收箱","org_name":"台北市視障多元就業促進會","org_type":"視障服務團體","phone":"(02)25991234","district":"中山區","village":"","approved_location":"農安街166巷口","full_address":"臺北市中山區農安街166巷口","approval_years":"","note":"","longitude":121.5314184,"latitude":25.0624706,"resource_type":"臺北舊衣回收箱"}},{"type":"Feature","geometry":{"type":"Point","coordinates":[121.529506,25.067015]},"properties":{"source_city":"臺北市","approval_id":"TP-992","category":"舊衣回收箱","org_name":"台北市艾馨公益慈善會","org_type":"公益協會團體","phone":"(02)23360896","district":"中山區","village":"","approved_location":"吉林路456巷(巷口路燈下)","full_address":"臺北市中山區吉林路456巷(巷口路燈下)","approval_years":"","note":"","longitude":121.529506,"latitude":25.067015,"resource_type":"臺北舊衣回收箱"}},{"type":"Feature","geometry":{"type":"Point","coordinates":[121.549134,25.084118]},"properties":{"source_city":"臺北市","approval_id":"TP-993","category":"舊衣回收箱","org_name":"台北市艾馨公益慈善會","org_type":"公益協會團體","phone":"(02)23360896","district":"中山區","village":"","approved_location":"北安路649號旁","full_address":"臺北市中山區北安路649號旁","approval_years":"","note":"","longitude":121.549134,"latitude":25.084118,"resource_type":"臺北舊衣回收箱"}},{"type":"Feature","geometry":{"type":"Point","coordinates":[121.53145,25.03749]},"properties":{"source_city":"臺北市","approval_id":"TP-1026","category":"舊衣回收箱","org_name":"台北市身心障礙者自立更生創業協會","org_type":"身障復健團體","phone":"(02)27099961","district":"中正區","village":"","approved_location":"臨沂街57巷40號電桿旁","full_address":"臺北市中正區臨沂街57巷40號電桿旁","approval_years":"","note":"","longitude":121.53145,"latitude":25.03749,"resource_type":"臺北舊衣回收箱"}},{"type":"Feature","geometry":{"type":"Point","coordinates":[121.52002,25.03266]},"properties":{"source_city":"臺北市","approval_id":"TP-1138","category":"舊衣回收箱","org_name":"台北市身心障礙者保護協會","org_type":"身障復健團體","phone":"(02)25975091","district":"中正區","village":"","approved_location":"寧波東路9巷口2桿間","full_address":"臺北市中正區寧波東路9巷口2桿間","approval_years":"","note":"","longitude":121.52002,"latitude":25.03266,"resource_type":"臺北舊衣回收箱"}},{"type":"Feature","geometry":{"type":"Point","coordinates":[121.557355,25.04935734]},"properties":{"source_city":"臺北市","approval_id":"TP-114","category":"舊衣回收箱","org_name":"社團法人台北生命勵樂活輔健會","org_type":"公益協會團體","phone":"(02)27299347","district":"中正區","village":"","approved_location":"金山南路與泰安街3巷口","full_address":"臺北市中正區金山南路與泰安街3巷口","approval_years":"","note":"","longitude":121.557355,"latitude":25.04935734,"resource_type":"臺北舊衣回收箱"}},{"type":"Feature","geometry":{"type":"Point","coordinates":[121.5278114,25.03619012]},"properties":{"source_city":"臺北市","approval_id":"TP-1192","category":"舊衣回收箱","org_name":"臺北市身障關愛福利協會","org_type":"身障復健團體","phone":"0933-494-219","district":"中正區","village":"","approved_location":"金山南路1段89巷口","full_address":"臺北市中正區金山南路1段89巷口","approval_years":"","note":"","longitude":121.5278114,"latitude":25.03619012,"resource_type":"臺北舊衣回收箱"}},{"type":"Feature","geometry":{"type":"Point","coordinates":[121.5121,25.02917]},"properties":{"source_city":"臺北市","approval_id":"TP-13","category":"舊衣回收箱","org_name":"台北市自閉症家長協會","org_type":"身障復健團體","phone":"(02)25953937","district":"中正區","village":"","approved_location":"和平西路2段55號旁（建國中學圍牆邊）","full_address":"臺北市中正區和平西路2段55號旁（建國中學圍牆邊）","approval_years":"","note":"","longitude":121.5121,"latitude":25.02917,"resource_type":"臺北舊衣回收箱"}},{"type":"Feature","geometry":{"type":"Point","coordinates":[121.5264371,25.02193767]},"properties":{"source_city":"臺北市","approval_id":"TP-130","category":"舊衣回收箱","org_name":"台北市康復之友協會","org_type":"身障復健團體","phone":"(02)27652810","district":"中正區","village":"","approved_location":"羅斯福路3段84巷口","full_address":"臺北市中正區羅斯福路3段84巷口","approval_years":"","note":"","longitude":121.5264371,"latitude":25.02193767,"resource_type":"臺北舊衣回收箱"}},{"type":"Feature","geometry":{"type":"Point","coordinates":[121.5074181,25.02702997]},"properties":{"source_city":"臺北市","approval_id":"TP-131","category":"舊衣回收箱","org_name":"台北市康復之友協會","org_type":"身障復健團體","phone":"(02)27652810","district":"中正區","village":"","approved_location":"中華路2段與南海路口","full_address":"臺北市中正區中華路2段與南海路口","approval_years":"","note":"","longitude":121.5074181,"latitude":25.02702997,"resource_type":"臺北舊衣回收箱"}},{"type":"Feature","geometry":{"type":"Point","coordinates":[121.5149578,25.03187591]},"properties":{"source_city":"臺北市","approval_id":"TP-132","category":"舊衣回收箱","org_name":"台北市康復之友協會","org_type":"身障復健團體","phone":"(02)27652810","district":"中正區","village":"","approved_location":"重慶南路2段43號天橋樓梯下方","full_address":"臺北市中正區重慶南路2段43號天橋樓梯下方","approval_years":"","note":"","longitude":121.5149578,"latitude":25.03187591,"resource_type":"臺北舊衣回收箱"}},{"type":"Feature","geometry":{"type":"Point","coordinates":[121.52562,25.03599]},"properties":{"source_city":"臺北市","approval_id":"TP-1323","category":"舊衣回收箱","org_name":"臺北市恩寶身心障礙者關懷協會","org_type":"身障復健團體","phone":"(02)26886212","district":"中正區","village":"","approved_location":"杭州南路1段143巷11之5號旁","full_address":"臺北市中正區杭州南路1段143巷11之5號旁","approval_years":"","note":"","longitude":121.52562,"latitude":25.03599,"resource_type":"臺北舊衣回收箱"}},{"type":"Feature","geometry":{"type":"Point","coordinates":[121.5095034,25.02627049]},"properties":{"source_city":"臺北市","approval_id":"TP-133","category":"舊衣回收箱","org_name":"台北市康復之友協會","org_type":"身障復健團體","phone":"(02)27652810","district":"中正區","village":"","approved_location":"寧波西街181巷與紹安街口的永昌公園","full_address":"臺北市中正區寧波西街181巷與紹安街口的永昌公園","approval_years":"","note":"","longitude":121.5095034,"latitude":25.02627049,"resource_type":"臺北舊衣回收箱"}},{"type":"Feature","geometry":{"type":"Point","coordinates":[121.5315258,25.03505251]},"properties":{"source_city":"臺北市","approval_id":"TP-134","category":"舊衣回收箱","org_name":"台北市康復之友協會","org_type":"身障復健團體","phone":"(02)27652810","district":"中正區","village":"","approved_location":"新生南路1段146巷口的連雲公園","full_address":"臺北市中正區新生南路1段146巷口的連雲公園","approval_years":"","note":"","longitude":121.5315258,"latitude":25.03505251,"resource_type":"臺北舊衣回收箱"}},{"type":"Feature","geometry":{"type":"Point","coordinates":[121.5288158,25.03486956]},"properties":{"source_city":"臺北市","approval_id":"TP-135","category":"舊衣回收箱","org_name":"台北市康復之友協會","org_type":"身障復健團體","phone":"(02)27652810","district":"中正區","village":"","approved_location":"臨沂街75巷8號對面的信愛公園","full_address":"臺北市中正區臨沂街75巷8號對面的信愛公園","approval_years":"","note":"","longitude":121.5288158,"latitude":25.03486956,"resource_type":"臺北舊衣回收箱"}},{"type":"Feature","geometry":{"type":"Point","coordinates":[121.51051,25.03448]},"properties":{"source_city":"臺北市","approval_id":"TP-165","category":"舊衣回收箱","org_name":"台北市盲人福利協進會","org_type":"視障服務團體","phone":"(02)25585000","district":"中正區","village":"","approved_location":"博愛路216號旁(廣州街2號街前)","full_address":"臺北市中正區博愛路216號旁(廣州街2號街前)","approval_years":"","note":"","longitude":121.51051,"latitude":25.03448,"resource_type":"臺北舊衣回收箱"}},{"type":"Feature","geometry":{"type":"Point","coordinates":[121.51545,25.02728]},"properties":{"source_city":"臺北市","approval_id":"TP-19","category":"舊衣回收箱","org_name":"台北市自閉症家長協會","org_type":"身障復健團體","phone":"(02)25953937","district":"中正區","village":"","approved_location":"和平西路1段150號","full_address":"臺北市中正區和平西路1段150號","approval_years":"","note":"","longitude":121.51545,"latitude":25.02728,"resource_type":"臺北舊衣回收箱"}},{"type":"Feature","geometry":{"type":"Point","coordinates":[121.522386,25.02523056]},"properties":{"source_city":"臺北市","approval_id":"TP-227","category":"舊衣回收箱","org_name":"台北市視障生活品質福利促進會","org_type":"視障服務團體","phone":"(02)25587370","district":"中正區","village":"","approved_location":"同安街18號對面","full_address":"臺北市中正區同安街18號對面","approval_years":"","note":"","longitude":121.522386,"latitude":25.02523056,"resource_type":"臺北舊衣回收箱"}},{"type":"Feature","geometry":{"type":"Point","coordinates":[121.53363,25.01454]},"properties":{"source_city":"臺北市","approval_id":"TP-287","category":"舊衣回收箱","org_name":"台北市私立彩虹村家園","org_type":"社福服務機構","phone":"(02)28914110","district":"中正區","village":"","approved_location":"羅斯福路4段52巷16弄口","full_address":"臺北市中正區羅斯福路4段52巷16弄口","approval_years":"","note":"","longitude":121.53363,"latitude":25.01454,"resource_type":"臺北舊衣回收箱"}},{"type":"Feature","geometry":{"type":"Point","coordinates":[121.53463,25.01345]},"properties":{"source_city":"臺北市","approval_id":"TP-288","category":"舊衣回收箱","org_name":"台北市私立彩虹村家園","org_type":"社福服務機構","phone":"(02)28914110","district":"中正區","village":"","approved_location":"汀州路3段164號對面","full_address":"臺北市中正區汀州路3段164號對面","approval_years":"","note":"","longitude":121.53463,"latitude":25.01345,"resource_type":"臺北舊衣回收箱"}},{"type":"Feature","geometry":{"type":"Point","coordinates":[121.5216,25.0241]},"properties":{"source_city":"臺北市","approval_id":"TP-361","category":"舊衣回收箱","org_name":"財團法人台北市樹仁社會福利基金會","org_type":"社福基金會","phone":"(02)28936122","district":"中正區","village":"","approved_location":"同安街48號左前方","full_address":"臺北市中正區同安街48號左前方","approval_years":"","note":"","longitude":121.5216,"latitude":25.0241,"resource_type":"臺北舊衣回收箱"}},{"type":"Feature","geometry":{"type":"Point","coordinates":[121.52719,25.03744]},"properties":{"source_city":"臺北市","approval_id":"TP-362","category":"舊衣回收箱","org_name":"財團法人台北市樹仁社會福利基金會","org_type":"社福基金會","phone":"(02)28936122","district":"中正區","village":"","approved_location":"杭州南路1段101巷27號對面","full_address":"臺北市中正區杭州南路1段101巷27號對面","approval_years":"","note":"","longitude":121.52719,"latitude":25.03744,"resource_type":"臺北舊衣回收箱"}},{"type":"Feature","geometry":{"type":"Point","coordinates":[121.50588,25.03427]},"properties":{"source_city":"臺北市","approval_id":"TP-368","category":"舊衣回收箱","org_name":"財團法人台北市樹仁社會福利基金會","org_type":"社福基金會","phone":"(02)28936122","district":"中正區","village":"","approved_location":"中華路2段77號前","full_address":"臺北市中正區中華路2段77號前","approval_years":"","note":"","longitude":121.50588,"latitude":25.03427,"resource_type":"臺北舊衣回收箱"}},{"type":"Feature","geometry":{"type":"Point","coordinates":[121.5064234,25.03389136]},"properties":{"source_city":"臺北市","approval_id":"TP-369","category":"舊衣回收箱","org_name":"財團法人台北市樹仁社會福利基金會","org_type":"社福基金會","phone":"(02)28936122","district":"中正區","village":"","approved_location":"中華路2段75巷9號對面杭園內","full_address":"臺北市中正區中華路2段75巷9號對面杭園內","approval_years":"","note":"","longitude":121.5064234,"latitude":25.03389136,"resource_type":"臺北舊衣回收箱"}},{"type":"Feature","geometry":{"type":"Point","coordinates":[121.5236815,25.0225756]},"properties":{"source_city":"臺北市","approval_id":"TP-373","category":"舊衣回收箱","org_name":"財團法人台北市樹仁社會福利基金會","org_type":"社福基金會","phone":"(02)28936122","district":"中正區","village":"","approved_location":"汀州路2段263號","full_address":"臺北市中正區汀州路2段263號","approval_years":"","note":"","longitude":121.5236815,"latitude":25.0225756,"resource_type":"臺北舊衣回收箱"}},{"type":"Feature","geometry":{"type":"Point","coordinates":[121.52197,25.0965]},"properties":{"source_city":"臺北市","approval_id":"TP-4","category":"舊衣回收箱","org_name":"台北市自閉症家長協會","org_type":"身障復健團體","phone":"(02)25953937","district":"中正區","village":"","approved_location":"泉州街127號","full_address":"臺北市中正區泉州街127號","approval_years":"","note":"","longitude":121.52197,"latitude":25.0965,"resource_type":"臺北舊衣回收箱"}},{"type":"Feature","geometry":{"type":"Point","coordinates":[121.5307767,25.01671189]},"properties":{"source_city":"臺北市","approval_id":"TP-406","category":"舊衣回收箱","org_name":"台北市肌萎縮症病友協會","org_type":"身障復健團體","phone":"(02)27272321","district":"中正區","village":"","approved_location":"羅斯福路3段244巷10弄1-1號圍牆外變電箱邊","full_address":"臺北市中正區羅斯福路3段244巷10弄1-1號圍牆外變電箱邊","approval_years":"","note":"","longitude":121.5307767,"latitude":25.01671189,"resource_type":"臺北舊衣回收箱"}},{"type":"Feature","geometry":{"type":"Point","coordinates":[121.5315601,25.01590055]},"properties":{"source_city":"臺北市","approval_id":"TP-427","category":"舊衣回收箱","org_name":"台北市肌萎縮症病友協會","org_type":"身障復健團體","phone":"(02)27272321","district":"中正區","village":"","approved_location":"羅斯福路3段284巷與羅斯福路3段316巷9弄口","full_address":"臺北市中正區羅斯福路3段284巷與羅斯福路3段316巷9弄口","approval_years":"","note":"","longitude":121.5315601,"latitude":25.01590055,"resource_type":"臺北舊衣回收箱"}},{"type":"Feature","geometry":{"type":"Point","coordinates":[121.5055183,25.03141798]},"properties":{"source_city":"臺北市","approval_id":"TP-526","category":"舊衣回收箱","org_name":"台北市角落關懷協會","org_type":"公益協會團體","phone":"(02)25537117","district":"中正區","village":"","approved_location":"莒光路44號旁小公園","full_address":"臺北市中正區莒光路44號旁小公園","approval_years":"","note":"","longitude":121.5055183,"latitude":25.03141798,"resource_type":"臺北舊衣回收箱"}},{"type":"Feature","geometry":{"type":"Point","coordinates":[121.5076462,25.027939]},"properties":{"source_city":"臺北市","approval_id":"TP-542","category":"舊衣回收箱","org_name":"台北市角落關懷協會","org_type":"公益協會團體","phone":"(02)25537117","district":"中正區","village":"","approved_location":"南海路103號","full_address":"臺北市中正區南海路103號","approval_years":"","note":"","longitude":121.5076462,"latitude":25.027939,"resource_type":"臺北舊衣回收箱"}},{"type":"Feature","geometry":{"type":"Point","coordinates":[121.527398,25.0178461]},"properties":{"source_city":"臺北市","approval_id":"TP-560","category":"舊衣回收箱","org_name":"台北市行無礙資源推廣協會","org_type":"公益協會團體","phone":"(02)25994649","district":"中正區","village":"","approved_location":"羅斯福路3段210巷8弄口變電箱下","full_address":"臺北市中正區羅斯福路3段210巷8弄口變電箱下","approval_years":"","note":"","longitude":121.527398,"latitude":25.0178461,"resource_type":"臺北舊衣回收箱"}},{"type":"Feature","geometry":{"type":"Point","coordinates":[121.5208319,25.0178702]},"properties":{"source_city":"臺北市","approval_id":"TP-569","category":"舊衣回收箱","org_name":"台北市行無礙資源推廣協會","org_type":"公益協會團體","phone":"(02)25994649","district":"中正區","village":"","approved_location":"水源路35巷與33巷口(守望相助亭)","full_address":"臺北市中正區水源路35巷與33巷口(守望相助亭)","approval_years":"","note":"","longitude":121.5208319,"latitude":25.0178702,"resource_type":"臺北舊衣回收箱"}},{"type":"Feature","geometry":{"type":"Point","coordinates":[121.51344,25.02614]},"properties":{"source_city":"臺北市","approval_id":"TP-576","category":"舊衣回收箱","org_name":"台北市行無礙資源推廣協會","org_type":"公益協會團體","phone":"(02)25994649","district":"中正區","village":"","approved_location":"詔安街157號對面","full_address":"臺北市中正區詔安街157號對面","approval_years":"","note":"","longitude":121.51344,"latitude":25.02614,"resource_type":"臺北舊衣回收箱"}},{"type":"Feature","geometry":{"type":"Point","coordinates":[121.5209737,25.0260892]},"properties":{"source_city":"臺北市","approval_id":"TP-603","category":"舊衣回收箱","org_name":"台北市彩虹心服務協會","org_type":"公益協會團體","phone":"(02)25060676","district":"中正區","village":"","approved_location":"晉江街4巷4號對面","full_address":"臺北市中正區晉江街4巷4號對面","approval_years":"","note":"","longitude":121.5209737,"latitude":25.0260892,"resource_type":"臺北舊衣回收箱"}},{"type":"Feature","geometry":{"type":"Point","coordinates":[121.5211868,25.0247523]},"properties":{"source_city":"臺北市","approval_id":"TP-604","category":"舊衣回收箱","org_name":"台北市彩虹心服務協會","org_type":"公益協會團體","phone":"(02)25060676","district":"中正區","village":"","approved_location":"同安街28巷10號牆邊","full_address":"臺北市中正區同安街28巷10號牆邊","approval_years":"","note":"","longitude":121.5211868,"latitude":25.0247523,"resource_type":"臺北舊衣回收箱"}},{"type":"Feature","geometry":{"type":"Point","coordinates":[121.5203241,25.0264846]},"properties":{"source_city":"臺北市","approval_id":"TP-605","category":"舊衣回收箱","org_name":"台北市彩虹心服務協會","org_type":"公益協會團體","phone":"(02)25060676","district":"中正區","village":"","approved_location":"和平西路1段36號旁","full_address":"臺北市中正區和平西路1段36號旁","approval_years":"","note":"","longitude":121.5203241,"latitude":25.0264846,"resource_type":"臺北舊衣回收箱"}},{"type":"Feature","geometry":{"type":"Point","coordinates":[121.5218662,25.0246998]},"properties":{"source_city":"臺北市","approval_id":"TP-606","category":"舊衣回收箱","org_name":"台北市彩虹心服務協會","org_type":"公益協會團體","phone":"(02)25060676","district":"中正區","village":"","approved_location":"牯嶺街95巷與同安街28巷交叉口（聖道堂電箱旁)","full_address":"臺北市中正區牯嶺街95巷與同安街28巷交叉口（聖道堂電箱旁)","approval_years":"","note":"","longitude":121.5218662,"latitude":25.0246998,"resource_type":"臺北舊衣回收箱"}},{"type":"Feature","geometry":{"type":"Point","coordinates":[121.5229668,25.0215092]},"properties":{"source_city":"臺北市","approval_id":"TP-616","category":"舊衣回收箱","org_name":"台北市史懷哲慈善會","org_type":"公益協會團體","phone":"(02)25429529","district":"中正區","village":"","approved_location":"金門街26號旁","full_address":"臺北市中正區金門街26號旁","approval_years":"","note":"","longitude":121.5229668,"latitude":25.0215092,"resource_type":"臺北舊衣回收箱"}},{"type":"Feature","geometry":{"type":"Point","coordinates":[121.5244556,25.03928033]},"properties":{"source_city":"臺北市","approval_id":"TP-628","category":"舊衣回收箱","org_name":"台北市史懷哲慈善會","org_type":"公益協會團體","phone":"(02)25429529","district":"中正區","village":"","approved_location":"丹陽街16號前變電箱旁","full_address":"臺北市中正區丹陽街16號前變電箱旁","approval_years":"","note":"","longitude":121.5244556,"latitude":25.03928033,"resource_type":"臺北舊衣回收箱"}},{"type":"Feature","geometry":{"type":"Point","coordinates":[121.5145524,25.0290388]},"properties":{"source_city":"臺北市","approval_id":"TP-667","category":"舊衣回收箱","org_name":"臺北市私立育成裕民發展中心","org_type":"身障復健團體","phone":"(02)27068686","district":"中正區","village":"","approved_location":"泉州街39號對面","full_address":"臺北市中正區泉州街39號對面","approval_years":"","note":"","longitude":121.5145524,"latitude":25.0290388,"resource_type":"臺北舊衣回收箱"}},{"type":"Feature","geometry":{"type":"Point","coordinates":[121.5280237,25.0418913]},"properties":{"source_city":"臺北市","approval_id":"TP-668","category":"舊衣回收箱","org_name":"臺北市私立育成裕民發展中心","org_type":"身障復健團體","phone":"(02)27068686","district":"中正區","village":"","approved_location":"齊東街66號前(齊東公園外圍電箱旁)","full_address":"臺北市中正區齊東街66號前(齊東公園外圍電箱旁)","approval_years":"","note":"","longitude":121.5280237,"latitude":25.0418913,"resource_type":"臺北舊衣回收箱"}},{"type":"Feature","geometry":{"type":"Point","coordinates":[121.5179,25.0278]},"properties":{"source_city":"臺北市","approval_id":"TP-677","category":"舊衣回收箱","org_name":"台北市中風之友康復協會","org_type":"身障復健團體","phone":"(02)27644061","district":"中正區","village":"","approved_location":"牯嶺街60巷口旁人行道","full_address":"臺北市中正區牯嶺街60巷口旁人行道","approval_years":"","note":"","longitude":121.5179,"latitude":25.0278,"resource_type":"臺北舊衣回收箱"}},{"type":"Feature","geometry":{"type":"Point","coordinates":[121.488,25.0293]},"properties":{"source_city":"臺北市","approval_id":"TP-680","category":"舊衣回收箱","org_name":"台北市中風之友康復協會","org_type":"身障復健團體","phone":"(02)27644061","district":"中正區","village":"","approved_location":"南昌路2段1巷口","full_address":"臺北市中正區南昌路2段1巷口","approval_years":"","note":"","longitude":121.488,"latitude":25.0293,"resource_type":"臺北舊衣回收箱"}},{"type":"Feature","geometry":{"type":"Point","coordinates":[121.488,25.0292]},"properties":{"source_city":"臺北市","approval_id":"TP-681","category":"舊衣回收箱","org_name":"台北市中風之友康復協會","org_type":"身障復健團體","phone":"(02)27644061","district":"中正區","village":"","approved_location":"南昌路2段42巷口","full_address":"臺北市中正區南昌路2段42巷口","approval_years":"","note":"","longitude":121.488,"latitude":25.0292,"resource_type":"臺北舊衣回收箱"}},{"type":"Feature","geometry":{"type":"Point","coordinates":[121.506,25.0291]},"properties":{"source_city":"臺北市","approval_id":"TP-682","category":"舊衣回收箱","org_name":"台北市中風之友康復協會","org_type":"身障復健團體","phone":"(02)27644061","district":"中正區","village":"","approved_location":"汀州路1段與三元街口","full_address":"臺北市中正區汀州路1段與三元街口","approval_years":"","note":"","longitude":121.506,"latitude":25.0291,"resource_type":"臺北舊衣回收箱"}},{"type":"Feature","geometry":{"type":"Point","coordinates":[121.524,25.0399]},"properties":{"source_city":"臺北市","approval_id":"TP-694","category":"舊衣回收箱","org_name":"台北市中風之友康復協會","org_type":"身障復健團體","phone":"(02)27644061","district":"中正區","village":"","approved_location":"臨沂街8巷口","full_address":"臺北市中正區臨沂街8巷口","approval_years":"","note":"","longitude":121.524,"latitude":25.0399,"resource_type":"臺北舊衣回收箱"}},{"type":"Feature","geometry":{"type":"Point","coordinates":[121.5213,25.0406]},"properties":{"source_city":"臺北市","approval_id":"TP-695","category":"舊衣回收箱","org_name":"台北市中風之友康復協會","org_type":"身障復健團體","phone":"(02)27644061","district":"中正區","village":"","approved_location":"濟南路2段與臨沂街口","full_address":"臺北市中正區濟南路2段與臨沂街口","approval_years":"","note":"","longitude":121.5213,"latitude":25.0406,"resource_type":"臺北舊衣回收箱"}},{"type":"Feature","geometry":{"type":"Point","coordinates":[121.527,25.0391]},"properties":{"source_city":"臺北市","approval_id":"TP-696","category":"舊衣回收箱","org_name":"台北市中風之友康復協會","org_type":"身障復健團體","phone":"(02)27644061","district":"中正區","village":"","approved_location":"濟南路2段與忠東路2段134巷口","full_address":"臺北市中正區濟南路2段與忠東路2段134巷口","approval_years":"","note":"","longitude":121.527,"latitude":25.0391,"resource_type":"臺北舊衣回收箱"}},{"type":"Feature","geometry":{"type":"Point","coordinates":[121.527,25.03917]},"properties":{"source_city":"臺北市","approval_id":"TP-697","category":"舊衣回收箱","org_name":"台北市中風之友康復協會","org_type":"身障復健團體","phone":"(02)27644061","district":"中正區","village":"","approved_location":"濟南路2段62巷與120巷口","full_address":"臺北市中正區濟南路2段62巷與120巷口","approval_years":"","note":"","longitude":121.527,"latitude":25.03917,"resource_type":"臺北舊衣回收箱"}},{"type":"Feature","geometry":{"type":"Point","coordinates":[121.527,25.0391]},"properties":{"source_city":"臺北市","approval_id":"TP-698","category":"舊衣回收箱","org_name":"台北市中風之友康復協會","org_type":"身障復健團體","phone":"(02)27644061","district":"中正區","village":"","approved_location":"仁愛路2段65巷與臨沂街45巷","full_address":"臺北市中正區仁愛路2段65巷與臨沂街45巷","approval_years":"","note":"","longitude":121.527,"latitude":25.0391,"resource_type":"臺北舊衣回收箱"}},{"type":"Feature","geometry":{"type":"Point","coordinates":[121.5173,25.03051]},"properties":{"source_city":"臺北市","approval_id":"TP-7","category":"舊衣回收箱","org_name":"台北市自閉症家長協會","org_type":"身障復健團體","phone":"(02)25953937","district":"中正區","village":"","approved_location":"寧波西街60號前","full_address":"臺北市中正區寧波西街60號前","approval_years":"","note":"","longitude":121.5173,"latitude":25.03051,"resource_type":"臺北舊衣回收箱"}},{"type":"Feature","geometry":{"type":"Point","coordinates":[121.5064688,25.0262632]},"properties":{"source_city":"臺北市","approval_id":"TP-735","category":"舊衣回收箱","org_name":"臺北市惠盲教育學會","org_type":"公益協會團體","phone":"(02)25530253","district":"中正區","village":"","approved_location":"中華路2段409巷口","full_address":"臺北市中正區中華路2段409巷口","approval_years":"","note":"","longitude":121.5064688,"latitude":25.0262632,"resource_type":"臺北舊衣回收箱"}},{"type":"Feature","geometry":{"type":"Point","coordinates":[121.5052323,25.0268959]},"properties":{"source_city":"臺北市","approval_id":"TP-736","category":"舊衣回收箱","org_name":"臺北市惠盲教育學會","org_type":"公益協會團體","phone":"(02)25530253","district":"中正區","village":"","approved_location":"南海路140號對面","full_address":"臺北市中正區南海路140號對面","approval_years":"","note":"","longitude":121.5052323,"latitude":25.0268959,"resource_type":"臺北舊衣回收箱"}},{"type":"Feature","geometry":{"type":"Point","coordinates":[121.5164088,25.0261319]},"properties":{"source_city":"臺北市","approval_id":"TP-737","category":"舊衣回收箱","org_name":"臺北市惠盲教育學會","org_type":"公益協會團體","phone":"(02)25530253","district":"中正區","village":"","approved_location":"牯嶺街84巷口","full_address":"臺北市中正區牯嶺街84巷口","approval_years":"","note":"","longitude":121.5164088,"latitude":25.0261319,"resource_type":"臺北舊衣回收箱"}},{"type":"Feature","geometry":{"type":"Point","coordinates":[121.5169835,25.0229834]},"properties":{"source_city":"臺北市","approval_id":"TP-738","category":"舊衣回收箱","org_name":"臺北市惠盲教育學會","org_type":"公益協會團體","phone":"(02)25530253","district":"中正區","village":"","approved_location":"牯嶺街141號對面電箱旁","full_address":"臺北市中正區牯嶺街141號對面電箱旁","approval_years":"","note":"","longitude":121.5169835,"latitude":25.0229834,"resource_type":"臺北舊衣回收箱"}},{"type":"Feature","geometry":{"type":"Point","coordinates":[121.5179289,25.0219991]},"properties":{"source_city":"臺北市","approval_id":"TP-741","category":"舊衣回收箱","org_name":"臺北市惠盲教育學會","org_type":"公益協會團體","phone":"(02)25530253","district":"中正區","village":"","approved_location":"同安街86巷1-1號旁","full_address":"臺北市中正區同安街86巷1-1號旁","approval_years":"","note":"","longitude":121.5179289,"latitude":25.0219991,"resource_type":"臺北舊衣回收箱"}},{"type":"Feature","geometry":{"type":"Point","coordinates":[121.5151469,25.0221039]},"properties":{"source_city":"臺北市","approval_id":"TP-742","category":"舊衣回收箱","org_name":"臺北市惠盲教育學會","org_type":"公益協會團體","phone":"(02)25530253","district":"中正區","village":"","approved_location":"廈門街154號旁","full_address":"臺北市中正區廈門街154號旁","approval_years":"","note":"","longitude":121.5151469,"latitude":25.0221039,"resource_type":"臺北舊衣回收箱"}},{"type":"Feature","geometry":{"type":"Point","coordinates":[121.5189247,25.0235658]},"properties":{"source_city":"臺北市","approval_id":"TP-747","category":"舊衣回收箱","org_name":"臺北市惠盲教育學會","org_type":"公益協會團體","phone":"(02)25530253","district":"中正區","village":"","approved_location":"同安街78號對面","full_address":"臺北市中正區同安街78號對面","approval_years":"","note":"","longitude":121.5189247,"latitude":25.0235658,"resource_type":"臺北舊衣回收箱"}},{"type":"Feature","geometry":{"type":"Point","coordinates":[121.5181996,25.02673626]},"properties":{"source_city":"臺北市","approval_id":"TP-754","category":"舊衣回收箱","org_name":"台北市失能者服務協會","org_type":"身障復健團體","phone":"(02)25429529","district":"中正區","village":"","approved_location":"和平西路1段96號前","full_address":"臺北市中正區和平西路1段96號前","approval_years":"","note":"","longitude":121.5181996,"latitude":25.02673626,"resource_type":"臺北舊衣回收箱"}},{"type":"Feature","geometry":{"type":"Point","coordinates":[121.5230852,25.02449355]},"properties":{"source_city":"臺北市","approval_id":"TP-756","category":"舊衣回收箱","org_name":"台北市失能者服務協會","org_type":"身障復健團體","phone":"(02)25429529","district":"中正區","village":"","approved_location":"晉江街46之4號對面","full_address":"臺北市中正區晉江街46之4號對面","approval_years":"","note":"","longitude":121.5230852,"latitude":25.02449355,"resource_type":"臺北舊衣回收箱"}},{"type":"Feature","geometry":{"type":"Point","coordinates":[121.5075456,25.03511945]},"properties":{"source_city":"臺北市","approval_id":"TP-774","category":"舊衣回收箱","org_name":"台北市失能者服務協會","org_type":"身障復健團體","phone":"(02)25429529","district":"中正區","village":"","approved_location":"延平南路169號對面和平醫院旁","full_address":"臺北市中正區延平南路169號對面和平醫院旁","approval_years":"","note":"","longitude":121.5075456,"latitude":25.03511945,"resource_type":"臺北舊衣回收箱"}},{"type":"Feature","geometry":{"type":"Point","coordinates":[121.53029,25.03661]},"properties":{"source_city":"臺北市","approval_id":"TP-792","category":"舊衣回收箱","org_name":"臺北市愛盲協會","org_type":"公益協會團體","phone":"(02)26886212","district":"中正區","village":"","approved_location":"臨沂街61巷18之2號對面","full_address":"臺北市中正區臨沂街61巷18之2號對面","approval_years":"","note":"","longitude":121.53029,"latitude":25.03661,"resource_type":"臺北舊衣回收箱"}},{"type":"Feature","geometry":{"type":"Point","coordinates":[121.53111,25.03458]},"properties":{"source_city":"臺北市","approval_id":"TP-793","category":"舊衣回收箱","org_name":"臺北市愛盲協會","org_type":"公益協會團體","phone":"(02)26886212","district":"中正區","village":"","approved_location":"新生南路1段160巷16號旁","full_address":"臺北市中正區新生南路1段160巷16號旁","approval_years":"","note":"","longitude":121.53111,"latitude":25.03458,"resource_type":"臺北舊衣回收箱"}},{"type":"Feature","geometry":{"type":"Point","coordinates":[121.52983,25.03569]},"properties":{"source_city":"臺北市","approval_id":"TP-794","category":"舊衣回收箱","org_name":"臺北市愛盲協會","org_type":"公益協會團體","phone":"(02)26886212","district":"中正區","village":"","approved_location":"臨沂街65巷11號邊","full_address":"臺北市中正區臨沂街65巷11號邊","approval_years":"","note":"","longitude":121.52983,"latitude":25.03569,"resource_type":"臺北舊衣回收箱"}},{"type":"Feature","geometry":{"type":"Point","coordinates":[121.5635681,25.03751556]},"properties":{"source_city":"臺北市","approval_id":"TP-81","category":"舊衣回收箱","org_name":"社團法人台北生命勵樂活輔健會","org_type":"公益協會團體","phone":"(02)27299347","district":"中正區","village":"","approved_location":"杭州南路1段75號前公車站","full_address":"臺北市中正區杭州南路1段75號前公車站","approval_years":"","note":"","longitude":121.5635681,"latitude":25.03751556,"resource_type":"臺北舊衣回收箱"}},{"type":"Feature","geometry":{"type":"Point","coordinates":[121.525632,25.039852]},"properties":{"source_city":"臺北市","approval_id":"TP-82","category":"舊衣回收箱","org_name":"社團法人台北生命勵樂活輔健會","org_type":"公益協會團體","phone":"(02)27299347","district":"中正區","village":"","approved_location":"濟南路2段8巷口","full_address":"臺北市中正區濟南路2段8巷口","approval_years":"","note":"","longitude":121.525632,"latitude":25.039852,"resource_type":"臺北舊衣回收箱"}},{"type":"Feature","geometry":{"type":"Point","coordinates":[121.5175539,25.02544188]},"properties":{"source_city":"臺北市","approval_id":"TP-902","category":"舊衣回收箱","org_name":"台北市視障者福利發展協會","org_type":"視障服務團體","phone":"(02)25912695","district":"中正區","village":"","approved_location":"廈門街61號旁","full_address":"臺北市中正區廈門街61號旁","approval_years":"","note":"","longitude":121.5175539,"latitude":25.02544188,"resource_type":"臺北舊衣回收箱"}},{"type":"Feature","geometry":{"type":"Point","coordinates":[121.5230405,25.033113]},"properties":{"source_city":"臺北市","approval_id":"TP-932","category":"舊衣回收箱","org_name":"台北市啟明權益促進會","org_type":"公益協會團體","phone":"(02)28978300","district":"中正區","village":"","approved_location":"金山南路1段79巷與臨沂街63巷口","full_address":"臺北市中正區金山南路1段79巷與臨沂街63巷口","approval_years":"","note":"","longitude":121.5230405,"latitude":25.033113,"resource_type":"臺北舊衣回收箱"}},{"type":"Feature","geometry":{"type":"Point","coordinates":[121.5099082,25.0331605]},"properties":{"source_city":"臺北市","approval_id":"TP-933","category":"舊衣回收箱","org_name":"台北市啟明權益促進會","org_type":"公益協會團體","phone":"(02)28978300","district":"中正區","village":"","approved_location":"信義路2段243巷電箱邊","full_address":"臺北市中正區信義路2段243巷電箱邊","approval_years":"","note":"","longitude":121.5099082,"latitude":25.0331605,"resource_type":"臺北舊衣回收箱"}},{"type":"Feature","geometry":{"type":"Point","coordinates":[121.5708287,25.01891612]},"properties":{"source_city":"臺北市","approval_id":"TP-94","category":"舊衣回收箱","org_name":"社團法人台北生命勵樂活輔健會","org_type":"公益協會團體","phone":"(02)27299347","district":"中正區","village":"","approved_location":"金山南路1段47號旁電箱前","full_address":"臺北市中正區金山南路1段47號旁電箱前","approval_years":"","note":"","longitude":121.5708287,"latitude":25.01891612,"resource_type":"臺北舊衣回收箱"}},{"type":"Feature","geometry":{"type":"Point","coordinates":[121.5618508,25.03095881]},"properties":{"source_city":"臺北市","approval_id":"TP-100","category":"舊衣回收箱","org_name":"社團法人台北生命勵樂活輔健會","org_type":"公益協會團體","phone":"(02)27299347","district":"信義區","village":"","approved_location":"忠孝東路4段553巷52弄口對面人行道","full_address":"臺北市信義區忠孝東路4段553巷52弄口對面人行道","approval_years":"","note":"","longitude":121.5618508,"latitude":25.03095881,"resource_type":"臺北舊衣回收箱"}},{"type":"Feature","geometry":{"type":"Point","coordinates":[121.5569924,25.02640251]},"properties":{"source_city":"臺北市","approval_id":"TP-1001","category":"舊衣回收箱","org_name":"台北市身障體育發展協會","org_type":"身障復健團體","phone":"0910-111-255","district":"信義區","village":"","approved_location":"嘉興街181巷9弄13號轉角","full_address":"臺北市信義區嘉興街181巷9弄13號轉角","approval_years":"","note":"","longitude":121.5569924,"latitude":25.02640251,"resource_type":"臺北舊衣回收箱"}},{"type":"Feature","geometry":{"type":"Point","coordinates":[121.562745,25.042858]},"properties":{"source_city":"臺北市","approval_id":"TP-101","category":"舊衣回收箱","org_name":"社團法人台北生命勵樂活輔健會","org_type":"公益協會團體","phone":"(02)27299347","district":"信義區","village":"","approved_location":"忠孝東路4段559巷14號對面","full_address":"臺北市信義區忠孝東路4段559巷14號對面","approval_years":"","note":"","longitude":121.562745,"latitude":25.042858,"resource_type":"臺北舊衣回收箱"}},{"type":"Feature","geometry":{"type":"Point","coordinates":[121.5637656,25.04230739]},"properties":{"source_city":"臺北市","approval_id":"TP-102","category":"舊衣回收箱","org_name":"社團法人台北生命勵樂活輔健會","org_type":"公益協會團體","phone":"(02)27299347","district":"信義區","village":"","approved_location":"忠孝東路5段524巷1弄30號對角人行道","full_address":"臺北市信義區忠孝東路5段524巷1弄30號對角人行道","approval_years":"","note":"","longitude":121.5637656,"latitude":25.04230739,"resource_type":"臺北舊衣回收箱"}},{"type":"Feature","geometry":{"type":"Point","coordinates":[121.5806607,25.04183349]},"properties":{"source_city":"臺北市","approval_id":"TP-103","category":"舊衣回收箱","org_name":"社團法人台北生命勵樂活輔健會","org_type":"公益協會團體","phone":"(02)27299347","district":"信義區","village":"","approved_location":"信安街13號對面","full_address":"臺北市信義區信安街13號對面","approval_years":"","note":"","longitude":121.5806607,"latitude":25.04183349,"resource_type":"臺北舊衣回收箱"}},{"type":"Feature","geometry":{"type":"Point","coordinates":[121.55577,25.0023]},"properties":{"source_city":"臺北市","approval_id":"TP-1030","category":"舊衣回收箱","org_name":"台北市身心障礙者自立更生創業協會","org_type":"身障復健團體","phone":"(02)27099961","district":"信義區","village":"","approved_location":"富陽街72巷口","full_address":"臺北市信義區富陽街72巷口","approval_years":"","note":"","longitude":121.55577,"latitude":25.0023,"resource_type":"臺北舊衣回收箱"}},{"type":"Feature","geometry":{"type":"Point","coordinates":[121.56559,25.02987]},"properties":{"source_city":"臺北市","approval_id":"TP-1038","category":"舊衣回收箱","org_name":"台北市身心障礙者自立更生創業協會","org_type":"身障復健團體","phone":"(02)27099961","district":"信義區","village":"","approved_location":"松智路39巷口人行道","full_address":"臺北市信義區松智路39巷口人行道","approval_years":"","note":"","longitude":121.56559,"latitude":25.02987,"resource_type":"臺北舊衣回收箱"}},{"type":"Feature","geometry":{"type":"Point","coordinates":[121.58902,25.03495]},"properties":{"source_city":"臺北市","approval_id":"TP-1039","category":"舊衣回收箱","org_name":"台北市身心障礙者自立更生創業協會","org_type":"身障復健團體","phone":"(02)27099961","district":"信義區","village":"","approved_location":"福德街251巷口電信箱旁","full_address":"臺北市信義區福德街251巷口電信箱旁","approval_years":"","note":"","longitude":121.58902,"latitude":25.03495,"resource_type":"臺北舊衣回收箱"}},{"type":"Feature","geometry":{"type":"Point","coordinates":[121.5593007,25.03724161]},"properties":{"source_city":"臺北市","approval_id":"TP-104","category":"舊衣回收箱","org_name":"社團法人台北生命勵樂活輔健會","org_type":"公益協會團體","phone":"(02)27299347","district":"信義區","village":"","approved_location":"嘉興街175巷口","full_address":"臺北市信義區嘉興街175巷口","approval_years":"","note":"","longitude":121.5593007,"latitude":25.03724161,"resource_type":"臺北舊衣回收箱"}},{"type":"Feature","geometry":{"type":"Point","coordinates":[121.5567108,25.02798217]},"properties":{"source_city":"臺北市","approval_id":"TP-105","category":"舊衣回收箱","org_name":"社團法人台北生命勵樂活輔健會","org_type":"公益協會團體","phone":"(02)27299347","district":"信義區","village":"","approved_location":"福德街268巷7弄口電線桿旁","full_address":"臺北市信義區福德街268巷7弄口電線桿旁","approval_years":"","note":"","longitude":121.5567108,"latitude":25.02798217,"resource_type":"臺北舊衣回收箱"}},{"type":"Feature","geometry":{"type":"Point","coordinates":[121.5848471,25.03972818]},"properties":{"source_city":"臺北市","approval_id":"TP-106","category":"舊衣回收箱","org_name":"社團法人台北生命勵樂活輔健會","org_type":"公益協會團體","phone":"(02)27299347","district":"信義區","village":"","approved_location":"福德街189號前公園人行道","full_address":"臺北市信義區福德街189號前公園人行道","approval_years":"","note":"","longitude":121.5848471,"latitude":25.03972818,"resource_type":"臺北舊衣回收箱"}},{"type":"Feature","geometry":{"type":"Point","coordinates":[121.5841459,25.03832201]},"properties":{"source_city":"臺北市","approval_id":"TP-107","category":"舊衣回收箱","org_name":"社團法人台北生命勵樂活輔健會","org_type":"公益協會團體","phone":"(02)27299347","district":"信義區","village":"","approved_location":"松信路60號旁與松隆路口人行道","full_address":"臺北市信義區松信路60號旁與松隆路口人行道","approval_years":"","note":"","longitude":121.5841459,"latitude":25.03832201,"resource_type":"臺北舊衣回收箱"}},{"type":"Feature","geometry":{"type":"Point","coordinates":[121.5719791,25.04662388]},"properties":{"source_city":"臺北市","approval_id":"TP-108","category":"舊衣回收箱","org_name":"社團法人台北生命勵樂活輔健會","org_type":"公益協會團體","phone":"(02)27299347","district":"信義區","village":"","approved_location":"祥雲街與景雲街口","full_address":"臺北市信義區祥雲街與景雲街口","approval_years":"","note":"","longitude":121.5719791,"latitude":25.04662388,"resource_type":"臺北舊衣回收箱"}},{"type":"Feature","geometry":{"type":"Point","coordinates":[121.5712828,25.04224436]},"properties":{"source_city":"臺北市","approval_id":"TP-1086","category":"舊衣回收箱","org_name":"臺北市至善無障愛關懷協會","org_type":"公益協會團體","phone":"(02)27096731","district":"信義區","village":"","approved_location":"忠孝東路5段275巷與虎林街120巷交叉路燈設備旁","full_address":"臺北市信義區忠孝東路5段275巷與虎林街120巷交叉路燈設備旁","approval_years":"","note":"","longitude":121.5712828,"latitude":25.04224436,"resource_type":"臺北舊衣回收箱"}},{"type":"Feature","geometry":{"type":"Point","coordinates":[121.573586,25.019473]},"properties":{"source_city":"臺北市","approval_id":"TP-109","category":"舊衣回收箱","org_name":"社團法人台北生命勵樂活輔健會","org_type":"公益協會團體","phone":"(02)27299347","district":"信義區","village":"","approved_location":"松仁路281巷88號對面","full_address":"臺北市信義區松仁路281巷88號對面","approval_years":"","note":"","longitude":121.573586,"latitude":25.019473,"resource_type":"臺北舊衣回收箱"}},{"type":"Feature","geometry":{"type":"Point","coordinates":[121.593447,25.048173]},"properties":{"source_city":"臺北市","approval_id":"TP-1098","category":"舊衣回收箱","org_name":"臺北市至善無障愛關懷協會","org_type":"公益協會團體","phone":"(02)27096731","district":"信義區","village":"","approved_location":"和平東路3段391巷56號斜對面(花圃旁)","full_address":"臺北市信義區和平東路3段391巷56號斜對面(花圃旁)","approval_years":"","note":"","longitude":121.593447,"latitude":25.048173,"resource_type":"臺北舊衣回收箱"}},{"type":"Feature","geometry":{"type":"Point","coordinates":[121.56901,25.02191]},"properties":{"source_city":"臺北市","approval_id":"TP-1135","category":"舊衣回收箱","org_name":"台北市身心障礙者保護協會","org_type":"身障復健團體","phone":"(02)25975091","district":"信義區","village":"","approved_location":"吳興街524巷口","full_address":"臺北市信義區吳興街524巷口","approval_years":"","note":"","longitude":121.56901,"latitude":25.02191,"resource_type":"臺北舊衣回收箱"}},{"type":"Feature","geometry":{"type":"Point","coordinates":[121.57394,25.04034]},"properties":{"source_city":"臺北市","approval_id":"TP-1136","category":"舊衣回收箱","org_name":"台北市身心障礙者保護協會","org_type":"身障復健團體","phone":"(02)25975091","district":"信義區","village":"","approved_location":"忠孝東路5段372巷2號旁","full_address":"臺北市信義區忠孝東路5段372巷2號旁","approval_years":"","note":"","longitude":121.57394,"latitude":25.04034,"resource_type":"臺北舊衣回收箱"}},{"type":"Feature","geometry":{"type":"Point","coordinates":[121.517225,25.094101]},"properties":{"source_city":"臺北市","approval_id":"TP-117","category":"舊衣回收箱","org_name":"社團法人台北生命勵樂活輔健會","org_type":"公益協會團體","phone":"(02)27299347","district":"信義區","village":"","approved_location":"忠孝東路5段492巷斜對面松光綠地","full_address":"臺北市信義區忠孝東路5段492巷斜對面松光綠地","approval_years":"","note":"","longitude":121.517225,"latitude":25.094101,"resource_type":"臺北舊衣回收箱"}},{"type":"Feature","geometry":{"type":"Point","coordinates":[121.5754656,25.0444656]},"properties":{"source_city":"臺北市","approval_id":"TP-1176","category":"舊衣回收箱","org_name":"臺北市身障關愛福利協會","org_type":"身障復健團體","phone":"0933-494-219","district":"信義區","village":"","approved_location":"虎林街70巷底(永吉路326巷21號旁)","full_address":"臺北市信義區虎林街70巷底(永吉路326巷21號旁)","approval_years":"","note":"","longitude":121.5754656,"latitude":25.0444656,"resource_type":"臺北舊衣回收箱"}},{"type":"Feature","geometry":{"type":"Point","coordinates":[121.5762938,25.0439047]},"properties":{"source_city":"臺北市","approval_id":"TP-1177","category":"舊衣回收箱","org_name":"臺北市身障關愛福利協會","org_type":"身障復健團體","phone":"0933-494-219","district":"信義區","village":"","approved_location":"信義區虎林街74巷12號(停車場口)","full_address":"臺北市信義區信義區虎林街74巷12號(停車場口)","approval_years":"","note":"","longitude":121.5762938,"latitude":25.0439047,"resource_type":"臺北舊衣回收箱"}},{"type":"Feature","geometry":{"type":"Point","coordinates":[121.5777021,25.0433893]},"properties":{"source_city":"臺北市","approval_id":"TP-1178","category":"舊衣回收箱","org_name":"臺北市身障關愛福利協會","org_type":"身障復健團體","phone":"0933-494-219","district":"信義區","village":"","approved_location":"松山路292巷口(紅色郵筒旁)","full_address":"臺北市信義區松山路292巷口(紅色郵筒旁)","approval_years":"","note":"","longitude":121.5777021,"latitude":25.0433893,"resource_type":"臺北舊衣回收箱"}},{"type":"Feature","geometry":{"type":"Point","coordinates":[121.57837,25.03973]},"properties":{"source_city":"臺北市","approval_id":"TP-118","category":"舊衣回收箱","org_name":"社團法人台北生命勵樂活輔健會","org_type":"公益協會團體","phone":"(02)27299347","district":"信義區","village":"","approved_location":"松山路465巷33號邊","full_address":"臺北市信義區松山路465巷33號邊","approval_years":"","note":"","longitude":121.57837,"latitude":25.03973,"resource_type":"臺北舊衣回收箱"}},{"type":"Feature","geometry":{"type":"Point","coordinates":[121.5719259,25.04041795]},"properties":{"source_city":"臺北市","approval_id":"TP-1181","category":"舊衣回收箱","org_name":"臺北市身障關愛福利協會","org_type":"身障復健團體","phone":"0933-494-219","district":"信義區","village":"","approved_location":"忠孝東路5段236巷3弄口側門圍牆邊","full_address":"臺北市信義區忠孝東路5段236巷3弄口側門圍牆邊","approval_years":"","note":"","longitude":121.5719259,"latitude":25.04041795,"resource_type":"臺北舊衣回收箱"}},{"type":"Feature","geometry":{"type":"Point","coordinates":[121.57356,25.04741]},"properties":{"source_city":"臺北市","approval_id":"TP-1218","category":"舊衣回收箱","org_name":"臺北市身障者關懷服務協進會","org_type":"身障復健團體","phone":"(02)26886212","district":"信義區","village":"","approved_location":"永吉路225巷52弄19號對面公園邊","full_address":"臺北市信義區永吉路225巷52弄19號對面公園邊","approval_years":"","note":"","longitude":121.57356,"latitude":25.04741,"resource_type":"臺北舊衣回收箱"}},{"type":"Feature","geometry":{"type":"Point","coordinates":[121.57277,25.04621]},"properties":{"source_city":"臺北市","approval_id":"TP-1219","category":"舊衣回收箱","org_name":"臺北市身障者關懷服務協進會","org_type":"身障復健團體","phone":"(02)26886212","district":"信義區","village":"","approved_location":"永吉路187巷4弄2號邊","full_address":"臺北市信義區永吉路187巷4弄2號邊","approval_years":"","note":"","longitude":121.57277,"latitude":25.04621,"resource_type":"臺北舊衣回收箱"}},{"type":"Feature","geometry":{"type":"Point","coordinates":[121.57416,25.04585]},"properties":{"source_city":"臺北市","approval_id":"TP-1220","category":"舊衣回收箱","org_name":"臺北市身障者關懷服務協進會","org_type":"身障復健團體","phone":"(02)26886212","district":"信義區","village":"","approved_location":"永吉路225巷2弄口","full_address":"臺北市信義區永吉路225巷2弄口","approval_years":"","note":"","longitude":121.57416,"latitude":25.04585,"resource_type":"臺北舊衣回收箱"}},{"type":"Feature","geometry":{"type":"Point","coordinates":[121.57546,25.04594]},"properties":{"source_city":"臺北市","approval_id":"TP-1221","category":"舊衣回收箱","org_name":"臺北市身障者關懷服務協進會","org_type":"身障復健團體","phone":"(02)26886212","district":"信義區","village":"","approved_location":"永吉路225巷1弄47號邊","full_address":"臺北市信義區永吉路225巷1弄47號邊","approval_years":"","note":"","longitude":121.57546,"latitude":25.04594,"resource_type":"臺北舊衣回收箱"}},{"type":"Feature","geometry":{"type":"Point","coordinates":[121.56934,25.02473]},"properties":{"source_city":"臺北市","approval_id":"TP-1222","category":"舊衣回收箱","org_name":"臺北市身障者關懷服務協進會","org_type":"身障復健團體","phone":"(02)26886212","district":"信義區","village":"","approved_location":"松仁路240巷2號對面","full_address":"臺北市信義區松仁路240巷2號對面","approval_years":"","note":"","longitude":121.56934,"latitude":25.02473,"resource_type":"臺北舊衣回收箱"}},{"type":"Feature","geometry":{"type":"Point","coordinates":[121.56448,25.04241]},"properties":{"source_city":"臺北市","approval_id":"TP-1223","category":"舊衣回收箱","org_name":"臺北市身障者關懷服務協進會","org_type":"身障復健團體","phone":"(02)26886212","district":"信義區","village":"","approved_location":"忠孝東路4段559巷16弄21號對面桿邊","full_address":"臺北市信義區忠孝東路4段559巷16弄21號對面桿邊","approval_years":"","note":"","longitude":121.56448,"latitude":25.04241,"resource_type":"臺北舊衣回收箱"}},{"type":"Feature","geometry":{"type":"Point","coordinates":[121.56376,25.04427]},"properties":{"source_city":"臺北市","approval_id":"TP-1224","category":"舊衣回收箱","org_name":"臺北市身障者關懷服務協進會","org_type":"身障復健團體","phone":"(02)26886212","district":"信義區","village":"","approved_location":"忠孝東路4段559巷底","full_address":"臺北市信義區忠孝東路4段559巷底","approval_years":"","note":"","longitude":121.56376,"latitude":25.04427,"resource_type":"臺北舊衣回收箱"}},{"type":"Feature","geometry":{"type":"Point","coordinates":[121.56885,25.04274]},"properties":{"source_city":"臺北市","approval_id":"TP-1225","category":"舊衣回收箱","org_name":"臺北市身障者關懷服務協進會","org_type":"身障復健團體","phone":"(02)26886212","district":"信義區","village":"","approved_location":"永吉路30巷125號旁桿邊","full_address":"臺北市信義區永吉路30巷125號旁桿邊","approval_years":"","note":"","longitude":121.56885,"latitude":25.04274,"resource_type":"臺北舊衣回收箱"}},{"type":"Feature","geometry":{"type":"Point","coordinates":[121.56763,25.02381]},"properties":{"source_city":"臺北市","approval_id":"TP-1267","category":"舊衣回收箱","org_name":"臺北市身心障礙者創業發展協會","org_type":"身障復健團體","phone":"(02)26886212","district":"信義區","village":"","approved_location":"吳興街432巷106號附近牆邊","full_address":"臺北市信義區吳興街432巷106號附近牆邊","approval_years":"","note":"","longitude":121.56763,"latitude":25.02381,"resource_type":"臺北舊衣回收箱"}},{"type":"Feature","geometry":{"type":"Point","coordinates":[121.55964,25.03448]},"properties":{"source_city":"臺北市","approval_id":"TP-1294","category":"舊衣回收箱","org_name":"臺北市身障者互助關懷協會","org_type":"身障復健團體","phone":"(02)26886212","district":"信義區","village":"","approved_location":"光復南路473巷11弄60號對面","full_address":"臺北市信義區光復南路473巷11弄60號對面","approval_years":"","note":"","longitude":121.55964,"latitude":25.03448,"resource_type":"臺北舊衣回收箱"}},{"type":"Feature","geometry":{"type":"Point","coordinates":[121.5808427,25.04150928]},"properties":{"source_city":"臺北市","approval_id":"TP-145","category":"舊衣回收箱","org_name":"台北市康復之友協會","org_type":"身障復健團體","phone":"(02)27652810","district":"信義區","village":"","approved_location":"林口街210號對面春光公園人行道","full_address":"臺北市信義區林口街210號對面春光公園人行道","approval_years":"","note":"","longitude":121.5808427,"latitude":25.04150928,"resource_type":"臺北舊衣回收箱"}},{"type":"Feature","geometry":{"type":"Point","coordinates":[121.55465,25.03539]},"properties":{"source_city":"臺北市","approval_id":"TP-17","category":"舊衣回收箱","org_name":"台北市自閉症家長協會","org_type":"身障復健團體","phone":"(02)25953937","district":"信義區","village":"","approved_location":"信義路6段76巷2弄47號對面","full_address":"臺北市信義區信義路6段76巷2弄47號對面","approval_years":"","note":"","longitude":121.55465,"latitude":25.03539,"resource_type":"臺北舊衣回收箱"}},{"type":"Feature","geometry":{"type":"Point","coordinates":[121.567065,25.028619]},"properties":{"source_city":"臺北市","approval_id":"TP-178","category":"舊衣回收箱","org_name":"台北市盲人福利協進會","org_type":"視障服務團體","phone":"(02)25585000","district":"信義區","village":"","approved_location":"莊敬路423巷底空地人行道","full_address":"臺北市信義區莊敬路423巷底空地人行道","approval_years":"","note":"","longitude":121.567065,"latitude":25.028619,"resource_type":"臺北舊衣回收箱"}},{"type":"Feature","geometry":{"type":"Point","coordinates":[121.57395,25.03898]},"properties":{"source_city":"臺北市","approval_id":"TP-22","category":"舊衣回收箱","org_name":"台北市自閉症家長協會","org_type":"身障復健團體","phone":"(02)25953937","district":"信義區","village":"","approved_location":"忠孝東路5段372巷28弄3號對面(圍牆邊)","full_address":"臺北市信義區忠孝東路5段372巷28弄3號對面(圍牆邊)","approval_years":"","note":"","longitude":121.57395,"latitude":25.03898,"resource_type":"臺北舊衣回收箱"}},{"type":"Feature","geometry":{"type":"Point","coordinates":[121.55697,25.02098]},"properties":{"source_city":"臺北市","approval_id":"TP-23","category":"舊衣回收箱","org_name":"台北市自閉症家長協會","org_type":"身障復健團體","phone":"(02)25953937","district":"信義區","village":"","approved_location":"和平東路3段341巷7號對面公園人行道","full_address":"臺北市信義區和平東路3段341巷7號對面公園人行道","approval_years":"","note":"","longitude":121.55697,"latitude":25.02098,"resource_type":"臺北舊衣回收箱"}},{"type":"Feature","geometry":{"type":"Point","coordinates":[121.57744,25.04735]},"properties":{"source_city":"臺北市","approval_id":"TP-26","category":"舊衣回收箱","org_name":"台北市自閉症家長協會","org_type":"身障復健團體","phone":"(02)25953937","district":"信義區","village":"","approved_location":"松山路與虎林街55巷（銀行邊）人行道","full_address":"臺北市信義區松山路與虎林街55巷（銀行邊）人行道","approval_years":"","note":"","longitude":121.57744,"latitude":25.04735,"resource_type":"臺北舊衣回收箱"}},{"type":"Feature","geometry":{"type":"Point","coordinates":[121.582763,25.037023]},"properties":{"source_city":"臺北市","approval_id":"TP-265","category":"舊衣回收箱","org_name":"台北市心理復健家屬聯合協會","org_type":"身障復健團體","phone":"(02)23660399","district":"信義區","village":"","approved_location":"福德街137巷8弄(龍門社區圍牆邊)","full_address":"臺北市信義區福德街137巷8弄(龍門社區圍牆邊)","approval_years":"","note":"","longitude":121.582763,"latitude":25.037023,"resource_type":"臺北舊衣回收箱"}},{"type":"Feature","geometry":{"type":"Point","coordinates":[121.57339,25.03467]},"properties":{"source_city":"臺北市","approval_id":"TP-289","category":"舊衣回收箱","org_name":"台北市私立彩虹村家園","org_type":"社福服務機構","phone":"(02)28914110","district":"信義區","village":"","approved_location":"松德路200巷松德公園與停車場旁","full_address":"臺北市信義區松德路200巷松德公園與停車場旁","approval_years":"","note":"","longitude":121.57339,"latitude":25.03467,"resource_type":"臺北舊衣回收箱"}},{"type":"Feature","geometry":{"type":"Point","coordinates":[121.57524,25.03694]},"properties":{"source_city":"臺北市","approval_id":"TP-290","category":"舊衣回收箱","org_name":"台北市私立彩虹村家園","org_type":"社福服務機構","phone":"(02)28914110","district":"信義區","village":"","approved_location":"信義路6段15巷與松德路133巷口(安強公園內凸透鏡旁)","full_address":"臺北市信義區信義路6段15巷與松德路133巷口(安強公園內凸透鏡旁)","approval_years":"","note":"","longitude":121.57524,"latitude":25.03694,"resource_type":"臺北舊衣回收箱"}},{"type":"Feature","geometry":{"type":"Point","coordinates":[121.560684,25.036448]},"properties":{"source_city":"臺北市","approval_id":"TP-333","category":"舊衣回收箱","org_name":"臺北市唐氏症家長協會","org_type":"身障復健團體","phone":"(02)22782321","district":"信義區","village":"","approved_location":"仁愛路4段512巷16號之1對面（廟後方）","full_address":"臺北市信義區仁愛路4段512巷16號之1對面（廟後方）","approval_years":"","note":"","longitude":121.560684,"latitude":25.036448,"resource_type":"臺北舊衣回收箱"}},{"type":"Feature","geometry":{"type":"Point","coordinates":[121.55742,25.025796]},"properties":{"source_city":"臺北市","approval_id":"TP-401","category":"舊衣回收箱","org_name":"財團法人伊甸社會福利基金會附設臺北市私立八德服務中心","org_type":"社福基金會","phone":"(02)25777636","district":"信義區","village":"","approved_location":"信安街83號旁","full_address":"臺北市信義區信安街83號旁","approval_years":"","note":"","longitude":121.55742,"latitude":25.025796,"resource_type":"臺北舊衣回收箱"}},{"type":"Feature","geometry":{"type":"Point","coordinates":[121.5597259,25.02938034]},"properties":{"source_city":"臺北市","approval_id":"TP-409","category":"舊衣回收箱","org_name":"台北市肌萎縮症病友協會","org_type":"身障復健團體","phone":"(02)27272321","district":"信義區","village":"","approved_location":"基隆路2段79巷32號邊","full_address":"臺北市信義區基隆路2段79巷32號邊","approval_years":"","note":"","longitude":121.5597259,"latitude":25.02938034,"resource_type":"臺北舊衣回收箱"}},{"type":"Feature","geometry":{"type":"Point","coordinates":[121.5771039,25.04525387]},"properties":{"source_city":"臺北市","approval_id":"TP-410","category":"舊衣回收箱","org_name":"台北市肌萎縮症病友協會","org_type":"身障復健團體","phone":"(02)27272321","district":"信義區","village":"","approved_location":"虎林街75號旁邊路燈桿旁","full_address":"臺北市信義區虎林街75號旁邊路燈桿旁","approval_years":"","note":"","longitude":121.5771039,"latitude":25.04525387,"resource_type":"臺北舊衣回收箱"}},{"type":"Feature","geometry":{"type":"Point","coordinates":[121.5714876,25.04352468]},"properties":{"source_city":"臺北市","approval_id":"TP-411","category":"舊衣回收箱","org_name":"台北市肌萎縮症病友協會","org_type":"身障復健團體","phone":"(02)27272321","district":"信義區","village":"","approved_location":"永吉路180巷69號對面布告欄邊","full_address":"臺北市信義區永吉路180巷69號對面布告欄邊","approval_years":"","note":"","longitude":121.5714876,"latitude":25.04352468,"resource_type":"臺北舊衣回收箱"}},{"type":"Feature","geometry":{"type":"Point","coordinates":[121.5721152,25.04787081]},"properties":{"source_city":"臺北市","approval_id":"TP-412","category":"舊衣回收箱","org_name":"台北市肌萎縮症病友協會","org_type":"身障復健團體","phone":"(02)27272321","district":"信義區","village":"","approved_location":"松信路38號對面人行道","full_address":"臺北市信義區松信路38號對面人行道","approval_years":"","note":"","longitude":121.5721152,"latitude":25.04787081,"resource_type":"臺北舊衣回收箱"}},{"type":"Feature","geometry":{"type":"Point","coordinates":[121.5703626,25.04791683]},"properties":{"source_city":"臺北市","approval_id":"TP-413","category":"舊衣回收箱","org_name":"台北市肌萎縮症病友協會","org_type":"身障復健團體","phone":"(02)27272321","district":"信義區","village":"","approved_location":"基隆路1段35巷7弄1號旁","full_address":"臺北市信義區基隆路1段35巷7弄1號旁","approval_years":"","note":"","longitude":121.5703626,"latitude":25.04791683,"resource_type":"臺北舊衣回收箱"}},{"type":"Feature","geometry":{"type":"Point","coordinates":[121.5703923,25.02600666]},"properties":{"source_city":"臺北市","approval_id":"TP-414","category":"舊衣回收箱","org_name":"台北市肌萎縮症病友協會","org_type":"身障復健團體","phone":"(02)27272321","district":"信義區","village":"","approved_location":"信義路5段150巷38-6號反光鏡下","full_address":"臺北市信義區信義路5段150巷38-6號反光鏡下","approval_years":"","note":"","longitude":121.5703923,"latitude":25.02600666,"resource_type":"臺北舊衣回收箱"}},{"type":"Feature","geometry":{"type":"Point","coordinates":[121.5674066,25.04340761]},"properties":{"source_city":"臺北市","approval_id":"TP-415","category":"舊衣回收箱","org_name":"台北市肌萎縮症病友協會","org_type":"身障復健團體","phone":"(02)27272321","district":"信義區","village":"","approved_location":"忠孝東路5段71巷全聯旁人行道","full_address":"臺北市信義區忠孝東路5段71巷全聯旁人行道","approval_years":"","note":"","longitude":121.5674066,"latitude":25.04340761,"resource_type":"臺北舊衣回收箱"}},{"type":"Feature","geometry":{"type":"Point","coordinates":[121.5748012,25.04739045]},"properties":{"source_city":"臺北市","approval_id":"TP-416","category":"舊衣回收箱","org_name":"台北市肌萎縮症病友協會","org_type":"身障復健團體","phone":"(02)27272321","district":"信義區","village":"","approved_location":"虎林街46巷32號對面反光鏡邊人行道","full_address":"臺北市信義區虎林街46巷32號對面反光鏡邊人行道","approval_years":"","note":"","longitude":121.5748012,"latitude":25.04739045,"resource_type":"臺北舊衣回收箱"}},{"type":"Feature","geometry":{"type":"Point","coordinates":[121.5674013,25.04207934]},"properties":{"source_city":"臺北市","approval_id":"TP-417","category":"舊衣回收箱","org_name":"台北市肌萎縮症病友協會","org_type":"身障復健團體","phone":"(02)27272321","district":"信義區","village":"","approved_location":"忠孝東路5段71巷11弄2號對面路燈旁人行道","full_address":"臺北市信義區忠孝東路5段71巷11弄2號對面路燈旁人行道","approval_years":"","note":"","longitude":121.5674013,"latitude":25.04207934,"resource_type":"臺北舊衣回收箱"}},{"type":"Feature","geometry":{"type":"Point","coordinates":[121.5726052,25.04226618]},"properties":{"source_city":"臺北市","approval_id":"TP-418","category":"舊衣回收箱","org_name":"台北市肌萎縮症病友協會","org_type":"身障復健團體","phone":"(02)27272321","district":"信義區","village":"","approved_location":"忠孝東路5段295巷14號對面圍牆邊","full_address":"臺北市信義區忠孝東路5段295巷14號對面圍牆邊","approval_years":"","note":"","longitude":121.5726052,"latitude":25.04226618,"resource_type":"臺北舊衣回收箱"}},{"type":"Feature","geometry":{"type":"Point","coordinates":[121.5680608,25.02858024]},"properties":{"source_city":"臺北市","approval_id":"TP-419","category":"舊衣回收箱","org_name":"台北市肌萎縮症病友協會","org_type":"身障復健團體","phone":"(02)27272321","district":"信義區","village":"","approved_location":"松仁路202巷2弄36號邊(電信箱)人行道","full_address":"臺北市信義區松仁路202巷2弄36號邊(電信箱)人行道","approval_years":"","note":"","longitude":121.5680608,"latitude":25.02858024,"resource_type":"臺北舊衣回收箱"}},{"type":"Feature","geometry":{"type":"Point","coordinates":[121.5840706,25.03860658]},"properties":{"source_city":"臺北市","approval_id":"TP-420","category":"舊衣回收箱","org_name":"台北市肌萎縮症病友協會","org_type":"身障復健團體","phone":"(02)27272321","district":"信義區","village":"","approved_location":"中坡南路182號對面電信箱旁人行道","full_address":"臺北市信義區中坡南路182號對面電信箱旁人行道","approval_years":"","note":"","longitude":121.5840706,"latitude":25.03860658,"resource_type":"臺北舊衣回收箱"}},{"type":"Feature","geometry":{"type":"Point","coordinates":[121.5784633,25.04291947]},"properties":{"source_city":"臺北市","approval_id":"TP-421","category":"舊衣回收箱","org_name":"台北市肌萎縮症病友協會","org_type":"身障復健團體","phone":"(02)27272321","district":"信義區","village":"","approved_location":"松山路287巷1-1號對面圍牆邊人行道","full_address":"臺北市信義區松山路287巷1-1號對面圍牆邊人行道","approval_years":"","note":"","longitude":121.5784633,"latitude":25.04291947,"resource_type":"臺北舊衣回收箱"}},{"type":"Feature","geometry":{"type":"Point","coordinates":[121.5790728,25.03872545]},"properties":{"source_city":"臺北市","approval_id":"TP-422","category":"舊衣回收箱","org_name":"台北市肌萎縮症病友協會","org_type":"身障復健團體","phone":"(02)27272321","district":"信義區","village":"","approved_location":"松山路515巷20號對面變電箱邊人行道","full_address":"臺北市信義區松山路515巷20號對面變電箱邊人行道","approval_years":"","note":"","longitude":121.5790728,"latitude":25.03872545,"resource_type":"臺北舊衣回收箱"}},{"type":"Feature","geometry":{"type":"Point","coordinates":[121.5674756,25.02483031]},"properties":{"source_city":"臺北市","approval_id":"TP-423","category":"舊衣回收箱","org_name":"台北市肌萎縮症病友協會","org_type":"身障復健團體","phone":"(02)27272321","district":"信義區","village":"","approved_location":"吳興街394巷口對面圍牆變電箱邊","full_address":"臺北市信義區吳興街394巷口對面圍牆變電箱邊","approval_years":"","note":"","longitude":121.5674756,"latitude":25.02483031,"resource_type":"臺北舊衣回收箱"}},{"type":"Feature","geometry":{"type":"Point","coordinates":[121.5540915,25.02559243]},"properties":{"source_city":"臺北市","approval_id":"TP-424","category":"舊衣回收箱","org_name":"台北市肌萎縮症病友協會","org_type":"身障復健團體","phone":"(02)27272321","district":"信義區","village":"","approved_location":"基隆路2段159巷口右側人行道","full_address":"臺北市信義區基隆路2段159巷口右側人行道","approval_years":"","note":"","longitude":121.5540915,"latitude":25.02559243,"resource_type":"臺北舊衣回收箱"}},{"type":"Feature","geometry":{"type":"Point","coordinates":[121.5635863,25.02437099]},"properties":{"source_city":"臺北市","approval_id":"TP-425","category":"舊衣回收箱","org_name":"台北市肌萎縮症病友協會","org_type":"身障復健團體","phone":"(02)27272321","district":"信義區","village":"","approved_location":"吳興街284巷24弄口1-1號邊","full_address":"臺北市信義區吳興街284巷24弄口1-1號邊","approval_years":"","note":"","longitude":121.5635863,"latitude":25.02437099,"resource_type":"臺北舊衣回收箱"}},{"type":"Feature","geometry":{"type":"Point","coordinates":[121.5601483,25.03130973]},"properties":{"source_city":"臺北市","approval_id":"TP-426","category":"舊衣回收箱","org_name":"台北市肌萎縮症病友協會","org_type":"身障復健團體","phone":"(02)27272321","district":"信義區","village":"","approved_location":"吳興街44-1號對面路燈邊","full_address":"臺北市信義區吳興街44-1號對面路燈邊","approval_years":"","note":"","longitude":121.5601483,"latitude":25.03130973,"resource_type":"臺北舊衣回收箱"}},{"type":"Feature","geometry":{"type":"Point","coordinates":[121.5630959,25.02340488]},"properties":{"source_city":"臺北市","approval_id":"TP-428","category":"舊衣回收箱","org_name":"台北市肌萎縮症病友協會","org_type":"身障復健團體","phone":"(02)27272321","district":"信義區","village":"","approved_location":"吳興街284巷28弄2號對面路燈邊","full_address":"臺北市信義區吳興街284巷28弄2號對面路燈邊","approval_years":"","note":"","longitude":121.5630959,"latitude":25.02340488,"resource_type":"臺北舊衣回收箱"}},{"type":"Feature","geometry":{"type":"Point","coordinates":[121.5584251,25.03002132]},"properties":{"source_city":"臺北市","approval_id":"TP-429","category":"舊衣回收箱","org_name":"台北市肌萎縮症病友協會","org_type":"身障復健團體","phone":"(02)27272321","district":"信義區","village":"","approved_location":"基隆路2段79巷1號對面圍牆邊人行道","full_address":"臺北市信義區基隆路2段79巷1號對面圍牆邊人行道","approval_years":"","note":"","longitude":121.5584251,"latitude":25.03002132,"resource_type":"臺北舊衣回收箱"}},{"type":"Feature","geometry":{"type":"Point","coordinates":[121.5760776,25.04812968]},"properties":{"source_city":"臺北市","approval_id":"TP-430","category":"舊衣回收箱","org_name":"台北市肌萎縮症病友協會","org_type":"身障復健團體","phone":"(02)27272321","district":"信義區","village":"","approved_location":"虎林街32號邊變電箱與郵筒中間","full_address":"臺北市信義區虎林街32號邊變電箱與郵筒中間","approval_years":"","note":"","longitude":121.5760776,"latitude":25.04812968,"resource_type":"臺北舊衣回收箱"}},{"type":"Feature","geometry":{"type":"Point","coordinates":[121.5789416,25.04208294]},"properties":{"source_city":"臺北市","approval_id":"TP-431","category":"舊衣回收箱","org_name":"台北市肌萎縮症病友協會","org_type":"身障復健團體","phone":"(02)27272321","district":"信義區","village":"","approved_location":"忠孝東路5段621巷4號對面路燈邊","full_address":"臺北市信義區忠孝東路5段621巷4號對面路燈邊","approval_years":"","note":"","longitude":121.5789416,"latitude":25.04208294,"resource_type":"臺北舊衣回收箱"}},{"type":"Feature","geometry":{"type":"Point","coordinates":[121.5704324,25.04619385]},"properties":{"source_city":"臺北市","approval_id":"TP-432","category":"舊衣回收箱","org_name":"台北市肌萎縮症病友協會","org_type":"身障復健團體","phone":"(02)27272321","district":"信義區","village":"","approved_location":"永吉路127巷8號對面人行道","full_address":"臺北市信義區永吉路127巷8號對面人行道","approval_years":"","note":"","longitude":121.5704324,"latitude":25.04619385,"resource_type":"臺北舊衣回收箱"}},{"type":"Feature","geometry":{"type":"Point","coordinates":[121.579099,25.0391985]},"properties":{"source_city":"臺北市","approval_id":"TP-433","category":"舊衣回收箱","org_name":"台北市肌萎縮症病友協會","org_type":"身障復健團體","phone":"(02)27272321","district":"信義區","village":"","approved_location":"林口街77號對面電信箱邊人行道","full_address":"臺北市信義區林口街77號對面電信箱邊人行道","approval_years":"","note":"","longitude":121.579099,"latitude":25.0391985,"resource_type":"臺北舊衣回收箱"}},{"type":"Feature","geometry":{"type":"Point","coordinates":[121.5696577,25.04487531]},"properties":{"source_city":"臺北市","approval_id":"TP-435","category":"舊衣回收箱","org_name":"台北市肌萎縮症病友協會","org_type":"身障復健團體","phone":"(02)27272321","district":"信義區","village":"","approved_location":"永吉路30巷167弄34號路口人行道","full_address":"臺北市信義區永吉路30巷167弄34號路口人行道","approval_years":"","note":"","longitude":121.5696577,"latitude":25.04487531,"resource_type":"臺北舊衣回收箱"}},{"type":"Feature","geometry":{"type":"Point","coordinates":[121.5545134,25.0233576]},"properties":{"source_city":"臺北市","approval_id":"TP-510","category":"舊衣回收箱","org_name":"臺北市視障藝文發展協會","org_type":"視障服務團體","phone":"(02)25912695","district":"信義區","village":"","approved_location":"崇德街38巷27號旁","full_address":"臺北市信義區崇德街38巷27號旁","approval_years":"","note":"","longitude":121.5545134,"latitude":25.0233576,"resource_type":"臺北舊衣回收箱"}},{"type":"Feature","geometry":{"type":"Point","coordinates":[121.5800621,25.0448066]},"properties":{"source_city":"臺北市","approval_id":"TP-516","category":"舊衣回收箱","org_name":"臺北市視障藝文發展協會","org_type":"視障服務團體","phone":"(02)25912695","district":"信義區","village":"","approved_location":"永吉路502巷3號旁","full_address":"臺北市信義區永吉路502巷3號旁","approval_years":"","note":"","longitude":121.5800621,"latitude":25.0448066,"resource_type":"臺北舊衣回收箱"}},{"type":"Feature","geometry":{"type":"Point","coordinates":[121.54219,25.06714]},"properties":{"source_city":"臺北市","approval_id":"TP-523","category":"舊衣回收箱","org_name":"臺北市視障藝文發展協會","org_type":"視障服務團體","phone":"(02)25912695","district":"信義區","village":"","approved_location":"信安街149號旁","full_address":"臺北市信義區信安街149號旁","approval_years":"","note":"","longitude":121.54219,"latitude":25.06714,"resource_type":"臺北舊衣回收箱"}},{"type":"Feature","geometry":{"type":"Point","coordinates":[121.54122,25.06321]},"properties":{"source_city":"臺北市","approval_id":"TP-524","category":"舊衣回收箱","org_name":"臺北市視障藝文發展協會","org_type":"視障服務團體","phone":"(02)25912695","district":"信義區","village":"","approved_location":"和平東路3段509巷4號公佈欄","full_address":"臺北市信義區和平東路3段509巷4號公佈欄","approval_years":"","note":"","longitude":121.54122,"latitude":25.06321,"resource_type":"臺北舊衣回收箱"}},{"type":"Feature","geometry":{"type":"Point","coordinates":[121.5636841,25.04330178]},"properties":{"source_city":"臺北市","approval_id":"TP-529","category":"舊衣回收箱","org_name":"台北市角落關懷協會","org_type":"公益協會團體","phone":"(02)25537117","district":"信義區","village":"","approved_location":"忠孝東路4段559巷與基隆路1段172巷交叉口人行道","full_address":"臺北市信義區忠孝東路4段559巷與基隆路1段172巷交叉口人行道","approval_years":"","note":"","longitude":121.5636841,"latitude":25.04330178,"resource_type":"臺北舊衣回收箱"}},{"type":"Feature","geometry":{"type":"Point","coordinates":[121.5687607,25.0451275]},"properties":{"source_city":"臺北市","approval_id":"TP-530","category":"舊衣回收箱","org_name":"台北市角落關懷協會","org_type":"公益協會團體","phone":"(02)25537117","district":"信義區","village":"","approved_location":"永吉路30巷12弄5號","full_address":"臺北市信義區永吉路30巷12弄5號","approval_years":"","note":"","longitude":121.5687607,"latitude":25.0451275,"resource_type":"臺北舊衣回收箱"}},{"type":"Feature","geometry":{"type":"Point","coordinates":[121.5757024,25.03876751]},"properties":{"source_city":"臺北市","approval_id":"TP-531","category":"舊衣回收箱","org_name":"台北市角落關懷協會","org_type":"公益協會團體","phone":"(02)25537117","district":"信義區","village":"","approved_location":"虎林街164巷28號對面中全公園","full_address":"臺北市信義區虎林街164巷28號對面中全公園","approval_years":"","note":"","longitude":121.5757024,"latitude":25.03876751,"resource_type":"臺北舊衣回收箱"}},{"type":"Feature","geometry":{"type":"Point","coordinates":[121.5689214,25.0256186]},"properties":{"source_city":"臺北市","approval_id":"TP-532","category":"舊衣回收箱","org_name":"台北市角落關懷協會","org_type":"公益協會團體","phone":"(02)25537117","district":"信義區","village":"","approved_location":"松仁路228巷口","full_address":"臺北市信義區松仁路228巷口","approval_years":"","note":"","longitude":121.5689214,"latitude":25.0256186,"resource_type":"臺北舊衣回收箱"}},{"type":"Feature","geometry":{"type":"Point","coordinates":[121.5792451,25.03941365]},"properties":{"source_city":"臺北市","approval_id":"TP-533","category":"舊衣回收箱","org_name":"台北市角落關懷協會","org_type":"公益協會團體","phone":"(02)25537117","district":"信義區","village":"","approved_location":"林口街82號公園前人行道","full_address":"臺北市信義區林口街82號公園前人行道","approval_years":"","note":"","longitude":121.5792451,"latitude":25.03941365,"resource_type":"臺北舊衣回收箱"}},{"type":"Feature","geometry":{"type":"Point","coordinates":[121.5630116,25.02999655]},"properties":{"source_city":"臺北市","approval_id":"TP-540","category":"舊衣回收箱","org_name":"台北市角落關懷協會","org_type":"公益協會團體","phone":"(02)25537117","district":"信義區","village":"","approved_location":"莊敬路239巷12號對面(1弄路口)","full_address":"臺北市信義區莊敬路239巷12號對面(1弄路口)","approval_years":"","note":"","longitude":121.5630116,"latitude":25.02999655,"resource_type":"臺北舊衣回收箱"}},{"type":"Feature","geometry":{"type":"Point","coordinates":[121.5593489,25.0282149]},"properties":{"source_city":"臺北市","approval_id":"TP-541","category":"舊衣回收箱","org_name":"台北市角落關懷協會","org_type":"公益協會團體","phone":"(02)25537117","district":"信義區","village":"","approved_location":"吳興街156巷61號對面人行道","full_address":"臺北市信義區吳興街156巷61號對面人行道","approval_years":"","note":"","longitude":121.5593489,"latitude":25.0282149,"resource_type":"臺北舊衣回收箱"}},{"type":"Feature","geometry":{"type":"Point","coordinates":[121.5582503,25.02706951]},"properties":{"source_city":"臺北市","approval_id":"TP-549","category":"舊衣回收箱","org_name":"台北市角落關懷協會","org_type":"公益協會團體","phone":"(02)25537117","district":"信義區","village":"","approved_location":"信安街50號對面公園轉角","full_address":"臺北市信義區信安街50號對面公園轉角","approval_years":"","note":"","longitude":121.5582503,"latitude":25.02706951,"resource_type":"臺北舊衣回收箱"}},{"type":"Feature","geometry":{"type":"Point","coordinates":[121.5606099,25.02772426]},"properties":{"source_city":"臺北市","approval_id":"TP-550","category":"舊衣回收箱","org_name":"台北市角落關懷協會","org_type":"公益協會團體","phone":"(02)25537117","district":"信義區","village":"","approved_location":"信安街底吳興街156巷33弄交叉口","full_address":"臺北市信義區信安街底吳興街156巷33弄交叉口","approval_years":"","note":"","longitude":121.5606099,"latitude":25.02772426,"resource_type":"臺北舊衣回收箱"}},{"type":"Feature","geometry":{"type":"Point","coordinates":[121.5597628,25.02836377]},"properties":{"source_city":"臺北市","approval_id":"TP-551","category":"舊衣回收箱","org_name":"台北市角落關懷協會","org_type":"公益協會團體","phone":"(02)25537117","district":"信義區","village":"","approved_location":"吳興街156巷40弄2號對面公園轉角","full_address":"臺北市信義區吳興街156巷40弄2號對面公園轉角","approval_years":"","note":"","longitude":121.5597628,"latitude":25.02836377,"resource_type":"臺北舊衣回收箱"}},{"type":"Feature","geometry":{"type":"Point","coordinates":[121.5688763,25.0445638]},"properties":{"source_city":"臺北市","approval_id":"TP-558","category":"舊衣回收箱","org_name":"台北市行無礙資源推廣協會","org_type":"公益協會團體","phone":"(02)25994649","district":"信義區","village":"","approved_location":"永吉路182號(永吉路及永吉路180巷交叉口)人行道","full_address":"臺北市信義區永吉路182號(永吉路及永吉路180巷交叉口)人行道","approval_years":"","note":"","longitude":121.5688763,"latitude":25.0445638,"resource_type":"臺北舊衣回收箱"}},{"type":"Feature","geometry":{"type":"Point","coordinates":[121.5729721,25.0354791]},"properties":{"source_city":"臺北市","approval_id":"TP-561","category":"舊衣回收箱","org_name":"台北市行無礙資源推廣協會","org_type":"公益協會團體","phone":"(02)25994649","district":"信義區","village":"","approved_location":"信義路6段15巷18弄6號對面路燈邊","full_address":"臺北市信義區信義路6段15巷18弄6號對面路燈邊","approval_years":"","note":"","longitude":121.5729721,"latitude":25.0354791,"resource_type":"臺北舊衣回收箱"}},{"type":"Feature","geometry":{"type":"Point","coordinates":[121.5530789,25.024157]},"properties":{"source_city":"臺北市","approval_id":"TP-562","category":"舊衣回收箱","org_name":"台北市行無礙資源推廣協會","org_type":"公益協會團體","phone":"(02)25994649","district":"信義區","village":"","approved_location":"崇德街96號對面變電箱旁人行道","full_address":"臺北市信義區崇德街96號對面變電箱旁人行道","approval_years":"","note":"","longitude":121.5530789,"latitude":25.024157,"resource_type":"臺北舊衣回收箱"}},{"type":"Feature","geometry":{"type":"Point","coordinates":[121.574472,25.0353861]},"properties":{"source_city":"臺北市","approval_id":"TP-564","category":"舊衣回收箱","org_name":"台北市行無礙資源推廣協會","org_type":"公益協會團體","phone":"(02)25994649","district":"信義區","village":"","approved_location":"信義路6段63號邊","full_address":"臺北市信義區信義路6段63號邊","approval_years":"","note":"","longitude":121.574472,"latitude":25.0353861,"resource_type":"臺北舊衣回收箱"}},{"type":"Feature","geometry":{"type":"Point","coordinates":[121.5589576,25.0235593]},"properties":{"source_city":"臺北市","approval_id":"TP-568","category":"舊衣回收箱","org_name":"台北市行無礙資源推廣協會","org_type":"公益協會團體","phone":"(02)25994649","district":"信義區","village":"","approved_location":"吳興街284巷22弄92號(黎雙公園)人行道","full_address":"臺北市信義區吳興街284巷22弄92號(黎雙公園)人行道","approval_years":"","note":"","longitude":121.5589576,"latitude":25.0235593,"resource_type":"臺北舊衣回收箱"}},{"type":"Feature","geometry":{"type":"Point","coordinates":[121.559863,25.028709]},"properties":{"source_city":"臺北市","approval_id":"TP-57","category":"舊衣回收箱","org_name":"臺北市視障樂活福利促進會","org_type":"視障服務團體","phone":"(02)25993105","district":"信義區","village":"","approved_location":"吳興街156巷22弄25號左邊公園變電箱旁人行道","full_address":"臺北市信義區吳興街156巷22弄25號左邊公園變電箱旁人行道","approval_years":"","note":"","longitude":121.559863,"latitude":25.028709,"resource_type":"臺北舊衣回收箱"}},{"type":"Feature","geometry":{"type":"Point","coordinates":[121.5720024,25.04478115]},"properties":{"source_city":"臺北市","approval_id":"TP-571","category":"舊衣回收箱","org_name":"台北市行無礙資源推廣協會","org_type":"公益協會團體","phone":"(02)25994649","district":"信義區","village":"","approved_location":"松信路96號邊變電箱","full_address":"臺北市信義區松信路96號邊變電箱","approval_years":"","note":"","longitude":121.5720024,"latitude":25.04478115,"resource_type":"臺北舊衣回收箱"}},{"type":"Feature","geometry":{"type":"Point","coordinates":[121.5611034,25.0300084]},"properties":{"source_city":"臺北市","approval_id":"TP-572","category":"舊衣回收箱","org_name":"台北市行無礙資源推廣協會","org_type":"公益協會團體","phone":"(02)25994649","district":"信義區","village":"","approved_location":"吳興街118號旁","full_address":"臺北市信義區吳興街118號旁","approval_years":"","note":"","longitude":121.5611034,"latitude":25.0300084,"resource_type":"臺北舊衣回收箱"}},{"type":"Feature","geometry":{"type":"Point","coordinates":[121.561221,25.029252]},"properties":{"source_city":"臺北市","approval_id":"TP-58","category":"舊衣回收箱","org_name":"臺北市視障樂活福利促進會","org_type":"視障服務團體","phone":"(02)25993105","district":"信義區","village":"","approved_location":"吳興街156巷2弄12號對面人行道","full_address":"臺北市信義區吳興街156巷2弄12號對面人行道","approval_years":"","note":"","longitude":121.561221,"latitude":25.029252,"resource_type":"臺北舊衣回收箱"}},{"type":"Feature","geometry":{"type":"Point","coordinates":[121.5796,25.04813]},"properties":{"source_city":"臺北市","approval_id":"TP-6","category":"舊衣回收箱","org_name":"台北市自閉症家長協會","org_type":"身障復健團體","phone":"(02)25953937","district":"信義區","village":"","approved_location":"中坡北路與松隆路旁（公園）人行道","full_address":"臺北市信義區中坡北路與松隆路旁（公園）人行道","approval_years":"","note":"","longitude":121.5796,"latitude":25.04813,"resource_type":"臺北舊衣回收箱"}},{"type":"Feature","geometry":{"type":"Point","coordinates":[121.576,25.0465]},"properties":{"source_city":"臺北市","approval_id":"TP-683","category":"舊衣回收箱","org_name":"台北市中風之友康復協會","org_type":"身障復健團體","phone":"(02)27644061","district":"信義區","village":"","approved_location":"永吉路491巷9弄32號對面","full_address":"臺北市信義區永吉路491巷9弄32號對面","approval_years":"","note":"","longitude":121.576,"latitude":25.0465,"resource_type":"臺北舊衣回收箱"}},{"type":"Feature","geometry":{"type":"Point","coordinates":[121.566,25.0464]},"properties":{"source_city":"臺北市","approval_id":"TP-684","category":"舊衣回收箱","org_name":"台北市中風之友康復協會","org_type":"身障復健團體","phone":"(02)27644061","district":"信義區","village":"","approved_location":"中坡北路與松山路119巷口","full_address":"臺北市信義區中坡北路與松山路119巷口","approval_years":"","note":"","longitude":121.566,"latitude":25.0464,"resource_type":"臺北舊衣回收箱"}},{"type":"Feature","geometry":{"type":"Point","coordinates":[121.5695218,25.02725336]},"properties":{"source_city":"臺北市","approval_id":"TP-771","category":"舊衣回收箱","org_name":"台北市失能者服務協會","org_type":"身障復健團體","phone":"(02)25429529","district":"信義區","village":"","approved_location":"信義路5段150巷310號東大排水溝旁","full_address":"臺北市信義區信義路5段150巷310號東大排水溝旁","approval_years":"","note":"","longitude":121.5695218,"latitude":25.02725336,"resource_type":"臺北舊衣回收箱"}},{"type":"Feature","geometry":{"type":"Point","coordinates":[121.5696928,25.0449497]},"properties":{"source_city":"臺北市","approval_id":"TP-817","category":"舊衣回收箱","org_name":"台北市身心障礙運動協會","org_type":"身障復健團體","phone":"(02)25912695","district":"信義區","village":"","approved_location":"永吉路120巷22弄與松隆路100號交接口","full_address":"臺北市信義區永吉路120巷22弄與松隆路100號交接口","approval_years":"","note":"","longitude":121.5696928,"latitude":25.0449497,"resource_type":"臺北舊衣回收箱"}},{"type":"Feature","geometry":{"type":"Point","coordinates":[121.56822,25.02734]},"properties":{"source_city":"臺北市","approval_id":"TP-826","category":"舊衣回收箱","org_name":"臺北市身心障礙者創業輔導發展協會","org_type":"身障復健團體","phone":"(02)27775940","district":"信義區","village":"","approved_location":"松仁路204號旁","full_address":"臺北市信義區松仁路204號旁","approval_years":"","note":"","longitude":121.56822,"latitude":25.02734,"resource_type":"臺北舊衣回收箱"}},{"type":"Feature","geometry":{"type":"Point","coordinates":[121.56788,25.02677]},"properties":{"source_city":"臺北市","approval_id":"TP-827","category":"舊衣回收箱","org_name":"臺北市身心障礙者創業輔導發展協會","org_type":"身障復健團體","phone":"(02)27775940","district":"信義區","village":"","approved_location":"莊敬路468號旁","full_address":"臺北市信義區莊敬路468號旁","approval_years":"","note":"","longitude":121.56788,"latitude":25.02677,"resource_type":"臺北舊衣回收箱"}},{"type":"Feature","geometry":{"type":"Point","coordinates":[121.55778,25.02029]},"properties":{"source_city":"臺北市","approval_id":"TP-833","category":"舊衣回收箱","org_name":"臺北市身心障礙者創業輔導發展協會","org_type":"身障復健團體","phone":"(02)27775940","district":"信義區","village":"","approved_location":"和平東路3段391巷8弄2號對面燈桿旁","full_address":"臺北市信義區和平東路3段391巷8弄2號對面燈桿旁","approval_years":"","note":"","longitude":121.55778,"latitude":25.02029,"resource_type":"臺北舊衣回收箱"}},{"type":"Feature","geometry":{"type":"Point","coordinates":[121.5774431,25.03729086]},"properties":{"source_city":"臺北市","approval_id":"TP-907","category":"舊衣回收箱","org_name":"台北市視障者福利發展協會","org_type":"視障服務團體","phone":"(02)25912695","district":"信義區","village":"","approved_location":"虎林街247號對面","full_address":"臺北市信義區虎林街247號對面","approval_years":"","note":"","longitude":121.5774431,"latitude":25.03729086,"resource_type":"臺北舊衣回收箱"}},{"type":"Feature","geometry":{"type":"Point","coordinates":[121.512738,25.080526]},"properties":{"source_city":"臺北市","approval_id":"TP-91","category":"舊衣回收箱","org_name":"社團法人台北生命勵樂活輔健會","org_type":"公益協會團體","phone":"(02)27299347","district":"信義區","village":"","approved_location":"永吉路180巷67弄5號旁(超商前)人行道","full_address":"臺北市信義區永吉路180巷67弄5號旁(超商前)人行道","approval_years":"","note":"","longitude":121.512738,"latitude":25.080526,"resource_type":"臺北舊衣回收箱"}},{"type":"Feature","geometry":{"type":"Point","coordinates":[121.5740363,25.0378628]},"properties":{"source_city":"臺北市","approval_id":"TP-915","category":"舊衣回收箱","org_name":"台北市視障者福利發展協會","org_type":"視障服務團體","phone":"(02)25912695","district":"信義區","village":"","approved_location":"忠孝東路5段236巷37弄對面公園變電箱邊人行道","full_address":"臺北市信義區忠孝東路5段236巷37弄對面公園變電箱邊人行道","approval_years":"","note":"","longitude":121.5740363,"latitude":25.0378628,"resource_type":"臺北舊衣回收箱"}},{"type":"Feature","geometry":{"type":"Point","coordinates":[121.5852436,25.0393735]},"properties":{"source_city":"臺北市","approval_id":"TP-946","category":"舊衣回收箱","org_name":"台北市啟明權益促進會","org_type":"公益協會團體","phone":"(02)28978300","district":"信義區","village":"","approved_location":"福德街308巷對面309巷口人行道","full_address":"臺北市信義區福德街308巷對面309巷口人行道","approval_years":"","note":"","longitude":121.5852436,"latitude":25.0393735,"resource_type":"臺北舊衣回收箱"}},{"type":"Feature","geometry":{"type":"Point","coordinates":[121.5836217,25.039474]},"properties":{"source_city":"臺北市","approval_id":"TP-947","category":"舊衣回收箱","org_name":"台北市啟明權益促進會","org_type":"公益協會團體","phone":"(02)28978300","district":"信義區","village":"","approved_location":"福德街268巷34之2號電桿下","full_address":"臺北市信義區福德街268巷34之2號電桿下","approval_years":"","note":"","longitude":121.5836217,"latitude":25.039474,"resource_type":"臺北舊衣回收箱"}},{"type":"Feature","geometry":{"type":"Point","coordinates":[121.5289498,25.03943928]},"properties":{"source_city":"臺北市","approval_id":"TP-95","category":"舊衣回收箱","org_name":"社團法人台北生命勵樂活輔健會","org_type":"公益協會團體","phone":"(02)27299347","district":"信義區","village":"","approved_location":"吳興街600巷25弄口","full_address":"臺北市信義區吳興街600巷25弄口","approval_years":"","note":"","longitude":121.5289498,"latitude":25.03943928,"resource_type":"臺北舊衣回收箱"}},{"type":"Feature","geometry":{"type":"Point","coordinates":[121.569556,25.021154]},"properties":{"source_city":"臺北市","approval_id":"TP-96","category":"舊衣回收箱","org_name":"社團法人台北生命勵樂活輔健會","org_type":"公益協會團體","phone":"(02)27299347","district":"信義區","village":"","approved_location":"吳興街365巷口","full_address":"臺北市信義區吳興街365巷口","approval_years":"","note":"","longitude":121.569556,"latitude":25.021154,"resource_type":"臺北舊衣回收箱"}},{"type":"Feature","geometry":{"type":"Point","coordinates":[121.5673125,25.02594485]},"properties":{"source_city":"臺北市","approval_id":"TP-97","category":"舊衣回收箱","org_name":"社團法人台北生命勵樂活輔健會","org_type":"公益協會團體","phone":"(02)27299347","district":"信義區","village":"","approved_location":"吳興街487巷(22路公車總站)人行道","full_address":"臺北市信義區吳興街487巷(22路公車總站)人行道","approval_years":"","note":"","longitude":121.5673125,"latitude":25.02594485,"resource_type":"臺北舊衣回收箱"}},{"type":"Feature","geometry":{"type":"Point","coordinates":[121.576027,25.034294]},"properties":{"source_city":"臺北市","approval_id":"TP-979","category":"舊衣回收箱","org_name":"台北市艾馨公益慈善會","org_type":"公益協會團體","phone":"(02)23360896","district":"信義區","village":"","approved_location":"信義路6段76巷2弄22號","full_address":"臺北市信義區信義路6段76巷2弄22號","approval_years":"","note":"","longitude":121.576027,"latitude":25.034294,"resource_type":"臺北舊衣回收箱"}},{"type":"Feature","geometry":{"type":"Point","coordinates":[121.5694132,25.02374991]},"properties":{"source_city":"臺北市","approval_id":"TP-98","category":"舊衣回收箱","org_name":"社團法人台北生命勵樂活輔健會","org_type":"公益協會團體","phone":"(02)27299347","district":"信義區","village":"","approved_location":"信義路5段150巷401弄36號前","full_address":"臺北市信義區信義路5段150巷401弄36號前","approval_years":"","note":"","longitude":121.5694132,"latitude":25.02374991,"resource_type":"臺北舊衣回收箱"}},{"type":"Feature","geometry":{"type":"Point","coordinates":[121.579908,25.035193]},"properties":{"source_city":"臺北市","approval_id":"TP-980","category":"舊衣回收箱","org_name":"台北市艾馨公益慈善會","org_type":"公益協會團體","phone":"(02)23360896","district":"信義區","village":"","approved_location":"松山路655號左側路燈下","full_address":"臺北市信義區松山路655號左側路燈下","approval_years":"","note":"","longitude":121.579908,"latitude":25.035193,"resource_type":"臺北舊衣回收箱"}},{"type":"Feature","geometry":{"type":"Point","coordinates":[121.567282,25.041589]},"properties":{"source_city":"臺北市","approval_id":"TP-983","category":"舊衣回收箱","org_name":"台北市艾馨公益慈善會","org_type":"公益協會團體","phone":"(02)23360896","district":"信義區","village":"","approved_location":"忠孝東路5段71巷口(忠孝東路5段31巷18弄)","full_address":"臺北市信義區忠孝東路5段71巷口(忠孝東路5段31巷18弄)","approval_years":"","note":"","longitude":121.567282,"latitude":25.041589,"resource_type":"臺北舊衣回收箱"}},{"type":"Feature","geometry":{"type":"Point","coordinates":[121.574564,25.03289]},"properties":{"source_city":"臺北市","approval_id":"TP-984","category":"舊衣回收箱","org_name":"台北市艾馨公益慈善會","org_type":"公益協會團體","phone":"(02)23360896","district":"信義區","village":"","approved_location":"松德路271號(對面電箱邊)","full_address":"臺北市信義區松德路271號(對面電箱邊)","approval_years":"","note":"","longitude":121.574564,"latitude":25.03289,"resource_type":"臺北舊衣回收箱"}},{"type":"Feature","geometry":{"type":"Point","coordinates":[121.575499,25.046553]},"properties":{"source_city":"臺北市","approval_id":"TP-985","category":"舊衣回收箱","org_name":"台北市艾馨公益慈善會","org_type":"公益協會團體","phone":"(02)23360896","district":"信義區","village":"","approved_location":"永吉街321巷28號(斜對面路燈下)","full_address":"臺北市信義區永吉街321巷28號(斜對面路燈下)","approval_years":"","note":"","longitude":121.575499,"latitude":25.046553,"resource_type":"臺北舊衣回收箱"}},{"type":"Feature","geometry":{"type":"Point","coordinates":[121.576578,25.048676]},"properties":{"source_city":"臺北市","approval_id":"TP-986","category":"舊衣回收箱","org_name":"台北市艾馨公益慈善會","org_type":"公益協會團體","phone":"(02)23360896","district":"信義區","village":"","approved_location":"松隆路215巷4弄底圍牆邊","full_address":"臺北市信義區松隆路215巷4弄底圍牆邊","approval_years":"","note":"","longitude":121.576578,"latitude":25.048676,"resource_type":"臺北舊衣回收箱"}},{"type":"Feature","geometry":{"type":"Point","coordinates":[121.570333,25.036431]},"properties":{"source_city":"臺北市","approval_id":"TP-988","category":"舊衣回收箱","org_name":"台北市艾馨公益慈善會","org_type":"公益協會團體","phone":"(02)23360896","district":"信義區","village":"","approved_location":"松仁路95巷20號旁(安康公園內)","full_address":"臺北市信義區松仁路95巷20號旁(安康公園內)","approval_years":"","note":"","longitude":121.570333,"latitude":25.036431,"resource_type":"臺北舊衣回收箱"}},{"type":"Feature","geometry":{"type":"Point","coordinates":[121.579066,25.032782]},"properties":{"source_city":"臺北市","approval_id":"TP-989","category":"舊衣回收箱","org_name":"台北市艾馨公益慈善會","org_type":"公益協會團體","phone":"(02)23360896","district":"信義區","village":"","approved_location":"松山路650巷15弄(永春高中對面圍牆邊)","full_address":"臺北市信義區松山路650巷15弄(永春高中對面圍牆邊)","approval_years":"","note":"","longitude":121.579066,"latitude":25.032782,"resource_type":"臺北舊衣回收箱"}},{"type":"Feature","geometry":{"type":"Point","coordinates":[121.5702662,25.02466712]},"properties":{"source_city":"臺北市","approval_id":"TP-99","category":"舊衣回收箱","org_name":"社團法人台北生命勵樂活輔健會","org_type":"公益協會團體","phone":"(02)27299347","district":"信義區","village":"","approved_location":"莊敬路197巷口公園人行道","full_address":"臺北市信義區莊敬路197巷口公園人行道","approval_years":"","note":"","longitude":121.5702662,"latitude":25.02466712,"resource_type":"臺北舊衣回收箱"}},{"type":"Feature","geometry":{"type":"Point","coordinates":[121.578893,25.044365]},"properties":{"source_city":"臺北市","approval_id":"TP-990","category":"舊衣回收箱","org_name":"台北市艾馨公益慈善會","org_type":"公益協會團體","phone":"(02)23360896","district":"信義區","village":"","approved_location":"永吉路468巷48號對面","full_address":"臺北市信義區永吉路468巷48號對面","approval_years":"","note":"","longitude":121.578893,"latitude":25.044365,"resource_type":"臺北舊衣回收箱"}},{"type":"Feature","geometry":{"type":"Point","coordinates":[121.581595,25.042674]},"properties":{"source_city":"臺北市","approval_id":"TP-991","category":"舊衣回收箱","org_name":"台北市艾馨公益慈善會","org_type":"公益協會團體","phone":"(02)23360896","district":"信義區","village":"","approved_location":"忠孝東路5段790巷20弄11號(電線杆邊)","full_address":"臺北市信義區忠孝東路5段790巷20弄11號(電線杆邊)","approval_years":"","note":"","longitude":121.581595,"latitude":25.042674,"resource_type":"臺北舊衣回收箱"}},{"type":"Feature","geometry":{"type":"Point","coordinates":[121.5770916,25.07571805]},"properties":{"source_city":"臺北市","approval_id":"TP-1077","category":"舊衣回收箱","org_name":"臺北市至善無障愛關懷協會","org_type":"公益協會團體","phone":"(02)27096731","district":"內湖區","village":"","approved_location":"江南街71巷16弄41號旁","full_address":"臺北市內湖區江南街71巷16弄41號旁","approval_years":"","note":"","longitude":121.5770916,"latitude":25.07571805,"resource_type":"臺北舊衣回收箱"}},{"type":"Feature","geometry":{"type":"Point","coordinates":[121.5785727,25.07709087]},"properties":{"source_city":"臺北市","approval_id":"TP-1078","category":"舊衣回收箱","org_name":"臺北市至善無障愛關懷協會","org_type":"公益協會團體","phone":"(02)27096731","district":"內湖區","village":"","approved_location":"江南街65巷16弄口","full_address":"臺北市內湖區江南街65巷16弄口","approval_years":"","note":"","longitude":121.5785727,"latitude":25.07709087,"resource_type":"臺北舊衣回收箱"}},{"type":"Feature","geometry":{"type":"Point","coordinates":[121.5784861,25.07817575]},"properties":{"source_city":"臺北市","approval_id":"TP-1079","category":"舊衣回收箱","org_name":"臺北市至善無障愛關懷協會","org_type":"公益協會團體","phone":"(02)27096731","district":"內湖區","village":"","approved_location":"江南街19號對面","full_address":"臺北市內湖區江南街19號對面","approval_years":"","note":"","longitude":121.5784861,"latitude":25.07817575,"resource_type":"臺北舊衣回收箱"}},{"type":"Feature","geometry":{"type":"Point","coordinates":[121.608684,25.0667995]},"properties":{"source_city":"臺北市","approval_id":"TP-1196","category":"舊衣回收箱","org_name":"臺北市身障福利發展協會","org_type":"身障復健團體","phone":"(02)25912695","district":"內湖區","village":"","approved_location":"康寧路3段70巷135號對面公園布告欄旁","full_address":"臺北市內湖區康寧路3段70巷135號對面公園布告欄旁","approval_years":"","note":"","longitude":121.608684,"latitude":25.0667995,"resource_type":"臺北舊衣回收箱"}},{"type":"Feature","geometry":{"type":"Point","coordinates":[121.53934,25.03416]},"properties":{"source_city":"臺北市","approval_id":"TP-1235","category":"舊衣回收箱","org_name":"台北市弱勢彩券聯合促進會","org_type":"公益協會團體","phone":"(02)23026138","district":"內湖區","village":"","approved_location":"民權東路6段296巷76號對面人行道燈桿旁","full_address":"臺北市內湖區民權東路6段296巷76號對面人行道燈桿旁","approval_years":"","note":"","longitude":121.53934,"latitude":25.03416,"resource_type":"臺北舊衣回收箱"}},{"type":"Feature","geometry":{"type":"Point","coordinates":[121.5892938,25.08626705]},"properties":{"source_city":"臺北市","approval_id":"TP-1245","category":"舊衣回收箱","org_name":"台北市弱勢彩券聯合促進會","org_type":"公益協會團體","phone":"(02)23026138","district":"內湖區","village":"","approved_location":"金龍路153號旁","full_address":"臺北市內湖區金龍路153號旁","approval_years":"","note":"","longitude":121.5892938,"latitude":25.08626705,"resource_type":"臺北舊衣回收箱"}},{"type":"Feature","geometry":{"type":"Point","coordinates":[121.59482,25.08469]},"properties":{"source_city":"臺北市","approval_id":"TP-1246","category":"舊衣回收箱","org_name":"台北市弱勢彩券聯合促進會","org_type":"公益協會團體","phone":"(02)23026138","district":"內湖區","village":"","approved_location":"金龍路13巷口","full_address":"臺北市內湖區金龍路13巷口","approval_years":"","note":"","longitude":121.59482,"latitude":25.08469,"resource_type":"臺北舊衣回收箱"}},{"type":"Feature","geometry":{"type":"Point","coordinates":[121.59496,25.09171]},"properties":{"source_city":"臺北市","approval_id":"TP-1247","category":"舊衣回收箱","org_name":"台北市弱勢彩券聯合促進會","org_type":"公益協會團體","phone":"(02)23026138","district":"內湖區","village":"","approved_location":"成功路4段214巷口","full_address":"臺北市內湖區成功路4段214巷口","approval_years":"","note":"","longitude":121.59496,"latitude":25.09171,"resource_type":"臺北舊衣回收箱"}},{"type":"Feature","geometry":{"type":"Point","coordinates":[121.5922532,25.08114854]},"properties":{"source_city":"臺北市","approval_id":"TP-154","category":"舊衣回收箱","org_name":"台北市康復之友協會","org_type":"身障復健團體","phone":"(02)27652810","district":"內湖區","village":"","approved_location":"成功路4段61巷9弄口","full_address":"臺北市內湖區成功路4段61巷9弄口","approval_years":"","note":"","longitude":121.5922532,"latitude":25.08114854,"resource_type":"臺北舊衣回收箱"}},{"type":"Feature","geometry":{"type":"Point","coordinates":[121.5821391,25.07615058]},"properties":{"source_city":"臺北市","approval_id":"TP-155","category":"舊衣回收箱","org_name":"台北市康復之友協會","org_type":"身障復健團體","phone":"(02)27652810","district":"內湖區","village":"","approved_location":"文德路66巷36弄1號旁","full_address":"臺北市內湖區文德路66巷36弄1號旁","approval_years":"","note":"","longitude":121.5821391,"latitude":25.07615058,"resource_type":"臺北舊衣回收箱"}},{"type":"Feature","geometry":{"type":"Point","coordinates":[121.575002,25.081707]},"properties":{"source_city":"臺北市","approval_id":"TP-166","category":"舊衣回收箱","org_name":"台北市盲人福利協進會","org_type":"視障服務團體","phone":"(02)25585000","district":"內湖區","village":"","approved_location":"內湖路1段629巷40弄2號對面","full_address":"臺北市內湖區內湖路1段629巷40弄2號對面","approval_years":"","note":"","longitude":121.575002,"latitude":25.081707,"resource_type":"臺北舊衣回收箱"}},{"type":"Feature","geometry":{"type":"Point","coordinates":[121.576417,25.082594]},"properties":{"source_city":"臺北市","approval_id":"TP-167","category":"舊衣回收箱","org_name":"台北市盲人福利協進會","org_type":"視障服務團體","phone":"(02)25585000","district":"內湖區","village":"","approved_location":"港華街31號對面","full_address":"臺北市內湖區港華街31號對面","approval_years":"","note":"","longitude":121.576417,"latitude":25.082594,"resource_type":"臺北舊衣回收箱"}},{"type":"Feature","geometry":{"type":"Point","coordinates":[121.5826942,25.0799504]},"properties":{"source_city":"臺北市","approval_id":"TP-168","category":"舊衣回收箱","org_name":"台北市盲人福利協進會","org_type":"視障服務團體","phone":"(02)25585000","district":"內湖區","village":"","approved_location":"內湖路2段81號對面空地","full_address":"臺北市內湖區內湖路2段81號對面空地","approval_years":"","note":"","longitude":121.5826942,"latitude":25.0799504,"resource_type":"臺北舊衣回收箱"}},{"type":"Feature","geometry":{"type":"Point","coordinates":[121.559395,25.085915]},"properties":{"source_city":"臺北市","approval_id":"TP-169","category":"舊衣回收箱","org_name":"台北市盲人福利協進會","org_type":"視障服務團體","phone":"(02)25585000","district":"內湖區","village":"","approved_location":"內湖路1段47巷口臨文湖街11巷","full_address":"臺北市內湖區內湖路1段47巷口臨文湖街11巷","approval_years":"","note":"","longitude":121.559395,"latitude":25.085915,"resource_type":"臺北舊衣回收箱"}},{"type":"Feature","geometry":{"type":"Point","coordinates":[121.560625,25.086416]},"properties":{"source_city":"臺北市","approval_id":"TP-170","category":"舊衣回收箱","org_name":"台北市盲人福利協進會","org_type":"視障服務團體","phone":"(02)25585000","district":"內湖區","village":"","approved_location":"文湖街21巷口停車場對面","full_address":"臺北市內湖區文湖街21巷口停車場對面","approval_years":"","note":"","longitude":121.560625,"latitude":25.086416,"resource_type":"臺北舊衣回收箱"}},{"type":"Feature","geometry":{"type":"Point","coordinates":[121.583747,25.077169]},"properties":{"source_city":"臺北市","approval_id":"TP-171","category":"舊衣回收箱","org_name":"台北市盲人福利協進會","org_type":"視障服務團體","phone":"(02)25585000","district":"內湖區","village":"","approved_location":"文德路210巷30弄1號附近","full_address":"臺北市內湖區文德路210巷30弄1號附近","approval_years":"","note":"","longitude":121.583747,"latitude":25.077169,"resource_type":"臺北舊衣回收箱"}},{"type":"Feature","geometry":{"type":"Point","coordinates":[121.5958013,25.06858837]},"properties":{"source_city":"臺北市","approval_id":"TP-220","category":"舊衣回收箱","org_name":"台北市視障生活品質福利促進會","org_type":"視障服務團體","phone":"(02)25587370","district":"內湖區","village":"","approved_location":"民權東路6段163巷電信箱旁","full_address":"臺北市內湖區民權東路6段163巷電信箱旁","approval_years":"","note":"","longitude":121.5958013,"latitude":25.06858837,"resource_type":"臺北舊衣回收箱"}},{"type":"Feature","geometry":{"type":"Point","coordinates":[121.58357,25.07587]},"properties":{"source_city":"臺北市","approval_id":"TP-24","category":"舊衣回收箱","org_name":"台北市自閉症家長協會","org_type":"身障復健團體","phone":"(02)25953937","district":"內湖區","village":"","approved_location":"陽光街68巷口(陽光公園旁)","full_address":"臺北市內湖區陽光街68巷口(陽光公園旁)","approval_years":"","note":"","longitude":121.58357,"latitude":25.07587,"resource_type":"臺北舊衣回收箱"}},{"type":"Feature","geometry":{"type":"Point","coordinates":[121.5873629,25.0879999]},"properties":{"source_city":"臺北市","approval_id":"TP-303","category":"舊衣回收箱","org_name":"台北市私立彩虹村家園","org_type":"社福服務機構","phone":"(02)28914110","district":"內湖區","village":"","approved_location":"金龍路211號對面","full_address":"臺北市內湖區金龍路211號對面","approval_years":"","note":"","longitude":121.5873629,"latitude":25.0879999,"resource_type":"臺北舊衣回收箱"}},{"type":"Feature","geometry":{"type":"Point","coordinates":[121.58782,25.06774]},"properties":{"source_city":"臺北市","approval_id":"TP-342","category":"舊衣回收箱","org_name":"財團法人台北市樹仁社會福利基金會","org_type":"社福基金會","phone":"(02)28936122","district":"內湖區","village":"","approved_location":"成功路2段320巷60號對面電箱旁","full_address":"臺北市內湖區成功路2段320巷60號對面電箱旁","approval_years":"","note":"","longitude":121.58782,"latitude":25.06774,"resource_type":"臺北舊衣回收箱"}},{"type":"Feature","geometry":{"type":"Point","coordinates":[121.59135,25.07867]},"properties":{"source_city":"臺北市","approval_id":"TP-355","category":"舊衣回收箱","org_name":"財團法人台北市樹仁社會福利基金會","org_type":"社福基金會","phone":"(02)28936122","district":"內湖區","village":"","approved_location":"星雲街31號旁","full_address":"臺北市內湖區星雲街31號旁","approval_years":"","note":"","longitude":121.59135,"latitude":25.07867,"resource_type":"臺北舊衣回收箱"}},{"type":"Feature","geometry":{"type":"Point","coordinates":[121.59155,25.08796]},"properties":{"source_city":"臺北市","approval_id":"TP-356","category":"舊衣回收箱","org_name":"財團法人台北市樹仁社會福利基金會","org_type":"社福基金會","phone":"(02)28936122","district":"內湖區","village":"","approved_location":"內湖路3段60巷8弄28號旁","full_address":"臺北市內湖區內湖路3段60巷8弄28號旁","approval_years":"","note":"","longitude":121.59155,"latitude":25.08796,"resource_type":"臺北舊衣回收箱"}},{"type":"Feature","geometry":{"type":"Point","coordinates":[121.58351,25.08973]},"properties":{"source_city":"臺北市","approval_id":"TP-366","category":"舊衣回收箱","org_name":"財團法人台北市樹仁社會福利基金會","org_type":"社福基金會","phone":"(02)28936122","district":"內湖區","village":"","approved_location":"內湖路3段365號對面","full_address":"臺北市內湖區內湖路3段365號對面","approval_years":"","note":"","longitude":121.58351,"latitude":25.08973,"resource_type":"臺北舊衣回收箱"}},{"type":"Feature","geometry":{"type":"Point","coordinates":[121.613697,25.067535]},"properties":{"source_city":"臺北市","approval_id":"TP-381","category":"舊衣回收箱","org_name":"財團法人伊甸社會福利基金會附設臺北市私立八德服務中心","org_type":"社福基金會","phone":"(02)25777636","district":"內湖區","village":"","approved_location":"五分街41號對面","full_address":"臺北市內湖區五分街41號對面","approval_years":"","note":"","longitude":121.613697,"latitude":25.067535,"resource_type":"臺北舊衣回收箱"}},{"type":"Feature","geometry":{"type":"Point","coordinates":[121.596736,25.084555]},"properties":{"source_city":"臺北市","approval_id":"TP-388","category":"舊衣回收箱","org_name":"財團法人伊甸社會福利基金會附設臺北市私立八德服務中心","org_type":"社福基金會","phone":"(02)25777636","district":"內湖區","village":"","approved_location":"成功路4段234號旁空地對面","full_address":"臺北市內湖區成功路4段234號旁空地對面","approval_years":"","note":"","longitude":121.596736,"latitude":25.084555,"resource_type":"臺北舊衣回收箱"}},{"type":"Feature","geometry":{"type":"Point","coordinates":[121.571533,25.083492]},"properties":{"source_city":"臺北市","approval_id":"TP-389","category":"舊衣回收箱","org_name":"財團法人伊甸社會福利基金會附設臺北市私立八德服務中心","org_type":"社福基金會","phone":"(02)25777636","district":"內湖區","village":"","approved_location":"內湖路1段411巷62弄斜對面","full_address":"臺北市內湖區內湖路1段411巷62弄斜對面","approval_years":"","note":"","longitude":121.571533,"latitude":25.083492,"resource_type":"臺北舊衣回收箱"}},{"type":"Feature","geometry":{"type":"Point","coordinates":[121.608765,25.070397]},"properties":{"source_city":"臺北市","approval_id":"TP-399","category":"舊衣回收箱","org_name":"財團法人伊甸社會福利基金會附設臺北市私立八德服務中心","org_type":"社福基金會","phone":"(02)25777636","district":"內湖區","village":"","approved_location":"民權東路6段296巷66-3號對面105號對面","full_address":"臺北市內湖區民權東路6段296巷66-3號對面105號對面","approval_years":"","note":"","longitude":121.608765,"latitude":25.070397,"resource_type":"臺北舊衣回收箱"}},{"type":"Feature","geometry":{"type":"Point","coordinates":[121.570663,25.083403]},"properties":{"source_city":"臺北市","approval_id":"TP-403","category":"舊衣回收箱","org_name":"財團法人伊甸社會福利基金會附設臺北市私立八德服務中心","org_type":"社福基金會","phone":"(02)25777636","district":"內湖區","village":"","approved_location":"內湖路1段387巷17號對面(西湖公園樓梯旁)","full_address":"臺北市內湖區內湖路1段387巷17號對面(西湖公園樓梯旁)","approval_years":"","note":"","longitude":121.570663,"latitude":25.083403,"resource_type":"臺北舊衣回收箱"}},{"type":"Feature","geometry":{"type":"Point","coordinates":[121.60558,25.07386]},"properties":{"source_city":"臺北市","approval_id":"TP-446","category":"舊衣回收箱","org_name":"台北市脊髓損傷者協會","org_type":"公益協會團體","phone":"(02)25986062","district":"內湖區","village":"","approved_location":"成功路5段79號前","full_address":"臺北市內湖區成功路5段79號前","approval_years":"","note":"","longitude":121.60558,"latitude":25.07386,"resource_type":"臺北舊衣回收箱"}},{"type":"Feature","geometry":{"type":"Point","coordinates":[121.5769105,25.07630276]},"properties":{"source_city":"臺北市","approval_id":"TP-545","category":"舊衣回收箱","org_name":"台北市角落關懷協會","org_type":"公益協會團體","phone":"(02)25537117","district":"內湖區","village":"","approved_location":"江南街107巷口","full_address":"臺北市內湖區江南街107巷口","approval_years":"","note":"","longitude":121.5769105,"latitude":25.07630276,"resource_type":"臺北舊衣回收箱"}},{"type":"Feature","geometry":{"type":"Point","coordinates":[121.611632,25.075535]},"properties":{"source_city":"臺北市","approval_id":"TP-55","category":"舊衣回收箱","org_name":"臺北市視障樂活福利促進會","org_type":"視障服務團體","phone":"(02)25993105","district":"內湖區","village":"","approved_location":"康寧路3段189巷163弄19號對面公園欄竿旁","full_address":"臺北市內湖區康寧路3段189巷163弄19號對面公園欄竿旁","approval_years":"","note":"","longitude":121.611632,"latitude":25.075535,"resource_type":"臺北舊衣回收箱"}},{"type":"Feature","geometry":{"type":"Point","coordinates":[121.587504,25.081647]},"properties":{"source_city":"臺北市","approval_id":"TP-56","category":"舊衣回收箱","org_name":"臺北市視障樂活福利促進會","org_type":"視障服務團體","phone":"(02)25993105","district":"內湖區","village":"","approved_location":"內湖路2段179巷3弄旁公園電箱旁","full_address":"臺北市內湖區內湖路2段179巷3弄旁公園電箱旁","approval_years":"","note":"","longitude":121.587504,"latitude":25.081647,"resource_type":"臺北舊衣回收箱"}},{"type":"Feature","geometry":{"type":"Point","coordinates":[121.602339,25.086977]},"properties":{"source_city":"臺北市","approval_id":"TP-577","category":"舊衣回收箱","org_name":"台北市行無礙資源推廣協會","org_type":"公益協會團體","phone":"(02)25994649","district":"內湖區","village":"","approved_location":"大湖山莊街151巷底（土地公廟前）","full_address":"臺北市內湖區大湖山莊街151巷底（土地公廟前）","approval_years":"","note":"","longitude":121.602339,"latitude":25.086977,"resource_type":"臺北舊衣回收箱"}},{"type":"Feature","geometry":{"type":"Point","coordinates":[121.58226,25.07905]},"properties":{"source_city":"臺北市","approval_id":"TP-578","category":"舊衣回收箱","org_name":"台北市行無礙資源推廣協會","org_type":"公益協會團體","phone":"(02)25994649","district":"內湖區","village":"","approved_location":"文德路73號（內湖路2段122巷）","full_address":"臺北市內湖區文德路73號（內湖路2段122巷）","approval_years":"","note":"","longitude":121.58226,"latitude":25.07905,"resource_type":"臺北舊衣回收箱"}},{"type":"Feature","geometry":{"type":"Point","coordinates":[121.616243,25.0768464]},"properties":{"source_city":"臺北市","approval_id":"TP-625","category":"舊衣回收箱","org_name":"台北市史懷哲慈善會","org_type":"公益協會團體","phone":"(02)25429529","district":"內湖區","village":"","approved_location":"安泰街125巷口對面山壁邊","full_address":"臺北市內湖區安泰街125巷口對面山壁邊","approval_years":"","note":"","longitude":121.616243,"latitude":25.0768464,"resource_type":"臺北舊衣回收箱"}},{"type":"Feature","geometry":{"type":"Point","coordinates":[121.5855001,25.0695766]},"properties":{"source_city":"臺北市","approval_id":"TP-726","category":"舊衣回收箱","org_name":"臺北市惠盲教育學會","org_type":"公益協會團體","phone":"(02)25530253","district":"內湖區","village":"","approved_location":"民權東路6段47巷10弄口(電箱旁)","full_address":"臺北市內湖區民權東路6段47巷10弄口(電箱旁)","approval_years":"","note":"","longitude":121.5855001,"latitude":25.0695766,"resource_type":"臺北舊衣回收箱"}},{"type":"Feature","geometry":{"type":"Point","coordinates":[121.5626824,25.0829989]},"properties":{"source_city":"臺北市","approval_id":"TP-732","category":"舊衣回收箱","org_name":"臺北市惠盲教育學會","org_type":"公益協會團體","phone":"(02)25530253","district":"內湖區","village":"","approved_location":"內湖路1段225巷","full_address":"臺北市內湖區內湖路1段225巷","approval_years":"","note":"","longitude":121.5626824,"latitude":25.0829989,"resource_type":"臺北舊衣回收箱"}},{"type":"Feature","geometry":{"type":"Point","coordinates":[121.5877617,25.0707111]},"properties":{"source_city":"臺北市","approval_id":"TP-733","category":"舊衣回收箱","org_name":"臺北市惠盲教育學會","org_type":"公益協會團體","phone":"(02)25530253","district":"內湖區","village":"","approved_location":"成功路2段404號左邊電箱旁","full_address":"臺北市內湖區成功路2段404號左邊電箱旁","approval_years":"","note":"","longitude":121.5877617,"latitude":25.0707111,"resource_type":"臺北舊衣回收箱"}},{"type":"Feature","geometry":{"type":"Point","coordinates":[121.6137628,25.06751133]},"properties":{"source_city":"臺北市","approval_id":"TP-810","category":"舊衣回收箱","org_name":"台北市身心障礙運動協會","org_type":"身障復健團體","phone":"(02)25912695","district":"內湖區","village":"","approved_location":"五分街14號對面人行道電話箱旁","full_address":"臺北市內湖區五分街14號對面人行道電話箱旁","approval_years":"","note":"","longitude":121.6137628,"latitude":25.06751133,"resource_type":"臺北舊衣回收箱"}},{"type":"Feature","geometry":{"type":"Point","coordinates":[121.6021173,25.07332793]},"properties":{"source_city":"臺北市","approval_id":"TP-811","category":"舊衣回收箱","org_name":"台北市身心障礙運動協會","org_type":"身障復健團體","phone":"(02)25912695","district":"內湖區","village":"","approved_location":"金湖路363巷15號對面電桿旁","full_address":"臺北市內湖區金湖路363巷15號對面電桿旁","approval_years":"","note":"","longitude":121.6021173,"latitude":25.07332793,"resource_type":"臺北舊衣回收箱"}},{"type":"Feature","geometry":{"type":"Point","coordinates":[121.6085368,25.07515805]},"properties":{"source_city":"臺北市","approval_id":"TP-812","category":"舊衣回收箱","org_name":"台北市身心障礙運動協會","org_type":"身障復健團體","phone":"(02)25912695","district":"內湖區","village":"","approved_location":"成功路5段420巷15到17號斜對面Ubike旁","full_address":"臺北市內湖區成功路5段420巷15到17號斜對面Ubike旁","approval_years":"","note":"","longitude":121.6085368,"latitude":25.07515805,"resource_type":"臺北舊衣回收箱"}},{"type":"Feature","geometry":{"type":"Point","coordinates":[121.5995458,25.07298547]},"properties":{"source_city":"臺北市","approval_id":"TP-813","category":"舊衣回收箱","org_name":"台北市身心障礙運動協會","org_type":"身障復健團體","phone":"(02)25912695","district":"內湖區","village":"","approved_location":"金湖路363巷與民權東路6段191巷交口","full_address":"臺北市內湖區金湖路363巷與民權東路6段191巷交口","approval_years":"","note":"","longitude":121.5995458,"latitude":25.07298547,"resource_type":"臺北舊衣回收箱"}},{"type":"Feature","geometry":{"type":"Point","coordinates":[121.6160767,25.07014027]},"properties":{"source_city":"臺北市","approval_id":"TP-814","category":"舊衣回收箱","org_name":"台北市身心障礙運動協會","org_type":"身障復健團體","phone":"(02)25912695","district":"內湖區","village":"","approved_location":"東湖路119巷49弄44號對面樹旁","full_address":"臺北市內湖區東湖路119巷49弄44號對面樹旁","approval_years":"","note":"","longitude":121.6160767,"latitude":25.07014027,"resource_type":"臺北舊衣回收箱"}},{"type":"Feature","geometry":{"type":"Point","coordinates":[121.6181632,25.07025734]},"properties":{"source_city":"臺北市","approval_id":"TP-815","category":"舊衣回收箱","org_name":"台北市身心障礙運動協會","org_type":"身障復健團體","phone":"(02)25912695","district":"內湖區","village":"","approved_location":"康樂街110巷16弄26號對面廟旁(東湖4號公園)","full_address":"臺北市內湖區康樂街110巷16弄26號對面廟旁(東湖4號公園)","approval_years":"","note":"","longitude":121.6181632,"latitude":25.07025734,"resource_type":"臺北舊衣回收箱"}},{"type":"Feature","geometry":{"type":"Point","coordinates":[121.6111964,25.07381597]},"properties":{"source_city":"臺北市","approval_id":"TP-816","category":"舊衣回收箱","org_name":"台北市身心障礙運動協會","org_type":"身障復健團體","phone":"(02)25912695","district":"內湖區","village":"","approved_location":"康寧路3段99巷60號變電箱旁","full_address":"臺北市內湖區康寧路3段99巷60號變電箱旁","approval_years":"","note":"","longitude":121.6111964,"latitude":25.07381597,"resource_type":"臺北舊衣回收箱"}},{"type":"Feature","geometry":{"type":"Point","coordinates":[121.5077993,25.08620557]},"properties":{"source_city":"臺北市","approval_id":"TP-89","category":"舊衣回收箱","org_name":"社團法人台北生命勵樂活輔健會","org_type":"公益協會團體","phone":"(02)27299347","district":"內湖區","village":"","approved_location":"康寧路1段26巷口","full_address":"臺北市內湖區康寧路1段26巷口","approval_years":"","note":"","longitude":121.5077993,"latitude":25.08620557,"resource_type":"臺北舊衣回收箱"}},{"type":"Feature","geometry":{"type":"Point","coordinates":[121.5940007,25.0730577]},"properties":{"source_city":"臺北市","approval_id":"TP-934","category":"舊衣回收箱","org_name":"台北市啟明權益促進會","org_type":"公益協會團體","phone":"(02)28978300","district":"內湖區","village":"","approved_location":"康寧路1段195巷口","full_address":"臺北市內湖區康寧路1段195巷口","approval_years":"","note":"","longitude":121.5940007,"latitude":25.0730577,"resource_type":"臺北舊衣回收箱"}},{"type":"Feature","geometry":{"type":"Point","coordinates":[121.5817781,25.0758803]},"properties":{"source_city":"臺北市","approval_id":"TP-935","category":"舊衣回收箱","org_name":"台北市啟明權益促進會","org_type":"公益協會團體","phone":"(02)28978300","district":"內湖區","village":"","approved_location":"陽光街68巷102弄2號對面","full_address":"臺北市內湖區陽光街68巷102弄2號對面","approval_years":"","note":"","longitude":121.5817781,"latitude":25.0758803,"resource_type":"臺北舊衣回收箱"}},{"type":"Feature","geometry":{"type":"Point","coordinates":[121.6142274,25.0683056]},"properties":{"source_city":"臺北市","approval_id":"TP-936","category":"舊衣回收箱","org_name":"台北市啟明權益促進會","org_type":"公益協會團體","phone":"(02)28978300","district":"內湖區","village":"","approved_location":"東湖路121號119巷口","full_address":"臺北市內湖區東湖路121號119巷口","approval_years":"","note":"","longitude":121.6142274,"latitude":25.0683056,"resource_type":"臺北舊衣回收箱"}},{"type":"Feature","geometry":{"type":"Point","coordinates":[121.5878676,25.0825765]},"properties":{"source_city":"臺北市","approval_id":"TP-937","category":"舊衣回收箱","org_name":"台北市啟明權益促進會","org_type":"公益協會團體","phone":"(02)28978300","district":"內湖區","village":"","approved_location":"內湖路2段263巷4號右側","full_address":"臺北市內湖區內湖路2段263巷4號右側","approval_years":"","note":"","longitude":121.5878676,"latitude":25.0825765,"resource_type":"臺北舊衣回收箱"}},{"type":"Feature","geometry":{"type":"Point","coordinates":[121.6070282,25.0689655]},"properties":{"source_city":"臺北市","approval_id":"TP-938","category":"舊衣回收箱","org_name":"台北市啟明權益促進會","org_type":"公益協會團體","phone":"(02)28978300","district":"內湖區","village":"","approved_location":"民權東路6段280巷與康寧路3段56巷交叉口","full_address":"臺北市內湖區民權東路6段280巷與康寧路3段56巷交叉口","approval_years":"","note":"","longitude":121.6070282,"latitude":25.0689655,"resource_type":"臺北舊衣回收箱"}},{"type":"Feature","geometry":{"type":"Point","coordinates":[121.5872,25.0875469]},"properties":{"source_city":"臺北市","approval_id":"TP-939","category":"舊衣回收箱","org_name":"台北市啟明權益促進會","org_type":"公益協會團體","phone":"(02)28978300","district":"內湖區","village":"","approved_location":"內湖路3段173巷口電桿旁(175號旁)","full_address":"臺北市內湖區內湖路3段173巷口電桿旁(175號旁)","approval_years":"","note":"","longitude":121.5872,"latitude":25.0875469,"resource_type":"臺北舊衣回收箱"}},{"type":"Feature","geometry":{"type":"Point","coordinates":[121.5863782,25.0878257]},"properties":{"source_city":"臺北市","approval_id":"TP-940","category":"舊衣回收箱","org_name":"台北市啟明權益促進會","org_type":"公益協會團體","phone":"(02)28978300","district":"內湖區","village":"","approved_location":"內湖路3段191巷18號旁公佈欄邊","full_address":"臺北市內湖區內湖路3段191巷18號旁公佈欄邊","approval_years":"","note":"","longitude":121.5863782,"latitude":25.0878257,"resource_type":"臺北舊衣回收箱"}},{"type":"Feature","geometry":{"type":"Point","coordinates":[121.5965409,25.0857395]},"properties":{"source_city":"臺北市","approval_id":"TP-941","category":"舊衣回收箱","org_name":"台北市啟明權益促進會","org_type":"公益協會團體","phone":"(02)28978300","district":"內湖區","village":"","approved_location":"成功路4段324巷電桿邊","full_address":"臺北市內湖區成功路4段324巷電桿邊","approval_years":"","note":"","longitude":121.5965409,"latitude":25.0857395,"resource_type":"臺北舊衣回收箱"}},{"type":"Feature","geometry":{"type":"Point","coordinates":[121.5899748,25.0857636]},"properties":{"source_city":"臺北市","approval_id":"TP-942","category":"舊衣回收箱","org_name":"台北市啟明權益促進會","org_type":"公益協會團體","phone":"(02)28978300","district":"內湖區","village":"","approved_location":"金湖路31號旁公佈欄旁","full_address":"臺北市內湖區金湖路31號旁公佈欄旁","approval_years":"","note":"","longitude":121.5899748,"latitude":25.0857636,"resource_type":"臺北舊衣回收箱"}},{"type":"Feature","geometry":{"type":"Point","coordinates":[121.600082,25.0739915]},"properties":{"source_city":"臺北市","approval_id":"TP-943","category":"舊衣回收箱","org_name":"台北市啟明權益促進會","org_type":"公益協會團體","phone":"(02)28978300","district":"內湖區","village":"","approved_location":"康樂街110巷電箱旁","full_address":"臺北市內湖區康樂街110巷電箱旁","approval_years":"","note":"","longitude":121.600082,"latitude":25.0739915,"resource_type":"臺北舊衣回收箱"}},{"type":"Feature","geometry":{"type":"Point","coordinates":[121.49882,25.12942]},"properties":{"source_city":"臺北市","approval_id":"TP-1037","category":"舊衣回收箱","org_name":"台北市身心障礙者自立更生創業協會","org_type":"身障復健團體","phone":"(02)27099961","district":"北投區","village":"","approved_location":"大興街24巷口","full_address":"臺北市北投區大興街24巷口","approval_years":"","note":"","longitude":121.49882,"latitude":25.12942,"resource_type":"臺北舊衣回收箱"}},{"type":"Feature","geometry":{"type":"Point","coordinates":[121.52299,25.11149]},"properties":{"source_city":"臺北市","approval_id":"TP-1163","category":"舊衣回收箱","org_name":"台北市身心障礙者權益促進會","org_type":"身障復健團體","phone":"(02)25975091","district":"北投區","village":"","approved_location":"榮華一路20巷口","full_address":"臺北市北投區榮華一路20巷口","approval_years":"","note":"","longitude":121.52299,"latitude":25.11149,"resource_type":"臺北舊衣回收箱"}},{"type":"Feature","geometry":{"type":"Point","coordinates":[121.501925,25.13890696]},"properties":{"source_city":"臺北市","approval_id":"TP-1210","category":"舊衣回收箱","org_name":"臺北市身障福利發展協會","org_type":"身障復健團體","phone":"(02)25912695","district":"北投區","village":"","approved_location":"中和街63號對面","full_address":"臺北市北投區中和街63號對面","approval_years":"","note":"","longitude":121.501925,"latitude":25.13890696,"resource_type":"臺北舊衣回收箱"}},{"type":"Feature","geometry":{"type":"Point","coordinates":[121.52362,25.11869]},"properties":{"source_city":"臺北市","approval_id":"TP-1228","category":"舊衣回收箱","org_name":"臺北市身障者關懷服務協進會","org_type":"身障復健團體","phone":"(02)26886212","district":"北投區","village":"","approved_location":"天母西路103號對面(振興公園內)","full_address":"臺北市北投區天母西路103號對面(振興公園內)","approval_years":"","note":"","longitude":121.52362,"latitude":25.11869,"resource_type":"臺北舊衣回收箱"}},{"type":"Feature","geometry":{"type":"Point","coordinates":[121.51134,25.11938]},"properties":{"source_city":"臺北市","approval_id":"TP-1295","category":"舊衣回收箱","org_name":"臺北市身障者互助關懷協會","org_type":"身障復健團體","phone":"(02)26886212","district":"北投區","village":"","approved_location":"立農街1段582號對面","full_address":"臺北市北投區立農街1段582號對面","approval_years":"","note":"","longitude":121.51134,"latitude":25.11938,"resource_type":"臺北舊衣回收箱"}},{"type":"Feature","geometry":{"type":"Point","coordinates":[121.51357,25.10888]},"properties":{"source_city":"臺北市","approval_id":"TP-1296","category":"舊衣回收箱","org_name":"臺北市身障者互助關懷協會","org_type":"身障復健團體","phone":"(02)26886212","district":"北投區","village":"","approved_location":"文林北路242號旁","full_address":"臺北市北投區文林北路242號旁","approval_years":"","note":"","longitude":121.51357,"latitude":25.10888,"resource_type":"臺北舊衣回收箱"}},{"type":"Feature","geometry":{"type":"Point","coordinates":[121.50247,25.13841]},"properties":{"source_city":"臺北市","approval_id":"TP-14","category":"舊衣回收箱","org_name":"台北市自閉症家長協會","org_type":"身障復健團體","phone":"(02)25953937","district":"北投區","village":"","approved_location":"中和街47號對面","full_address":"臺北市北投區中和街47號對面","approval_years":"","note":"","longitude":121.50247,"latitude":25.13841,"resource_type":"臺北舊衣回收箱"}},{"type":"Feature","geometry":{"type":"Point","coordinates":[121.4684582,25.11956939]},"properties":{"source_city":"臺北市","approval_id":"TP-206","category":"舊衣回收箱","org_name":"台北市視障生活品質福利促進會","org_type":"視障服務團體","phone":"(02)25587370","district":"北投區","village":"","approved_location":"知行路210巷40號對面大樹旁","full_address":"臺北市北投區知行路210巷40號對面大樹旁","approval_years":"","note":"","longitude":121.4684582,"latitude":25.11956939,"resource_type":"臺北舊衣回收箱"}},{"type":"Feature","geometry":{"type":"Point","coordinates":[121.5001431,25.13712478]},"properties":{"source_city":"臺北市","approval_id":"TP-266","category":"舊衣回收箱","org_name":"台北市心理復健家屬聯合協會","org_type":"身障復健團體","phone":"(02)23660399","district":"北投區","village":"","approved_location":"大業路695號","full_address":"臺北市北投區大業路695號","approval_years":"","note":"","longitude":121.5001431,"latitude":25.13712478,"resource_type":"臺北舊衣回收箱"}},{"type":"Feature","geometry":{"type":"Point","coordinates":[121.5064164,25.13577993]},"properties":{"source_city":"臺北市","approval_id":"TP-267","category":"舊衣回收箱","org_name":"台北市心理復健家屬聯合協會","org_type":"身障復健團體","phone":"(02)23660399","district":"北投區","village":"","approved_location":"溫泉路73巷5號斜對面燈桿旁","full_address":"臺北市北投區溫泉路73巷5號斜對面燈桿旁","approval_years":"","note":"","longitude":121.5064164,"latitude":25.13577993,"resource_type":"臺北舊衣回收箱"}},{"type":"Feature","geometry":{"type":"Point","coordinates":[121.50027,25.1422]},"properties":{"source_city":"臺北市","approval_id":"TP-279","category":"舊衣回收箱","org_name":"台北市私立彩虹村家園","org_type":"社福服務機構","phone":"(02)28914110","district":"北投區","village":"","approved_location":"復興四路與開明街口","full_address":"臺北市北投區復興四路與開明街口","approval_years":"","note":"","longitude":121.50027,"latitude":25.1422,"resource_type":"臺北舊衣回收箱"}},{"type":"Feature","geometry":{"type":"Point","coordinates":[121.50591,25.14204]},"properties":{"source_city":"臺北市","approval_id":"TP-280","category":"舊衣回收箱","org_name":"台北市私立彩虹村家園","org_type":"社福服務機構","phone":"(02)28914110","district":"北投區","village":"","approved_location":"長壽路與珠海路口","full_address":"臺北市北投區長壽路與珠海路口","approval_years":"","note":"","longitude":121.50591,"latitude":25.14204,"resource_type":"臺北舊衣回收箱"}},{"type":"Feature","geometry":{"type":"Point","coordinates":[121.511768,25.120574]},"properties":{"source_city":"臺北市","approval_id":"TP-301","category":"舊衣回收箱","org_name":"台北市私立彩虹村家園","org_type":"社福服務機構","phone":"(02)28914110","district":"北投區","village":"","approved_location":"致遠三路47號","full_address":"臺北市北投區致遠三路47號","approval_years":"","note":"","longitude":121.511768,"latitude":25.120574,"resource_type":"臺北舊衣回收箱"}},{"type":"Feature","geometry":{"type":"Point","coordinates":[121.50786,25.12645]},"properties":{"source_city":"臺北市","approval_id":"TP-343","category":"舊衣回收箱","org_name":"財團法人台北市樹仁社會福利基金會","org_type":"社福基金會","phone":"(02)28936122","district":"北投區","village":"","approved_location":"公館路228巷口","full_address":"臺北市北投區公館路228巷口","approval_years":"","note":"","longitude":121.50786,"latitude":25.12645,"resource_type":"臺北舊衣回收箱"}},{"type":"Feature","geometry":{"type":"Point","coordinates":[121.50813,25.12077]},"properties":{"source_city":"臺北市","approval_id":"TP-347","category":"舊衣回收箱","org_name":"財團法人台北市樹仁社會福利基金會","org_type":"社福基金會","phone":"(02)28936122","district":"北投區","village":"","approved_location":"東華街2段266號旁","full_address":"臺北市北投區東華街2段266號旁","approval_years":"","note":"","longitude":121.50813,"latitude":25.12077,"resource_type":"臺北舊衣回收箱"}},{"type":"Feature","geometry":{"type":"Point","coordinates":[121.51114,25.11743]},"properties":{"source_city":"臺北市","approval_id":"TP-348","category":"舊衣回收箱","org_name":"財團法人台北市樹仁社會福利基金會","org_type":"社福基金會","phone":"(02)28936122","district":"北投區","village":"","approved_location":"吉利街280巷27弄23號旁","full_address":"臺北市北投區吉利街280巷27弄23號旁","approval_years":"","note":"","longitude":121.51114,"latitude":25.11743,"resource_type":"臺北舊衣回收箱"}},{"type":"Feature","geometry":{"type":"Point","coordinates":[121.5077,25.1276]},"properties":{"source_city":"臺北市","approval_id":"TP-350","category":"舊衣回收箱","org_name":"財團法人台北市樹仁社會福利基金會","org_type":"社福基金會","phone":"(02)28936122","district":"北投區","village":"","approved_location":"公館路211號旁","full_address":"臺北市北投區公館路211號旁","approval_years":"","note":"","longitude":121.5077,"latitude":25.1276,"resource_type":"臺北舊衣回收箱"}},{"type":"Feature","geometry":{"type":"Point","coordinates":[121.50991,25.11779]},"properties":{"source_city":"臺北市","approval_id":"TP-351","category":"舊衣回收箱","org_name":"財團法人台北市樹仁社會福利基金會","org_type":"社福基金會","phone":"(02)28936122","district":"北投區","village":"","approved_location":"石牌路1段39巷131弄2號對面","full_address":"臺北市北投區石牌路1段39巷131弄2號對面","approval_years":"","note":"","longitude":121.50991,"latitude":25.11779,"resource_type":"臺北舊衣回收箱"}},{"type":"Feature","geometry":{"type":"Point","coordinates":[121.51229,25.11676]},"properties":{"source_city":"臺北市","approval_id":"TP-357","category":"舊衣回收箱","org_name":"財團法人台北市樹仁社會福利基金會","org_type":"社福基金會","phone":"(02)28936122","district":"北投區","village":"","approved_location":"致遠二路86號旁（電箱旁）","full_address":"臺北市北投區致遠二路86號旁（電箱旁）","approval_years":"","note":"","longitude":121.51229,"latitude":25.11676,"resource_type":"臺北舊衣回收箱"}},{"type":"Feature","geometry":{"type":"Point","coordinates":[121.49935,25.14148]},"properties":{"source_city":"臺北市","approval_id":"TP-360","category":"舊衣回收箱","org_name":"財團法人台北市樹仁社會福利基金會","org_type":"社福基金會","phone":"(02)28936122","district":"北投區","village":"","approved_location":"中和街347號對面","full_address":"臺北市北投區中和街347號對面","approval_years":"","note":"","longitude":121.49935,"latitude":25.14148,"resource_type":"臺北舊衣回收箱"}},{"type":"Feature","geometry":{"type":"Point","coordinates":[121.506009,25.139554]},"properties":{"source_city":"臺北市","approval_id":"TP-387","category":"舊衣回收箱","org_name":"財團法人伊甸社會福利基金會附設臺北市私立八德服務中心","org_type":"社福基金會","phone":"(02)25777636","district":"北投區","village":"","approved_location":"泉源路25號旁","full_address":"臺北市北投區泉源路25號旁","approval_years":"","note":"","longitude":121.506009,"latitude":25.139554,"resource_type":"臺北舊衣回收箱"}},{"type":"Feature","geometry":{"type":"Point","coordinates":[121.50462,25.13084]},"properties":{"source_city":"臺北市","approval_id":"TP-437","category":"舊衣回收箱","org_name":"台北市脊髓損傷者協會","org_type":"公益協會團體","phone":"(02)25986062","district":"北投區","village":"","approved_location":"公館路92巷口","full_address":"臺北市北投區公館路92巷口","approval_years":"","note":"","longitude":121.50462,"latitude":25.13084,"resource_type":"臺北舊衣回收箱"}},{"type":"Feature","geometry":{"type":"Point","coordinates":[121.50291,25.11936]},"properties":{"source_city":"臺北市","approval_id":"TP-438","category":"舊衣回收箱","org_name":"台北市脊髓損傷者協會","org_type":"公益協會團體","phone":"(02)25986062","district":"北投區","village":"","approved_location":"立農街1段20號對面","full_address":"臺北市北投區立農街1段20號對面","approval_years":"","note":"","longitude":121.50291,"latitude":25.11936,"resource_type":"臺北舊衣回收箱"}},{"type":"Feature","geometry":{"type":"Point","coordinates":[121.49859,25.13364]},"properties":{"source_city":"臺北市","approval_id":"TP-440","category":"舊衣回收箱","org_name":"台北市脊髓損傷者協會","org_type":"公益協會團體","phone":"(02)25986062","district":"北投區","village":"","approved_location":"大同街88號前牆邊","full_address":"臺北市北投區大同街88號前牆邊","approval_years":"","note":"","longitude":121.49859,"latitude":25.13364,"resource_type":"臺北舊衣回收箱"}},{"type":"Feature","geometry":{"type":"Point","coordinates":[121.4983,25.13083]},"properties":{"source_city":"臺北市","approval_id":"TP-441","category":"舊衣回收箱","org_name":"台北市脊髓損傷者協會","org_type":"公益協會團體","phone":"(02)25986062","district":"北投區","village":"","approved_location":"大興街23巷25號前","full_address":"臺北市北投區大興街23巷25號前","approval_years":"","note":"","longitude":121.4983,"latitude":25.13083,"resource_type":"臺北舊衣回收箱"}},{"type":"Feature","geometry":{"type":"Point","coordinates":[121.50227,25.12374]},"properties":{"source_city":"臺北市","approval_id":"TP-442","category":"舊衣回收箱","org_name":"台北市脊髓損傷者協會","org_type":"公益協會團體","phone":"(02)25986062","district":"北投區","village":"","approved_location":"崇仁路1段155巷2號對面樹旁","full_address":"臺北市北投區崇仁路1段155巷2號對面樹旁","approval_years":"","note":"","longitude":121.50227,"latitude":25.12374,"resource_type":"臺北舊衣回收箱"}},{"type":"Feature","geometry":{"type":"Point","coordinates":[121.501616,25.139518]},"properties":{"source_city":"臺北市","approval_id":"TP-468","category":"舊衣回收箱","org_name":"臺北市弱勢者發展協會","org_type":"公益協會團體","phone":"(02)25429529","district":"北投區","village":"","approved_location":"中和街232號旁","full_address":"臺北市北投區中和街232號旁","approval_years":"","note":"","longitude":121.501616,"latitude":25.139518,"resource_type":"臺北舊衣回收箱"}},{"type":"Feature","geometry":{"type":"Point","coordinates":[121.505685,25.141864]},"properties":{"source_city":"臺北市","approval_id":"TP-469","category":"舊衣回收箱","org_name":"臺北市弱勢者發展協會","org_type":"公益協會團體","phone":"(02)25429529","district":"北投區","village":"","approved_location":"珠海路105號對面","full_address":"臺北市北投區珠海路105號對面","approval_years":"","note":"","longitude":121.505685,"latitude":25.141864,"resource_type":"臺北舊衣回收箱"}},{"type":"Feature","geometry":{"type":"Point","coordinates":[121.4935674,25.1449043]},"properties":{"source_city":"臺北市","approval_id":"TP-647","category":"舊衣回收箱","org_name":"臺北市私立育成裕民發展中心","org_type":"身障復健團體","phone":"(02)27068686","district":"北投區","village":"","approved_location":"中和街525巷口公告欄旁","full_address":"臺北市北投區中和街525巷口公告欄旁","approval_years":"","note":"","longitude":121.4935674,"latitude":25.1449043,"resource_type":"臺北舊衣回收箱"}},{"type":"Feature","geometry":{"type":"Point","coordinates":[121.4989677,25.1404884]},"properties":{"source_city":"臺北市","approval_id":"TP-648","category":"舊衣回收箱","org_name":"臺北市私立育成裕民發展中心","org_type":"身障復健團體","phone":"(02)27068686","district":"北投區","village":"","approved_location":"文化3路101號後側欄杆旁","full_address":"臺北市北投區文化3路101號後側欄杆旁","approval_years":"","note":"","longitude":121.4989677,"latitude":25.1404884,"resource_type":"臺北舊衣回收箱"}},{"type":"Feature","geometry":{"type":"Point","coordinates":[121.5198448,25.1142362]},"properties":{"source_city":"臺北市","approval_id":"TP-649","category":"舊衣回收箱","org_name":"臺北市私立育成裕民發展中心","org_type":"身障復健團體","phone":"(02)27068686","district":"北投區","village":"","approved_location":"榮華3路與懷德街口","full_address":"臺北市北投區榮華3路與懷德街口","approval_years":"","note":"","longitude":121.5198448,"latitude":25.1142362,"resource_type":"臺北舊衣回收箱"}},{"type":"Feature","geometry":{"type":"Point","coordinates":[121.5063954,25.1160225]},"properties":{"source_city":"臺北市","approval_id":"TP-656","category":"舊衣回收箱","org_name":"臺北市私立育成裕民發展中心","org_type":"身障復健團體","phone":"(02)27068686","district":"北投區","village":"","approved_location":"承德路7段280巷6弄7號對面","full_address":"臺北市北投區承德路7段280巷6弄7號對面","approval_years":"","note":"","longitude":121.5063954,"latitude":25.1160225,"resource_type":"臺北舊衣回收箱"}},{"type":"Feature","geometry":{"type":"Point","coordinates":[121.5049317,25.1181241]},"properties":{"source_city":"臺北市","approval_id":"TP-658","category":"舊衣回收箱","org_name":"臺北市私立育成裕民發展中心","org_type":"身障復健團體","phone":"(02)27068686","district":"北投區","village":"","approved_location":"吉利街58巷2號對面","full_address":"臺北市北投區吉利街58巷2號對面","approval_years":"","note":"","longitude":121.5049317,"latitude":25.1181241,"resource_type":"臺北舊衣回收箱"}},{"type":"Feature","geometry":{"type":"Point","coordinates":[121.5216489,25.1115323]},"properties":{"source_city":"臺北市","approval_id":"TP-670","category":"舊衣回收箱","org_name":"臺北市私立育成裕民發展中心","org_type":"身障復健團體","phone":"(02)27068686","district":"北投區","village":"","approved_location":"明德路188巷口電機箱旁","full_address":"臺北市北投區明德路188巷口電機箱旁","approval_years":"","note":"","longitude":121.5216489,"latitude":25.1115323,"resource_type":"臺北舊衣回收箱"}},{"type":"Feature","geometry":{"type":"Point","coordinates":[121.4973085,25.13114966]},"properties":{"source_city":"臺北市","approval_id":"TP-758","category":"舊衣回收箱","org_name":"台北市失能者服務協會","org_type":"身障復健團體","phone":"(02)25429529","district":"北投區","village":"","approved_location":"大興街9巷對面","full_address":"臺北市北投區大興街9巷對面","approval_years":"","note":"","longitude":121.4973085,"latitude":25.13114966,"resource_type":"臺北舊衣回收箱"}},{"type":"Feature","geometry":{"type":"Point","coordinates":[121.5164954,25.11883801]},"properties":{"source_city":"臺北市","approval_id":"TP-759","category":"舊衣回收箱","org_name":"台北市失能者服務協會","org_type":"身障復健團體","phone":"(02)25429529","district":"北投區","village":"","approved_location":"立農街2段294號對面","full_address":"臺北市北投區立農街2段294號對面","approval_years":"","note":"","longitude":121.5164954,"latitude":25.11883801,"resource_type":"臺北舊衣回收箱"}},{"type":"Feature","geometry":{"type":"Point","coordinates":[121.5017447,25.13777574]},"properties":{"source_city":"臺北市","approval_id":"TP-760","category":"舊衣回收箱","org_name":"台北市失能者服務協會","org_type":"身障復健團體","phone":"(02)25429529","district":"北投區","village":"","approved_location":"珠海路2號旁","full_address":"臺北市北投區珠海路2號旁","approval_years":"","note":"","longitude":121.5017447,"latitude":25.13777574,"resource_type":"臺北舊衣回收箱"}},{"type":"Feature","geometry":{"type":"Point","coordinates":[121.4989512,25.14239089]},"properties":{"source_city":"臺北市","approval_id":"TP-761","category":"舊衣回收箱","org_name":"台北市失能者服務協會","org_type":"身障復健團體","phone":"(02)25429529","district":"北投區","village":"","approved_location":"中和街370巷口","full_address":"臺北市北投區中和街370巷口","approval_years":"","note":"","longitude":121.4989512,"latitude":25.14239089,"resource_type":"臺北舊衣回收箱"}},{"type":"Feature","geometry":{"type":"Point","coordinates":[121.4973248,25.14389113]},"properties":{"source_city":"臺北市","approval_id":"TP-762","category":"舊衣回收箱","org_name":"台北市失能者服務協會","org_type":"身障復健團體","phone":"(02)25429529","district":"北投區","village":"","approved_location":"中和街441巷口","full_address":"臺北市北投區中和街441巷口","approval_years":"","note":"","longitude":121.4973248,"latitude":25.14389113,"resource_type":"臺北舊衣回收箱"}},{"type":"Feature","geometry":{"type":"Point","coordinates":[121.5013015,25.12788196]},"properties":{"source_city":"臺北市","approval_id":"TP-763","category":"舊衣回收箱","org_name":"台北市失能者服務協會","org_type":"身障復健團體","phone":"(02)25429529","district":"北投區","village":"","approved_location":"崇仁路1段17巷口","full_address":"臺北市北投區崇仁路1段17巷口","approval_years":"","note":"","longitude":121.5013015,"latitude":25.12788196,"resource_type":"臺北舊衣回收箱"}},{"type":"Feature","geometry":{"type":"Point","coordinates":[121.5228618,25.12266776]},"properties":{"source_city":"臺北市","approval_id":"TP-764","category":"舊衣回收箱","org_name":"台北市失能者服務協會","org_type":"身障復健團體","phone":"(02)25429529","district":"北投區","village":"","approved_location":"石牌路2段324巷口","full_address":"臺北市北投區石牌路2段324巷口","approval_years":"","note":"","longitude":121.5228618,"latitude":25.12266776,"resource_type":"臺北舊衣回收箱"}},{"type":"Feature","geometry":{"type":"Point","coordinates":[121.5207215,25.11543087]},"properties":{"source_city":"臺北市","approval_id":"TP-765","category":"舊衣回收箱","org_name":"台北市失能者服務協會","org_type":"身障復健團體","phone":"(02)25429529","district":"北投區","village":"","approved_location":"明德路309號對面","full_address":"臺北市北投區明德路309號對面","approval_years":"","note":"","longitude":121.5207215,"latitude":25.11543087,"resource_type":"臺北舊衣回收箱"}},{"type":"Feature","geometry":{"type":"Point","coordinates":[121.5176342,25.10771059]},"properties":{"source_city":"臺北市","approval_id":"TP-766","category":"舊衣回收箱","org_name":"台北市失能者服務協會","org_type":"身障復健團體","phone":"(02)25429529","district":"北投區","village":"","approved_location":"致遠一路1段21號","full_address":"臺北市北投區致遠一路1段21號","approval_years":"","note":"","longitude":121.5176342,"latitude":25.10771059,"resource_type":"臺北舊衣回收箱"}},{"type":"Feature","geometry":{"type":"Point","coordinates":[121.5144944,25.11913877]},"properties":{"source_city":"臺北市","approval_id":"TP-767","category":"舊衣回收箱","org_name":"台北市失能者服務協會","org_type":"身障復健團體","phone":"(02)25429529","district":"北投區","village":"","approved_location":"立農街2段257號旁","full_address":"臺北市北投區立農街2段257號旁","approval_years":"","note":"","longitude":121.5144944,"latitude":25.11913877,"resource_type":"臺北舊衣回收箱"}},{"type":"Feature","geometry":{"type":"Point","coordinates":[121.509713,25.11620033]},"properties":{"source_city":"臺北市","approval_id":"TP-770","category":"舊衣回收箱","org_name":"台北市失能者服務協會","org_type":"身障復健團體","phone":"(02)25429529","district":"北投區","village":"","approved_location":"石牌路1段39巷88號(人行道)","full_address":"臺北市北投區石牌路1段39巷88號(人行道)","approval_years":"","note":"","longitude":121.509713,"latitude":25.11620033,"resource_type":"臺北舊衣回收箱"}},{"type":"Feature","geometry":{"type":"Point","coordinates":[121.52454,25.11371]},"properties":{"source_city":"臺北市","approval_id":"TP-791","category":"舊衣回收箱","org_name":"臺北市愛盲協會","org_type":"公益協會團體","phone":"(02)26886212","district":"北投區","village":"","approved_location":"榮華里榮華一路與榮華三路兩電桿間","full_address":"臺北市北投區榮華里榮華一路與榮華三路兩電桿間","approval_years":"","note":"","longitude":121.52454,"latitude":25.11371,"resource_type":"臺北舊衣回收箱"}},{"type":"Feature","geometry":{"type":"Point","coordinates":[121.500153,25.138499]},"properties":{"source_city":"臺北市","approval_id":"TP-837","category":"舊衣回收箱","org_name":"臺北市身心障礙者創業輔導發展協會","org_type":"身障復健團體","phone":"(02)27775940","district":"北投區","village":"","approved_location":"永興路1段32巷3弄口","full_address":"臺北市北投區永興路1段32巷3弄口","approval_years":"","note":"","longitude":121.500153,"latitude":25.138499,"resource_type":"臺北舊衣回收箱"}},{"type":"Feature","geometry":{"type":"Point","coordinates":[121.50111,25.13742]},"properties":{"source_city":"臺北市","approval_id":"TP-838","category":"舊衣回收箱","org_name":"臺北市身心障礙者創業輔導發展協會","org_type":"身障復健團體","phone":"(02)27775940","district":"北投區","village":"","approved_location":"雙全街與大業路口中庸2號公園前","full_address":"臺北市北投區雙全街與大業路口中庸2號公園前","approval_years":"","note":"","longitude":121.50111,"latitude":25.13742,"resource_type":"臺北舊衣回收箱"}},{"type":"Feature","geometry":{"type":"Point","coordinates":[121.52488,25.12299]},"properties":{"source_city":"臺北市","approval_id":"TP-851","category":"舊衣回收箱","org_name":"台北市視障者重建發展協會","org_type":"視障服務團體","phone":"0937-862-107","district":"北投區","village":"","approved_location":"石牌路2段346號旁(電桿旁)","full_address":"臺北市北投區石牌路2段346號旁(電桿旁)","approval_years":"","note":"","longitude":121.52488,"latitude":25.12299,"resource_type":"臺北舊衣回收箱"}},{"type":"Feature","geometry":{"type":"Point","coordinates":[121.520446,25.116914]},"properties":{"source_city":"臺北市","approval_id":"TP-853","category":"舊衣回收箱","org_name":"台北市視障者重建發展協會","org_type":"視障服務團體","phone":"0937-862-107","district":"北投區","village":"","approved_location":"明德路337巷1號對面(電氣設備旁)","full_address":"臺北市北投區明德路337巷1號對面(電氣設備旁)","approval_years":"","note":"","longitude":121.520446,"latitude":25.116914,"resource_type":"臺北舊衣回收箱"}},{"type":"Feature","geometry":{"type":"Point","coordinates":[121.526027,25.124145]},"properties":{"source_city":"臺北市","approval_id":"TP-855","category":"舊衣回收箱","org_name":"台北市視障者重建發展協會","org_type":"視障服務團體","phone":"0937-862-107","district":"北投區","village":"","approved_location":"行義路7號對面(花臺旁)","full_address":"臺北市北投區行義路7號對面(花臺旁)","approval_years":"","note":"","longitude":121.526027,"latitude":25.124145,"resource_type":"臺北舊衣回收箱"}},{"type":"Feature","geometry":{"type":"Point","coordinates":[121.52714,25.12549]},"properties":{"source_city":"臺北市","approval_id":"TP-856","category":"舊衣回收箱","org_name":"台北市視障者重建發展協會","org_type":"視障服務團體","phone":"0937-862-107","district":"北投區","village":"","approved_location":"行義路42號對面(電氣設備旁)","full_address":"臺北市北投區行義路42號對面(電氣設備旁)","approval_years":"","note":"","longitude":121.52714,"latitude":25.12549,"resource_type":"臺北舊衣回收箱"}},{"type":"Feature","geometry":{"type":"Point","coordinates":[121.528108,25.130614]},"properties":{"source_city":"臺北市","approval_id":"TP-857","category":"舊衣回收箱","org_name":"台北市視障者重建發展協會","org_type":"視障服務團體","phone":"0937-862-107","district":"北投區","village":"","approved_location":"行義路154巷口(圍牆邊)","full_address":"臺北市北投區行義路154巷口(圍牆邊)","approval_years":"","note":"","longitude":121.528108,"latitude":25.130614,"resource_type":"臺北舊衣回收箱"}},{"type":"Feature","geometry":{"type":"Point","coordinates":[121.514003,25.112405]},"properties":{"source_city":"臺北市","approval_id":"TP-862","category":"舊衣回收箱","org_name":"台北市視障者重建發展協會","org_type":"視障服務團體","phone":"0937-862-107","district":"北投區","village":"","approved_location":"致遠一路2段70巷3號旁","full_address":"臺北市北投區致遠一路2段70巷3號旁","approval_years":"","note":"","longitude":121.514003,"latitude":25.112405,"resource_type":"臺北舊衣回收箱"}},{"type":"Feature","geometry":{"type":"Point","coordinates":[121.515543,25.111714]},"properties":{"source_city":"臺北市","approval_id":"TP-863","category":"舊衣回收箱","org_name":"台北市視障者重建發展協會","org_type":"視障服務團體","phone":"0937-862-107","district":"北投區","village":"","approved_location":"石牌路1段166巷120號旁(燈桿旁)","full_address":"臺北市北投區石牌路1段166巷120號旁(燈桿旁)","approval_years":"","note":"","longitude":121.515543,"latitude":25.111714,"resource_type":"臺北舊衣回收箱"}},{"type":"Feature","geometry":{"type":"Point","coordinates":[121.513229,25.112742]},"properties":{"source_city":"臺北市","approval_id":"TP-864","category":"舊衣回收箱","org_name":"台北市視障者重建發展協會","org_type":"視障服務團體","phone":"0937-862-107","district":"北投區","village":"","approved_location":"致遠一路2段86巷口","full_address":"臺北市北投區致遠一路2段86巷口","approval_years":"","note":"","longitude":121.513229,"latitude":25.112742,"resource_type":"臺北舊衣回收箱"}},{"type":"Feature","geometry":{"type":"Point","coordinates":[121.511059,25.136297]},"properties":{"source_city":"臺北市","approval_id":"TP-867","category":"舊衣回收箱","org_name":"台北市視障者重建發展協會","org_type":"視障服務團體","phone":"0937-862-107","district":"北投區","village":"","approved_location":"溫泉路110-1號對面(燈桿旁)","full_address":"臺北市北投區溫泉路110-1號對面(燈桿旁)","approval_years":"","note":"","longitude":121.511059,"latitude":25.136297,"resource_type":"臺北舊衣回收箱"}},{"type":"Feature","geometry":{"type":"Point","coordinates":[121.503755,25.120046]},"properties":{"source_city":"臺北市","approval_id":"TP-868","category":"舊衣回收箱","org_name":"台北市視障者重建發展協會","org_type":"視障服務團體","phone":"0937-862-107","district":"北投區","village":"","approved_location":"立農街1段187巷口","full_address":"臺北市北投區立農街1段187巷口","approval_years":"","note":"","longitude":121.503755,"latitude":25.120046,"resource_type":"臺北舊衣回收箱"}},{"type":"Feature","geometry":{"type":"Point","coordinates":[121.50177,25.12568]},"properties":{"source_city":"臺北市","approval_id":"TP-869","category":"舊衣回收箱","org_name":"台北市視障者重建發展協會","org_type":"視障服務團體","phone":"0937-862-107","district":"北投區","village":"","approved_location":"崇仁路1段88號對面(電信設備旁)","full_address":"臺北市北投區崇仁路1段88號對面(電信設備旁)","approval_years":"","note":"","longitude":121.50177,"latitude":25.12568,"resource_type":"臺北舊衣回收箱"}},{"type":"Feature","geometry":{"type":"Point","coordinates":[121.499589,25.128751]},"properties":{"source_city":"臺北市","approval_id":"TP-870","category":"舊衣回收箱","org_name":"台北市視障者重建發展協會","org_type":"視障服務團體","phone":"0937-862-107","district":"北投區","village":"","approved_location":"大業路300巷33-1號旁(籃球場邊)","full_address":"臺北市北投區大業路300巷33-1號旁(籃球場邊)","approval_years":"","note":"","longitude":121.499589,"latitude":25.128751,"resource_type":"臺北舊衣回收箱"}},{"type":"Feature","geometry":{"type":"Point","coordinates":[121.503968,25.134344]},"properties":{"source_city":"臺北市","approval_id":"TP-871","category":"舊衣回收箱","org_name":"台北市視障者重建發展協會","org_type":"視障服務團體","phone":"0937-862-107","district":"北投區","village":"","approved_location":"溫泉路60號對面(圍牆邊)","full_address":"臺北市北投區溫泉路60號對面(圍牆邊)","approval_years":"","note":"","longitude":121.503968,"latitude":25.134344,"resource_type":"臺北舊衣回收箱"}},{"type":"Feature","geometry":{"type":"Point","coordinates":[121.496063,25.14323]},"properties":{"source_city":"臺北市","approval_id":"TP-872","category":"舊衣回收箱","org_name":"台北市視障者重建發展協會","org_type":"視障服務團體","phone":"0937-862-107","district":"北投區","village":"","approved_location":"中和街455巷橋頭","full_address":"臺北市北投區中和街455巷橋頭","approval_years":"","note":"","longitude":121.496063,"latitude":25.14323,"resource_type":"臺北舊衣回收箱"}},{"type":"Feature","geometry":{"type":"Point","coordinates":[121.5119847,25.1097059]},"properties":{"source_city":"臺北市","approval_id":"TP-944","category":"舊衣回收箱","org_name":"台北市啟明權益促進會","org_type":"公益協會團體","phone":"(02)28978300","district":"北投區","village":"","approved_location":"明德路118巷口","full_address":"臺北市北投區明德路118巷口","approval_years":"","note":"","longitude":121.5119847,"latitude":25.1097059,"resource_type":"臺北舊衣回收箱"}},{"type":"Feature","geometry":{"type":"Point","coordinates":[121.6177669,25.05306893]},"properties":{"source_city":"臺北市","approval_id":"TP-1051","category":"舊衣回收箱","org_name":"台北市身障就業發展協會","org_type":"身障復健團體","phone":"0910-111-255","district":"南港區","village":"","approved_location":"富康街47巷16號對面","full_address":"臺北市南港區富康街47巷16號對面","approval_years":"","note":"","longitude":121.6177669,"latitude":25.05306893,"resource_type":"臺北舊衣回收箱"}},{"type":"Feature","geometry":{"type":"Point","coordinates":[121.58643,25.04556]},"properties":{"source_city":"臺北市","approval_id":"TP-1141","category":"舊衣回收箱","org_name":"台北市身心障礙者保護協會","org_type":"身障復健團體","phone":"(02)25975091","district":"南港區","village":"","approved_location":"東新街80巷10弄20號對面佈告欄旁","full_address":"臺北市南港區東新街80巷10弄20號對面佈告欄旁","approval_years":"","note":"","longitude":121.58643,"latitude":25.04556,"resource_type":"臺北舊衣回收箱"}},{"type":"Feature","geometry":{"type":"Point","coordinates":[121.58806,25.04226]},"properties":{"source_city":"臺北市","approval_id":"TP-1142","category":"舊衣回收箱","org_name":"台北市身心障礙者保護協會","org_type":"身障復健團體","phone":"(02)25975091","district":"南港區","village":"","approved_location":"成福路121巷24號電桿旁","full_address":"臺北市南港區成福路121巷24號電桿旁","approval_years":"","note":"","longitude":121.58806,"latitude":25.04226,"resource_type":"臺北舊衣回收箱"}},{"type":"Feature","geometry":{"type":"Point","coordinates":[121.59247,25.03875]},"properties":{"source_city":"臺北市","approval_id":"TP-1166","category":"舊衣回收箱","org_name":"台北市身心障礙者權益促進會","org_type":"身障復健團體","phone":"(02)25975091","district":"南港區","village":"","approved_location":"福德街373巷41號對面","full_address":"臺北市南港區福德街373巷41號對面","approval_years":"","note":"","longitude":121.59247,"latitude":25.03875,"resource_type":"臺北舊衣回收箱"}},{"type":"Feature","geometry":{"type":"Point","coordinates":[121.5850052,25.04370882]},"properties":{"source_city":"臺北市","approval_id":"TP-125","category":"舊衣回收箱","org_name":"台北市康復之友協會","org_type":"身障復健團體","phone":"(02)27652810","district":"南港區","village":"","approved_location":"玉成街190巷口的玉成公園","full_address":"臺北市南港區玉成街190巷口的玉成公園","approval_years":"","note":"","longitude":121.5850052,"latitude":25.04370882,"resource_type":"臺北舊衣回收箱"}},{"type":"Feature","geometry":{"type":"Point","coordinates":[121.5884213,25.04838253]},"properties":{"source_city":"臺北市","approval_id":"TP-126","category":"舊衣回收箱","org_name":"台北市康復之友協會","org_type":"身障復健團體","phone":"(02)27652810","district":"南港區","village":"","approved_location":"忠孝東路6段250巷16號對面的聯成公園旁","full_address":"臺北市南港區忠孝東路6段250巷16號對面的聯成公園旁","approval_years":"","note":"","longitude":121.5884213,"latitude":25.04838253,"resource_type":"臺北舊衣回收箱"}},{"type":"Feature","geometry":{"type":"Point","coordinates":[121.5880759,25.03833786]},"properties":{"source_city":"臺北市","approval_id":"TP-127","category":"舊衣回收箱","org_name":"台北市康復之友協會","org_type":"身障復健團體","phone":"(02)27652810","district":"南港區","village":"","approved_location":"福德街309巷口(251巷7弄40號對面)","full_address":"臺北市南港區福德街309巷口(251巷7弄40號對面)","approval_years":"","note":"","longitude":121.5880759,"latitude":25.03833786,"resource_type":"臺北舊衣回收箱"}},{"type":"Feature","geometry":{"type":"Point","coordinates":[121.5874002,25.04189586]},"properties":{"source_city":"臺北市","approval_id":"TP-128","category":"舊衣回收箱","org_name":"台北市康復之友協會","org_type":"身障復健團體","phone":"(02)27652810","district":"南港區","village":"","approved_location":"成福路178巷口的玉成公園","full_address":"臺北市南港區成福路178巷口的玉成公園","approval_years":"","note":"","longitude":121.5874002,"latitude":25.04189586,"resource_type":"臺北舊衣回收箱"}},{"type":"Feature","geometry":{"type":"Point","coordinates":[121.5883151,25.04730885]},"properties":{"source_city":"臺北市","approval_id":"TP-129","category":"舊衣回收箱","org_name":"台北市康復之友協會","org_type":"身障復健團體","phone":"(02)27652810","district":"南港區","village":"","approved_location":"東新街77巷4弄2號對面人行道","full_address":"臺北市南港區東新街77巷4弄2號對面人行道","approval_years":"","note":"","longitude":121.5883151,"latitude":25.04730885,"resource_type":"臺北舊衣回收箱"}},{"type":"Feature","geometry":{"type":"Point","coordinates":[121.614029,25.056162]},"properties":{"source_city":"臺北市","approval_id":"TP-179","category":"舊衣回收箱","org_name":"台北市盲人福利協進會","org_type":"視障服務團體","phone":"(02)25585000","district":"南港區","village":"","approved_location":"三重路32巷口","full_address":"臺北市南港區三重路32巷口","approval_years":"","note":"","longitude":121.614029,"latitude":25.056162,"resource_type":"臺北舊衣回收箱"}},{"type":"Feature","geometry":{"type":"Point","coordinates":[121.592922,25.048998]},"properties":{"source_city":"臺北市","approval_id":"TP-180","category":"舊衣回收箱","org_name":"台北市盲人福利協進會","org_type":"視障服務團體","phone":"(02)25585000","district":"南港區","village":"","approved_location":"昆陽街140巷42弄18號對面","full_address":"臺北市南港區昆陽街140巷42弄18號對面","approval_years":"","note":"","longitude":121.592922,"latitude":25.048998,"resource_type":"臺北舊衣回收箱"}},{"type":"Feature","geometry":{"type":"Point","coordinates":[121.587902,25.045818]},"properties":{"source_city":"臺北市","approval_id":"TP-181","category":"舊衣回收箱","org_name":"台北市盲人福利協進會","org_type":"視障服務團體","phone":"(02)25585000","district":"南港區","village":"","approved_location":"東新街108巷10號對面","full_address":"臺北市南港區東新街108巷10號對面","approval_years":"","note":"","longitude":121.587902,"latitude":25.045818,"resource_type":"臺北舊衣回收箱"}},{"type":"Feature","geometry":{"type":"Point","coordinates":[121.5869312,25.04356978]},"properties":{"source_city":"臺北市","approval_id":"TP-202","category":"舊衣回收箱","org_name":"台北市視障生活品質福利促進會","org_type":"視障服務團體","phone":"(02)25587370","district":"南港區","village":"","approved_location":"成福路83號對面","full_address":"臺北市南港區成福路83號對面","approval_years":"","note":"","longitude":121.5869312,"latitude":25.04356978,"resource_type":"臺北舊衣回收箱"}},{"type":"Feature","geometry":{"type":"Point","coordinates":[121.6153948,25.04549181]},"properties":{"source_city":"臺北市","approval_id":"TP-216","category":"舊衣回收箱","org_name":"台北市視障生活品質福利促進會","org_type":"視障服務團體","phone":"(02)25587370","district":"南港區","village":"","approved_location":"研究院路2段78號業面公車站牌旁","full_address":"臺北市南港區研究院路2段78號業面公車站牌旁","approval_years":"","note":"","longitude":121.6153948,"latitude":25.04549181,"resource_type":"臺北舊衣回收箱"}},{"type":"Feature","geometry":{"type":"Point","coordinates":[121.585053,25.041811]},"properties":{"source_city":"臺北市","approval_id":"TP-334","category":"舊衣回收箱","org_name":"臺北市唐氏症家長協會","org_type":"身障復健團體","phone":"(02)22782321","district":"南港區","village":"","approved_location":"中坡南路72號對面","full_address":"臺北市南港區中坡南路72號對面","approval_years":"","note":"","longitude":121.585053,"latitude":25.041811,"resource_type":"臺北舊衣回收箱"}},{"type":"Feature","geometry":{"type":"Point","coordinates":[121.62258,25.03973]},"properties":{"source_city":"臺北市","approval_id":"TP-353","category":"舊衣回收箱","org_name":"財團法人台北市樹仁社會福利基金會","org_type":"社福基金會","phone":"(02)28936122","district":"南港區","village":"","approved_location":"舊莊街1段199巷11弄2號對面","full_address":"臺北市南港區舊莊街1段199巷11弄2號對面","approval_years":"","note":"","longitude":121.62258,"latitude":25.03973,"resource_type":"臺北舊衣回收箱"}},{"type":"Feature","geometry":{"type":"Point","coordinates":[121.621451,25.037988]},"properties":{"source_city":"臺北市","approval_id":"TP-390","category":"舊衣回收箱","org_name":"財團法人伊甸社會福利基金會附設臺北市私立八德服務中心","org_type":"社福基金會","phone":"(02)25777636","district":"南港區","village":"","approved_location":"南深路21巷口旁人行道底","full_address":"臺北市南港區南深路21巷口旁人行道底","approval_years":"","note":"","longitude":121.621451,"latitude":25.037988,"resource_type":"臺北舊衣回收箱"}},{"type":"Feature","geometry":{"type":"Point","coordinates":[121.598478,25.057589]},"properties":{"source_city":"臺北市","approval_id":"TP-396","category":"舊衣回收箱","org_name":"財團法人伊甸社會福利基金會附設臺北市私立八德服務中心","org_type":"社福基金會","phone":"(02)25777636","district":"南港區","village":"","approved_location":"重陽路187巷7號斜對面電箱旁","full_address":"臺北市南港區重陽路187巷7號斜對面電箱旁","approval_years":"","note":"","longitude":121.598478,"latitude":25.057589,"resource_type":"臺北舊衣回收箱"}},{"type":"Feature","geometry":{"type":"Point","coordinates":[121.5991566,25.05516306]},"properties":{"source_city":"臺北市","approval_id":"TP-397","category":"舊衣回收箱","org_name":"財團法人伊甸社會福利基金會附設臺北市私立八德服務中心","org_type":"社福基金會","phone":"(02)25777636","district":"南港區","village":"","approved_location":"南港路2段178巷電箱旁","full_address":"臺北市南港區南港路2段178巷電箱旁","approval_years":"","note":"","longitude":121.5991566,"latitude":25.05516306,"resource_type":"臺北舊衣回收箱"}},{"type":"Feature","geometry":{"type":"Point","coordinates":[121.605836,25.05603136]},"properties":{"source_city":"臺北市","approval_id":"TP-408","category":"舊衣回收箱","org_name":"台北市肌萎縮症病友協會","org_type":"身障復健團體","phone":"(02)27272321","district":"南港區","village":"","approved_location":"興華路與東明街口(立體停車場變電箱下)","full_address":"臺北市南港區興華路與東明街口(立體停車場變電箱下)","approval_years":"","note":"","longitude":121.605836,"latitude":25.05603136,"resource_type":"臺北舊衣回收箱"}},{"type":"Feature","geometry":{"type":"Point","coordinates":[121.6190723,25.04327415]},"properties":{"source_city":"臺北市","approval_id":"TP-534","category":"舊衣回收箱","org_name":"台北市角落關懷協會","org_type":"公益協會團體","phone":"(02)25537117","district":"南港區","village":"","approved_location":"舊莊街1段145巷底公園","full_address":"臺北市南港區舊莊街1段145巷底公園","approval_years":"","note":"","longitude":121.6190723,"latitude":25.04327415,"resource_type":"臺北舊衣回收箱"}},{"type":"Feature","geometry":{"type":"Point","coordinates":[121.6010577,25.05732291]},"properties":{"source_city":"臺北市","approval_id":"TP-535","category":"舊衣回收箱","org_name":"台北市角落關懷協會","org_type":"公益協會團體","phone":"(02)25537117","district":"南港區","village":"","approved_location":"重陽路166巷口","full_address":"臺北市南港區重陽路166巷口","approval_years":"","note":"","longitude":121.6010577,"latitude":25.05732291,"resource_type":"臺北舊衣回收箱"}},{"type":"Feature","geometry":{"type":"Point","coordinates":[121.6166367,25.04315727]},"properties":{"source_city":"臺北市","approval_id":"TP-536","category":"舊衣回收箱","org_name":"台北市角落關懷協會","org_type":"公益協會團體","phone":"(02)25537117","district":"南港區","village":"","approved_location":"研究院路2段61巷3弄口","full_address":"臺北市南港區研究院路2段61巷3弄口","approval_years":"","note":"","longitude":121.6166367,"latitude":25.04315727,"resource_type":"臺北舊衣回收箱"}},{"type":"Feature","geometry":{"type":"Point","coordinates":[121.5817863,25.0434328]},"properties":{"source_city":"臺北市","approval_id":"TP-556","category":"舊衣回收箱","org_name":"台北市行無礙資源推廣協會","org_type":"公益協會團體","phone":"(02)25994649","district":"南港區","village":"","approved_location":"中坡南路49巷口公園前(號誌控制器旁)","full_address":"臺北市南港區中坡南路49巷口公園前(號誌控制器旁)","approval_years":"","note":"","longitude":121.5817863,"latitude":25.0434328,"resource_type":"臺北舊衣回收箱"}},{"type":"Feature","geometry":{"type":"Point","coordinates":[121.5664653,25.0434755]},"properties":{"source_city":"臺北市","approval_id":"TP-563","category":"舊衣回收箱","org_name":"台北市行無礙資源推廣協會","org_type":"公益協會團體","phone":"(02)25994649","district":"南港區","village":"","approved_location":"興南街與興南街64巷口","full_address":"臺北市南港區興南街與興南街64巷口","approval_years":"","note":"","longitude":121.5664653,"latitude":25.0434755,"resource_type":"臺北舊衣回收箱"}},{"type":"Feature","geometry":{"type":"Point","coordinates":[121.6124163,25.0358873]},"properties":{"source_city":"臺北市","approval_id":"TP-565","category":"舊衣回收箱","org_name":"台北市行無礙資源推廣協會","org_type":"公益協會團體","phone":"(02)25994649","district":"南港區","village":"","approved_location":"研究院路3段68巷口永思橋邊","full_address":"臺北市南港區研究院路3段68巷口永思橋邊","approval_years":"","note":"","longitude":121.6124163,"latitude":25.0358873,"resource_type":"臺北舊衣回收箱"}},{"type":"Feature","geometry":{"type":"Point","coordinates":[121.6016023,25.0559428]},"properties":{"source_city":"臺北市","approval_id":"TP-566","category":"舊衣回收箱","org_name":"台北市行無礙資源推廣協會","org_type":"公益協會團體","phone":"(02)25994649","district":"南港區","village":"","approved_location":"興南街60巷27號對面變電箱邊","full_address":"臺北市南港區興南街60巷27號對面變電箱邊","approval_years":"","note":"","longitude":121.6016023,"latitude":25.0559428,"resource_type":"臺北舊衣回收箱"}},{"type":"Feature","geometry":{"type":"Point","coordinates":[121.6172259,25.0429748]},"properties":{"source_city":"臺北市","approval_id":"TP-567","category":"舊衣回收箱","org_name":"台北市行無礙資源推廣協會","org_type":"公益協會團體","phone":"(02)25994649","district":"南港區","village":"","approved_location":"大坑街與合順街口(56號電線桿邊)","full_address":"臺北市南港區大坑街與合順街口(56號電線桿邊)","approval_years":"","note":"","longitude":121.6172259,"latitude":25.0429748,"resource_type":"臺北舊衣回收箱"}},{"type":"Feature","geometry":{"type":"Point","coordinates":[121.4922135,25.0506739]},"properties":{"source_city":"臺北市","approval_id":"TP-570","category":"舊衣回收箱","org_name":"台北市行無礙資源推廣協會","org_type":"公益協會團體","phone":"(02)25994649","district":"南港區","village":"","approved_location":"東新街6-7號(玉東親民園旁)","full_address":"臺北市南港區東新街6-7號(玉東親民園旁)","approval_years":"","note":"","longitude":121.4922135,"latitude":25.0506739,"resource_type":"臺北舊衣回收箱"}},{"type":"Feature","geometry":{"type":"Point","coordinates":[121.580695,25.051602]},"properties":{"source_city":"臺北市","approval_id":"TP-573","category":"舊衣回收箱","org_name":"台北市行無礙資源推廣協會","org_type":"公益協會團體","phone":"(02)25994649","district":"南港區","village":"","approved_location":"南港路3段338號","full_address":"臺北市南港區南港路3段338號","approval_years":"","note":"","longitude":121.580695,"latitude":25.051602,"resource_type":"臺北舊衣回收箱"}},{"type":"Feature","geometry":{"type":"Point","coordinates":[121.6137571,25.04752903]},"properties":{"source_city":"臺北市","approval_id":"TP-574","category":"舊衣回收箱","org_name":"台北市行無礙資源推廣協會","org_type":"公益協會團體","phone":"(02)25994649","district":"南港區","village":"","approved_location":"研究院路2段12巷57弄口","full_address":"臺北市南港區研究院路2段12巷57弄口","approval_years":"","note":"","longitude":121.6137571,"latitude":25.04752903,"resource_type":"臺北舊衣回收箱"}},{"type":"Feature","geometry":{"type":"Point","coordinates":[121.616794,25.051672]},"properties":{"source_city":"臺北市","approval_id":"TP-59","category":"舊衣回收箱","org_name":"臺北市視障樂活福利促進會","org_type":"視障服務團體","phone":"(02)25993105","district":"南港區","village":"","approved_location":"力行橋頭南側空地對面(研究院路1段101巷8號對面)","full_address":"臺北市南港區力行橋頭南側空地對面(研究院路1段101巷8號對面)","approval_years":"","note":"","longitude":121.616794,"latitude":25.051672,"resource_type":"臺北舊衣回收箱"}},{"type":"Feature","geometry":{"type":"Point","coordinates":[121.6170571,25.0527313]},"properties":{"source_city":"臺北市","approval_id":"TP-646","category":"舊衣回收箱","org_name":"臺北市私立育成裕民發展中心","org_type":"身障復健團體","phone":"(02)27068686","district":"南港區","village":"","approved_location":"研究院路1段65巷12號正前方小公園角落","full_address":"臺北市南港區研究院路1段65巷12號正前方小公園角落","approval_years":"","note":"","longitude":121.6170571,"latitude":25.0527313,"resource_type":"臺北舊衣回收箱"}},{"type":"Feature","geometry":{"type":"Point","coordinates":[121.592925,25.055961]},"properties":{"source_city":"臺北市","approval_id":"TP-854","category":"舊衣回收箱","org_name":"台北市視障者重建發展協會","org_type":"視障服務團體","phone":"0937-862-107","district":"南港區","village":"","approved_location":"成功路1段39號斜前方 (電氣設備旁)","full_address":"臺北市南港區成功路1段39號斜前方 (電氣設備旁)","approval_years":"","note":"","longitude":121.592925,"latitude":25.055961,"resource_type":"臺北舊衣回收箱"}},{"type":"Feature","geometry":{"type":"Point","coordinates":[121.5862961,25.04511365]},"properties":{"source_city":"臺北市","approval_id":"TP-910","category":"舊衣回收箱","org_name":"台北市視障者福利發展協會","org_type":"視障服務團體","phone":"(02)25912695","district":"南港區","village":"","approved_location":"玉成街201巷與成福路交叉口電桿旁","full_address":"臺北市南港區玉成街201巷與成福路交叉口電桿旁","approval_years":"","note":"","longitude":121.5862961,"latitude":25.04511365,"resource_type":"臺北舊衣回收箱"}},{"type":"Feature","geometry":{"type":"Point","coordinates":[121.6067527,25.0577372]},"properties":{"source_city":"臺北市","approval_id":"TP-912","category":"舊衣回收箱","org_name":"台北市視障者福利發展協會","org_type":"視障服務團體","phone":"(02)25912695","district":"南港區","village":"","approved_location":"興中路與重陽路交叉口","full_address":"臺北市南港區興中路與重陽路交叉口","approval_years":"","note":"","longitude":121.6067527,"latitude":25.0577372,"resource_type":"臺北舊衣回收箱"}},{"type":"Feature","geometry":{"type":"Point","coordinates":[121.6050001,25.0551785]},"properties":{"source_city":"臺北市","approval_id":"TP-948","category":"舊衣回收箱","org_name":"台北市啟明權益促進會","org_type":"公益協會團體","phone":"(02)28978300","district":"南港區","village":"","approved_location":"興中路20號對面","full_address":"臺北市南港區興中路20號對面","approval_years":"","note":"","longitude":121.6050001,"latitude":25.0551785,"resource_type":"臺北舊衣回收箱"}},{"type":"Feature","geometry":{"type":"Point","coordinates":[121.6117279,25.0547919]},"properties":{"source_city":"臺北市","approval_id":"TP-949","category":"舊衣回收箱","org_name":"台北市啟明權益促進會","org_type":"公益協會團體","phone":"(02)28978300","district":"南港區","village":"","approved_location":"南港路1段137巷口","full_address":"臺北市南港區南港路1段137巷口","approval_years":"","note":"","longitude":121.6117279,"latitude":25.0547919,"resource_type":"臺北舊衣回收箱"}},{"type":"Feature","geometry":{"type":"Point","coordinates":[121.5966326,25.0592783]},"properties":{"source_city":"臺北市","approval_id":"TP-950","category":"舊衣回收箱","org_name":"台北市啟明權益促進會","org_type":"公益協會團體","phone":"(02)28978300","district":"南港區","village":"","approved_location":"重陽路與園區街大樹旁","full_address":"臺北市南港區重陽路與園區街大樹旁","approval_years":"","note":"","longitude":121.5966326,"latitude":25.0592783,"resource_type":"臺北舊衣回收箱"}},{"type":"Feature","geometry":{"type":"Point","coordinates":[121.6101239,25.0606126]},"properties":{"source_city":"臺北市","approval_id":"TP-955","category":"舊衣回收箱","org_name":"台北市視障多元就業促進會","org_type":"視障服務團體","phone":"(02)25991234","district":"南港區","village":"","approved_location":"重陽路504巷1弄1號旁","full_address":"臺北市南港區重陽路504巷1弄1號旁","approval_years":"","note":"","longitude":121.6101239,"latitude":25.0606126,"resource_type":"臺北舊衣回收箱"}},{"type":"Feature","geometry":{"type":"Point","coordinates":[121.61192,25.0599106]},"properties":{"source_city":"臺北市","approval_id":"TP-956","category":"舊衣回收箱","org_name":"台北市視障多元就業促進會","org_type":"視障服務團體","phone":"(02)25991234","district":"南港區","village":"","approved_location":"三重路41巷43號燈桿旁","full_address":"臺北市南港區三重路41巷43號燈桿旁","approval_years":"","note":"","longitude":121.61192,"latitude":25.0599106,"resource_type":"臺北舊衣回收箱"}},{"type":"Feature","geometry":{"type":"Point","coordinates":[121.5801863,25.0455439]},"properties":{"source_city":"臺北市","approval_id":"TP-957","category":"舊衣回收箱","org_name":"台北市視障多元就業促進會","org_type":"視障服務團體","phone":"(02)25991234","district":"南港區","village":"","approved_location":"永吉路605號電箱旁","full_address":"臺北市南港區永吉路605號電箱旁","approval_years":"","note":"","longitude":121.5801863,"latitude":25.0455439,"resource_type":"臺北舊衣回收箱"}},{"type":"Feature","geometry":{"type":"Point","coordinates":[121.579673,25.0488463]},"properties":{"source_city":"臺北市","approval_id":"TP-958","category":"舊衣回收箱","org_name":"台北市視障多元就業促進會","org_type":"視障服務團體","phone":"(02)25991234","district":"南港區","village":"","approved_location":"玉成街69號(人行道前)","full_address":"臺北市南港區玉成街69號(人行道前)","approval_years":"","note":"","longitude":121.579673,"latitude":25.0488463,"resource_type":"臺北舊衣回收箱"}},{"type":"Feature","geometry":{"type":"Point","coordinates":[121.60199,25.05567]},"properties":{"source_city":"臺北市","approval_id":"TP-959","category":"舊衣回收箱","org_name":"台北市視障多元就業促進會","org_type":"視障服務團體","phone":"(02)25991234","district":"南港區","village":"","approved_location":"興南街64巷與東明街電桿旁","full_address":"臺北市南港區興南街64巷與東明街電桿旁","approval_years":"","note":"","longitude":121.60199,"latitude":25.05567,"resource_type":"臺北舊衣回收箱"}},{"type":"Feature","geometry":{"type":"Point","coordinates":[121.6010348,25.0575467]},"properties":{"source_city":"臺北市","approval_id":"TP-960","category":"舊衣回收箱","org_name":"台北市視障多元就業促進會","org_type":"視障服務團體","phone":"(02)25991234","district":"南港區","village":"","approved_location":"重陽路218-1號斜對面電信箱旁","full_address":"臺北市南港區重陽路218-1號斜對面電信箱旁","approval_years":"","note":"","longitude":121.6010348,"latitude":25.0575467,"resource_type":"臺北舊衣回收箱"}},{"type":"Feature","geometry":{"type":"Point","coordinates":[121.6081923,25.055725]},"properties":{"source_city":"臺北市","approval_id":"TP-961","category":"舊衣回收箱","org_name":"台北市視障多元就業促進會","org_type":"視障服務團體","phone":"(02)25991234","district":"南港區","village":"","approved_location":"惠民街7號(對面迴轉鏡旁)","full_address":"臺北市南港區惠民街7號(對面迴轉鏡旁)","approval_years":"","note":"","longitude":121.6081923,"latitude":25.055725,"resource_type":"臺北舊衣回收箱"}},{"type":"Feature","geometry":{"type":"Point","coordinates":[121.5896353,25.0495918]},"properties":{"source_city":"臺北市","approval_id":"TP-962","category":"舊衣回收箱","org_name":"台北市視障多元就業促進會","org_type":"視障服務團體","phone":"(02)25991234","district":"南港區","village":"","approved_location":"忠孝東路6段370巷1號(對面人行道上)","full_address":"臺北市南港區忠孝東路6段370巷1號(對面人行道上)","approval_years":"","note":"","longitude":121.5896353,"latitude":25.0495918,"resource_type":"臺北舊衣回收箱"}},{"type":"Feature","geometry":{"type":"Point","coordinates":[121.58154,25.04592]},"properties":{"source_city":"臺北市","approval_id":"TP-965","category":"舊衣回收箱","org_name":"台北市視障多元就業促進會","org_type":"視障服務團體","phone":"(02)25991234","district":"南港區","village":"","approved_location":"永吉路553巷與中坡北路40巷交叉口燈桿旁","full_address":"臺北市南港區永吉路553巷與中坡北路40巷交叉口燈桿旁","approval_years":"","note":"","longitude":121.58154,"latitude":25.04592,"resource_type":"臺北舊衣回收箱"}},{"type":"Feature","geometry":{"type":"Point","coordinates":[121.61255,25.05519]},"properties":{"source_city":"臺北市","approval_id":"TP-974","category":"舊衣回收箱","org_name":"台北市視障多元就業促進會","org_type":"視障服務團體","phone":"(02)25991234","district":"南港區","village":"","approved_location":"南港路1段185號對面公佈欄(興南宮後方)","full_address":"臺北市南港區南港路1段185號對面公佈欄(興南宮後方)","approval_years":"","note":"","longitude":121.61255,"latitude":25.05519,"resource_type":"臺北舊衣回收箱"}},{"type":"Feature","geometry":{"type":"Point","coordinates":[121.6011,25.05493]},"properties":{"source_city":"臺北市","approval_id":"TP-975","category":"舊衣回收箱","org_name":"台北市視障多元就業促進會","org_type":"視障服務團體","phone":"(02)25991234","district":"南港區","village":"","approved_location":"東明街97巷5號斜對面(里活動中心旁)","full_address":"臺北市南港區東明街97巷5號斜對面(里活動中心旁)","approval_years":"","note":"","longitude":121.6011,"latitude":25.05493,"resource_type":"臺北舊衣回收箱"}},{"type":"Feature","geometry":{"type":"Point","coordinates":[121.513023,25.0740948]},"properties":{"source_city":"臺北市","approval_id":"TP-1020","category":"舊衣回收箱","org_name":"台北市身障體育發展協會","org_type":"身障復健團體","phone":"0910-111-255","district":"士林區","village":"","approved_location":"至善路2段132號右邊電桿旁","full_address":"臺北市士林區至善路2段132號右邊電桿旁","approval_years":"","note":"","longitude":121.513023,"latitude":25.0740948,"resource_type":"臺北舊衣回收箱"}},{"type":"Feature","geometry":{"type":"Point","coordinates":[121.5076933,25.0776337]},"properties":{"source_city":"臺北市","approval_id":"TP-1021","category":"舊衣回收箱","org_name":"台北市身障體育發展協會","org_type":"身障復健團體","phone":"0910-111-255","district":"士林區","village":"","approved_location":"故宮路49號右邊電桿旁","full_address":"臺北市士林區故宮路49號右邊電桿旁","approval_years":"","note":"","longitude":121.5076933,"latitude":25.0776337,"resource_type":"臺北舊衣回收箱"}},{"type":"Feature","geometry":{"type":"Point","coordinates":[121.5218329,25.1139032]},"properties":{"source_city":"臺北市","approval_id":"TP-1022","category":"舊衣回收箱","org_name":"台北市身障體育發展協會","org_type":"身障復健團體","phone":"0910-111-255","district":"士林區","village":"","approved_location":"天母北路87巷22弄25號對面兩支電桿中間","full_address":"臺北市士林區天母北路87巷22弄25號對面兩支電桿中間","approval_years":"","note":"","longitude":121.5218329,"latitude":25.1139032,"resource_type":"臺北舊衣回收箱"}},{"type":"Feature","geometry":{"type":"Point","coordinates":[121.5299949,25.1247069]},"properties":{"source_city":"臺北市","approval_id":"TP-1023","category":"舊衣回收箱","org_name":"台北市身障體育發展協會","org_type":"身障復健團體","phone":"0910-111-255","district":"士林區","village":"","approved_location":"中山北路7段181巷6號對面","full_address":"臺北市士林區中山北路7段181巷6號對面","approval_years":"","note":"","longitude":121.5299949,"latitude":25.1247069,"resource_type":"臺北舊衣回收箱"}},{"type":"Feature","geometry":{"type":"Point","coordinates":[121.505705,25.09321156]},"properties":{"source_city":"臺北市","approval_id":"TP-1083","category":"舊衣回收箱","org_name":"臺北市至善無障愛關懷協會","org_type":"公益協會團體","phone":"(02)27096731","district":"士林區","village":"","approved_location":"通河西街2段140號對面","full_address":"臺北市士林區通河西街2段140號對面","approval_years":"","note":"","longitude":121.505705,"latitude":25.09321156,"resource_type":"臺北舊衣回收箱"}},{"type":"Feature","geometry":{"type":"Point","coordinates":[121.5196892,25.09695549]},"properties":{"source_city":"臺北市","approval_id":"TP-1084","category":"舊衣回收箱","org_name":"臺北市至善無障愛關懷協會","org_type":"公益協會團體","phone":"(02)27096731","district":"士林區","village":"","approved_location":"美崙街152巷與美崙街交叉口右側反射鏡旁","full_address":"臺北市士林區美崙街152巷與美崙街交叉口右側反射鏡旁","approval_years":"","note":"","longitude":121.5196892,"latitude":25.09695549,"resource_type":"臺北舊衣回收箱"}},{"type":"Feature","geometry":{"type":"Point","coordinates":[121.5280412,25.1066444]},"properties":{"source_city":"臺北市","approval_id":"TP-1085","category":"舊衣回收箱","org_name":"臺北市至善無障愛關懷協會","org_type":"公益協會團體","phone":"(02)27096731","district":"士林區","village":"","approved_location":"德行東路90巷23號旁及90巷21弄口","full_address":"臺北市士林區德行東路90巷23號旁及90巷21弄口","approval_years":"","note":"","longitude":121.5280412,"latitude":25.1066444,"resource_type":"臺北舊衣回收箱"}},{"type":"Feature","geometry":{"type":"Point","coordinates":[121.5202034,25.09338617]},"properties":{"source_city":"臺北市","approval_id":"TP-1087","category":"舊衣回收箱","org_name":"臺北市至善無障愛關懷協會","org_type":"公益協會團體","phone":"(02)27096731","district":"士林區","village":"","approved_location":"基河路311號斜對面258號人行道右側","full_address":"臺北市士林區基河路311號斜對面258號人行道右側","approval_years":"","note":"","longitude":121.5202034,"latitude":25.09338617,"resource_type":"臺北舊衣回收箱"}},{"type":"Feature","geometry":{"type":"Point","coordinates":[121.5244008,25.09430374]},"properties":{"source_city":"臺北市","approval_id":"TP-1088","category":"舊衣回收箱","org_name":"臺北市至善無障愛關懷協會","org_type":"公益協會團體","phone":"(02)27096731","district":"士林區","village":"","approved_location":"文林路421巷6號電線桿旁","full_address":"臺北市士林區文林路421巷6號電線桿旁","approval_years":"","note":"","longitude":121.5244008,"latitude":25.09430374,"resource_type":"臺北舊衣回收箱"}},{"type":"Feature","geometry":{"type":"Point","coordinates":[121.5291909,25.10771753]},"properties":{"source_city":"臺北市","approval_id":"TP-1089","category":"舊衣回收箱","org_name":"臺北市至善無障愛關懷協會","org_type":"公益協會團體","phone":"(02)27096731","district":"士林區","village":"","approved_location":"德行東路132巷1弄口電線桿下","full_address":"臺北市士林區德行東路132巷1弄口電線桿下","approval_years":"","note":"","longitude":121.5291909,"latitude":25.10771753,"resource_type":"臺北舊衣回收箱"}},{"type":"Feature","geometry":{"type":"Point","coordinates":[121.5197716,25.09115663]},"properties":{"source_city":"臺北市","approval_id":"TP-1090","category":"舊衣回收箱","org_name":"臺北市至善無障愛關懷協會","org_type":"公益協會團體","phone":"(02)27096731","district":"士林區","village":"","approved_location":"士商路57號旁","full_address":"臺北市士林區士商路57號旁","approval_years":"","note":"","longitude":121.5197716,"latitude":25.09115663,"resource_type":"臺北舊衣回收箱"}},{"type":"Feature","geometry":{"type":"Point","coordinates":[121.5053203,25.08945534]},"properties":{"source_city":"臺北市","approval_id":"TP-1091","category":"舊衣回收箱","org_name":"臺北市至善無障愛關懷協會","org_type":"公益協會團體","phone":"(02)27096731","district":"士林區","village":"","approved_location":"延平北路6段202號旁路燈","full_address":"臺北市士林區延平北路6段202號旁路燈","approval_years":"","note":"","longitude":121.5053203,"latitude":25.08945534,"resource_type":"臺北舊衣回收箱"}},{"type":"Feature","geometry":{"type":"Point","coordinates":[121.5029036,25.09193175]},"properties":{"source_city":"臺北市","approval_id":"TP-1092","category":"舊衣回收箱","org_name":"臺北市至善無障愛關懷協會","org_type":"公益協會團體","phone":"(02)27096731","district":"士林區","village":"","approved_location":"延平北路6段258巷與社中街口","full_address":"臺北市士林區延平北路6段258巷與社中街口","approval_years":"","note":"","longitude":121.5029036,"latitude":25.09193175,"resource_type":"臺北舊衣回收箱"}},{"type":"Feature","geometry":{"type":"Point","coordinates":[121.5050167,25.09169826]},"properties":{"source_city":"臺北市","approval_id":"TP-1093","category":"舊衣回收箱","org_name":"臺北市至善無障愛關懷協會","org_type":"公益協會團體","phone":"(02)27096731","district":"士林區","village":"","approved_location":"永平街82號對面","full_address":"臺北市士林區永平街82號對面","approval_years":"","note":"","longitude":121.5050167,"latitude":25.09169826,"resource_type":"臺北舊衣回收箱"}},{"type":"Feature","geometry":{"type":"Point","coordinates":[121.5699829,25.02387423]},"properties":{"source_city":"臺北市","approval_id":"TP-110","category":"舊衣回收箱","org_name":"社團法人台北生命勵樂活輔健會","org_type":"公益協會團體","phone":"(02)27299347","district":"士林區","village":"","approved_location":"華齡街166號對面公園內","full_address":"臺北市士林區華齡街166號對面公園內","approval_years":"","note":"","longitude":121.5699829,"latitude":25.02387423,"resource_type":"臺北舊衣回收箱"}},{"type":"Feature","geometry":{"type":"Point","coordinates":[121.53014,25.09632]},"properties":{"source_city":"臺北市","approval_id":"TP-1137","category":"舊衣回收箱","org_name":"台北市身心障礙者保護協會","org_type":"身障復健團體","phone":"(02)25975091","district":"士林區","village":"","approved_location":"中正路志成路口","full_address":"臺北市士林區中正路志成路口","approval_years":"","note":"","longitude":121.53014,"latitude":25.09632,"resource_type":"臺北舊衣回收箱"}},{"type":"Feature","geometry":{"type":"Point","coordinates":[121.5280919,25.04026937]},"properties":{"source_city":"臺北市","approval_id":"TP-115","category":"舊衣回收箱","org_name":"社團法人台北生命勵樂活輔健會","org_type":"公益協會團體","phone":"(02)27299347","district":"士林區","village":"","approved_location":"士商路15號對面","full_address":"臺北市士林區士商路15號對面","approval_years":"","note":"","longitude":121.5280919,"latitude":25.04026937,"resource_type":"臺北舊衣回收箱"}},{"type":"Feature","geometry":{"type":"Point","coordinates":[121.520588,25.09022]},"properties":{"source_city":"臺北市","approval_id":"TP-116","category":"舊衣回收箱","org_name":"社團法人台北生命勵樂活輔健會","org_type":"公益協會團體","phone":"(02)27299347","district":"士林區","village":"","approved_location":"士商路151號對面","full_address":"臺北市士林區士商路151號對面","approval_years":"","note":"","longitude":121.520588,"latitude":25.09022,"resource_type":"臺北舊衣回收箱"}},{"type":"Feature","geometry":{"type":"Point","coordinates":[121.5261389,25.09950504]},"properties":{"source_city":"臺北市","approval_id":"TP-1179","category":"舊衣回收箱","org_name":"臺北市身障關愛福利協會","org_type":"身障復健團體","phone":"0933-494-219","district":"士林區","village":"","approved_location":"中山北路5段777巷口(中山北路5段775號對面河堤樓梯旁)","full_address":"臺北市士林區中山北路5段777巷口(中山北路5段775號對面河堤樓梯旁)","approval_years":"","note":"","longitude":121.5261389,"latitude":25.09950504,"resource_type":"臺北舊衣回收箱"}},{"type":"Feature","geometry":{"type":"Point","coordinates":[121.5161738,25.08927429]},"properties":{"source_city":"臺北市","approval_id":"TP-1189","category":"舊衣回收箱","org_name":"臺北市身障關愛福利協會","org_type":"身障復健團體","phone":"0933-494-219","district":"士林區","village":"","approved_location":"大南路388巷口","full_address":"臺北市士林區大南路388巷口","approval_years":"","note":"","longitude":121.5161738,"latitude":25.08927429,"resource_type":"臺北舊衣回收箱"}},{"type":"Feature","geometry":{"type":"Point","coordinates":[121.5182894,25.08945427]},"properties":{"source_city":"臺北市","approval_id":"TP-1190","category":"舊衣回收箱","org_name":"臺北市身障關愛福利協會","org_type":"身障復健團體","phone":"0933-494-219","district":"士林區","village":"","approved_location":"大南路428巷口布告欄旁","full_address":"臺北市士林區大南路428巷口布告欄旁","approval_years":"","note":"","longitude":121.5182894,"latitude":25.08945427,"resource_type":"臺北舊衣回收箱"}},{"type":"Feature","geometry":{"type":"Point","coordinates":[121.5200441,25.08923433]},"properties":{"source_city":"臺北市","approval_id":"TP-1191","category":"舊衣回收箱","org_name":"臺北市身障關愛福利協會","org_type":"身障復健團體","phone":"0933-494-219","district":"士林區","village":"","approved_location":"承德路4段266巷2號旁","full_address":"臺北市士林區承德路4段266巷2號旁","approval_years":"","note":"","longitude":121.5200441,"latitude":25.08923433,"resource_type":"臺北舊衣回收箱"}},{"type":"Feature","geometry":{"type":"Point","coordinates":[121.5374631,25.1113301]},"properties":{"source_city":"臺北市","approval_id":"TP-1198","category":"舊衣回收箱","org_name":"臺北市身障福利發展協會","org_type":"身障復健團體","phone":"(02)25912695","district":"士林區","village":"","approved_location":"士東路266巷15弄口(士林芝山郵局對面)","full_address":"臺北市士林區士東路266巷15弄口(士林芝山郵局對面)","approval_years":"","note":"","longitude":121.5374631,"latitude":25.1113301,"resource_type":"臺北舊衣回收箱"}},{"type":"Feature","geometry":{"type":"Point","coordinates":[121.5185094,25.08087661]},"properties":{"source_city":"臺北市","approval_id":"TP-1199","category":"舊衣回收箱","org_name":"臺北市身障福利發展協會","org_type":"身障復健團體","phone":"(02)25912695","district":"士林區","village":"","approved_location":"承德路4段10巷底公布欄旁","full_address":"臺北市士林區承德路4段10巷底公布欄旁","approval_years":"","note":"","longitude":121.5185094,"latitude":25.08087661,"resource_type":"臺北舊衣回收箱"}},{"type":"Feature","geometry":{"type":"Point","coordinates":[121.5123248,25.0795897]},"properties":{"source_city":"臺北市","approval_id":"TP-1202","category":"舊衣回收箱","org_name":"臺北市身障福利發展協會","org_type":"身障復健團體","phone":"(02)25912695","district":"士林區","village":"","approved_location":"重慶北路4段1巷15弄口","full_address":"臺北市士林區重慶北路4段1巷15弄口","approval_years":"","note":"","longitude":121.5123248,"latitude":25.0795897,"resource_type":"臺北舊衣回收箱"}},{"type":"Feature","geometry":{"type":"Point","coordinates":[121.5327817,25.12587333]},"properties":{"source_city":"臺北市","approval_id":"TP-1206","category":"舊衣回收箱","org_name":"臺北市身障福利發展協會","org_type":"身障復健團體","phone":"(02)25912695","district":"士林區","village":"","approved_location":"中山北路7段207巷口","full_address":"臺北市士林區中山北路7段207巷口","approval_years":"","note":"","longitude":121.5327817,"latitude":25.12587333,"resource_type":"臺北舊衣回收箱"}},{"type":"Feature","geometry":{"type":"Point","coordinates":[121.5264973,25.12329192]},"properties":{"source_city":"臺北市","approval_id":"TP-1207","category":"舊衣回收箱","org_name":"臺北市身障福利發展協會","org_type":"身障復健團體","phone":"(02)25912695","district":"士林區","village":"","approved_location":"天母北路72巷口電線桿下","full_address":"臺北市士林區天母北路72巷口電線桿下","approval_years":"","note":"","longitude":121.5264973,"latitude":25.12329192,"resource_type":"臺北舊衣回收箱"}},{"type":"Feature","geometry":{"type":"Point","coordinates":[121.5260163,25.08751833]},"properties":{"source_city":"臺北市","approval_id":"TP-1208","category":"舊衣回收箱","org_name":"臺北市身障福利發展協會","org_type":"身障復健團體","phone":"(02)25912695","district":"士林區","village":"","approved_location":"文林路77號對面","full_address":"臺北市士林區文林路77號對面","approval_years":"","note":"","longitude":121.5260163,"latitude":25.08751833,"resource_type":"臺北舊衣回收箱"}},{"type":"Feature","geometry":{"type":"Point","coordinates":[121.5175386,25.09082717]},"properties":{"source_city":"臺北市","approval_id":"TP-1209","category":"舊衣回收箱","org_name":"臺北市身障福利發展協會","org_type":"身障復健團體","phone":"(02)25912695","district":"士林區","village":"","approved_location":"福港街18巷15號對面","full_address":"臺北市士林區福港街18巷15號對面","approval_years":"","note":"","longitude":121.5175386,"latitude":25.09082717,"resource_type":"臺北舊衣回收箱"}},{"type":"Feature","geometry":{"type":"Point","coordinates":[121.5518,25.031353]},"properties":{"source_city":"臺北市","approval_id":"TP-121","category":"舊衣回收箱","org_name":"台北市康復之友協會","org_type":"身障復健團體","phone":"(02)27652810","district":"士林區","village":"","approved_location":"士東路120巷20弄15號斜對面","full_address":"臺北市士林區士東路120巷20弄15號斜對面","approval_years":"","note":"","longitude":121.5518,"latitude":25.031353,"resource_type":"臺北舊衣回收箱"}},{"type":"Feature","geometry":{"type":"Point","coordinates":[121.5265405,25.10475042]},"properties":{"source_city":"臺北市","approval_id":"TP-122","category":"舊衣回收箱","org_name":"台北市康復之友協會","org_type":"身障復健團體","phone":"(02)27652810","district":"士林區","village":"","approved_location":"忠誠路1段40號","full_address":"臺北市士林區忠誠路1段40號","approval_years":"","note":"","longitude":121.5265405,"latitude":25.10475042,"resource_type":"臺北舊衣回收箱"}},{"type":"Feature","geometry":{"type":"Point","coordinates":[121.53324,25.12335]},"properties":{"source_city":"臺北市","approval_id":"TP-1226","category":"舊衣回收箱","org_name":"臺北市身障者關懷服務協進會","org_type":"身障復健團體","phone":"(02)26886212","district":"士林區","village":"","approved_location":"中山北路7段154巷與146巷交口","full_address":"臺北市士林區中山北路7段154巷與146巷交口","approval_years":"","note":"","longitude":121.53324,"latitude":25.12335,"resource_type":"臺北舊衣回收箱"}},{"type":"Feature","geometry":{"type":"Point","coordinates":[121.5110272,25.08364317]},"properties":{"source_city":"臺北市","approval_id":"TP-123","category":"舊衣回收箱","org_name":"台北市康復之友協會","org_type":"身障復健團體","phone":"(02)27652810","district":"士林區","village":"","approved_location":"葫東街26號旁","full_address":"臺北市士林區葫東街26號旁","approval_years":"","note":"","longitude":121.5110272,"latitude":25.08364317,"resource_type":"臺北舊衣回收箱"}},{"type":"Feature","geometry":{"type":"Point","coordinates":[121.5122505,25.08114099]},"properties":{"source_city":"臺北市","approval_id":"TP-124","category":"舊衣回收箱","org_name":"台北市康復之友協會","org_type":"身障復健團體","phone":"(02)27652810","district":"士林區","village":"","approved_location":"重慶北路4段49巷18-1號旁","full_address":"臺北市士林區重慶北路4段49巷18-1號旁","approval_years":"","note":"","longitude":121.5122505,"latitude":25.08114099,"resource_type":"臺北舊衣回收箱"}},{"type":"Feature","geometry":{"type":"Point","coordinates":[121.52729,25.09873]},"properties":{"source_city":"臺北市","approval_id":"TP-1268","category":"舊衣回收箱","org_name":"臺北市身心障礙者創業發展協會","org_type":"身障復健團體","phone":"(02)26886212","district":"士林區","village":"","approved_location":"中山北路5段726巷口","full_address":"臺北市士林區中山北路5段726巷口","approval_years":"","note":"","longitude":121.52729,"latitude":25.09873,"resource_type":"臺北舊衣回收箱"}},{"type":"Feature","geometry":{"type":"Point","coordinates":[121.52772,25.11201]},"properties":{"source_city":"臺北市","approval_id":"TP-161","category":"舊衣回收箱","org_name":"台北市盲人福利協進會","org_type":"視障服務團體","phone":"(02)25585000","district":"士林區","village":"","approved_location":"士東路47號旁(忠義幼稚園)","full_address":"臺北市士林區士東路47號旁(忠義幼稚園)","approval_years":"","note":"","longitude":121.52772,"latitude":25.11201,"resource_type":"臺北舊衣回收箱"}},{"type":"Feature","geometry":{"type":"Point","coordinates":[121.5265204,25.09536454]},"properties":{"source_city":"臺北市","approval_id":"TP-188","category":"舊衣回收箱","org_name":"台北市盲人福利協進會","org_type":"視障服務團體","phone":"(02)25585000","district":"士林區","village":"","approved_location":"中正路213巷口（鄰近永和豆漿店）側邊牆面","full_address":"臺北市士林區中正路213巷口（鄰近永和豆漿店）側邊牆面","approval_years":"","note":"","longitude":121.5265204,"latitude":25.09536454,"resource_type":"臺北舊衣回收箱"}},{"type":"Feature","geometry":{"type":"Point","coordinates":[121.5264341,25.09392918]},"properties":{"source_city":"臺北市","approval_id":"TP-197","category":"舊衣回收箱","org_name":"台北市盲人福利協進會","org_type":"視障服務團體","phone":"(02)25585000","district":"士林區","village":"","approved_location":"中正路235巷57號對面","full_address":"臺北市士林區中正路235巷57號對面","approval_years":"","note":"","longitude":121.5264341,"latitude":25.09392918,"resource_type":"臺北舊衣回收箱"}},{"type":"Feature","geometry":{"type":"Point","coordinates":[121.5276477,25.09356275]},"properties":{"source_city":"臺北市","approval_id":"TP-198","category":"舊衣回收箱","org_name":"台北市盲人福利協進會","org_type":"視障服務團體","phone":"(02)25585000","district":"士林區","village":"","approved_location":"中山北路5段505巷口","full_address":"臺北市士林區中山北路5段505巷口","approval_years":"","note":"","longitude":121.5276477,"latitude":25.09356275,"resource_type":"臺北舊衣回收箱"}},{"type":"Feature","geometry":{"type":"Point","coordinates":[121.5212914,25.08524287]},"properties":{"source_city":"臺北市","approval_id":"TP-203","category":"舊衣回收箱","org_name":"台北市視障生活品質福利促進會","org_type":"視障服務團體","phone":"(02)25587370","district":"士林區","village":"","approved_location":"前港街38號對面公園內","full_address":"臺北市士林區前港街38號對面公園內","approval_years":"","note":"","longitude":121.5212914,"latitude":25.08524287,"resource_type":"臺北舊衣回收箱"}},{"type":"Feature","geometry":{"type":"Point","coordinates":[121.5048443,25.08927233]},"properties":{"source_city":"臺北市","approval_id":"TP-207","category":"舊衣回收箱","org_name":"台北市視障生活品質福利促進會","org_type":"視障服務團體","phone":"(02)25587370","district":"士林區","village":"","approved_location":"社子街尾與延平北路6段口","full_address":"臺北市士林區社子街尾與延平北路6段口","approval_years":"","note":"","longitude":121.5048443,"latitude":25.08927233,"resource_type":"臺北舊衣回收箱"}},{"type":"Feature","geometry":{"type":"Point","coordinates":[121.5126231,25.07264312]},"properties":{"source_city":"臺北市","approval_id":"TP-208","category":"舊衣回收箱","org_name":"台北市視障生活品質福利促進會","org_type":"視障服務團體","phone":"(02)25587370","district":"士林區","village":"","approved_location":"迪化街2段348號旁","full_address":"臺北市士林區迪化街2段348號旁","approval_years":"","note":"","longitude":121.5126231,"latitude":25.07264312,"resource_type":"臺北舊衣回收箱"}},{"type":"Feature","geometry":{"type":"Point","coordinates":[121.5194408,25.08541104]},"properties":{"source_city":"臺北市","approval_id":"TP-209","category":"舊衣回收箱","org_name":"台北市視障生活品質福利促進會","org_type":"視障服務團體","phone":"(02)25587370","district":"士林區","village":"","approved_location":"前港街88號對面公園旁","full_address":"臺北市士林區前港街88號對面公園旁","approval_years":"","note":"","longitude":121.5194408,"latitude":25.08541104,"resource_type":"臺北舊衣回收箱"}},{"type":"Feature","geometry":{"type":"Point","coordinates":[121.5273669,25.10716998]},"properties":{"source_city":"臺北市","approval_id":"TP-210","category":"舊衣回收箱","org_name":"台北市視障生活品質福利促進會","org_type":"視障服務團體","phone":"(02)25587370","district":"士林區","village":"","approved_location":"德行東路74巷口電信箱旁","full_address":"臺北市士林區德行東路74巷口電信箱旁","approval_years":"","note":"","longitude":121.5273669,"latitude":25.10716998,"resource_type":"臺北舊衣回收箱"}},{"type":"Feature","geometry":{"type":"Point","coordinates":[121.5078626,25.08262533]},"properties":{"source_city":"臺北市","approval_id":"TP-213","category":"舊衣回收箱","org_name":"台北市視障生活品質福利促進會","org_type":"視障服務團體","phone":"(02)25587370","district":"士林區","village":"","approved_location":"葫蘆街110號對面電箱旁","full_address":"臺北市士林區葫蘆街110號對面電箱旁","approval_years":"","note":"","longitude":121.5078626,"latitude":25.08262533,"resource_type":"臺北舊衣回收箱"}},{"type":"Feature","geometry":{"type":"Point","coordinates":[121.5084715,25.08385573]},"properties":{"source_city":"臺北市","approval_id":"TP-214","category":"舊衣回收箱","org_name":"台北市視障生活品質福利促進會","org_type":"視障服務團體","phone":"(02)25587370","district":"士林區","village":"","approved_location":"葫蘆街140對面電杆旁","full_address":"臺北市士林區葫蘆街140對面電杆旁","approval_years":"","note":"","longitude":121.5084715,"latitude":25.08385573,"resource_type":"臺北舊衣回收箱"}},{"type":"Feature","geometry":{"type":"Point","coordinates":[121.505337,25.08805386]},"properties":{"source_city":"臺北市","approval_id":"TP-217","category":"舊衣回收箱","org_name":"台北市視障生活品質福利促進會","org_type":"視障服務團體","phone":"(02)25587370","district":"士林區","village":"","approved_location":"社子街124號對面","full_address":"臺北市士林區社子街124號對面","approval_years":"","note":"","longitude":121.505337,"latitude":25.08805386,"resource_type":"臺北舊衣回收箱"}},{"type":"Feature","geometry":{"type":"Point","coordinates":[121.5286509,25.10348671]},"properties":{"source_city":"臺北市","approval_id":"TP-219","category":"舊衣回收箱","org_name":"台北市視障生活品質福利促進會","org_type":"視障服務團體","phone":"(02)25587370","district":"士林區","village":"","approved_location":"雨聲街65巷口對面活動中心前","full_address":"臺北市士林區雨聲街65巷口對面活動中心前","approval_years":"","note":"","longitude":121.5286509,"latitude":25.10348671,"resource_type":"臺北舊衣回收箱"}},{"type":"Feature","geometry":{"type":"Point","coordinates":[121.5234364,25.1088053]},"properties":{"source_city":"臺北市","approval_id":"TP-221","category":"舊衣回收箱","org_name":"台北市視障生活品質福利促進會","org_type":"視障服務團體","phone":"(02)25587370","district":"士林區","village":"","approved_location":"磺溪街94巷右邊電線桿旁","full_address":"臺北市士林區磺溪街94巷右邊電線桿旁","approval_years":"","note":"","longitude":121.5234364,"latitude":25.1088053,"resource_type":"臺北舊衣回收箱"}},{"type":"Feature","geometry":{"type":"Point","coordinates":[121.5226085,25.10434366]},"properties":{"source_city":"臺北市","approval_id":"TP-230","category":"舊衣回收箱","org_name":"台北市視障生活品質福利促進會","org_type":"視障服務團體","phone":"(02)25587370","district":"士林區","village":"","approved_location":"福華街164巷16號旁","full_address":"臺北市士林區福華街164巷16號旁","approval_years":"","note":"","longitude":121.5226085,"latitude":25.10434366,"resource_type":"臺北舊衣回收箱"}},{"type":"Feature","geometry":{"type":"Point","coordinates":[121.5247546,25.10191679]},"properties":{"source_city":"臺北市","approval_id":"TP-231","category":"舊衣回收箱","org_name":"台北市視障生活品質福利促進會","org_type":"視障服務團體","phone":"(02)25587370","district":"士林區","village":"","approved_location":"福國路15巷口","full_address":"臺北市士林區福國路15巷口","approval_years":"","note":"","longitude":121.5247546,"latitude":25.10191679,"resource_type":"臺北舊衣回收箱"}},{"type":"Feature","geometry":{"type":"Point","coordinates":[121.5234349,25.10311651]},"properties":{"source_city":"臺北市","approval_id":"TP-232","category":"舊衣回收箱","org_name":"台北市視障生活品質福利促進會","org_type":"視障服務團體","phone":"(02)25587370","district":"士林區","village":"","approved_location":"福國路56巷12-2號旁","full_address":"臺北市士林區福國路56巷12-2號旁","approval_years":"","note":"","longitude":121.5234349,"latitude":25.10311651,"resource_type":"臺北舊衣回收箱"}},{"type":"Feature","geometry":{"type":"Point","coordinates":[121.52967,25.10701]},"properties":{"source_city":"臺北市","approval_id":"TP-271","category":"舊衣回收箱","org_name":"台北市私立彩虹村家園","org_type":"社福服務機構","phone":"(02)28914110","district":"士林區","village":"","approved_location":"德行東路132巷7弄3號底與忠誠路1段交叉口","full_address":"臺北市士林區德行東路132巷7弄3號底與忠誠路1段交叉口","approval_years":"","note":"","longitude":121.52967,"latitude":25.10701,"resource_type":"臺北舊衣回收箱"}},{"type":"Feature","geometry":{"type":"Point","coordinates":[121.53383,25.10907]},"properties":{"source_city":"臺北市","approval_id":"TP-274","category":"舊衣回收箱","org_name":"台北市私立彩虹村家園","org_type":"社福服務機構","phone":"(02)28914110","district":"士林區","village":"","approved_location":"德行東路240巷7號對面電線桿中間","full_address":"臺北市士林區德行東路240巷7號對面電線桿中間","approval_years":"","note":"","longitude":121.53383,"latitude":25.10907,"resource_type":"臺北舊衣回收箱"}},{"type":"Feature","geometry":{"type":"Point","coordinates":[121.5313,25.1081]},"properties":{"source_city":"臺北市","approval_id":"TP-275","category":"舊衣回收箱","org_name":"台北市私立彩虹村家園","org_type":"社福服務機構","phone":"(02)28914110","district":"士林區","village":"","approved_location":"忠誠路1段173巷口","full_address":"臺北市士林區忠誠路1段173巷口","approval_years":"","note":"","longitude":121.5313,"latitude":25.1081,"resource_type":"臺北舊衣回收箱"}},{"type":"Feature","geometry":{"type":"Point","coordinates":[121.53452,25.10965]},"properties":{"source_city":"臺北市","approval_id":"TP-277","category":"舊衣回收箱","org_name":"台北市私立彩虹村家園","org_type":"社福服務機構","phone":"(02)28914110","district":"士林區","village":"","approved_location":"德行東路256號對面公告欄旁","full_address":"臺北市士林區德行東路256號對面公告欄旁","approval_years":"","note":"","longitude":121.53452,"latitude":25.10965,"resource_type":"臺北舊衣回收箱"}},{"type":"Feature","geometry":{"type":"Point","coordinates":[121.52982,25.11901]},"properties":{"source_city":"臺北市","approval_id":"TP-278","category":"舊衣回收箱","org_name":"台北市私立彩虹村家園","org_type":"社福服務機構","phone":"(02)28914110","district":"士林區","village":"","approved_location":"天母西路3之65號前","full_address":"臺北市士林區天母西路3之65號前","approval_years":"","note":"","longitude":121.52982,"latitude":25.11901,"resource_type":"臺北舊衣回收箱"}},{"type":"Feature","geometry":{"type":"Point","coordinates":[121.53286,25.11042]},"properties":{"source_city":"臺北市","approval_id":"TP-284","category":"舊衣回收箱","org_name":"台北市私立彩虹村家園","org_type":"社福服務機構","phone":"(02)28914110","district":"士林區","village":"","approved_location":"忠誠路2段21巷45弄7號對面","full_address":"臺北市士林區忠誠路2段21巷45弄7號對面","approval_years":"","note":"","longitude":121.53286,"latitude":25.11042,"resource_type":"臺北舊衣回收箱"}},{"type":"Feature","geometry":{"type":"Point","coordinates":[121.50743,25.08502]},"properties":{"source_city":"臺北市","approval_id":"TP-285","category":"舊衣回收箱","org_name":"台北市私立彩虹村家園","org_type":"社福服務機構","phone":"(02)28914110","district":"士林區","village":"","approved_location":"延平北路5段285巷53號對面","full_address":"臺北市士林區延平北路5段285巷53號對面","approval_years":"","note":"","longitude":121.50743,"latitude":25.08502,"resource_type":"臺北舊衣回收箱"}},{"type":"Feature","geometry":{"type":"Point","coordinates":[121.53032,25.10931]},"properties":{"source_city":"臺北市","approval_id":"TP-286","category":"舊衣回收箱","org_name":"台北市私立彩虹村家園","org_type":"社福服務機構","phone":"(02)28914110","district":"士林區","village":"","approved_location":"忠誠路2段24號旁人行道上","full_address":"臺北市士林區忠誠路2段24號旁人行道上","approval_years":"","note":"","longitude":121.53032,"latitude":25.10931,"resource_type":"臺北舊衣回收箱"}},{"type":"Feature","geometry":{"type":"Point","coordinates":[121.52822,25.12079]},"properties":{"source_city":"臺北市","approval_id":"TP-291","category":"舊衣回收箱","org_name":"台北市私立彩虹村家園","org_type":"社福服務機構","phone":"(02)28914110","district":"士林區","village":"","approved_location":"天玉街16巷1號旁","full_address":"臺北市士林區天玉街16巷1號旁","approval_years":"","note":"","longitude":121.52822,"latitude":25.12079,"resource_type":"臺北舊衣回收箱"}},{"type":"Feature","geometry":{"type":"Point","coordinates":[121.53649,25.11235]},"properties":{"source_city":"臺北市","approval_id":"TP-299","category":"舊衣回收箱","org_name":"台北市私立彩虹村家園","org_type":"社福服務機構","phone":"(02)28914110","district":"士林區","village":"","approved_location":"士東路266巷6弄1-1號旁","full_address":"臺北市士林區士東路266巷6弄1-1號旁","approval_years":"","note":"","longitude":121.53649,"latitude":25.11235,"resource_type":"臺北舊衣回收箱"}},{"type":"Feature","geometry":{"type":"Point","coordinates":[121.52777,25.10962]},"properties":{"source_city":"臺北市","approval_id":"TP-300","category":"舊衣回收箱","org_name":"台北市私立彩虹村家園","org_type":"社福服務機構","phone":"(02)28914110","district":"士林區","village":"","approved_location":"德行東路109巷63弄10號旁","full_address":"臺北市士林區德行東路109巷63弄10號旁","approval_years":"","note":"","longitude":121.52777,"latitude":25.10962,"resource_type":"臺北舊衣回收箱"}},{"type":"Feature","geometry":{"type":"Point","coordinates":[121.5260381,25.090773]},"properties":{"source_city":"臺北市","approval_id":"TP-306","category":"舊衣回收箱","org_name":"臺北市唐氏症家長協會","org_type":"身障復健團體","phone":"(02)22782321","district":"士林區","village":"","approved_location":"小北街23號對面","full_address":"臺北市士林區小北街23號對面","approval_years":"","note":"","longitude":121.5260381,"latitude":25.090773,"resource_type":"臺北舊衣回收箱"}},{"type":"Feature","geometry":{"type":"Point","coordinates":[121.5249013,25.09196509]},"properties":{"source_city":"臺北市","approval_id":"TP-307","category":"舊衣回收箱","org_name":"臺北市唐氏症家長協會","org_type":"身障復健團體","phone":"(02)22782321","district":"士林區","village":"","approved_location":"大西路86號對面","full_address":"臺北市士林區大西路86號對面","approval_years":"","note":"","longitude":121.5249013,"latitude":25.09196509,"resource_type":"臺北舊衣回收箱"}},{"type":"Feature","geometry":{"type":"Point","coordinates":[121.5189526,25.08854527]},"properties":{"source_city":"臺北市","approval_id":"TP-308","category":"舊衣回收箱","org_name":"臺北市唐氏症家長協會","org_type":"身障復健團體","phone":"(02)22782321","district":"士林區","village":"","approved_location":"大南路285巷7號對面(公園旁)","full_address":"臺北市士林區大南路285巷7號對面(公園旁)","approval_years":"","note":"","longitude":121.5189526,"latitude":25.08854527,"resource_type":"臺北舊衣回收箱"}},{"type":"Feature","geometry":{"type":"Point","coordinates":[121.532146,25.098404]},"properties":{"source_city":"臺北市","approval_id":"TP-309","category":"舊衣回收箱","org_name":"臺北市唐氏症家長協會","org_type":"身障復健團體","phone":"(02)22782321","district":"士林區","village":"","approved_location":"福志路2號電箱旁","full_address":"臺北市士林區福志路2號電箱旁","approval_years":"","note":"","longitude":121.532146,"latitude":25.098404,"resource_type":"臺北舊衣回收箱"}},{"type":"Feature","geometry":{"type":"Point","coordinates":[121.5288081,25.09776352]},"properties":{"source_city":"臺北市","approval_id":"TP-310","category":"舊衣回收箱","org_name":"臺北市唐氏症家長協會","org_type":"身障復健團體","phone":"(02)22782321","district":"士林區","village":"","approved_location":"中山北路5段698巷37號旁","full_address":"臺北市士林區中山北路5段698巷37號旁","approval_years":"","note":"","longitude":121.5288081,"latitude":25.09776352,"resource_type":"臺北舊衣回收箱"}},{"type":"Feature","geometry":{"type":"Point","coordinates":[121.5233876,25.10572253]},"properties":{"source_city":"臺北市","approval_id":"TP-311","category":"舊衣回收箱","org_name":"臺北市唐氏症家長協會","org_type":"身障復健團體","phone":"(02)22782321","district":"士林區","village":"","approved_location":"德行西路30號前","full_address":"臺北市士林區德行西路30號前","approval_years":"","note":"","longitude":121.5233876,"latitude":25.10572253,"resource_type":"臺北舊衣回收箱"}},{"type":"Feature","geometry":{"type":"Point","coordinates":[121.53598,25.11123]},"properties":{"source_city":"臺北市","approval_id":"TP-341","category":"舊衣回收箱","org_name":"財團法人台北市樹仁社會福利基金會","org_type":"社福基金會","phone":"(02)28936122","district":"士林區","village":"","approved_location":"士東路266巷20弄12號對面","full_address":"臺北市士林區士東路266巷20弄12號對面","approval_years":"","note":"","longitude":121.53598,"latitude":25.11123,"resource_type":"臺北舊衣回收箱"}},{"type":"Feature","geometry":{"type":"Point","coordinates":[121.53173,25.11748]},"properties":{"source_city":"臺北市","approval_id":"TP-344","category":"舊衣回收箱","org_name":"財團法人台北市樹仁社會福利基金會","org_type":"社福基金會","phone":"(02)28936122","district":"士林區","village":"","approved_location":"天母東路8巷19弄對面","full_address":"臺北市士林區天母東路8巷19弄對面","approval_years":"","note":"","longitude":121.53173,"latitude":25.11748,"resource_type":"臺北舊衣回收箱"}},{"type":"Feature","geometry":{"type":"Point","coordinates":[121.538,25.11349]},"properties":{"source_city":"臺北市","approval_id":"TP-345","category":"舊衣回收箱","org_name":"財團法人台北市樹仁社會福利基金會","org_type":"社福基金會","phone":"(02)28936122","district":"士林區","village":"","approved_location":"德行東路331巷對面角","full_address":"臺北市士林區德行東路331巷對面角","approval_years":"","note":"","longitude":121.538,"latitude":25.11349,"resource_type":"臺北舊衣回收箱"}},{"type":"Feature","geometry":{"type":"Point","coordinates":[121.53981,25.1106]},"properties":{"source_city":"臺北市","approval_id":"TP-346","category":"舊衣回收箱","org_name":"財團法人台北市樹仁社會福利基金會","org_type":"社福基金會","phone":"(02)28936122","district":"士林區","village":"","approved_location":"德行東路378巷口","full_address":"臺北市士林區德行東路378巷口","approval_years":"","note":"","longitude":121.53981,"latitude":25.1106,"resource_type":"臺北舊衣回收箱"}},{"type":"Feature","geometry":{"type":"Point","coordinates":[121.5096,25.09055]},"properties":{"source_city":"臺北市","approval_id":"TP-349","category":"舊衣回收箱","org_name":"財團法人台北市樹仁社會福利基金會","org_type":"社福基金會","phone":"(02)28936122","district":"士林區","village":"","approved_location":"社中街141號","full_address":"臺北市士林區社中街141號","approval_years":"","note":"","longitude":121.5096,"latitude":25.09055,"resource_type":"臺北舊衣回收箱"}},{"type":"Feature","geometry":{"type":"Point","coordinates":[121.52465,25.09807]},"properties":{"source_city":"臺北市","approval_id":"TP-352","category":"舊衣回收箱","org_name":"財團法人台北市樹仁社會福利基金會","org_type":"社福基金會","phone":"(02)28936122","district":"士林區","village":"","approved_location":"後街12號旁","full_address":"臺北市士林區後街12號旁","approval_years":"","note":"","longitude":121.52465,"latitude":25.09807,"resource_type":"臺北舊衣回收箱"}},{"type":"Feature","geometry":{"type":"Point","coordinates":[121.53039,25.09893]},"properties":{"source_city":"臺北市","approval_id":"TP-358","category":"舊衣回收箱","org_name":"財團法人台北市樹仁社會福利基金會","org_type":"社福基金會","phone":"(02)28936122","district":"士林區","village":"","approved_location":"福志路50號對面","full_address":"臺北市士林區福志路50號對面","approval_years":"","note":"","longitude":121.53039,"latitude":25.09893,"resource_type":"臺北舊衣回收箱"}},{"type":"Feature","geometry":{"type":"Point","coordinates":[121.52863,25.09855]},"properties":{"source_city":"臺北市","approval_id":"TP-359","category":"舊衣回收箱","org_name":"財團法人台北市樹仁社會福利基金會","org_type":"社福基金會","phone":"(02)28936122","district":"士林區","village":"","approved_location":"福志路101號旁","full_address":"臺北市士林區福志路101號旁","approval_years":"","note":"","longitude":121.52863,"latitude":25.09855,"resource_type":"臺北舊衣回收箱"}},{"type":"Feature","geometry":{"type":"Point","coordinates":[121.53263,25.10929]},"properties":{"source_city":"臺北市","approval_id":"TP-364","category":"舊衣回收箱","org_name":"財團法人台北市樹仁社會福利基金會","org_type":"社福基金會","phone":"(02)28936122","district":"士林區","village":"","approved_location":"德行東路203巷4號對面","full_address":"臺北市士林區德行東路203巷4號對面","approval_years":"","note":"","longitude":121.53263,"latitude":25.10929,"resource_type":"臺北舊衣回收箱"}},{"type":"Feature","geometry":{"type":"Point","coordinates":[121.50374,25.08997]},"properties":{"source_city":"臺北市","approval_id":"TP-367","category":"舊衣回收箱","org_name":"財團法人台北市樹仁社會福利基金會","org_type":"社福基金會","phone":"(02)28936122","district":"士林區","village":"","approved_location":"延平北路6段258巷16號對面","full_address":"臺北市士林區延平北路6段258巷16號對面","approval_years":"","note":"","longitude":121.50374,"latitude":25.08997,"resource_type":"臺北舊衣回收箱"}},{"type":"Feature","geometry":{"type":"Point","coordinates":[121.5349847,25.1179798]},"properties":{"source_city":"臺北市","approval_id":"TP-370","category":"舊衣回收箱","org_name":"財團法人台北市樹仁社會福利基金會","org_type":"社福基金會","phone":"(02)28936122","district":"士林區","village":"","approved_location":"天母東?70號前","full_address":"臺北市士林區天母東?70號前","approval_years":"","note":"","longitude":121.5349847,"latitude":25.1179798,"resource_type":"臺北舊衣回收箱"}},{"type":"Feature","geometry":{"type":"Point","coordinates":[121.522034,25.107453]},"properties":{"source_city":"臺北市","approval_id":"TP-382","category":"舊衣回收箱","org_name":"財團法人伊甸社會福利基金會附設臺北市私立八德服務中心","org_type":"社福基金會","phone":"(02)25777636","district":"士林區","village":"","approved_location":"磺溪街55巷19號斜對面電線桿旁","full_address":"臺北市士林區磺溪街55巷19號斜對面電線桿旁","approval_years":"","note":"","longitude":121.522034,"latitude":25.107453,"resource_type":"臺北舊衣回收箱"}},{"type":"Feature","geometry":{"type":"Point","coordinates":[121.515591,25.089402]},"properties":{"source_city":"臺北市","approval_id":"TP-383","category":"舊衣回收箱","org_name":"財團法人伊甸社會福利基金會附設臺北市私立八德服務中心","org_type":"社福基金會","phone":"(02)25777636","district":"士林區","village":"","approved_location":"大南路通河東街1段交會處","full_address":"臺北市士林區大南路通河東街1段交會處","approval_years":"","note":"","longitude":121.515591,"latitude":25.089402,"resource_type":"臺北舊衣回收箱"}},{"type":"Feature","geometry":{"type":"Point","coordinates":[121.518794,25.085815]},"properties":{"source_city":"臺北市","approval_id":"TP-384","category":"舊衣回收箱","org_name":"財團法人伊甸社會福利基金會附設臺北市私立八德服務中心","org_type":"社福基金會","phone":"(02)25777636","district":"士林區","village":"","approved_location":"福港街205號百齡國小","full_address":"臺北市士林區福港街205號百齡國小","approval_years":"","note":"","longitude":121.518794,"latitude":25.085815,"resource_type":"臺北舊衣回收箱"}},{"type":"Feature","geometry":{"type":"Point","coordinates":[121.530802,25.113673]},"properties":{"source_city":"臺北市","approval_id":"TP-385","category":"舊衣回收箱","org_name":"財團法人伊甸社會福利基金會附設臺北市私立八德服務中心","org_type":"社福基金會","phone":"(02)25777636","district":"士林區","village":"","approved_location":"忠誠路2段118巷11弄口","full_address":"臺北市士林區忠誠路2段118巷11弄口","approval_years":"","note":"","longitude":121.530802,"latitude":25.113673,"resource_type":"臺北舊衣回收箱"}},{"type":"Feature","geometry":{"type":"Point","coordinates":[121.510337,25.088184]},"properties":{"source_city":"臺北市","approval_id":"TP-386","category":"舊衣回收箱","org_name":"財團法人伊甸社會福利基金會附設臺北市私立八德服務中心","org_type":"社福基金會","phone":"(02)25777636","district":"士林區","village":"","approved_location":"社中街39號對面","full_address":"臺北市士林區社中街39號對面","approval_years":"","note":"","longitude":121.510337,"latitude":25.088184,"resource_type":"臺北舊衣回收箱"}},{"type":"Feature","geometry":{"type":"Point","coordinates":[121.533381,25.118518]},"properties":{"source_city":"臺北市","approval_id":"TP-391","category":"舊衣回收箱","org_name":"財團法人伊甸社會福利基金會附設臺北市私立八德服務中心","org_type":"社福基金會","phone":"(02)25777636","district":"士林區","village":"","approved_location":"天母東路43巷4弄口","full_address":"臺北市士林區天母東路43巷4弄口","approval_years":"","note":"","longitude":121.533381,"latitude":25.118518,"resource_type":"臺北舊衣回收箱"}},{"type":"Feature","geometry":{"type":"Point","coordinates":[121.533312,25.119851]},"properties":{"source_city":"臺北市","approval_id":"TP-392","category":"舊衣回收箱","org_name":"財團法人伊甸社會福利基金會附設臺北市私立八德服務中心","org_type":"社福基金會","phone":"(02)25777636","district":"士林區","village":"","approved_location":"中山北路7段14巷(抽水站面電話亭旁)","full_address":"臺北市士林區中山北路7段14巷(抽水站面電話亭旁)","approval_years":"","note":"","longitude":121.533312,"latitude":25.119851,"resource_type":"臺北舊衣回收箱"}},{"type":"Feature","geometry":{"type":"Point","coordinates":[121.533362,25.112505]},"properties":{"source_city":"臺北市","approval_id":"TP-393","category":"舊衣回收箱","org_name":"財團法人伊甸社會福利基金會附設臺北市私立八德服務中心","org_type":"社福基金會","phone":"(02)25777636","district":"士林區","village":"","approved_location":"芝玉路2段88巷2號斜對面","full_address":"臺北市士林區芝玉路2段88巷2號斜對面","approval_years":"","note":"","longitude":121.533362,"latitude":25.112505,"resource_type":"臺北舊衣回收箱"}},{"type":"Feature","geometry":{"type":"Point","coordinates":[121.536461,25.101634]},"properties":{"source_city":"臺北市","approval_id":"TP-394","category":"舊衣回收箱","org_name":"財團法人伊甸社會福利基金會附設臺北市私立八德服務中心","org_type":"社福基金會","phone":"(02)25777636","district":"士林區","village":"","approved_location":"至誠路1段62巷12號對面變電箱旁","full_address":"臺北市士林區至誠路1段62巷12號對面變電箱旁","approval_years":"","note":"","longitude":121.536461,"latitude":25.101634,"resource_type":"臺北舊衣回收箱"}},{"type":"Feature","geometry":{"type":"Point","coordinates":[121.528149,25.10564]},"properties":{"source_city":"臺北市","approval_id":"TP-395","category":"舊衣回收箱","org_name":"財團法人伊甸社會福利基金會附設臺北市私立八德服務中心","org_type":"社福基金會","phone":"(02)25777636","district":"士林區","village":"","approved_location":"忠誠路1段100巷口（電燈桿旁）","full_address":"臺北市士林區忠誠路1段100巷口（電燈桿旁）","approval_years":"","note":"","longitude":121.528149,"latitude":25.10564,"resource_type":"臺北舊衣回收箱"}},{"type":"Feature","geometry":{"type":"Point","coordinates":[121.529823,25.1064]},"properties":{"source_city":"臺北市","approval_id":"TP-400","category":"舊衣回收箱","org_name":"財團法人伊甸社會福利基金會附設臺北市私立八德服務中心","org_type":"社福基金會","phone":"(02)25777636","district":"士林區","village":"","approved_location":"忠誠路1段149號","full_address":"臺北市士林區忠誠路1段149號","approval_years":"","note":"","longitude":121.529823,"latitude":25.1064,"resource_type":"臺北舊衣回收箱"}},{"type":"Feature","geometry":{"type":"Point","coordinates":[121.540139,25.113118]},"properties":{"source_city":"臺北市","approval_id":"TP-402","category":"舊衣回收箱","org_name":"財團法人伊甸社會福利基金會附設臺北市私立八德服務中心","org_type":"社福基金會","phone":"(02)25777636","district":"士林區","village":"","approved_location":"士東路352巷口","full_address":"臺北市士林區士東路352巷口","approval_years":"","note":"","longitude":121.540139,"latitude":25.113118,"resource_type":"臺北舊衣回收箱"}},{"type":"Feature","geometry":{"type":"Point","coordinates":[121.520149,25.080141]},"properties":{"source_city":"臺北市","approval_id":"TP-404","category":"舊衣回收箱","org_name":"財團法人伊甸社會福利基金會附設臺北市私立八德服務中心","org_type":"社福基金會","phone":"(02)25777636","district":"士林區","village":"","approved_location":"通河街76巷邊公佈欄","full_address":"臺北市士林區通河街76巷邊公佈欄","approval_years":"","note":"","longitude":121.520149,"latitude":25.080141,"resource_type":"臺北舊衣回收箱"}},{"type":"Feature","geometry":{"type":"Point","coordinates":[121.535879,25.111535]},"properties":{"source_city":"臺北市","approval_id":"TP-405","category":"舊衣回收箱","org_name":"財團法人伊甸社會福利基金會附設臺北市私立八德服務中心","org_type":"社福基金會","phone":"(02)25777636","district":"士林區","village":"","approved_location":"德行東路283巷口","full_address":"臺北市士林區德行東路283巷口","approval_years":"","note":"","longitude":121.535879,"latitude":25.111535,"resource_type":"臺北舊衣回收箱"}},{"type":"Feature","geometry":{"type":"Point","coordinates":[121.53087,25.125404]},"properties":{"source_city":"臺北市","approval_id":"TP-41","category":"舊衣回收箱","org_name":"臺北市視障樂活福利促進會","org_type":"視障服務團體","phone":"(02)25993105","district":"士林區","village":"","approved_location":"中山北路7段181巷22弄2號正對面","full_address":"臺北市士林區中山北路7段181巷22弄2號正對面","approval_years":"","note":"","longitude":121.53087,"latitude":25.125404,"resource_type":"臺北舊衣回收箱"}},{"type":"Feature","geometry":{"type":"Point","coordinates":[121.532614,25.127645]},"properties":{"source_city":"臺北市","approval_id":"TP-42","category":"舊衣回收箱","org_name":"臺北市視障樂活福利促進會","org_type":"視障服務團體","phone":"(02)25993105","district":"士林區","village":"","approved_location":"中山北路7段227巷8號斜對面","full_address":"臺北市士林區中山北路7段227巷8號斜對面","approval_years":"","note":"","longitude":121.532614,"latitude":25.127645,"resource_type":"臺北舊衣回收箱"}},{"type":"Feature","geometry":{"type":"Point","coordinates":[121.531518,25.105879]},"properties":{"source_city":"臺北市","approval_id":"TP-43","category":"舊衣回收箱","org_name":"臺北市視障樂活福利促進會","org_type":"視障服務團體","phone":"(02)25993105","district":"士林區","village":"","approved_location":"忠義街71巷口電信箱旁","full_address":"臺北市士林區忠義街71巷口電信箱旁","approval_years":"","note":"","longitude":121.531518,"latitude":25.105879,"resource_type":"臺北舊衣回收箱"}},{"type":"Feature","geometry":{"type":"Point","coordinates":[121.53144,25.11882]},"properties":{"source_city":"臺北市","approval_id":"TP-436","category":"舊衣回收箱","org_name":"台北市脊髓損傷者協會","org_type":"公益協會團體","phone":"(02)25986062","district":"士林區","village":"","approved_location":"中山北路7段14巷5弄2號對面","full_address":"臺北市士林區中山北路7段14巷5弄2號對面","approval_years":"","note":"","longitude":121.53144,"latitude":25.11882,"resource_type":"臺北舊衣回收箱"}},{"type":"Feature","geometry":{"type":"Point","coordinates":[121.53034,25.11021]},"properties":{"source_city":"臺北市","approval_id":"TP-439","category":"舊衣回收箱","org_name":"台北市脊髓損傷者協會","org_type":"公益協會團體","phone":"(02)25986062","district":"士林區","village":"","approved_location":"忠誠路2段46號","full_address":"臺北市士林區忠誠路2段46號","approval_years":"","note":"","longitude":121.53034,"latitude":25.11021,"resource_type":"臺北舊衣回收箱"}},{"type":"Feature","geometry":{"type":"Point","coordinates":[121.524296,25.109886]},"properties":{"source_city":"臺北市","approval_id":"TP-44","category":"舊衣回收箱","org_name":"臺北市視障樂活福利促進會","org_type":"視障服務團體","phone":"(02)25993105","district":"士林區","village":"","approved_location":"中山北路6段277巷18弄2號右邊電桿旁","full_address":"臺北市士林區中山北路6段277巷18弄2號右邊電桿旁","approval_years":"","note":"","longitude":121.524296,"latitude":25.109886,"resource_type":"臺北舊衣回收箱"}},{"type":"Feature","geometry":{"type":"Point","coordinates":[121.5261713,25.110267]},"properties":{"source_city":"臺北市","approval_id":"TP-467","category":"舊衣回收箱","org_name":"臺北市弱勢者發展協會","org_type":"公益協會團體","phone":"(02)25429529","district":"士林區","village":"","approved_location":"中山北路6段290巷7弄1號對面","full_address":"臺北市士林區中山北路6段290巷7弄1號對面","approval_years":"","note":"","longitude":121.5261713,"latitude":25.110267,"resource_type":"臺北舊衣回收箱"}},{"type":"Feature","geometry":{"type":"Point","coordinates":[121.52839,25.12234]},"properties":{"source_city":"臺北市","approval_id":"TP-492","category":"舊衣回收箱","org_name":"臺北市弱勢者發展協會","org_type":"公益協會團體","phone":"(02)25429529","district":"士林區","village":"","approved_location":"中山北路7段81巷45號旁","full_address":"臺北市士林區中山北路7段81巷45號旁","approval_years":"","note":"","longitude":121.52839,"latitude":25.12234,"resource_type":"臺北舊衣回收箱"}},{"type":"Feature","geometry":{"type":"Point","coordinates":[121.5245926,25.1008998]},"properties":{"source_city":"臺北市","approval_id":"TP-518","category":"舊衣回收箱","org_name":"臺北市視障藝文發展協會","org_type":"視障服務團體","phone":"(02)25912695","district":"士林區","village":"","approved_location":"中山北路5段811巷(福國路15巷停車場旁)","full_address":"臺北市士林區中山北路5段811巷(福國路15巷停車場旁)","approval_years":"","note":"","longitude":121.5245926,"latitude":25.1008998,"resource_type":"臺北舊衣回收箱"}},{"type":"Feature","geometry":{"type":"Point","coordinates":[121.5222481,25.1028882]},"properties":{"source_city":"臺北市","approval_id":"TP-519","category":"舊衣回收箱","org_name":"臺北市視障藝文發展協會","org_type":"視障服務團體","phone":"(02)25912695","district":"士林區","village":"","approved_location":"福華路141巷2號前電線桿下","full_address":"臺北市士林區福華路141巷2號前電線桿下","approval_years":"","note":"","longitude":121.5222481,"latitude":25.1028882,"resource_type":"臺北舊衣回收箱"}},{"type":"Feature","geometry":{"type":"Point","coordinates":[121.5219738,25.07944746]},"properties":{"source_city":"臺北市","approval_id":"TP-546","category":"舊衣回收箱","org_name":"台北市角落關懷協會","org_type":"公益協會團體","phone":"(02)25537117","district":"士林區","village":"","approved_location":"承德路4段5臨之2對面人行道","full_address":"臺北市士林區承德路4段5臨之2對面人行道","approval_years":"","note":"","longitude":121.5219738,"latitude":25.07944746,"resource_type":"臺北舊衣回收箱"}},{"type":"Feature","geometry":{"type":"Point","coordinates":[121.5212944,25.07900072]},"properties":{"source_city":"臺北市","approval_id":"TP-547","category":"舊衣回收箱","org_name":"台北市角落關懷協會","org_type":"公益協會團體","phone":"(02)25537117","district":"士林區","village":"","approved_location":"承德路4段6巷口承德橋下橋墩","full_address":"臺北市士林區承德路4段6巷口承德橋下橋墩","approval_years":"","note":"","longitude":121.5212944,"latitude":25.07900072,"resource_type":"臺北舊衣回收箱"}},{"type":"Feature","geometry":{"type":"Point","coordinates":[121.549533,25.035417]},"properties":{"source_city":"臺北市","approval_id":"TP-664","category":"舊衣回收箱","org_name":"臺北市私立育成裕民發展中心","org_type":"身障復健團體","phone":"(02)27068686","district":"士林區","village":"","approved_location":"陽明山仰德大道1段91巷旁","full_address":"臺北市士林區陽明山仰德大道1段91巷旁","approval_years":"","note":"","longitude":121.549533,"latitude":25.035417,"resource_type":"臺北舊衣回收箱"}},{"type":"Feature","geometry":{"type":"Point","coordinates":[121.56068,25.10815]},"properties":{"source_city":"臺北市","approval_id":"TP-675","category":"舊衣回收箱","org_name":"臺北市私立育成裕民發展中心","org_type":"身障復健團體","phone":"(02)27068686","district":"士林區","village":"","approved_location":"中社路1段61巷公車站旁","full_address":"臺北市士林區中社路1段61巷公車站旁","approval_years":"","note":"","longitude":121.56068,"latitude":25.10815,"resource_type":"臺北舊衣回收箱"}},{"type":"Feature","geometry":{"type":"Point","coordinates":[121.5239058,25.1115703]},"properties":{"source_city":"臺北市","approval_id":"TP-727","category":"舊衣回收箱","org_name":"臺北市惠盲教育學會","org_type":"公益協會團體","phone":"(02)25530253","district":"士林區","village":"","approved_location":"中山北路6段346號對面公園電箱旁","full_address":"臺北市士林區中山北路6段346號對面公園電箱旁","approval_years":"","note":"","longitude":121.5239058,"latitude":25.1115703,"resource_type":"臺北舊衣回收箱"}},{"type":"Feature","geometry":{"type":"Point","coordinates":[121.5484866,25.0895785]},"properties":{"source_city":"臺北市","approval_id":"TP-728","category":"舊衣回收箱","org_name":"臺北市惠盲教育學會","org_type":"公益協會團體","phone":"(02)25530253","district":"士林區","village":"","approved_location":"中山北路7段14巷19號左邊電信箱旁","full_address":"臺北市士林區中山北路7段14巷19號左邊電信箱旁","approval_years":"","note":"","longitude":121.5484866,"latitude":25.0895785,"resource_type":"臺北舊衣回收箱"}},{"type":"Feature","geometry":{"type":"Point","coordinates":[121.530881,25.1197448]},"properties":{"source_city":"臺北市","approval_id":"TP-729","category":"舊衣回收箱","org_name":"臺北市惠盲教育學會","org_type":"公益協會團體","phone":"(02)25530253","district":"士林區","village":"","approved_location":"中山北路7段14巷41號對面兩支電桿中間","full_address":"臺北市士林區中山北路7段14巷41號對面兩支電桿中間","approval_years":"","note":"","longitude":121.530881,"latitude":25.1197448,"resource_type":"臺北舊衣回收箱"}},{"type":"Feature","geometry":{"type":"Point","coordinates":[121.5305459,25.1320806]},"properties":{"source_city":"臺北市","approval_id":"TP-730","category":"舊衣回收箱","org_name":"臺北市惠盲教育學會","org_type":"公益協會團體","phone":"(02)25530253","district":"士林區","village":"","approved_location":"中山北路7段219巷口","full_address":"臺北市士林區中山北路7段219巷口","approval_years":"","note":"","longitude":121.5305459,"latitude":25.1320806,"resource_type":"臺北舊衣回收箱"}},{"type":"Feature","geometry":{"type":"Point","coordinates":[121.5174043,25.081648]},"properties":{"source_city":"臺北市","approval_id":"TP-731","category":"舊衣回收箱","org_name":"臺北市惠盲教育學會","org_type":"公益協會團體","phone":"(02)25530253","district":"士林區","village":"","approved_location":"通河街179巷1號右邊電信箱旁","full_address":"臺北市士林區通河街179巷1號右邊電信箱旁","approval_years":"","note":"","longitude":121.5174043,"latitude":25.081648,"resource_type":"臺北舊衣回收箱"}},{"type":"Feature","geometry":{"type":"Point","coordinates":[121.5045364,25.0896305]},"properties":{"source_city":"臺北市","approval_id":"TP-734","category":"舊衣回收箱","org_name":"臺北市惠盲教育學會","org_type":"公益協會團體","phone":"(02)25530253","district":"士林區","village":"","approved_location":"延平北路6段156號對面","full_address":"臺北市士林區延平北路6段156號對面","approval_years":"","note":"","longitude":121.5045364,"latitude":25.0896305,"resource_type":"臺北舊衣回收箱"}},{"type":"Feature","geometry":{"type":"Point","coordinates":[121.5198049,25.0804234]},"properties":{"source_city":"臺北市","approval_id":"TP-743","category":"舊衣回收箱","org_name":"臺北市惠盲教育學會","org_type":"公益協會團體","phone":"(02)25530253","district":"士林區","village":"","approved_location":"承德路4段28號旁(郵筒旁)","full_address":"臺北市士林區承德路4段28號旁(郵筒旁)","approval_years":"","note":"","longitude":121.5198049,"latitude":25.0804234,"resource_type":"臺北舊衣回收箱"}},{"type":"Feature","geometry":{"type":"Point","coordinates":[121.5156347,25.0812787]},"properties":{"source_city":"臺北市","approval_id":"TP-744","category":"舊衣回收箱","org_name":"臺北市惠盲教育學會","org_type":"公益協會團體","phone":"(02)25530253","district":"士林區","village":"","approved_location":"通河街325巷與通河東街1段交叉口(電箱旁)","full_address":"臺北市士林區通河街325巷與通河東街1段交叉口(電箱旁)","approval_years":"","note":"","longitude":121.5156347,"latitude":25.0812787,"resource_type":"臺北舊衣回收箱"}},{"type":"Feature","geometry":{"type":"Point","coordinates":[121.5160166,25.0846167]},"properties":{"source_city":"臺北市","approval_id":"TP-745","category":"舊衣回收箱","org_name":"臺北市惠盲教育學會","org_type":"公益協會團體","phone":"(02)25530253","district":"士林區","village":"","approved_location":"和豐街口與通河東街1段(電線桿旁)","full_address":"臺北市士林區和豐街口與通河東街1段(電線桿旁)","approval_years":"","note":"","longitude":121.5160166,"latitude":25.0846167,"resource_type":"臺北舊衣回收箱"}},{"type":"Feature","geometry":{"type":"Point","coordinates":[121.5178276,25.08762537]},"properties":{"source_city":"臺北市","approval_id":"TP-755","category":"舊衣回收箱","org_name":"台北市失能者服務協會","org_type":"身障復健團體","phone":"(02)25429529","district":"士林區","village":"","approved_location":"福港街152號後","full_address":"臺北市士林區福港街152號後","approval_years":"","note":"","longitude":121.5178276,"latitude":25.08762537,"resource_type":"臺北舊衣回收箱"}},{"type":"Feature","geometry":{"type":"Point","coordinates":[121.5089264,25.08495081]},"properties":{"source_city":"臺北市","approval_id":"TP-768","category":"舊衣回收箱","org_name":"台北市失能者服務協會","org_type":"身障復健團體","phone":"(02)25429529","district":"士林區","village":"","approved_location":"延平北路5段257巷4弄口綠地旁","full_address":"臺北市士林區延平北路5段257巷4弄口綠地旁","approval_years":"","note":"","longitude":121.5089264,"latitude":25.08495081,"resource_type":"臺北舊衣回收箱"}},{"type":"Feature","geometry":{"type":"Point","coordinates":[121.5057331,25.09052124]},"properties":{"source_city":"臺北市","approval_id":"TP-769","category":"舊衣回收箱","org_name":"台北市失能者服務協會","org_type":"身障復健團體","phone":"(02)25429529","district":"士林區","village":"","approved_location":"永平街20巷11弄3號對面電桿旁","full_address":"臺北市士林區永平街20巷11弄3號對面電桿旁","approval_years":"","note":"","longitude":121.5057331,"latitude":25.09052124,"resource_type":"臺北舊衣回收箱"}},{"type":"Feature","geometry":{"type":"Point","coordinates":[121.5081752,25.08893979]},"properties":{"source_city":"臺北市","approval_id":"TP-772","category":"舊衣回收箱","org_name":"台北市失能者服務協會","org_type":"身障復健團體","phone":"(02)25429529","district":"士林區","village":"","approved_location":"延平北路6段115巷口","full_address":"臺北市士林區延平北路6段115巷口","approval_years":"","note":"","longitude":121.5081752,"latitude":25.08893979,"resource_type":"臺北舊衣回收箱"}},{"type":"Feature","geometry":{"type":"Point","coordinates":[121.505895,25.08705869]},"properties":{"source_city":"臺北市","approval_id":"TP-773","category":"舊衣回收箱","org_name":"台北市失能者服務協會","org_type":"身障復健團體","phone":"(02)25429529","district":"士林區","village":"","approved_location":"社子街22巷65弄2號斜對面","full_address":"臺北市士林區社子街22巷65弄2號斜對面","approval_years":"","note":"","longitude":121.505895,"latitude":25.08705869,"resource_type":"臺北舊衣回收箱"}},{"type":"Feature","geometry":{"type":"Point","coordinates":[121.5080139,25.08783938]},"properties":{"source_city":"臺北市","approval_id":"TP-775","category":"舊衣回收箱","org_name":"台北市失能者服務協會","org_type":"身障復健團體","phone":"(02)25429529","district":"士林區","village":"","approved_location":"社子街25巷口","full_address":"臺北市士林區社子街25巷口","approval_years":"","note":"","longitude":121.5080139,"latitude":25.08783938,"resource_type":"臺北舊衣回收箱"}},{"type":"Feature","geometry":{"type":"Point","coordinates":[121.545,25.08305556]},"properties":{"source_city":"臺北市","approval_id":"TP-809","category":"舊衣回收箱","org_name":"台北市身心障礙運動協會","org_type":"身障復健團體","phone":"(02)25912695","district":"士林區","village":"","approved_location":"大直街62巷5弄口(大直街62巷5號旁)","full_address":"臺北市士林區大直街62巷5弄口(大直街62巷5號旁)","approval_years":"","note":"","longitude":121.545,"latitude":25.08305556,"resource_type":"臺北舊衣回收箱"}},{"type":"Feature","geometry":{"type":"Point","coordinates":[121.53489,25.09856]},"properties":{"source_city":"臺北市","approval_id":"TP-835","category":"舊衣回收箱","org_name":"臺北市身心障礙者創業輔導發展協會","org_type":"身障復健團體","phone":"(02)27775940","district":"士林區","village":"","approved_location":"福林路249號前","full_address":"臺北市士林區福林路249號前","approval_years":"","note":"","longitude":121.53489,"latitude":25.09856,"resource_type":"臺北舊衣回收箱"}},{"type":"Feature","geometry":{"type":"Point","coordinates":[121.52455,25.09752]},"properties":{"source_city":"臺北市","approval_id":"TP-842","category":"舊衣回收箱","org_name":"臺北市身心障礙者創業輔導發展協會","org_type":"身障復健團體","phone":"(02)27775940","district":"士林區","village":"","approved_location":"前街與美德街口","full_address":"臺北市士林區前街與美德街口","approval_years":"","note":"","longitude":121.52455,"latitude":25.09752,"resource_type":"臺北舊衣回收箱"}},{"type":"Feature","geometry":{"type":"Point","coordinates":[121.535389,25.013557]},"properties":{"source_city":"臺北市","approval_id":"TP-87","category":"舊衣回收箱","org_name":"社團法人台北生命勵樂活輔健會","org_type":"公益協會團體","phone":"(02)27299347","district":"士林區","village":"","approved_location":"忠誠路2段41巷14號斜對面","full_address":"臺北市士林區忠誠路2段41巷14號斜對面","approval_years":"","note":"","longitude":121.535389,"latitude":25.013557,"resource_type":"臺北舊衣回收箱"}},{"type":"Feature","geometry":{"type":"Point","coordinates":[121.5310855,25.10998246]},"properties":{"source_city":"臺北市","approval_id":"TP-88","category":"舊衣回收箱","org_name":"社團法人台北生命勵樂活輔健會","org_type":"公益協會團體","phone":"(02)27299347","district":"士林區","village":"","approved_location":"中正路655巷口電信箱旁","full_address":"臺北市士林區中正路655巷口電信箱旁","approval_years":"","note":"","longitude":121.5310855,"latitude":25.10998246,"resource_type":"臺北舊衣回收箱"}},{"type":"Feature","geometry":{"type":"Point","coordinates":[121.5036819,25.09311535]},"properties":{"source_city":"臺北市","approval_id":"TP-884","category":"舊衣回收箱","org_name":"臺北市障礙者發展協會","org_type":"公益協會團體","phone":"(02)25429529","district":"士林區","village":"","approved_location":"社中街346巷3弄27號旁","full_address":"臺北市士林區社中街346巷3弄27號旁","approval_years":"","note":"","longitude":121.5036819,"latitude":25.09311535,"resource_type":"臺北舊衣回收箱"}},{"type":"Feature","geometry":{"type":"Point","coordinates":[121.591201,25.080672]},"properties":{"source_city":"臺北市","approval_id":"TP-90","category":"舊衣回收箱","org_name":"社團法人台北生命勵樂活輔健會","org_type":"公益協會團體","phone":"(02)27299347","district":"士林區","village":"","approved_location":"重慶北路4段49巷31弄底(福順公園旁)","full_address":"臺北市士林區重慶北路4段49巷31弄底(福順公園旁)","approval_years":"","note":"","longitude":121.591201,"latitude":25.080672,"resource_type":"臺北舊衣回收箱"}},{"type":"Feature","geometry":{"type":"Point","coordinates":[121.5719242,25.04374483]},"properties":{"source_city":"臺北市","approval_id":"TP-92","category":"舊衣回收箱","org_name":"社團法人台北生命勵樂活輔健會","org_type":"公益協會團體","phone":"(02)27299347","district":"士林區","village":"","approved_location":"承德路4段6巷2號","full_address":"臺北市士林區承德路4段6巷2號","approval_years":"","note":"","longitude":121.5719242,"latitude":25.04374483,"resource_type":"臺北舊衣回收箱"}},{"type":"Feature","geometry":{"type":"Point","coordinates":[121.5162085,25.0850221]},"properties":{"source_city":"臺北市","approval_id":"TP-926","category":"舊衣回收箱","org_name":"台北市啟明權益促進會","org_type":"公益協會團體","phone":"(02)28978300","district":"士林區","village":"","approved_location":"前港街110巷對面電箱旁","full_address":"臺北市士林區前港街110巷對面電箱旁","approval_years":"","note":"","longitude":121.5162085,"latitude":25.0850221,"resource_type":"臺北舊衣回收箱"}},{"type":"Feature","geometry":{"type":"Point","coordinates":[121.514295,25.0852018]},"properties":{"source_city":"臺北市","approval_id":"TP-927","category":"舊衣回收箱","org_name":"台北市啟明權益促進會","org_type":"公益協會團體","phone":"(02)28978300","district":"士林區","village":"","approved_location":"通河東街1段105巷口迴轉道旁(106號斜對面)","full_address":"臺北市士林區通河東街1段105巷口迴轉道旁(106號斜對面)","approval_years":"","note":"","longitude":121.514295,"latitude":25.0852018,"resource_type":"臺北舊衣回收箱"}},{"type":"Feature","geometry":{"type":"Point","coordinates":[121.5135834,25.0880587]},"properties":{"source_city":"臺北市","approval_id":"TP-928","category":"舊衣回收箱","org_name":"台北市啟明權益促進會","org_type":"公益協會團體","phone":"(02)28978300","district":"士林區","village":"","approved_location":"通河東街1段168號對面迴轉道旁","full_address":"臺北市士林區通河東街1段168號對面迴轉道旁","approval_years":"","note":"","longitude":121.5135834,"latitude":25.0880587,"resource_type":"臺北舊衣回收箱"}},{"type":"Feature","geometry":{"type":"Point","coordinates":[121.5306815,25.1241304]},"properties":{"source_city":"臺北市","approval_id":"TP-951","category":"舊衣回收箱","org_name":"台北市視障多元就業促進會","org_type":"視障服務團體","phone":"(02)25991234","district":"士林區","village":"","approved_location":"中山北路7段154巷3號對面電線桿旁","full_address":"臺北市士林區中山北路7段154巷3號對面電線桿旁","approval_years":"","note":"","longitude":121.5306815,"latitude":25.1241304,"resource_type":"臺北舊衣回收箱"}},{"type":"Feature","geometry":{"type":"Point","coordinates":[121.5270048,25.1069301]},"properties":{"source_city":"臺北市","approval_id":"TP-954","category":"舊衣回收箱","org_name":"台北市視障多元就業促進會","org_type":"視障服務團體","phone":"(02)25991234","district":"士林區","village":"","approved_location":"德行東路104巷9弄11號前電桿旁","full_address":"臺北市士林區德行東路104巷9弄11號前電桿旁","approval_years":"","note":"","longitude":121.5270048,"latitude":25.1069301,"resource_type":"臺北舊衣回收箱"}},{"type":"Feature","geometry":{"type":"Point","coordinates":[121.51983,25.08793]},"properties":{"source_city":"臺北市","approval_id":"TP-967","category":"舊衣回收箱","org_name":"台北市視障多元就業促進會","org_type":"視障服務團體","phone":"(02)25991234","district":"士林區","village":"","approved_location":"華齡街196號對面電線桿旁","full_address":"臺北市士林區華齡街196號對面電線桿旁","approval_years":"","note":"","longitude":121.51983,"latitude":25.08793,"resource_type":"臺北舊衣回收箱"}},{"type":"Feature","geometry":{"type":"Point","coordinates":[121.538874,25.110658]},"properties":{"source_city":"臺北市","approval_id":"TP-977","category":"舊衣回收箱","org_name":"台北市艾馨公益慈善會","org_type":"公益協會團體","phone":"(02)23360896","district":"士林區","village":"","approved_location":"德行東路365巷口","full_address":"臺北市士林區德行東路365巷口","approval_years":"","note":"","longitude":121.538874,"latitude":25.110658,"resource_type":"臺北舊衣回收箱"}},{"type":"Feature","geometry":{"type":"Point","coordinates":[121.538938,25.110575]},"properties":{"source_city":"臺北市","approval_id":"TP-978","category":"舊衣回收箱","org_name":"台北市艾馨公益慈善會","org_type":"公益協會團體","phone":"(02)23360896","district":"士林區","village":"","approved_location":"忠誠路1段173巷38號旁","full_address":"臺北市士林區忠誠路1段173巷38號旁","approval_years":"","note":"","longitude":121.538938,"latitude":25.110575,"resource_type":"臺北舊衣回收箱"}},{"type":"Feature","geometry":{"type":"Point","coordinates":[121.508602,25.091121]},"properties":{"source_city":"臺北市","approval_id":"TP-982","category":"舊衣回收箱","org_name":"台北市艾馨公益慈善會","org_type":"公益協會團體","phone":"(02)23360896","district":"士林區","village":"","approved_location":"社中街214號電信箱旁","full_address":"臺北市士林區社中街214號電信箱旁","approval_years":"","note":"","longitude":121.508602,"latitude":25.091121,"resource_type":"臺北舊衣回收箱"}},{"type":"Feature","geometry":{"type":"Point","coordinates":[121.51097,25.0545]},"properties":{"source_city":"臺北市","approval_id":"TP-1","category":"舊衣回收箱","org_name":"台北市自閉症家長協會","org_type":"身障復健團體","phone":"(02)25953937","district":"大同區","village":"","approved_location":"民樂街31號對面","full_address":"臺北市大同區民樂街31號對面","approval_years":"","note":"","longitude":121.51097,"latitude":25.0545,"resource_type":"臺北舊衣回收箱"}},{"type":"Feature","geometry":{"type":"Point","coordinates":[121.513023,25.0740948]},"properties":{"source_city":"臺北市","approval_id":"TP-1018","category":"舊衣回收箱","org_name":"台北市身障體育發展協會","org_type":"身障復健團體","phone":"0910-111-255","district":"大同區","village":"","approved_location":"重慶北路3段312巷18號對面電信箱旁","full_address":"臺北市大同區重慶北路3段312巷18號對面電信箱旁","approval_years":"","note":"","longitude":121.513023,"latitude":25.0740948,"resource_type":"臺北舊衣回收箱"}},{"type":"Feature","geometry":{"type":"Point","coordinates":[121.5076933,25.0776337]},"properties":{"source_city":"臺北市","approval_id":"TP-1019","category":"舊衣回收箱","org_name":"台北市身障體育發展協會","org_type":"身障復健團體","phone":"0910-111-255","district":"大同區","village":"","approved_location":"延平北路4段294巷口","full_address":"臺北市大同區延平北路4段294巷口","approval_years":"","note":"","longitude":121.5076933,"latitude":25.0776337,"resource_type":"臺北舊衣回收箱"}},{"type":"Feature","geometry":{"type":"Point","coordinates":[121.5113996,25.06104461]},"properties":{"source_city":"臺北市","approval_id":"TP-142","category":"舊衣回收箱","org_name":"台北市康復之友協會","org_type":"身障復健團體","phone":"(02)27652810","district":"大同區","village":"","approved_location":"涼州街與延平北路2段路口(平樂天橋下)","full_address":"臺北市大同區涼州街與延平北路2段路口(平樂天橋下)","approval_years":"","note":"","longitude":121.5113996,"latitude":25.06104461,"resource_type":"臺北舊衣回收箱"}},{"type":"Feature","geometry":{"type":"Point","coordinates":[121.519373,25.05667935]},"properties":{"source_city":"臺北市","approval_id":"TP-143","category":"舊衣回收箱","org_name":"台北市康復之友協會","org_type":"身障復健團體","phone":"(02)27652810","district":"大同區","village":"","approved_location":"承德路2段109巷36號旁","full_address":"臺北市大同區承德路2段109巷36號旁","approval_years":"","note":"","longitude":121.519373,"latitude":25.05667935,"resource_type":"臺北舊衣回收箱"}},{"type":"Feature","geometry":{"type":"Point","coordinates":[121.5190279,25.05310196]},"properties":{"source_city":"臺北市","approval_id":"TP-144","category":"舊衣回收箱","org_name":"台北市康復之友協會","org_type":"身障復健團體","phone":"(02)27652810","district":"大同區","village":"","approved_location":"赤峰街與南京西路口","full_address":"臺北市大同區赤峰街與南京西路口","approval_years":"","note":"","longitude":121.5190279,"latitude":25.05310196,"resource_type":"臺北舊衣回收箱"}},{"type":"Feature","geometry":{"type":"Point","coordinates":[121.5194166,25.07406158]},"properties":{"source_city":"臺北市","approval_id":"TP-196","category":"舊衣回收箱","org_name":"台北市盲人福利協進會","org_type":"視障服務團體","phone":"(02)25585000","district":"大同區","village":"","approved_location":"承德路3段292號旁邊","full_address":"臺北市大同區承德路3段292號旁邊","approval_years":"","note":"","longitude":121.5194166,"latitude":25.07406158,"resource_type":"臺北舊衣回收箱"}},{"type":"Feature","geometry":{"type":"Point","coordinates":[121.5143952,25.07121489]},"properties":{"source_city":"臺北市","approval_id":"TP-199","category":"舊衣回收箱","org_name":"台北市盲人福利協進會","org_type":"視障服務團體","phone":"(02)25585000","district":"大同區","village":"","approved_location":"重慶北路3段243巷8號","full_address":"臺北市大同區重慶北路3段243巷8號","approval_years":"","note":"","longitude":121.5143952,"latitude":25.07121489,"resource_type":"臺北舊衣回收箱"}},{"type":"Feature","geometry":{"type":"Point","coordinates":[121.520501,25.075824]},"properties":{"source_city":"臺北市","approval_id":"TP-200","category":"舊衣回收箱","org_name":"台北市盲人福利協進會","org_type":"視障服務團體","phone":"(02)25585000","district":"大同區","village":"","approved_location":"承德路3段301巷對面","full_address":"臺北市大同區承德路3段301巷對面","approval_years":"","note":"","longitude":121.520501,"latitude":25.075824,"resource_type":"臺北舊衣回收箱"}},{"type":"Feature","geometry":{"type":"Point","coordinates":[121.510606,25.06953411]},"properties":{"source_city":"臺北市","approval_id":"TP-211","category":"舊衣回收箱","org_name":"台北市視障生活品質福利促進會","org_type":"視障服務團體","phone":"(02)25587370","district":"大同區","village":"","approved_location":"民族西路277號對面","full_address":"臺北市大同區民族西路277號對面","approval_years":"","note":"","longitude":121.510606,"latitude":25.06953411,"resource_type":"臺北舊衣回收箱"}},{"type":"Feature","geometry":{"type":"Point","coordinates":[121.5325753,25.10925894]},"properties":{"source_city":"臺北市","approval_id":"TP-212","category":"舊衣回收箱","org_name":"台北市視障生活品質福利促進會","org_type":"視障服務團體","phone":"(02)25587370","district":"大同區","village":"","approved_location":"南京西路18巷6弄口","full_address":"臺北市大同區南京西路18巷6弄口","approval_years":"","note":"","longitude":121.5325753,"latitude":25.10925894,"resource_type":"臺北舊衣回收箱"}},{"type":"Feature","geometry":{"type":"Point","coordinates":[121.506937,25.08762124]},"properties":{"source_city":"臺北市","approval_id":"TP-215","category":"舊衣回收箱","org_name":"台北市視障生活品質福利促進會","org_type":"視障服務團體","phone":"(02)25587370","district":"大同區","village":"","approved_location":"延平北路3段61-5號旁(7-11)","full_address":"臺北市大同區延平北路3段61-5號旁(7-11)","approval_years":"","note":"","longitude":121.506937,"latitude":25.08762124,"resource_type":"臺北舊衣回收箱"}},{"type":"Feature","geometry":{"type":"Point","coordinates":[121.5050491,25.09181415]},"properties":{"source_city":"臺北市","approval_id":"TP-218","category":"舊衣回收箱","org_name":"台北市視障生活品質福利促進會","org_type":"視障服務團體","phone":"(02)25587370","district":"大同區","village":"","approved_location":"南京西路64巷14-4號","full_address":"臺北市大同區南京西路64巷14-4號","approval_years":"","note":"","longitude":121.5050491,"latitude":25.09181415,"resource_type":"臺北舊衣回收箱"}},{"type":"Feature","geometry":{"type":"Point","coordinates":[121.5109727,25.06462621]},"properties":{"source_city":"臺北市","approval_id":"TP-222","category":"舊衣回收箱","org_name":"台北市視障生活品質福利促進會","org_type":"視障服務團體","phone":"(02)25587370","district":"大同區","village":"","approved_location":"延平北路3段40號(萊爾富)旁","full_address":"臺北市大同區延平北路3段40號(萊爾富)旁","approval_years":"","note":"","longitude":121.5109727,"latitude":25.06462621,"resource_type":"臺北舊衣回收箱"}},{"type":"Feature","geometry":{"type":"Point","coordinates":[121.5121578,25.06462221]},"properties":{"source_city":"臺北市","approval_id":"TP-223","category":"舊衣回收箱","org_name":"台北市視障生活品質福利促進會","org_type":"視障服務團體","phone":"(02)25587370","district":"大同區","village":"","approved_location":"伊寧街39號對面電箱旁","full_address":"臺北市大同區伊寧街39號對面電箱旁","approval_years":"","note":"","longitude":121.5121578,"latitude":25.06462221,"resource_type":"臺北舊衣回收箱"}},{"type":"Feature","geometry":{"type":"Point","coordinates":[121.5125069,25.05597142]},"properties":{"source_city":"臺北市","approval_id":"TP-224","category":"舊衣回收箱","org_name":"台北市視障生活品質福利促進會","org_type":"視障服務團體","phone":"(02)25587370","district":"大同區","village":"","approved_location":"南京西路167巷24號旁","full_address":"臺北市大同區南京西路167巷24號旁","approval_years":"","note":"","longitude":121.5125069,"latitude":25.05597142,"resource_type":"臺北舊衣回收箱"}},{"type":"Feature","geometry":{"type":"Point","coordinates":[121.5172826,25.05128836]},"properties":{"source_city":"臺北市","approval_id":"TP-225","category":"舊衣回收箱","org_name":"台北市視障生活品質福利促進會","org_type":"視障服務團體","phone":"(02)25587370","district":"大同區","village":"","approved_location":"承街路1段41巷口","full_address":"臺北市大同區承街路1段41巷口","approval_years":"","note":"","longitude":121.5172826,"latitude":25.05128836,"resource_type":"臺北舊衣回收箱"}},{"type":"Feature","geometry":{"type":"Point","coordinates":[121.5121442,25.05322413]},"properties":{"source_city":"臺北市","approval_id":"TP-226","category":"舊衣回收箱","org_name":"台北市視障生活品質福利促進會","org_type":"視障服務團體","phone":"(02)25587370","district":"大同區","village":"","approved_location":"南京西路344巷8-9號旁","full_address":"臺北市大同區南京西路344巷8-9號旁","approval_years":"","note":"","longitude":121.5121442,"latitude":25.05322413,"resource_type":"臺北舊衣回收箱"}},{"type":"Feature","geometry":{"type":"Point","coordinates":[121.510522,25.07017]},"properties":{"source_city":"臺北市","approval_id":"TP-241","category":"舊衣回收箱","org_name":"台北市心理復健家屬聯合協會","org_type":"身障復健團體","phone":"(02)23660399","district":"大同區","village":"","approved_location":"民族西路303巷55號對面","full_address":"臺北市大同區民族西路303巷55號對面","approval_years":"","note":"","longitude":121.510522,"latitude":25.07017,"resource_type":"臺北舊衣回收箱"}},{"type":"Feature","geometry":{"type":"Point","coordinates":[121.51709,25.06312]},"properties":{"source_city":"臺北市","approval_id":"TP-292","category":"舊衣回收箱","org_name":"台北市私立彩虹村家園","org_type":"社福服務機構","phone":"(02)28914110","district":"大同區","village":"","approved_location":"民權西路133巷口","full_address":"臺北市大同區民權西路133巷口","approval_years":"","note":"","longitude":121.51709,"latitude":25.06312,"resource_type":"臺北舊衣回收箱"}},{"type":"Feature","geometry":{"type":"Point","coordinates":[121.5202792,25.05366644]},"properties":{"source_city":"臺北市","approval_id":"TP-312","category":"舊衣回收箱","org_name":"臺北市唐氏症家長協會","org_type":"身障復健團體","phone":"(02)22782321","district":"大同區","village":"","approved_location":"南京西路25巷與赤峰街17巷口","full_address":"臺北市大同區南京西路25巷與赤峰街17巷口","approval_years":"","note":"","longitude":121.5202792,"latitude":25.05366644,"resource_type":"臺北舊衣回收箱"}},{"type":"Feature","geometry":{"type":"Point","coordinates":[121.518435,25.056317]},"properties":{"source_city":"臺北市","approval_id":"TP-313","category":"舊衣回收箱","org_name":"臺北市唐氏症家長協會","org_type":"身障復健團體","phone":"(02)22782321","district":"大同區","village":"","approved_location":"承德路2段91巷口","full_address":"臺北市大同區承德路2段91巷口","approval_years":"","note":"","longitude":121.518435,"latitude":25.056317,"resource_type":"臺北舊衣回收箱"}},{"type":"Feature","geometry":{"type":"Point","coordinates":[121.5127398,25.06282638]},"properties":{"source_city":"臺北市","approval_id":"TP-314","category":"舊衣回收箱","org_name":"臺北市唐氏症家長協會","org_type":"身障復健團體","phone":"(02)22782321","district":"大同區","village":"","approved_location":"民權西路244號前方郵筒旁","full_address":"臺北市大同區民權西路244號前方郵筒旁","approval_years":"","note":"","longitude":121.5127398,"latitude":25.06282638,"resource_type":"臺北舊衣回收箱"}},{"type":"Feature","geometry":{"type":"Point","coordinates":[121.5131372,25.0661159]},"properties":{"source_city":"臺北市","approval_id":"TP-315","category":"舊衣回收箱","org_name":"臺北市唐氏症家長協會","org_type":"身障復健團體","phone":"(02)22782321","district":"大同區","village":"","approved_location":"昌吉街95巷口（昌吉街端）","full_address":"臺北市大同區昌吉街95巷口（昌吉街端）","approval_years":"","note":"","longitude":121.5131372,"latitude":25.0661159,"resource_type":"臺北舊衣回收箱"}},{"type":"Feature","geometry":{"type":"Point","coordinates":[121.511869,25.06830153]},"properties":{"source_city":"臺北市","approval_id":"TP-316","category":"舊衣回收箱","org_name":"臺北市唐氏症家長協會","org_type":"身障復健團體","phone":"(02)22782321","district":"大同區","village":"","approved_location":"延平北路3段113巷20號對面","full_address":"臺北市大同區延平北路3段113巷20號對面","approval_years":"","note":"","longitude":121.511869,"latitude":25.06830153,"resource_type":"臺北舊衣回收箱"}},{"type":"Feature","geometry":{"type":"Point","coordinates":[121.5130763,25.07055854]},"properties":{"source_city":"臺北市","approval_id":"TP-317","category":"舊衣回收箱","org_name":"臺北市唐氏症家長協會","org_type":"身障復健團體","phone":"(02)22782321","district":"大同區","village":"","approved_location":"重慶北路3段236巷4號對面","full_address":"臺北市大同區重慶北路3段236巷4號對面","approval_years":"","note":"","longitude":121.5130763,"latitude":25.07055854,"resource_type":"臺北舊衣回收箱"}},{"type":"Feature","geometry":{"type":"Point","coordinates":[121.5150413,25.06729927]},"properties":{"source_city":"臺北市","approval_id":"TP-318","category":"舊衣回收箱","org_name":"臺北市唐氏症家長協會","org_type":"身障復健團體","phone":"(02)22782321","district":"大同區","village":"","approved_location":"重慶北路3段113巷28號","full_address":"臺北市大同區重慶北路3段113巷28號","approval_years":"","note":"","longitude":121.5150413,"latitude":25.06729927,"resource_type":"臺北舊衣回收箱"}},{"type":"Feature","geometry":{"type":"Point","coordinates":[121.5180547,25.06844676]},"properties":{"source_city":"臺北市","approval_id":"TP-319","category":"舊衣回收箱","org_name":"臺北市唐氏症家長協會","org_type":"身障復健團體","phone":"(02)22782321","district":"大同區","village":"","approved_location":"民族西路76巷1弄口","full_address":"臺北市大同區民族西路76巷1弄口","approval_years":"","note":"","longitude":121.5180547,"latitude":25.06844676,"resource_type":"臺北舊衣回收箱"}},{"type":"Feature","geometry":{"type":"Point","coordinates":[121.5183302,25.05824642]},"properties":{"source_city":"臺北市","approval_id":"TP-320","category":"舊衣回收箱","org_name":"臺北市唐氏症家長協會","org_type":"身障復健團體","phone":"(02)22782321","district":"大同區","village":"","approved_location":"承德路2段167號前","full_address":"臺北市大同區承德路2段167號前","approval_years":"","note":"","longitude":121.5183302,"latitude":25.05824642,"resource_type":"臺北舊衣回收箱"}},{"type":"Feature","geometry":{"type":"Point","coordinates":[121.5161,25.05992]},"properties":{"source_city":"臺北市","approval_id":"TP-443","category":"舊衣回收箱","org_name":"台北市脊髓損傷者協會","org_type":"公益協會團體","phone":"(02)25986062","district":"大同區","village":"","approved_location":"錦西街53巷口旁","full_address":"臺北市大同區錦西街53巷口旁","approval_years":"","note":"","longitude":121.5161,"latitude":25.05992,"resource_type":"臺北舊衣回收箱"}},{"type":"Feature","geometry":{"type":"Point","coordinates":[121.51598,25.06967]},"properties":{"source_city":"臺北市","approval_id":"TP-444","category":"舊衣回收箱","org_name":"台北市脊髓損傷者協會","org_type":"公益協會團體","phone":"(02)25986062","district":"大同區","village":"","approved_location":"大龍街187巷口","full_address":"臺北市大同區大龍街187巷口","approval_years":"","note":"","longitude":121.51598,"latitude":25.06967,"resource_type":"臺北舊衣回收箱"}},{"type":"Feature","geometry":{"type":"Point","coordinates":[121.51544,25.05771]},"properties":{"source_city":"臺北市","approval_id":"TP-445","category":"舊衣回收箱","org_name":"台北市脊髓損傷者協會","org_type":"公益協會團體","phone":"(02)25986062","district":"大同區","village":"","approved_location":"寧夏路57巷口","full_address":"臺北市大同區寧夏路57巷口","approval_years":"","note":"","longitude":121.51544,"latitude":25.05771,"resource_type":"臺北舊衣回收箱"}},{"type":"Feature","geometry":{"type":"Point","coordinates":[121.5150643,25.05933633]},"properties":{"source_city":"臺北市","approval_id":"TP-527","category":"舊衣回收箱","org_name":"台北市角落關懷協會","org_type":"公益協會團體","phone":"(02)25537117","district":"大同區","village":"","approved_location":"寧夏路89號大同分局對面電箱旁","full_address":"臺北市大同區寧夏路89號大同分局對面電箱旁","approval_years":"","note":"","longitude":121.5150643,"latitude":25.05933633,"resource_type":"臺北舊衣回收箱"}},{"type":"Feature","geometry":{"type":"Point","coordinates":[121.5105993,25.05295416]},"properties":{"source_city":"臺北市","approval_id":"TP-528","category":"舊衣回收箱","org_name":"台北市角落關懷協會","org_type":"公益協會團體","phone":"(02)25537117","district":"大同區","village":"","approved_location":"甘谷街44號前路燈下","full_address":"臺北市大同區甘谷街44號前路燈下","approval_years":"","note":"","longitude":121.5105993,"latitude":25.05295416,"resource_type":"臺北舊衣回收箱"}},{"type":"Feature","geometry":{"type":"Point","coordinates":[121.5114951,25.0526212]},"properties":{"source_city":"臺北市","approval_id":"TP-557","category":"舊衣回收箱","org_name":"台北市行無礙資源推廣協會","org_type":"公益協會團體","phone":"(02)25994649","district":"大同區","village":"","approved_location":"太原路183巷口牆邊","full_address":"臺北市大同區太原路183巷口牆邊","approval_years":"","note":"","longitude":121.5114951,"latitude":25.0526212,"resource_type":"臺北舊衣回收箱"}},{"type":"Feature","geometry":{"type":"Point","coordinates":[121.518163,25.05367384]},"properties":{"source_city":"臺北市","approval_id":"TP-589","category":"舊衣回收箱","org_name":"台北市彩虹心服務協會","org_type":"公益協會團體","phone":"(02)25060676","district":"大同區","village":"","approved_location":"承德路2段1巷6號 (建成公園邊)","full_address":"臺北市大同區承德路2段1巷6號 (建成公園邊)","approval_years":"","note":"","longitude":121.518163,"latitude":25.05367384,"resource_type":"臺北舊衣回收箱"}},{"type":"Feature","geometry":{"type":"Point","coordinates":[121.5106933,25.0626881]},"properties":{"source_city":"臺北市","approval_id":"TP-590","category":"舊衣回收箱","org_name":"台北市彩虹心服務協會","org_type":"公益協會團體","phone":"(02)25060676","district":"大同區","village":"","approved_location":"延平北路圓環邊(延平北路2段286之1號對面)","full_address":"臺北市大同區延平北路圓環邊(延平北路2段286之1號對面)","approval_years":"","note":"","longitude":121.5106933,"latitude":25.0626881,"resource_type":"臺北舊衣回收箱"}},{"type":"Feature","geometry":{"type":"Point","coordinates":[121.510113,25.0605492]},"properties":{"source_city":"臺北市","approval_id":"TP-591","category":"舊衣回收箱","org_name":"台北市彩虹心服務協會","org_type":"公益協會團體","phone":"(02)25060676","district":"大同區","village":"","approved_location":"涼州街96號對面電箱旁","full_address":"臺北市大同區涼州街96號對面電箱旁","approval_years":"","note":"","longitude":121.510113,"latitude":25.0605492,"resource_type":"臺北舊衣回收箱"}},{"type":"Feature","geometry":{"type":"Point","coordinates":[121.5107495,25.0588863]},"properties":{"source_city":"臺北市","approval_id":"TP-592","category":"舊衣回收箱","org_name":"台北市彩虹心服務協會","org_type":"公益協會團體","phone":"(02)25060676","district":"大同區","village":"","approved_location":"民樂街167巷電線桿旁(大稻埕公園邊)","full_address":"臺北市大同區民樂街167巷電線桿旁(大稻埕公園邊)","approval_years":"","note":"","longitude":121.5107495,"latitude":25.0588863,"resource_type":"臺北舊衣回收箱"}},{"type":"Feature","geometry":{"type":"Point","coordinates":[121.5182509,25.0726536]},"properties":{"source_city":"臺北市","approval_id":"TP-593","category":"舊衣回收箱","org_name":"台北市彩虹心服務協會","org_type":"公益協會團體","phone":"(02)25060676","district":"大同區","village":"","approved_location":"哈密街68巷電箱旁","full_address":"臺北市大同區哈密街68巷電箱旁","approval_years":"","note":"","longitude":121.5182509,"latitude":25.0726536,"resource_type":"臺北舊衣回收箱"}},{"type":"Feature","geometry":{"type":"Point","coordinates":[121.517366,25.074519]},"properties":{"source_city":"臺北市","approval_id":"TP-594","category":"舊衣回收箱","org_name":"台北市彩虹心服務協會","org_type":"公益協會團體","phone":"(02)25060676","district":"大同區","village":"","approved_location":"哈密街45巷11號對面轉角","full_address":"臺北市大同區哈密街45巷11號對面轉角","approval_years":"","note":"","longitude":121.517366,"latitude":25.074519,"resource_type":"臺北舊衣回收箱"}},{"type":"Feature","geometry":{"type":"Point","coordinates":[121.5117501,25.0712351]},"properties":{"source_city":"臺北市","approval_id":"TP-595","category":"舊衣回收箱","org_name":"台北市彩虹心服務協會","org_type":"公益協會團體","phone":"(02)25060676","district":"大同區","village":"","approved_location":"迪化街2段290號對面邊","full_address":"臺北市大同區迪化街2段290號對面邊","approval_years":"","note":"","longitude":121.5117501,"latitude":25.0712351,"resource_type":"臺北舊衣回收箱"}},{"type":"Feature","geometry":{"type":"Point","coordinates":[121.5128535,25.0712118]},"properties":{"source_city":"臺北市","approval_id":"TP-596","category":"舊衣回收箱","org_name":"台北市彩虹心服務協會","org_type":"公益協會團體","phone":"(02)25060676","district":"大同區","village":"","approved_location":"重慶北路3段252巷20號的對面電箱","full_address":"臺北市大同區重慶北路3段252巷20號的對面電箱","approval_years":"","note":"","longitude":121.5128535,"latitude":25.0712118,"resource_type":"臺北舊衣回收箱"}},{"type":"Feature","geometry":{"type":"Point","coordinates":[121.5121573,25.0551549]},"properties":{"source_city":"臺北市","approval_id":"TP-597","category":"舊衣回收箱","org_name":"台北市彩虹心服務協會","org_type":"公益協會團體","phone":"(02)25060676","district":"大同區","village":"","approved_location":"延平北路2段43巷內","full_address":"臺北市大同區延平北路2段43巷內","approval_years":"","note":"","longitude":121.5121573,"latitude":25.0551549,"resource_type":"臺北舊衣回收箱"}},{"type":"Feature","geometry":{"type":"Point","coordinates":[121.513789,25.055275]},"properties":{"source_city":"臺北市","approval_id":"TP-598","category":"舊衣回收箱","org_name":"台北市彩虹心服務協會","org_type":"公益協會團體","phone":"(02)25060676","district":"大同區","village":"","approved_location":"重慶北路2段46巷6號旁","full_address":"臺北市大同區重慶北路2段46巷6號旁","approval_years":"","note":"","longitude":121.513789,"latitude":25.055275,"resource_type":"臺北舊衣回收箱"}},{"type":"Feature","geometry":{"type":"Point","coordinates":[121.5118846,25.0732643]},"properties":{"source_city":"臺北市","approval_id":"TP-599","category":"舊衣回收箱","org_name":"台北市彩虹心服務協會","org_type":"公益協會團體","phone":"(02)25060676","district":"大同區","village":"","approved_location":"迪化街2段364巷25弄口對面牆邊","full_address":"臺北市大同區迪化街2段364巷25弄口對面牆邊","approval_years":"","note":"","longitude":121.5118846,"latitude":25.0732643,"resource_type":"臺北舊衣回收箱"}},{"type":"Feature","geometry":{"type":"Point","coordinates":[121.5150251,25.0583613]},"properties":{"source_city":"臺北市","approval_id":"TP-600","category":"舊衣回收箱","org_name":"台北市彩虹心服務協會","org_type":"公益協會團體","phone":"(02)25060676","district":"大同區","village":"","approved_location":"寧夏路84號旁牆邊","full_address":"臺北市大同區寧夏路84號旁牆邊","approval_years":"","note":"","longitude":121.5150251,"latitude":25.0583613,"resource_type":"臺北舊衣回收箱"}},{"type":"Feature","geometry":{"type":"Point","coordinates":[121.5083284,25.0543784]},"properties":{"source_city":"臺北市","approval_id":"TP-602","category":"舊衣回收箱","org_name":"台北市彩虹心服務協會","org_type":"公益協會團體","phone":"(02)25060676","district":"大同區","village":"","approved_location":"貴德街45號路燈下","full_address":"臺北市大同區貴德街45號路燈下","approval_years":"","note":"","longitude":121.5083284,"latitude":25.0543784,"resource_type":"臺北舊衣回收箱"}},{"type":"Feature","geometry":{"type":"Point","coordinates":[121.5085854,25.05773809]},"properties":{"source_city":"臺北市","approval_id":"TP-607","category":"舊衣回收箱","org_name":"台北市彩虹心服務協會","org_type":"公益協會團體","phone":"(02)25060676","district":"大同區","village":"","approved_location":"民生西路423巷25號","full_address":"臺北市大同區民生西路423巷25號","approval_years":"","note":"","longitude":121.5085854,"latitude":25.05773809,"resource_type":"臺北舊衣回收箱"}},{"type":"Feature","geometry":{"type":"Point","coordinates":[121.50868,25.05716]},"properties":{"source_city":"臺北市","approval_id":"TP-609","category":"舊衣回收箱","org_name":"台北市彩虹心服務協會","org_type":"公益協會團體","phone":"(02)25060676","district":"大同區","village":"","approved_location":"民生西路與民生西路423巷機車停車位旁","full_address":"臺北市大同區民生西路與民生西路423巷機車停車位旁","approval_years":"","note":"","longitude":121.50868,"latitude":25.05716,"resource_type":"臺北舊衣回收箱"}},{"type":"Feature","geometry":{"type":"Point","coordinates":[121.5097347,25.0769768]},"properties":{"source_city":"臺北市","approval_id":"TP-610","category":"舊衣回收箱","org_name":"台北市彩虹心服務協會","org_type":"公益協會團體","phone":"(02)25060676","district":"大同區","village":"","approved_location":"敦煌路205號旁邊的電箱旁","full_address":"臺北市大同區敦煌路205號旁邊的電箱旁","approval_years":"","note":"","longitude":121.5097347,"latitude":25.0769768,"resource_type":"臺北舊衣回收箱"}},{"type":"Feature","geometry":{"type":"Point","coordinates":[121.5187992,25.07117957]},"properties":{"source_city":"臺北市","approval_id":"TP-622","category":"舊衣回收箱","org_name":"台北市史懷哲慈善會","org_type":"公益協會團體","phone":"(02)25429529","district":"大同區","village":"","approved_location":"承德路3段247巷口","full_address":"臺北市大同區承德路3段247巷口","approval_years":"","note":"","longitude":121.5187992,"latitude":25.07117957,"resource_type":"臺北舊衣回收箱"}},{"type":"Feature","geometry":{"type":"Point","coordinates":[121.5174381,25.0705895]},"properties":{"source_city":"臺北市","approval_id":"TP-673","category":"舊衣回收箱","org_name":"臺北市私立育成裕民發展中心","org_type":"身障復健團體","phone":"(02)27068686","district":"大同區","village":"","approved_location":"承德路3段208巷17號巷口路燈下","full_address":"臺北市大同區承德路3段208巷17號巷口路燈下","approval_years":"","note":"","longitude":121.5174381,"latitude":25.0705895,"resource_type":"臺北舊衣回收箱"}},{"type":"Feature","geometry":{"type":"Point","coordinates":[121.508,25.0534]},"properties":{"source_city":"臺北市","approval_id":"TP-676","category":"舊衣回收箱","org_name":"台北市中風之友康復協會","org_type":"身障復健團體","phone":"(02)27644061","district":"大同區","village":"","approved_location":"南京西路293巷旁","full_address":"臺北市大同區南京西路293巷旁","approval_years":"","note":"","longitude":121.508,"latitude":25.0534,"resource_type":"臺北舊衣回收箱"}},{"type":"Feature","geometry":{"type":"Point","coordinates":[121.5168804,25.066065]},"properties":{"source_city":"臺北市","approval_id":"TP-802","category":"舊衣回收箱","org_name":"台北市身心障礙運動協會","org_type":"身障復健團體","phone":"(02)25912695","district":"大同區","village":"","approved_location":"昌吉街33巷口","full_address":"臺北市大同區昌吉街33巷口","approval_years":"","note":"","longitude":121.5168804,"latitude":25.066065,"resource_type":"臺北舊衣回收箱"}},{"type":"Feature","geometry":{"type":"Point","coordinates":[121.514811,25.06599975]},"properties":{"source_city":"臺北市","approval_id":"TP-803","category":"舊衣回收箱","org_name":"台北市身心障礙運動協會","org_type":"身障復健團體","phone":"(02)25912695","district":"大同區","village":"","approved_location":"昌吉街61巷口","full_address":"臺北市大同區昌吉街61巷口","approval_years":"","note":"","longitude":121.514811,"latitude":25.06599975,"resource_type":"臺北舊衣回收箱"}},{"type":"Feature","geometry":{"type":"Point","coordinates":[121.5174622,25.06439175]},"properties":{"source_city":"臺北市","approval_id":"TP-881","category":"舊衣回收箱","org_name":"臺北市障礙者發展協會","org_type":"公益協會團體","phone":"(02)25429529","district":"大同區","village":"","approved_location":"承德路3段24巷16號對面人行道樹旁","full_address":"臺北市大同區承德路3段24巷16號對面人行道樹旁","approval_years":"","note":"","longitude":121.5174622,"latitude":25.06439175,"resource_type":"臺北舊衣回收箱"}},{"type":"Feature","geometry":{"type":"Point","coordinates":[121.5160557,25.06397866]},"properties":{"source_city":"臺北市","approval_id":"TP-882","category":"舊衣回收箱","org_name":"臺北市障礙者發展協會","org_type":"公益協會團體","phone":"(02)25429529","district":"大同區","village":"","approved_location":"大龍街27號旁（變電箱旁）","full_address":"臺北市大同區大龍街27號旁（變電箱旁）","approval_years":"","note":"","longitude":121.5160557,"latitude":25.06397866,"resource_type":"臺北舊衣回收箱"}},{"type":"Feature","geometry":{"type":"Point","coordinates":[121.520008,25.06047834]},"properties":{"source_city":"臺北市","approval_id":"TP-883","category":"舊衣回收箱","org_name":"臺北市障礙者發展協會","org_type":"公益協會團體","phone":"(02)25429529","district":"大同區","village":"","approved_location":"錦西街50號對面","full_address":"臺北市大同區錦西街50號對面","approval_years":"","note":"","longitude":121.520008,"latitude":25.06047834,"resource_type":"臺北舊衣回收箱"}},{"type":"Feature","geometry":{"type":"Point","coordinates":[121.510198,25.05107235]},"properties":{"source_city":"臺北市","approval_id":"TP-885","category":"舊衣回收箱","org_name":"臺北市障礙者發展協會","org_type":"公益協會團體","phone":"(02)25429529","district":"大同區","village":"","approved_location":"塔城街24巷1號旁","full_address":"臺北市大同區塔城街24巷1號旁","approval_years":"","note":"","longitude":121.510198,"latitude":25.05107235,"resource_type":"臺北舊衣回收箱"}},{"type":"Feature","geometry":{"type":"Point","coordinates":[121.5101645,25.05214741]},"properties":{"source_city":"臺北市","approval_id":"TP-887","category":"舊衣回收箱","org_name":"臺北市障礙者發展協會","org_type":"公益協會團體","phone":"(02)25429529","district":"大同區","village":"","approved_location":"長安西路342-1號交通號誌旁","full_address":"臺北市大同區長安西路342-1號交通號誌旁","approval_years":"","note":"","longitude":121.5101645,"latitude":25.05214741,"resource_type":"臺北舊衣回收箱"}},{"type":"Feature","geometry":{"type":"Point","coordinates":[121.5164797,25.06761509]},"properties":{"source_city":"臺北市","approval_id":"TP-888","category":"舊衣回收箱","org_name":"臺北市障礙者發展協會","org_type":"公益協會團體","phone":"(02)25429529","district":"大同區","village":"","approved_location":"大龍街91巷7號對面路燈旁","full_address":"臺北市大同區大龍街91巷7號對面路燈旁","approval_years":"","note":"","longitude":121.5164797,"latitude":25.06761509,"resource_type":"臺北舊衣回收箱"}},{"type":"Feature","geometry":{"type":"Point","coordinates":[121.5167039,25.06174497]},"properties":{"source_city":"臺北市","approval_id":"TP-889","category":"舊衣回收箱","org_name":"臺北市障礙者發展協會","org_type":"公益協會團體","phone":"(02)25429529","district":"大同區","village":"","approved_location":"民權西路102巷4弄口","full_address":"臺北市大同區民權西路102巷4弄口","approval_years":"","note":"","longitude":121.5167039,"latitude":25.06174497,"resource_type":"臺北舊衣回收箱"}},{"type":"Feature","geometry":{"type":"Point","coordinates":[121.5143196,25.06106084]},"properties":{"source_city":"臺北市","approval_id":"TP-890","category":"舊衣回收箱","org_name":"臺北市障礙者發展協會","org_type":"公益協會團體","phone":"(02)25429529","district":"大同區","village":"","approved_location":"涼州街與寧夏路口（變電箱旁）","full_address":"臺北市大同區涼州街與寧夏路口（變電箱旁）","approval_years":"","note":"","longitude":121.5143196,"latitude":25.06106084,"resource_type":"臺北舊衣回收箱"}},{"type":"Feature","geometry":{"type":"Point","coordinates":[121.5179926,25.07565072]},"properties":{"source_city":"臺北市","approval_id":"TP-901","category":"舊衣回收箱","org_name":"台北市視障者福利發展協會","org_type":"視障服務團體","phone":"(02)25912695","district":"大同區","village":"","approved_location":"敦煌路74巷口","full_address":"臺北市大同區敦煌路74巷口","approval_years":"","note":"","longitude":121.5179926,"latitude":25.07565072,"resource_type":"臺北舊衣回收箱"}},{"type":"Feature","geometry":{"type":"Point","coordinates":[121.5158941,25.07519244]},"properties":{"source_city":"臺北市","approval_id":"TP-914","category":"舊衣回收箱","org_name":"台北市視障者福利發展協會","org_type":"視障服務團體","phone":"(02)25912695","district":"大同區","village":"","approved_location":"哈密街59巷29號對面","full_address":"臺北市大同區哈密街59巷29號對面","approval_years":"","note":"","longitude":121.5158941,"latitude":25.07519244,"resource_type":"臺北舊衣回收箱"}},{"type":"Feature","geometry":{"type":"Point","coordinates":[121.5195894,25.0679664]},"properties":{"source_city":"臺北市","approval_id":"TP-916","category":"舊衣回收箱","org_name":"台北市視障者福利發展協會","org_type":"視障服務團體","phone":"(02)25912695","district":"大同區","village":"","approved_location":"承德路3段143巷21號對面(電氣設備旁)","full_address":"臺北市大同區承德路3段143巷21號對面(電氣設備旁)","approval_years":"","note":"","longitude":121.5195894,"latitude":25.0679664,"resource_type":"臺北舊衣回收箱"}},{"type":"Feature","geometry":{"type":"Point","coordinates":[121.5131963,25.0640098]},"properties":{"source_city":"臺北市","approval_id":"TP-952","category":"舊衣回收箱","org_name":"台北市視障多元就業促進會","org_type":"視障服務團體","phone":"(02)25991234","district":"大同區","village":"","approved_location":"蘭州街89巷1弄蘭州公園電線桿旁","full_address":"臺北市大同區蘭州街89巷1弄蘭州公園電線桿旁","approval_years":"","note":"","longitude":121.5131963,"latitude":25.0640098,"resource_type":"臺北舊衣回收箱"}},{"type":"Feature","geometry":{"type":"Point","coordinates":[121.513734,25.0665618]},"properties":{"source_city":"臺北市","approval_id":"TP-953","category":"舊衣回收箱","org_name":"台北市視障多元就業促進會","org_type":"視障服務團體","phone":"(02)25991234","district":"大同區","village":"","approved_location":"大龍街94號旁","full_address":"臺北市大同區大龍街94號旁","approval_years":"","note":"","longitude":121.513734,"latitude":25.0665618,"resource_type":"臺北舊衣回收箱"}},{"type":"Feature","geometry":{"type":"Point","coordinates":[121.51871,25.06917]},"properties":{"source_city":"臺北市","approval_id":"TP-968","category":"舊衣回收箱","org_name":"台北市視障多元就業促進會","org_type":"視障服務團體","phone":"(02)25991234","district":"大同區","village":"","approved_location":"承德路3段179號旁","full_address":"臺北市大同區承德路3段179號旁","approval_years":"","note":"","longitude":121.51871,"latitude":25.06917,"resource_type":"臺北舊衣回收箱"}},{"type":"Feature","geometry":{"type":"Point","coordinates":[121.51398,25.06936]},"properties":{"source_city":"臺北市","approval_id":"TP-972","category":"舊衣回收箱","org_name":"台北市視障多元就業促進會","org_type":"視障服務團體","phone":"(02)25991234","district":"大同區","village":"","approved_location":"重慶北路3段189號旁","full_address":"臺北市大同區重慶北路3段189號旁","approval_years":"","note":"","longitude":121.51398,"latitude":25.06936,"resource_type":"臺北舊衣回收箱"}},{"type":"Feature","geometry":{"type":"Point","coordinates":[121.5283,25.024395]},"properties":{"source_city":"臺北市","approval_id":"TP-1000","category":"舊衣回收箱","org_name":"台北市艾馨公益慈善會","org_type":"公益協會團體","phone":"(02)23360896","district":"大安區","village":"","approved_location":"師大路64號斜對面綠地","full_address":"臺北市大安區師大路64號斜對面綠地","approval_years":"","note":"","longitude":121.5283,"latitude":25.024395,"resource_type":"臺北舊衣回收箱"}},{"type":"Feature","geometry":{"type":"Point","coordinates":[121.54506,25.02599]},"properties":{"source_city":"臺北市","approval_id":"TP-1031","category":"舊衣回收箱","org_name":"台北市身心障礙者自立更生創業協會","org_type":"身障復健團體","phone":"(02)27099961","district":"大安區","village":"","approved_location":"和平東路2段311巷36號對面電箱旁","full_address":"臺北市大安區和平東路2段311巷36號對面電箱旁","approval_years":"","note":"","longitude":121.54506,"latitude":25.02599,"resource_type":"臺北舊衣回收箱"}},{"type":"Feature","geometry":{"type":"Point","coordinates":[121.54395,25.0273]},"properties":{"source_city":"臺北市","approval_id":"TP-1032","category":"舊衣回收箱","org_name":"台北市身心障礙者自立更生創業協會","org_type":"身障復健團體","phone":"(02)27099961","district":"大安區","village":"","approved_location":"和平東路2段265巷42號前電燈桿旁","full_address":"臺北市大安區和平東路2段265巷42號前電燈桿旁","approval_years":"","note":"","longitude":121.54395,"latitude":25.0273,"resource_type":"臺北舊衣回收箱"}},{"type":"Feature","geometry":{"type":"Point","coordinates":[121.54227,25.04445]},"properties":{"source_city":"臺北市","approval_id":"TP-1033","category":"舊衣回收箱","org_name":"台北市身心障礙者自立更生創業協會","org_type":"身障復健團體","phone":"(02)27099961","district":"大安區","village":"","approved_location":"安東街40巷1號對面","full_address":"臺北市大安區安東街40巷1號對面","approval_years":"","note":"","longitude":121.54227,"latitude":25.04445,"resource_type":"臺北舊衣回收箱"}},{"type":"Feature","geometry":{"type":"Point","coordinates":[121.54161,25.0423]},"properties":{"source_city":"臺北市","approval_id":"TP-1034","category":"舊衣回收箱","org_name":"台北市身心障礙者自立更生創業協會","org_type":"身障復健團體","phone":"(02)27099961","district":"大安區","village":"","approved_location":"忠孝東路3段251巷2弄1號對面","full_address":"臺北市大安區忠孝東路3段251巷2弄1號對面","approval_years":"","note":"","longitude":121.54161,"latitude":25.0423,"resource_type":"臺北舊衣回收箱"}},{"type":"Feature","geometry":{"type":"Point","coordinates":[121.54309,25.03538]},"properties":{"source_city":"臺北市","approval_id":"TP-1035","category":"舊衣回收箱","org_name":"台北市身心障礙者自立更生創業協會","org_type":"身障復健團體","phone":"(02)27099961","district":"大安區","village":"","approved_location":"信義路3段147巷15弄27號邊","full_address":"臺北市大安區信義路3段147巷15弄27號邊","approval_years":"","note":"","longitude":121.54309,"latitude":25.03538,"resource_type":"臺北舊衣回收箱"}},{"type":"Feature","geometry":{"type":"Point","coordinates":[121.55693,25.01721]},"properties":{"source_city":"臺北市","approval_id":"TP-1036","category":"舊衣回收箱","org_name":"台北市身心障礙者自立更生創業協會","org_type":"身障復健團體","phone":"(02)27099961","district":"大安區","village":"","approved_location":"富陽街180巷與臥龍街272巷（慈仁八村門口）","full_address":"臺北市大安區富陽街180巷與臥龍街272巷（慈仁八村門口）","approval_years":"","note":"","longitude":121.55693,"latitude":25.01721,"resource_type":"臺北舊衣回收箱"}},{"type":"Feature","geometry":{"type":"Point","coordinates":[121.5515792,25.02164064]},"properties":{"source_city":"臺北市","approval_id":"TP-1040","category":"舊衣回收箱","org_name":"台北市身心障礙者自立更生創業協會","org_type":"身障復健團體","phone":"(02)27099961","district":"大安區","village":"","approved_location":"樂業街87號右側後","full_address":"臺北市大安區樂業街87號右側後","approval_years":"","note":"","longitude":121.5515792,"latitude":25.02164064,"resource_type":"臺北舊衣回收箱"}},{"type":"Feature","geometry":{"type":"Point","coordinates":[121.54473,25.04383]},"properties":{"source_city":"臺北市","approval_id":"TP-1041","category":"舊衣回收箱","org_name":"台北市身心障礙者自立更生創業協會","org_type":"身障復健團體","phone":"(02)27099961","district":"大安區","village":"","approved_location":"復興南路1段107巷8號旁","full_address":"臺北市大安區復興南路1段107巷8號旁","approval_years":"","note":"","longitude":121.54473,"latitude":25.04383,"resource_type":"臺北舊衣回收箱"}},{"type":"Feature","geometry":{"type":"Point","coordinates":[121.5241,25.03025]},"properties":{"source_city":"臺北市","approval_id":"TP-1042","category":"舊衣回收箱","org_name":"台北市身心障礙者自立更生創業協會","org_type":"身障復健團體","phone":"(02)27099961","district":"大安區","village":"","approved_location":"潮州街55巷告示牌旁","full_address":"臺北市大安區潮州街55巷告示牌旁","approval_years":"","note":"","longitude":121.5241,"latitude":25.03025,"resource_type":"臺北舊衣回收箱"}},{"type":"Feature","geometry":{"type":"Point","coordinates":[121.57919,25.04592]},"properties":{"source_city":"臺北市","approval_id":"TP-1044","category":"舊衣回收箱","org_name":"台北市身心障礙者自立更生創業協會","org_type":"身障復健團體","phone":"(02)27099961","district":"大安區","village":"","approved_location":"和平東路3段308巷15弄與31弄公園","full_address":"臺北市大安區和平東路3段308巷15弄與31弄公園","approval_years":"","note":"","longitude":121.57919,"latitude":25.04592,"resource_type":"臺北舊衣回收箱"}},{"type":"Feature","geometry":{"type":"Point","coordinates":[121.5528,25.0194]},"properties":{"source_city":"臺北市","approval_id":"TP-1047","category":"舊衣回收箱","org_name":"台北市身心障礙者自立更生創業協會","org_type":"身障復健團體","phone":"(02)27099961","district":"大安區","village":"","approved_location":"安居街35巷口與46巷口對面","full_address":"臺北市大安區安居街35巷口與46巷口對面","approval_years":"","note":"","longitude":121.5528,"latitude":25.0194,"resource_type":"臺北舊衣回收箱"}},{"type":"Feature","geometry":{"type":"Point","coordinates":[121.55549,25.02153]},"properties":{"source_city":"臺北市","approval_id":"TP-1048","category":"舊衣回收箱","org_name":"台北市身心障礙者自立更生創業協會","org_type":"身障復健團體","phone":"(02)27099961","district":"大安區","village":"","approved_location":"杭州南路2段67號前電箱旁","full_address":"臺北市大安區杭州南路2段67號前電箱旁","approval_years":"","note":"","longitude":121.55549,"latitude":25.02153,"resource_type":"臺北舊衣回收箱"}},{"type":"Feature","geometry":{"type":"Point","coordinates":[121.55549,25.02153]},"properties":{"source_city":"臺北市","approval_id":"TP-1049","category":"舊衣回收箱","org_name":"台北市身心障礙者自立更生創業協會","org_type":"身障復健團體","phone":"(02)27099961","district":"大安區","village":"","approved_location":"和平東路3段260號與安居街公佈欄旁","full_address":"臺北市大安區和平東路3段260號與安居街公佈欄旁","approval_years":"","note":"","longitude":121.55549,"latitude":25.02153,"resource_type":"臺北舊衣回收箱"}},{"type":"Feature","geometry":{"type":"Point","coordinates":[121.5537667,25.028486]},"properties":{"source_city":"臺北市","approval_id":"TP-1076","category":"舊衣回收箱","org_name":"臺北市至善無障愛關懷協會","org_type":"公益協會團體","phone":"(02)27096731","district":"大安區","village":"","approved_location":"通化街165巷口電線桿旁","full_address":"臺北市大安區通化街165巷口電線桿旁","approval_years":"","note":"","longitude":121.5537667,"latitude":25.028486,"resource_type":"臺北舊衣回收箱"}},{"type":"Feature","geometry":{"type":"Point","coordinates":[121.5514374,25.02988479]},"properties":{"source_city":"臺北市","approval_id":"TP-1082","category":"舊衣回收箱","org_name":"臺北市至善無障愛關懷協會","org_type":"公益協會團體","phone":"(02)27096731","district":"大安區","village":"","approved_location":"敦化南路2段81巷46號前","full_address":"臺北市大安區敦化南路2段81巷46號前","approval_years":"","note":"","longitude":121.5514374,"latitude":25.02988479,"resource_type":"臺北舊衣回收箱"}},{"type":"Feature","geometry":{"type":"Point","coordinates":[121.6022222,25.08722222]},"properties":{"source_city":"臺北市","approval_id":"TP-1094","category":"舊衣回收箱","org_name":"臺北市至善無障愛關懷協會","org_type":"公益協會團體","phone":"(02)27096731","district":"大安區","village":"","approved_location":"通化街171巷22弄口","full_address":"臺北市大安區通化街171巷22弄口","approval_years":"","note":"","longitude":121.6022222,"latitude":25.08722222,"resource_type":"臺北舊衣回收箱"}},{"type":"Feature","geometry":{"type":"Point","coordinates":[121.555466,25.023333]},"properties":{"source_city":"臺北市","approval_id":"TP-1095","category":"舊衣回收箱","org_name":"臺北市至善無障愛關懷協會","org_type":"公益協會團體","phone":"(02)27096731","district":"大安區","village":"","approved_location":"延吉街261號之3電桿旁","full_address":"臺北市大安區延吉街261號之3電桿旁","approval_years":"","note":"","longitude":121.555466,"latitude":25.023333,"resource_type":"臺北舊衣回收箱"}},{"type":"Feature","geometry":{"type":"Point","coordinates":[121.55746,25.03831]},"properties":{"source_city":"臺北市","approval_id":"TP-1104","category":"舊衣回收箱","org_name":"台北市身心障礙運動體育會","org_type":"身障復健團體","phone":"(02)25975091","district":"大安區","village":"","approved_location":"光復南路348號前","full_address":"臺北市大安區光復南路348號前","approval_years":"","note":"","longitude":121.55746,"latitude":25.03831,"resource_type":"臺北舊衣回收箱"}},{"type":"Feature","geometry":{"type":"Point","coordinates":[121.53429,25.03626]},"properties":{"source_city":"臺北市","approval_id":"TP-1105","category":"舊衣回收箱","org_name":"台北市身心障礙運動體育會","org_type":"身障復健團體","phone":"(02)25975091","district":"大安區","village":"","approved_location":"仁愛路3段20巷12號對面","full_address":"臺北市大安區仁愛路3段20巷12號對面","approval_years":"","note":"","longitude":121.53429,"latitude":25.03626,"resource_type":"臺北舊衣回收箱"}},{"type":"Feature","geometry":{"type":"Point","coordinates":[121.53452,25.03453]},"properties":{"source_city":"臺北市","approval_id":"TP-1106","category":"舊衣回收箱","org_name":"台北市身心障礙運動體育會","org_type":"身障復健團體","phone":"(02)25975091","district":"大安區","village":"","approved_location":"新生南路1段161巷8之1號旁","full_address":"臺北市大安區新生南路1段161巷8之1號旁","approval_years":"","note":"","longitude":121.53452,"latitude":25.03453,"resource_type":"臺北舊衣回收箱"}},{"type":"Feature","geometry":{"type":"Point","coordinates":[121.53583,25.03564]},"properties":{"source_city":"臺北市","approval_id":"TP-1107","category":"舊衣回收箱","org_name":"台北市身心障礙運動體育會","org_type":"身障復健團體","phone":"(02)25975091","district":"大安區","village":"","approved_location":"建國南路1段304巷33號對面","full_address":"臺北市大安區建國南路1段304巷33號對面","approval_years":"","note":"","longitude":121.53583,"latitude":25.03564,"resource_type":"臺北舊衣回收箱"}},{"type":"Feature","geometry":{"type":"Point","coordinates":[121.53075,25.03686]},"properties":{"source_city":"臺北市","approval_id":"TP-1108","category":"舊衣回收箱","org_name":"台北市身心障礙運動體育會","org_type":"身障復健團體","phone":"(02)25975091","district":"大安區","village":"","approved_location":"建國南路1段258巷5號對面","full_address":"臺北市大安區建國南路1段258巷5號對面","approval_years":"","note":"","longitude":121.53075,"latitude":25.03686,"resource_type":"臺北舊衣回收箱"}},{"type":"Feature","geometry":{"type":"Point","coordinates":[121.53744,25.03458]},"properties":{"source_city":"臺北市","approval_id":"TP-1109","category":"舊衣回收箱","org_name":"台北市身心障礙運動體育會","org_type":"身障復健團體","phone":"(02)25975091","district":"大安區","village":"","approved_location":"新生南路1段161巷底","full_address":"臺北市大安區新生南路1段161巷底","approval_years":"","note":"","longitude":121.53744,"latitude":25.03458,"resource_type":"臺北舊衣回收箱"}},{"type":"Feature","geometry":{"type":"Point","coordinates":[121.55542,25.03841]},"properties":{"source_city":"臺北市","approval_id":"TP-1110","category":"舊衣回收箱","org_name":"台北市身心障礙運動體育會","org_type":"身障復健團體","phone":"(02)25975091","district":"大安區","village":"","approved_location":"光復南路346巷底","full_address":"臺北市大安區光復南路346巷底","approval_years":"","note":"","longitude":121.55542,"latitude":25.03841,"resource_type":"臺北舊衣回收箱"}},{"type":"Feature","geometry":{"type":"Point","coordinates":[121.54333,25.03272]},"properties":{"source_city":"臺北市","approval_id":"TP-1111","category":"舊衣回收箱","org_name":"台北市身心障礙運動體育會","org_type":"身障復健團體","phone":"(02)25975091","district":"大安區","village":"","approved_location":"復興南路2段12巷1號對面","full_address":"臺北市大安區復興南路2段12巷1號對面","approval_years":"","note":"","longitude":121.54333,"latitude":25.03272,"resource_type":"臺北舊衣回收箱"}},{"type":"Feature","geometry":{"type":"Point","coordinates":[121.55339,25.03272]},"properties":{"source_city":"臺北市","approval_id":"TP-1114","category":"舊衣回收箱","org_name":"台北市身心障礙運動體育會","org_type":"身障復健團體","phone":"(02)25975091","district":"大安區","village":"","approved_location":"通安街5號前","full_address":"臺北市大安區通安街5號前","approval_years":"","note":"","longitude":121.55339,"latitude":25.03272,"resource_type":"臺北舊衣回收箱"}},{"type":"Feature","geometry":{"type":"Point","coordinates":[121.55374,25.02809]},"properties":{"source_city":"臺北市","approval_id":"TP-1115","category":"舊衣回收箱","org_name":"台北市身心障礙運動體育會","org_type":"身障復健團體","phone":"(02)25975091","district":"大安區","village":"","approved_location":"通化街171巷2號對面","full_address":"臺北市大安區通化街171巷2號對面","approval_years":"","note":"","longitude":121.55374,"latitude":25.02809,"resource_type":"臺北舊衣回收箱"}},{"type":"Feature","geometry":{"type":"Point","coordinates":[121.55666,25.02881]},"properties":{"source_city":"臺北市","approval_id":"TP-1116","category":"舊衣回收箱","org_name":"台北市身心障礙運動體育會","org_type":"身障復健團體","phone":"(02)25975091","district":"大安區","village":"","approved_location":"基隆路2段132巷2號旁","full_address":"臺北市大安區基隆路2段132巷2號旁","approval_years":"","note":"","longitude":121.55666,"latitude":25.02881,"resource_type":"臺北舊衣回收箱"}},{"type":"Feature","geometry":{"type":"Point","coordinates":[121.54689,25.02297]},"properties":{"source_city":"臺北市","approval_id":"TP-1130","category":"舊衣回收箱","org_name":"台北市身心障礙者保護協會","org_type":"身障復健團體","phone":"(02)25975091","district":"大安區","village":"","approved_location":"臥龍街26號對面","full_address":"臺北市大安區臥龍街26號對面","approval_years":"","note":"","longitude":121.54689,"latitude":25.02297,"resource_type":"臺北舊衣回收箱"}},{"type":"Feature","geometry":{"type":"Point","coordinates":[121.52776,25.02972]},"properties":{"source_city":"臺北市","approval_id":"TP-1131","category":"舊衣回收箱","org_name":"台北市身心障礙者保護協會","org_type":"身障復健團體","phone":"(02)25975091","district":"大安區","village":"","approved_location":"潮州街107巷14號對面","full_address":"臺北市大安區潮州街107巷14號對面","approval_years":"","note":"","longitude":121.52776,"latitude":25.02972,"resource_type":"臺北舊衣回收箱"}},{"type":"Feature","geometry":{"type":"Point","coordinates":[121.52944,25.02796]},"properties":{"source_city":"臺北市","approval_id":"TP-1132","category":"舊衣回收箱","org_name":"台北市身心障礙者保護協會","org_type":"身障復健團體","phone":"(02)25975091","district":"大安區","village":"","approved_location":"麗水街33巷15號對面","full_address":"臺北市大安區麗水街33巷15號對面","approval_years":"","note":"","longitude":121.52944,"latitude":25.02796,"resource_type":"臺北舊衣回收箱"}},{"type":"Feature","geometry":{"type":"Point","coordinates":[121.54312,25.03988]},"properties":{"source_city":"臺北市","approval_id":"TP-1133","category":"舊衣回收箱","org_name":"台北市身心障礙者保護協會","org_type":"身障復健團體","phone":"(02)25975091","district":"大安區","village":"","approved_location":"仁愛路3段123巷13弄與復興南路1段196巷交口","full_address":"臺北市大安區仁愛路3段123巷13弄與復興南路1段196巷交口","approval_years":"","note":"","longitude":121.54312,"latitude":25.03988,"resource_type":"臺北舊衣回收箱"}},{"type":"Feature","geometry":{"type":"Point","coordinates":[121.55659,25.04065]},"properties":{"source_city":"臺北市","approval_id":"TP-1134","category":"舊衣回收箱","org_name":"台北市身心障礙者保護協會","org_type":"身障復健團體","phone":"(02)25975091","district":"大安區","village":"","approved_location":"光復南路240巷23號前","full_address":"臺北市大安區光復南路240巷23號前","approval_years":"","note":"","longitude":121.55659,"latitude":25.04065,"resource_type":"臺北舊衣回收箱"}},{"type":"Feature","geometry":{"type":"Point","coordinates":[121.54604,25.04263]},"properties":{"source_city":"臺北市","approval_id":"TP-1140","category":"舊衣回收箱","org_name":"台北市身心障礙者保護協會","org_type":"身障復健團體","phone":"(02)25975091","district":"大安區","village":"","approved_location":"復興南路1段135巷底公園旁","full_address":"臺北市大安區復興南路1段135巷底公園旁","approval_years":"","note":"","longitude":121.54604,"latitude":25.04263,"resource_type":"臺北舊衣回收箱"}},{"type":"Feature","geometry":{"type":"Point","coordinates":[121.52921,25.02185]},"properties":{"source_city":"臺北市","approval_id":"TP-1161","category":"舊衣回收箱","org_name":"台北市身心障礙者權益促進會","org_type":"身障復健團體","phone":"(02)25975091","district":"大安區","village":"","approved_location":"龍泉街93巷口","full_address":"臺北市大安區龍泉街93巷口","approval_years":"","note":"","longitude":121.52921,"latitude":25.02185,"resource_type":"臺北舊衣回收箱"}},{"type":"Feature","geometry":{"type":"Point","coordinates":[121.55658,25.04001]},"properties":{"source_city":"臺北市","approval_id":"TP-1162","category":"舊衣回收箱","org_name":"台北市身心障礙者權益促進會","org_type":"身障復健團體","phone":"(02)25975091","district":"大安區","village":"","approved_location":"光復南路280巷24號旁(前)","full_address":"臺北市大安區光復南路280巷24號旁(前)","approval_years":"","note":"","longitude":121.55658,"latitude":25.04001,"resource_type":"臺北舊衣回收箱"}},{"type":"Feature","geometry":{"type":"Point","coordinates":[121.55566,25.03702]},"properties":{"source_city":"臺北市","approval_id":"TP-1165","category":"舊衣回收箱","org_name":"台北市身心障礙者權益促進會","org_type":"身障復健團體","phone":"(02)25975091","district":"大安區","village":"","approved_location":"延吉街233巷口","full_address":"臺北市大安區延吉街233巷口","approval_years":"","note":"","longitude":121.55566,"latitude":25.03702,"resource_type":"臺北舊衣回收箱"}},{"type":"Feature","geometry":{"type":"Point","coordinates":[121.5526585,25.0321278]},"properties":{"source_city":"臺北市","approval_id":"TP-1182","category":"舊衣回收箱","org_name":"臺北市身障關愛福利協會","org_type":"身障復健團體","phone":"0933-494-219","district":"大安區","village":"","approved_location":"安和路二段23巷口左側側面燈桿旁","full_address":"臺北市大安區安和路二段23巷口左側側面燈桿旁","approval_years":"","note":"","longitude":121.5526585,"latitude":25.0321278,"resource_type":"臺北舊衣回收箱"}},{"type":"Feature","geometry":{"type":"Point","coordinates":[121.5524143,25.03037285]},"properties":{"source_city":"臺北市","approval_id":"TP-1183","category":"舊衣回收箱","org_name":"臺北市身障關愛福利協會","org_type":"身障復健團體","phone":"0933-494-219","district":"大安區","village":"","approved_location":"安和路二段71巷口左側","full_address":"臺北市大安區安和路二段71巷口左側","approval_years":"","note":"","longitude":121.5524143,"latitude":25.03037285,"resource_type":"臺北舊衣回收箱"}},{"type":"Feature","geometry":{"type":"Point","coordinates":[121.5495155,25.03550715]},"properties":{"source_city":"臺北市","approval_id":"TP-1184","category":"舊衣回收箱","org_name":"臺北市身障關愛福利協會","org_type":"身障復健團體","phone":"0933-494-219","district":"大安區","village":"","approved_location":"敦化南路1段295巷4號對面電桿下","full_address":"臺北市大安區敦化南路1段295巷4號對面電桿下","approval_years":"","note":"","longitude":121.5495155,"latitude":25.03550715,"resource_type":"臺北舊衣回收箱"}},{"type":"Feature","geometry":{"type":"Point","coordinates":[121.5540415,25.03992438]},"properties":{"source_city":"臺北市","approval_id":"TP-1187","category":"舊衣回收箱","org_name":"臺北市身障關愛福利協會","org_type":"身障復健團體","phone":"0933-494-219","district":"大安區","village":"","approved_location":"忠孝東路4段216巷27弄16號對面","full_address":"臺北市大安區忠孝東路4段216巷27弄16號對面","approval_years":"","note":"","longitude":121.5540415,"latitude":25.03992438,"resource_type":"臺北舊衣回收箱"}},{"type":"Feature","geometry":{"type":"Point","coordinates":[121.5530256,25.04079224]},"properties":{"source_city":"臺北市","approval_id":"TP-1188","category":"舊衣回收箱","org_name":"臺北市身障關愛福利協會","org_type":"身障復健團體","phone":"0933-494-219","district":"大安區","village":"","approved_location":"忠孝東路4段216巷11弄口路名牌前","full_address":"臺北市大安區忠孝東路4段216巷11弄口路名牌前","approval_years":"","note":"","longitude":121.5530256,"latitude":25.04079224,"resource_type":"臺北舊衣回收箱"}},{"type":"Feature","geometry":{"type":"Point","coordinates":[121.579848,25.040378]},"properties":{"source_city":"臺北市","approval_id":"TP-119","category":"舊衣回收箱","org_name":"社團法人台北生命勵樂活輔健會","org_type":"公益協會團體","phone":"(02)27299347","district":"大安區","village":"","approved_location":"敦化南路2段63巷21弄24號斜對面","full_address":"臺北市大安區敦化南路2段63巷21弄24號斜對面","approval_years":"","note":"","longitude":121.579848,"latitude":25.040378,"resource_type":"臺北舊衣回收箱"}},{"type":"Feature","geometry":{"type":"Point","coordinates":[121.550157,25.031716]},"properties":{"source_city":"臺北市","approval_id":"TP-120","category":"舊衣回收箱","org_name":"社團法人台北生命勵樂活輔健會","org_type":"公益協會團體","phone":"(02)27299347","district":"大安區","village":"","approved_location":"安和路2段44巷9號斜對面","full_address":"臺北市大安區安和路2段44巷9號斜對面","approval_years":"","note":"","longitude":121.550157,"latitude":25.031716,"resource_type":"臺北舊衣回收箱"}},{"type":"Feature","geometry":{"type":"Point","coordinates":[121.5578788,25.01775523]},"properties":{"source_city":"臺北市","approval_id":"TP-1200","category":"舊衣回收箱","org_name":"臺北市身障福利發展協會","org_type":"身障復健團體","phone":"(02)25912695","district":"大安區","village":"","approved_location":"富陽街157巷口電箱旁","full_address":"臺北市大安區富陽街157巷口電箱旁","approval_years":"","note":"","longitude":121.5578788,"latitude":25.01775523,"resource_type":"臺北舊衣回收箱"}},{"type":"Feature","geometry":{"type":"Point","coordinates":[121.5572649,25.018506]},"properties":{"source_city":"臺北市","approval_id":"TP-1201","category":"舊衣回收箱","org_name":"臺北市身障福利發展協會","org_type":"身障復健團體","phone":"(02)25912695","district":"大安區","village":"","approved_location":"臥龍街254號對面(加油站電箱旁)","full_address":"臺北市大安區臥龍街254號對面(加油站電箱旁)","approval_years":"","note":"","longitude":121.5572649,"latitude":25.018506,"resource_type":"臺北舊衣回收箱"}},{"type":"Feature","geometry":{"type":"Point","coordinates":[121.5544259,25.0309254]},"properties":{"source_city":"臺北市","approval_id":"TP-1204","category":"舊衣回收箱","org_name":"臺北市身障福利發展協會","org_type":"身障復健團體","phone":"(02)25912695","district":"大安區","village":"","approved_location":"通化街39巷變電箱旁邊","full_address":"臺北市大安區通化街39巷變電箱旁邊","approval_years":"","note":"","longitude":121.5544259,"latitude":25.0309254,"resource_type":"臺北舊衣回收箱"}},{"type":"Feature","geometry":{"type":"Point","coordinates":[121.5570789,25.03056536]},"properties":{"source_city":"臺北市","approval_id":"TP-1205","category":"舊衣回收箱","org_name":"臺北市身障福利發展協會","org_type":"身障復健團體","phone":"(02)25912695","district":"大安區","village":"","approved_location":"光復南路676巷2號對面","full_address":"臺北市大安區光復南路676巷2號對面","approval_years":"","note":"","longitude":121.5570789,"latitude":25.03056536,"resource_type":"臺北舊衣回收箱"}},{"type":"Feature","geometry":{"type":"Point","coordinates":[121.52637,25.02976]},"properties":{"source_city":"臺北市","approval_id":"TP-1227","category":"舊衣回收箱","org_name":"臺北市身障者關懷服務協進會","org_type":"身障復健團體","phone":"(02)26886212","district":"大安區","village":"","approved_location":"金山南路2段132巷口","full_address":"臺北市大安區金山南路2段132巷口","approval_years":"","note":"","longitude":121.52637,"latitude":25.02976,"resource_type":"臺北舊衣回收箱"}},{"type":"Feature","geometry":{"type":"Point","coordinates":[121.54812,25.04065]},"properties":{"source_city":"臺北市","approval_id":"TP-1229","category":"舊衣回收箱","org_name":"臺北市身障者關懷服務協進會","org_type":"身障復健團體","phone":"(02)26886212","district":"大安區","village":"","approved_location":"敦化南路1段236巷13號旁或1號前","full_address":"臺北市大安區敦化南路1段236巷13號旁或1號前","approval_years":"","note":"","longitude":121.54812,"latitude":25.04065,"resource_type":"臺北舊衣回收箱"}},{"type":"Feature","geometry":{"type":"Point","coordinates":[121.54206,25.03418]},"properties":{"source_city":"臺北市","approval_id":"TP-1236","category":"舊衣回收箱","org_name":"台北市弱勢彩券聯合促進會","org_type":"公益協會團體","phone":"(02)23026138","district":"大安區","village":"","approved_location":"信義路3段111巷16弄口圍牆旁","full_address":"臺北市大安區信義路3段111巷16弄口圍牆旁","approval_years":"","note":"","longitude":121.54206,"latitude":25.03418,"resource_type":"臺北舊衣回收箱"}},{"type":"Feature","geometry":{"type":"Point","coordinates":[121.5462726,25.03651365]},"properties":{"source_city":"臺北市","approval_id":"TP-1244","category":"舊衣回收箱","org_name":"台北市弱勢彩券聯合促進會","org_type":"公益協會團體","phone":"(02)23026138","district":"大安區","village":"","approved_location":"大安路1段175巷口","full_address":"臺北市大安區大安路1段175巷口","approval_years":"","note":"","longitude":121.5462726,"latitude":25.03651365,"resource_type":"臺北舊衣回收箱"}},{"type":"Feature","geometry":{"type":"Point","coordinates":[121.54957,25.03144]},"properties":{"source_city":"臺北市","approval_id":"TP-1259","category":"舊衣回收箱","org_name":"臺北市身心障礙者健康關懷協會","org_type":"身障復健團體","phone":"(02)26886212","district":"大安區","village":"","approved_location":"敦化南路2段55巷6號對面","full_address":"臺北市大安區敦化南路2段55巷6號對面","approval_years":"","note":"","longitude":121.54957,"latitude":25.03144,"resource_type":"臺北舊衣回收箱"}},{"type":"Feature","geometry":{"type":"Point","coordinates":[121.53866,25.04236]},"properties":{"source_city":"臺北市","approval_id":"TP-1261","category":"舊衣回收箱","org_name":"臺北市身心障礙者健康關懷協會","org_type":"身障復健團體","phone":"(02)26886212","district":"大安區","village":"","approved_location":"忠孝東路3段217巷1弄底","full_address":"臺北市大安區忠孝東路3段217巷1弄底","approval_years":"","note":"","longitude":121.53866,"latitude":25.04236,"resource_type":"臺北舊衣回收箱"}},{"type":"Feature","geometry":{"type":"Point","coordinates":[121.52724,25.03026]},"properties":{"source_city":"臺北市","approval_id":"TP-1262","category":"舊衣回收箱","org_name":"臺北市身心障礙者健康關懷協會","org_type":"身障復健團體","phone":"(02)26886212","district":"大安區","village":"","approved_location":"金華街183巷6號對面機車格旁","full_address":"臺北市大安區金華街183巷6號對面機車格旁","approval_years":"","note":"","longitude":121.52724,"latitude":25.03026,"resource_type":"臺北舊衣回收箱"}},{"type":"Feature","geometry":{"type":"Point","coordinates":[121.54963,25.04251]},"properties":{"source_city":"臺北市","approval_id":"TP-1264","category":"舊衣回收箱","org_name":"臺北市身心障礙者健康關懷協會","org_type":"身障復健團體","phone":"(02)26886212","district":"大安區","village":"","approved_location":"敦化南路1段187巷4號旁","full_address":"臺北市大安區敦化南路1段187巷4號旁","approval_years":"","note":"","longitude":121.54963,"latitude":25.04251,"resource_type":"臺北舊衣回收箱"}},{"type":"Feature","geometry":{"type":"Point","coordinates":[121.54814,25.04382]},"properties":{"source_city":"臺北市","approval_id":"TP-1265","category":"舊衣回收箱","org_name":"臺北市身心障礙者健康關懷協會","org_type":"身障復健團體","phone":"(02)26886212","district":"大安區","village":"","approved_location":"大安路31巷54-1號","full_address":"臺北市大安區大安路31巷54-1號","approval_years":"","note":"","longitude":121.54814,"latitude":25.04382,"resource_type":"臺北舊衣回收箱"}},{"type":"Feature","geometry":{"type":"Point","coordinates":[121.53628,25.04385]},"properties":{"source_city":"臺北市","approval_id":"TP-1269","category":"舊衣回收箱","org_name":"臺北市身心障礙者創業發展協會","org_type":"身障復健團體","phone":"(02)26886212","district":"大安區","village":"","approved_location":"建國南路1段44巷口桿邊","full_address":"臺北市大安區建國南路1段44巷口桿邊","approval_years":"","note":"","longitude":121.53628,"latitude":25.04385,"resource_type":"臺北舊衣回收箱"}},{"type":"Feature","geometry":{"type":"Point","coordinates":[121.53466,25.04109]},"properties":{"source_city":"臺北市","approval_id":"TP-1270","category":"舊衣回收箱","org_name":"臺北市身心障礙者創業發展協會","org_type":"身障復健團體","phone":"(02)26886212","district":"大安區","village":"","approved_location":"新生南路1段97巷22號旁","full_address":"臺北市大安區新生南路1段97巷22號旁","approval_years":"","note":"","longitude":121.53466,"latitude":25.04109,"resource_type":"臺北舊衣回收箱"}},{"type":"Feature","geometry":{"type":"Point","coordinates":[121.53329,25.04438]},"properties":{"source_city":"臺北市","approval_id":"TP-1271","category":"舊衣回收箱","org_name":"臺北市身心障礙者創業發展協會","org_type":"身障復健團體","phone":"(02)26886212","district":"大安區","village":"","approved_location":"新生南路1段八德路口","full_address":"臺北市大安區新生南路1段八德路口","approval_years":"","note":"","longitude":121.53329,"latitude":25.04438,"resource_type":"臺北舊衣回收箱"}},{"type":"Feature","geometry":{"type":"Point","coordinates":[121.53593,25.03976]},"properties":{"source_city":"臺北市","approval_id":"TP-1272","category":"舊衣回收箱","org_name":"臺北市身心障礙者創業發展協會","org_type":"身障復健團體","phone":"(02)26886212","district":"大安區","village":"","approved_location":"仁愛路3段51巷8號對面","full_address":"臺北市大安區仁愛路3段51巷8號對面","approval_years":"","note":"","longitude":121.53593,"latitude":25.03976,"resource_type":"臺北舊衣回收箱"}},{"type":"Feature","geometry":{"type":"Point","coordinates":[121.53344,25.04008]},"properties":{"source_city":"臺北市","approval_id":"TP-1273","category":"舊衣回收箱","org_name":"臺北市身心障礙者創業發展協會","org_type":"身障復健團體","phone":"(02)26886212","district":"大安區","village":"","approved_location":"仁愛路3段5巷底","full_address":"臺北市大安區仁愛路3段5巷底","approval_years":"","note":"","longitude":121.53344,"latitude":25.04008,"resource_type":"臺北舊衣回收箱"}},{"type":"Feature","geometry":{"type":"Point","coordinates":[121.54971,25.04037]},"properties":{"source_city":"臺北市","approval_id":"TP-1275","category":"舊衣回收箱","org_name":"臺北市身心障礙者創業發展協會","org_type":"身障復健團體","phone":"(02)26886212","district":"大安區","village":"","approved_location":"敦化南路1段233巷20號旁","full_address":"臺北市大安區敦化南路1段233巷20號旁","approval_years":"","note":"","longitude":121.54971,"latitude":25.04037,"resource_type":"臺北舊衣回收箱"}},{"type":"Feature","geometry":{"type":"Point","coordinates":[121.54129,25.02474]},"properties":{"source_city":"臺北市","approval_id":"TP-1276","category":"舊衣回收箱","org_name":"臺北市身心障礙者創業發展協會","org_type":"身障復健團體","phone":"(02)26886212","district":"大安區","village":"","approved_location":"和平東路2段98號側邊對面人行道電信設備邊","full_address":"臺北市大安區和平東路2段98號側邊對面人行道電信設備邊","approval_years":"","note":"","longitude":121.54129,"latitude":25.02474,"resource_type":"臺北舊衣回收箱"}},{"type":"Feature","geometry":{"type":"Point","coordinates":[121.54444,25.03911]},"properties":{"source_city":"臺北市","approval_id":"TP-1277","category":"舊衣回收箱","org_name":"臺北市身心障礙者創業發展協會","org_type":"身障復健團體","phone":"(02)26886212","district":"大安區","village":"","approved_location":"忠孝東路4段26巷67號旁","full_address":"臺北市大安區忠孝東路4段26巷67號旁","approval_years":"","note":"","longitude":121.54444,"latitude":25.03911,"resource_type":"臺北舊衣回收箱"}},{"type":"Feature","geometry":{"type":"Point","coordinates":[121.54799,25.03854]},"properties":{"source_city":"臺北市","approval_id":"TP-1278","category":"舊衣回收箱","org_name":"臺北市身心障礙者創業發展協會","org_type":"身障復健團體","phone":"(02)26886212","district":"大安區","village":"","approved_location":"仁愛路4段91巷3號對面","full_address":"臺北市大安區仁愛路4段91巷3號對面","approval_years":"","note":"","longitude":121.54799,"latitude":25.03854,"resource_type":"臺北舊衣回收箱"}},{"type":"Feature","geometry":{"type":"Point","coordinates":[121.55159,25.02478]},"properties":{"source_city":"臺北市","approval_id":"TP-1279","category":"舊衣回收箱","org_name":"臺北市身心障礙者創業發展協會","org_type":"身障復健團體","phone":"(02)26886212","district":"大安區","village":"","approved_location":"和平東路3段119巷6號邊","full_address":"臺北市大安區和平東路3段119巷6號邊","approval_years":"","note":"","longitude":121.55159,"latitude":25.02478,"resource_type":"臺北舊衣回收箱"}},{"type":"Feature","geometry":{"type":"Point","coordinates":[121.55323,25.03579]},"properties":{"source_city":"臺北市","approval_id":"TP-1280","category":"舊衣回收箱","org_name":"臺北市身心障礙者創業發展協會","org_type":"身障復健團體","phone":"(02)26886212","district":"大安區","village":"","approved_location":"安和路1段109巷底電信設備邊","full_address":"臺北市大安區安和路1段109巷底電信設備邊","approval_years":"","note":"","longitude":121.55323,"latitude":25.03579,"resource_type":"臺北舊衣回收箱"}},{"type":"Feature","geometry":{"type":"Point","coordinates":[121.54028,25.02551]},"properties":{"source_city":"臺北市","approval_id":"TP-1281","category":"舊衣回收箱","org_name":"臺北市身心障礙者創業發展協會","org_type":"身障復健團體","phone":"(02)26886212","district":"大安區","village":"","approved_location":"和平東路2段107巷口天橋下","full_address":"臺北市大安區和平東路2段107巷口天橋下","approval_years":"","note":"","longitude":121.54028,"latitude":25.02551,"resource_type":"臺北舊衣回收箱"}},{"type":"Feature","geometry":{"type":"Point","coordinates":[121.53312,25.02192]},"properties":{"source_city":"臺北市","approval_id":"TP-1282","category":"舊衣回收箱","org_name":"臺北市身心障礙者創業發展協會","org_type":"身障復健團體","phone":"(02)26886212","district":"大安區","village":"","approved_location":"溫州街46號附近廟旁兩桿間","full_address":"臺北市大安區溫州街46號附近廟旁兩桿間","approval_years":"","note":"","longitude":121.53312,"latitude":25.02192,"resource_type":"臺北舊衣回收箱"}},{"type":"Feature","geometry":{"type":"Point","coordinates":[121.53457,25.04026]},"properties":{"source_city":"臺北市","approval_id":"TP-1291","category":"舊衣回收箱","org_name":"臺北市身障者互助關懷協會","org_type":"身障復健團體","phone":"(02)26886212","district":"大安區","village":"","approved_location":"濟南路3段17-1號旁對面","full_address":"臺北市大安區濟南路3段17-1號旁對面","approval_years":"","note":"","longitude":121.53457,"latitude":25.04026,"resource_type":"臺北舊衣回收箱"}},{"type":"Feature","geometry":{"type":"Point","coordinates":[121.54279,25.02646]},"properties":{"source_city":"臺北市","approval_id":"TP-1293","category":"舊衣回收箱","org_name":"臺北市身障者互助關懷協會","org_type":"身障復健團體","phone":"(02)26886212","district":"大安區","village":"","approved_location":"復興南路2段210巷2號旁","full_address":"臺北市大安區復興南路2段210巷2號旁","approval_years":"","note":"","longitude":121.54279,"latitude":25.02646,"resource_type":"臺北舊衣回收箱"}},{"type":"Feature","geometry":{"type":"Point","coordinates":[121.54821,25.03421]},"properties":{"source_city":"臺北市","approval_id":"TP-1298","category":"舊衣回收箱","org_name":"臺北市身障者互助關懷協會","org_type":"身障復健團體","phone":"(02)26886212","district":"大安區","village":"","approved_location":"四維路76巷口對面","full_address":"臺北市大安區四維路76巷口對面","approval_years":"","note":"","longitude":121.54821,"latitude":25.03421,"resource_type":"臺北舊衣回收箱"}},{"type":"Feature","geometry":{"type":"Point","coordinates":[121.54801,25.03638]},"properties":{"source_city":"臺北市","approval_id":"TP-1299","category":"舊衣回收箱","org_name":"臺北市身障者互助關懷協會","org_type":"身障復健團體","phone":"(02)26886212","district":"大安區","village":"","approved_location":"四維路22巷口","full_address":"臺北市大安區四維路22巷口","approval_years":"","note":"","longitude":121.54801,"latitude":25.03638,"resource_type":"臺北舊衣回收箱"}},{"type":"Feature","geometry":{"type":"Point","coordinates":[121.55132,25.02932]},"properties":{"source_city":"臺北市","approval_id":"TP-1300","category":"舊衣回收箱","org_name":"臺北市身障者互助關懷協會","org_type":"身障復健團體","phone":"(02)26886212","district":"大安區","village":"","approved_location":"安和路2段123號前","full_address":"臺北市大安區安和路2段123號前","approval_years":"","note":"","longitude":121.55132,"latitude":25.02932,"resource_type":"臺北舊衣回收箱"}},{"type":"Feature","geometry":{"type":"Point","coordinates":[121.54952,25.02511]},"properties":{"source_city":"臺北市","approval_id":"TP-1301","category":"舊衣回收箱","org_name":"臺北市身障者互助關懷協會","org_type":"身障復健團體","phone":"(02)26886212","district":"大安區","village":"","approved_location":"安和路2段184巷7號旁","full_address":"臺北市大安區安和路2段184巷7號旁","approval_years":"","note":"","longitude":121.54952,"latitude":25.02511,"resource_type":"臺北舊衣回收箱"}},{"type":"Feature","geometry":{"type":"Point","coordinates":[121.55018,25.03291]},"properties":{"source_city":"臺北市","approval_id":"TP-1305","category":"舊衣回收箱","org_name":"臺北市弱勢者就業促進協會","org_type":"公益協會團體","phone":"(02)26886212","district":"大安區","village":"","approved_location":"文昌街39號旁","full_address":"臺北市大安區文昌街39號旁","approval_years":"","note":"","longitude":121.55018,"latitude":25.03291,"resource_type":"臺北舊衣回收箱"}},{"type":"Feature","geometry":{"type":"Point","coordinates":[121.54489,25.03977]},"properties":{"source_city":"臺北市","approval_id":"TP-1306","category":"舊衣回收箱","org_name":"臺北市弱勢者就業促進協會","org_type":"公益協會團體","phone":"(02)26886212","district":"大安區","village":"","approved_location":"大安路1段116巷15號對面","full_address":"臺北市大安區大安路1段116巷15號對面","approval_years":"","note":"","longitude":121.54489,"latitude":25.03977,"resource_type":"臺北舊衣回收箱"}},{"type":"Feature","geometry":{"type":"Point","coordinates":[121.55322,25.03061]},"properties":{"source_city":"臺北市","approval_id":"TP-1307","category":"舊衣回收箱","org_name":"臺北市弱勢者就業促進協會","org_type":"公益協會團體","phone":"(02)26886212","district":"大安區","village":"","approved_location":"通安街64號旁","full_address":"臺北市大安區通安街64號旁","approval_years":"","note":"","longitude":121.55322,"latitude":25.03061,"resource_type":"臺北舊衣回收箱"}},{"type":"Feature","geometry":{"type":"Point","coordinates":[121.55394,25.03166]},"properties":{"source_city":"臺北市","approval_id":"TP-1308","category":"舊衣回收箱","org_name":"臺北市弱勢者就業促進協會","org_type":"公益協會團體","phone":"(02)26886212","district":"大安區","village":"","approved_location":"通化街24巷口","full_address":"臺北市大安區通化街24巷口","approval_years":"","note":"","longitude":121.55394,"latitude":25.03166,"resource_type":"臺北舊衣回收箱"}},{"type":"Feature","geometry":{"type":"Point","coordinates":[121.55101,25.02808]},"properties":{"source_city":"臺北市","approval_id":"TP-1309","category":"舊衣回收箱","org_name":"臺北市弱勢者就業促進協會","org_type":"公益協會團體","phone":"(02)26886212","district":"大安區","village":"","approved_location":"樂利路10號桿邊","full_address":"臺北市大安區樂利路10號桿邊","approval_years":"","note":"","longitude":121.55101,"latitude":25.02808,"resource_type":"臺北舊衣回收箱"}},{"type":"Feature","geometry":{"type":"Point","coordinates":[121.53588,25.02293]},"properties":{"source_city":"臺北市","approval_id":"TP-1310","category":"舊衣回收箱","org_name":"臺北市弱勢者就業促進協會","org_type":"公益協會團體","phone":"(02)26886212","district":"大安區","village":"","approved_location":"和平東路2段18巷17~1號對面","full_address":"臺北市大安區和平東路2段18巷17~1號對面","approval_years":"","note":"","longitude":121.53588,"latitude":25.02293,"resource_type":"臺北舊衣回收箱"}},{"type":"Feature","geometry":{"type":"Point","coordinates":[121.52897,25.03255]},"properties":{"source_city":"臺北市","approval_id":"TP-1311","category":"舊衣回收箱","org_name":"臺北市弱勢者就業促進協會","org_type":"公益協會團體","phone":"(02)26886212","district":"大安區","village":"","approved_location":"金山南路2段31巷與麗水街電箱旁","full_address":"臺北市大安區金山南路2段31巷與麗水街電箱旁","approval_years":"","note":"","longitude":121.52897,"latitude":25.03255,"resource_type":"臺北舊衣回收箱"}},{"type":"Feature","geometry":{"type":"Point","coordinates":[121.52872,25.03132]},"properties":{"source_city":"臺北市","approval_id":"TP-1312","category":"舊衣回收箱","org_name":"臺北市弱勢者就業促進協會","org_type":"公益協會團體","phone":"(02)26886212","district":"大安區","village":"","approved_location":"愛國東路與麗水街口旁","full_address":"臺北市大安區愛國東路與麗水街口旁","approval_years":"","note":"","longitude":121.52872,"latitude":25.03132,"resource_type":"臺北舊衣回收箱"}},{"type":"Feature","geometry":{"type":"Point","coordinates":[121.55081,25.04034]},"properties":{"source_city":"臺北市","approval_id":"TP-1313","category":"舊衣回收箱","org_name":"臺北市弱勢者就業促進協會","org_type":"公益協會團體","phone":"(02)26886212","district":"大安區","village":"","approved_location":"敦化南路1段233巷24號邊","full_address":"臺北市大安區敦化南路1段233巷24號邊","approval_years":"","note":"","longitude":121.55081,"latitude":25.04034,"resource_type":"臺北舊衣回收箱"}},{"type":"Feature","geometry":{"type":"Point","coordinates":[121.53937,25.02633]},"properties":{"source_city":"臺北市","approval_id":"TP-1314","category":"舊衣回收箱","org_name":"臺北市弱勢者就業促進協會","org_type":"公益協會團體","phone":"(02)26886212","district":"大安區","village":"","approved_location":"瑞安街266號對面","full_address":"臺北市大安區瑞安街266號對面","approval_years":"","note":"","longitude":121.53937,"latitude":25.02633,"resource_type":"臺北舊衣回收箱"}},{"type":"Feature","geometry":{"type":"Point","coordinates":[121.52697,25.03312]},"properties":{"source_city":"臺北市","approval_id":"TP-1317","category":"舊衣回收箱","org_name":"臺北市弱勢者就業促進協會","org_type":"公益協會團體","phone":"(02)26886212","district":"大安區","village":"","approved_location":"金山南路2段30巷口","full_address":"臺北市大安區金山南路2段30巷口","approval_years":"","note":"","longitude":121.52697,"latitude":25.03312,"resource_type":"臺北舊衣回收箱"}},{"type":"Feature","geometry":{"type":"Point","coordinates":[121.54805,25.03104]},"properties":{"source_city":"臺北市","approval_id":"TP-1320","category":"舊衣回收箱","org_name":"臺北市恩寶身心障礙者關懷協會","org_type":"身障復健團體","phone":"(02)26886212","district":"大安區","village":"","approved_location":"四維路154巷口對面","full_address":"臺北市大安區四維路154巷口對面","approval_years":"","note":"","longitude":121.54805,"latitude":25.03104,"resource_type":"臺北舊衣回收箱"}},{"type":"Feature","geometry":{"type":"Point","coordinates":[121.54599,25.03125]},"properties":{"source_city":"臺北市","approval_id":"TP-1321","category":"舊衣回收箱","org_name":"臺北市恩寶身心障礙者關懷協會","org_type":"身障復健團體","phone":"(02)26886212","district":"大安區","village":"","approved_location":"大安路2段90巷口","full_address":"臺北市大安區大安路2段90巷口","approval_years":"","note":"","longitude":121.54599,"latitude":25.03125,"resource_type":"臺北舊衣回收箱"}},{"type":"Feature","geometry":{"type":"Point","coordinates":[121.55493,25.02861]},"properties":{"source_city":"臺北市","approval_id":"TP-1322","category":"舊衣回收箱","org_name":"臺北市恩寶身心障礙者關懷協會","org_type":"身障復健團體","phone":"(02)26886212","district":"大安區","village":"","approved_location":"通化街39巷50弄101號旁","full_address":"臺北市大安區通化街39巷50弄101號旁","approval_years":"","note":"","longitude":121.55493,"latitude":25.02861,"resource_type":"臺北舊衣回收箱"}},{"type":"Feature","geometry":{"type":"Point","coordinates":[121.52269,25.02941]},"properties":{"source_city":"臺北市","approval_id":"TP-1325","category":"舊衣回收箱","org_name":"臺北市恩寶身心障礙者關懷協會","org_type":"身障復健團體","phone":"(02)26886212","district":"大安區","village":"","approved_location":"潮州街38號前桿旁","full_address":"臺北市大安區潮州街38號前桿旁","approval_years":"","note":"","longitude":121.52269,"latitude":25.02941,"resource_type":"臺北舊衣回收箱"}},{"type":"Feature","geometry":{"type":"Point","coordinates":[121.52376,25.02919]},"properties":{"source_city":"臺北市","approval_id":"TP-1326","category":"舊衣回收箱","org_name":"臺北市恩寶身心障礙者關懷協會","org_type":"身障復健團體","phone":"(02)26886212","district":"大安區","village":"","approved_location":"潮州街60巷口燈桿旁","full_address":"臺北市大安區潮州街60巷口燈桿旁","approval_years":"","note":"","longitude":121.52376,"latitude":25.02919,"resource_type":"臺北舊衣回收箱"}},{"type":"Feature","geometry":{"type":"Point","coordinates":[121.52519,25.02837]},"properties":{"source_city":"臺北市","approval_id":"TP-1327","category":"舊衣回收箱","org_name":"臺北市恩寶身心障礙者關懷協會","org_type":"身障復健團體","phone":"(02)26886212","district":"大安區","village":"","approved_location":"潮州街98巷8號邊","full_address":"臺北市大安區潮州街98巷8號邊","approval_years":"","note":"","longitude":121.52519,"latitude":25.02837,"resource_type":"臺北舊衣回收箱"}},{"type":"Feature","geometry":{"type":"Point","coordinates":[121.52511,25.02754]},"properties":{"source_city":"臺北市","approval_id":"TP-1328","category":"舊衣回收箱","org_name":"臺北市恩寶身心障礙者關懷協會","org_type":"身障復健團體","phone":"(02)26886212","district":"大安區","village":"","approved_location":"和平東路1段85巷4弄底","full_address":"臺北市大安區和平東路1段85巷4弄底","approval_years":"","note":"","longitude":121.52511,"latitude":25.02754,"resource_type":"臺北舊衣回收箱"}},{"type":"Feature","geometry":{"type":"Point","coordinates":[121.52459,25.03411]},"properties":{"source_city":"臺北市","approval_id":"TP-1335","category":"舊衣回收箱","org_name":"臺北市恩寶身心障礙者關懷協會","org_type":"身障復健團體","phone":"(02)26886212","district":"大安區","village":"","approved_location":"信義路2段10巷11弄口","full_address":"臺北市大安區信義路2段10巷11弄口","approval_years":"","note":"","longitude":121.52459,"latitude":25.03411,"resource_type":"臺北舊衣回收箱"}},{"type":"Feature","geometry":{"type":"Point","coordinates":[121.55465,25.03539]},"properties":{"source_city":"臺北市","approval_id":"TP-15","category":"舊衣回收箱","org_name":"台北市自閉症家長協會","org_type":"身障復健團體","phone":"(02)25953937","district":"大安區","village":"","approved_location":"仁愛路4段300巷35弄2號對面","full_address":"臺北市大安區仁愛路4段300巷35弄2號對面","approval_years":"","note":"","longitude":121.55465,"latitude":25.03539,"resource_type":"臺北舊衣回收箱"}},{"type":"Feature","geometry":{"type":"Point","coordinates":[121.5507023,25.0309315]},"properties":{"source_city":"臺北市","approval_id":"TP-151","category":"舊衣回收箱","org_name":"台北市康復之友協會","org_type":"身障復健團體","phone":"(02)27652810","district":"大安區","village":"","approved_location":"敦化南路2段63巷33號變電箱旁","full_address":"臺北市大安區敦化南路2段63巷33號變電箱旁","approval_years":"","note":"","longitude":121.5507023,"latitude":25.0309315,"resource_type":"臺北舊衣回收箱"}},{"type":"Feature","geometry":{"type":"Point","coordinates":[121.5470118,25.02587673]},"properties":{"source_city":"臺北市","approval_id":"TP-152","category":"舊衣回收箱","org_name":"台北市康復之友協會","org_type":"身障復健團體","phone":"(02)27652810","district":"大安區","village":"","approved_location":"和平東路3段1巷25號對面的群賢公園","full_address":"臺北市大安區和平東路3段1巷25號對面的群賢公園","approval_years":"","note":"","longitude":121.5470118,"latitude":25.02587673,"resource_type":"臺北舊衣回收箱"}},{"type":"Feature","geometry":{"type":"Point","coordinates":[121.5452872,25.02820492]},"properties":{"source_city":"臺北市","approval_id":"TP-153","category":"舊衣回收箱","org_name":"台北市康復之友協會","org_type":"身障復健團體","phone":"(02)27652810","district":"大安區","village":"","approved_location":"復興南路2段151巷30弄口","full_address":"臺北市大安區復興南路2段151巷30弄口","approval_years":"","note":"","longitude":121.5452872,"latitude":25.02820492,"resource_type":"臺北舊衣回收箱"}},{"type":"Feature","geometry":{"type":"Point","coordinates":[121.54612,25.03558]},"properties":{"source_city":"臺北市","approval_id":"TP-16","category":"舊衣回收箱","org_name":"台北市自閉症家長協會","org_type":"身障復健團體","phone":"(02)25953937","district":"大安區","village":"","approved_location":"大安路1段193-2號旁與四維路44巷口","full_address":"臺北市大安區大安路1段193-2號旁與四維路44巷口","approval_years":"","note":"","longitude":121.54612,"latitude":25.03558,"resource_type":"臺北舊衣回收箱"}},{"type":"Feature","geometry":{"type":"Point","coordinates":[121.55392,25.022298]},"properties":{"source_city":"臺北市","approval_id":"TP-163","category":"舊衣回收箱","org_name":"台北市盲人福利協進會","org_type":"視障服務團體","phone":"(02)25585000","district":"大安區","village":"","approved_location":"和平東路3段與嘉興街口","full_address":"臺北市大安區和平東路3段與嘉興街口","approval_years":"","note":"","longitude":121.55392,"latitude":25.022298,"resource_type":"臺北舊衣回收箱"}},{"type":"Feature","geometry":{"type":"Point","coordinates":[121.55157,25.01944]},"properties":{"source_city":"臺北市","approval_id":"TP-186","category":"舊衣回收箱","org_name":"台北市盲人福利協進會","org_type":"視障服務團體","phone":"(02)25585000","district":"大安區","village":"","approved_location":"臥龍街131巷13弄1號","full_address":"臺北市大安區臥龍街131巷13弄1號","approval_years":"","note":"","longitude":121.55157,"latitude":25.01944,"resource_type":"臺北舊衣回收箱"}},{"type":"Feature","geometry":{"type":"Point","coordinates":[121.542032,25.039118]},"properties":{"source_city":"臺北市","approval_id":"TP-187","category":"舊衣回收箱","org_name":"台北市盲人福利協進會","org_type":"視障服務團體","phone":"(02)25585000","district":"大安區","village":"","approved_location":"仁愛路3段123巷9弄口公告欄旁","full_address":"臺北市大安區仁愛路3段123巷9弄口公告欄旁","approval_years":"","note":"","longitude":121.542032,"latitude":25.039118,"resource_type":"臺北舊衣回收箱"}},{"type":"Feature","geometry":{"type":"Point","coordinates":[121.541553,25.040664]},"properties":{"source_city":"臺北市","approval_id":"TP-189","category":"舊衣回收箱","org_name":"台北市盲人福利協進會","org_type":"視障服務團體","phone":"(02)25585000","district":"大安區","village":"","approved_location":"忠孝東路3段248巷13弄頭","full_address":"臺北市大安區忠孝東路3段248巷13弄頭","approval_years":"","note":"","longitude":121.541553,"latitude":25.040664,"resource_type":"臺北舊衣回收箱"}},{"type":"Feature","geometry":{"type":"Point","coordinates":[121.54708,25.03507]},"properties":{"source_city":"臺北市","approval_id":"TP-2","category":"舊衣回收箱","org_name":"台北市自閉症家長協會","org_type":"身障復健團體","phone":"(02)25953937","district":"大安區","village":"","approved_location":"四維路52巷10號旁","full_address":"臺北市大安區四維路52巷10號旁","approval_years":"","note":"","longitude":121.54708,"latitude":25.03507,"resource_type":"臺北舊衣回收箱"}},{"type":"Feature","geometry":{"type":"Point","coordinates":[121.528592,25.0237102]},"properties":{"source_city":"臺北市","approval_id":"TP-228","category":"舊衣回收箱","org_name":"台北市視障生活品質福利促進會","org_type":"視障服務團體","phone":"(02)25587370","district":"大安區","village":"","approved_location":"師大路71號前","full_address":"臺北市大安區師大路71號前","approval_years":"","note":"","longitude":121.528592,"latitude":25.0237102,"resource_type":"臺北舊衣回收箱"}},{"type":"Feature","geometry":{"type":"Point","coordinates":[121.5310718,25.02415593]},"properties":{"source_city":"臺北市","approval_id":"TP-229","category":"舊衣回收箱","org_name":"台北市視障生活品質福利促進會","org_type":"視障服務團體","phone":"(02)25587370","district":"大安區","village":"","approved_location":"泰順街40巷8號斜對面反光鏡右方","full_address":"臺北市大安區泰順街40巷8號斜對面反光鏡右方","approval_years":"","note":"","longitude":121.5310718,"latitude":25.02415593,"resource_type":"臺北舊衣回收箱"}},{"type":"Feature","geometry":{"type":"Point","coordinates":[121.531608,25.024821]},"properties":{"source_city":"臺北市","approval_id":"TP-247","category":"舊衣回收箱","org_name":"台北市心理復健家屬聯合協會","org_type":"身障復健團體","phone":"(02)23660399","district":"大安區","village":"","approved_location":"泰順街與溫州街18巷15-1號對面（公布欄旁）","full_address":"臺北市大安區泰順街與溫州街18巷15-1號對面（公布欄旁）","approval_years":"","note":"","longitude":121.531608,"latitude":25.024821,"resource_type":"臺北舊衣回收箱"}},{"type":"Feature","geometry":{"type":"Point","coordinates":[121.529225,25.026449]},"properties":{"source_city":"臺北市","approval_id":"TP-249","category":"舊衣回收箱","org_name":"台北市心理復健家屬聯合協會","org_type":"身障復健團體","phone":"(02)23660399","district":"大安區","village":"","approved_location":"和平東路1段與龍泉街口（燈桿旁）","full_address":"臺北市大安區和平東路1段與龍泉街口（燈桿旁）","approval_years":"","note":"","longitude":121.529225,"latitude":25.026449,"resource_type":"臺北舊衣回收箱"}},{"type":"Feature","geometry":{"type":"Point","coordinates":[121.54673,25.02625]},"properties":{"source_city":"臺北市","approval_id":"TP-25","category":"舊衣回收箱","org_name":"台北市自閉症家長協會","org_type":"身障復健團體","phone":"(02)25953937","district":"大安區","village":"","approved_location":"和平東路3段1巷成功市場對面","full_address":"臺北市大安區和平東路3段1巷成功市場對面","approval_years":"","note":"","longitude":121.54673,"latitude":25.02625,"resource_type":"臺北舊衣回收箱"}},{"type":"Feature","geometry":{"type":"Point","coordinates":[121.54283,25.02332]},"properties":{"source_city":"臺北市","approval_id":"TP-28","category":"舊衣回收箱","org_name":"台北市自閉症家長協會","org_type":"身障復健團體","phone":"(02)25953937","district":"大安區","village":"","approved_location":"和平東路2段118巷(公園)","full_address":"臺北市大安區和平東路2段118巷(公園)","approval_years":"","note":"","longitude":121.54283,"latitude":25.02332,"resource_type":"臺北舊衣回收箱"}},{"type":"Feature","geometry":{"type":"Point","coordinates":[121.53138,25.02246]},"properties":{"source_city":"臺北市","approval_id":"TP-30","category":"舊衣回收箱","org_name":"台北市自閉症家長協會","org_type":"身障復健團體","phone":"(02)25953937","district":"大安區","village":"","approved_location":"泰順街57巷口斜對面圍牆旁","full_address":"臺北市大安區泰順街57巷口斜對面圍牆旁","approval_years":"","note":"","longitude":121.53138,"latitude":25.02246,"resource_type":"臺北舊衣回收箱"}},{"type":"Feature","geometry":{"type":"Point","coordinates":[121.53155,25.02577]},"properties":{"source_city":"臺北市","approval_id":"TP-31","category":"舊衣回收箱","org_name":"台北市自閉症家長協會","org_type":"身障復健團體","phone":"(02)25953937","district":"大安區","village":"","approved_location":"泰順街與溫州街12巷口","full_address":"臺北市大安區泰順街與溫州街12巷口","approval_years":"","note":"","longitude":121.53155,"latitude":25.02577,"resource_type":"臺北舊衣回收箱"}},{"type":"Feature","geometry":{"type":"Point","coordinates":[121.54052,25.03031]},"properties":{"source_city":"臺北市","approval_id":"TP-32","category":"舊衣回收箱","org_name":"台北市自閉症家長協會","org_type":"身障復健團體","phone":"(02)25953937","district":"大安區","village":"","approved_location":"瑞安街208巷70弄口","full_address":"臺北市大安區瑞安街208巷70弄口","approval_years":"","note":"","longitude":121.54052,"latitude":25.03031,"resource_type":"臺北舊衣回收箱"}},{"type":"Feature","geometry":{"type":"Point","coordinates":[121.55635,25.03943]},"properties":{"source_city":"臺北市","approval_id":"TP-329","category":"舊衣回收箱","org_name":"臺北市唐氏症家長協會","org_type":"身障復健團體","phone":"(02)22782321","district":"大安區","village":"","approved_location":"光復南路290巷25號旁","full_address":"臺北市大安區光復南路290巷25號旁","approval_years":"","note":"","longitude":121.55635,"latitude":25.03943,"resource_type":"臺北舊衣回收箱"}},{"type":"Feature","geometry":{"type":"Point","coordinates":[121.5356168,25.03718346]},"properties":{"source_city":"臺北市","approval_id":"TP-330","category":"舊衣回收箱","org_name":"臺北市唐氏症家長協會","org_type":"身障復健團體","phone":"(02)22782321","district":"大安區","village":"","approved_location":"仁愛路3段24巷1弄口和仁愛路3段24巷口","full_address":"臺北市大安區仁愛路3段24巷1弄口和仁愛路3段24巷口","approval_years":"","note":"","longitude":121.5356168,"latitude":25.03718346,"resource_type":"臺北舊衣回收箱"}},{"type":"Feature","geometry":{"type":"Point","coordinates":[121.5525606,25.03105906]},"properties":{"source_city":"臺北市","approval_id":"TP-372","category":"舊衣回收箱","org_name":"財團法人台北市樹仁社會福利基金會","org_type":"社福基金會","phone":"(02)28936122","district":"大安區","village":"","approved_location":"安和路2段57號","full_address":"臺北市大安區安和路2段57號","approval_years":"","note":"","longitude":121.5525606,"latitude":25.03105906,"resource_type":"臺北舊衣回收箱"}},{"type":"Feature","geometry":{"type":"Point","coordinates":[121.529344,25.02297059]},"properties":{"source_city":"臺北市","approval_id":"TP-407","category":"舊衣回收箱","org_name":"台北市肌萎縮症病友協會","org_type":"身障復健團體","phone":"(02)27272321","district":"大安區","village":"","approved_location":"泰順街54巷與龍泉街84號對面變電箱邊","full_address":"臺北市大安區泰順街54巷與龍泉街84號對面變電箱邊","approval_years":"","note":"","longitude":121.529344,"latitude":25.02297059,"resource_type":"臺北舊衣回收箱"}},{"type":"Feature","geometry":{"type":"Point","coordinates":[121.5301501,25.02146431]},"properties":{"source_city":"臺北市","approval_id":"TP-434","category":"舊衣回收箱","org_name":"台北市肌萎縮症病友協會","org_type":"身障復健團體","phone":"(02)27272321","district":"大安區","village":"","approved_location":"龍泉街93巷與泰順街62巷口(古亭國小人行道週邊)","full_address":"臺北市大安區龍泉街93巷與泰順街62巷口(古亭國小人行道週邊)","approval_years":"","note":"","longitude":121.5301501,"latitude":25.02146431,"resource_type":"臺北舊衣回收箱"}},{"type":"Feature","geometry":{"type":"Point","coordinates":[121.553362,25.027363]},"properties":{"source_city":"臺北市","approval_id":"TP-45","category":"舊衣回收箱","org_name":"臺北市視障樂活福利促進會","org_type":"視障服務團體","phone":"(02)25993105","district":"大安區","village":"","approved_location":"通化街178號電箱旁","full_address":"臺北市大安區通化街178號電箱旁","approval_years":"","note":"","longitude":121.553362,"latitude":25.027363,"resource_type":"臺北舊衣回收箱"}},{"type":"Feature","geometry":{"type":"Point","coordinates":[121.52263,25.02796]},"properties":{"source_city":"臺北市","approval_id":"TP-454","category":"舊衣回收箱","org_name":"台北市脊髓損傷者協會","org_type":"公益協會團體","phone":"(02)25986062","district":"大安區","village":"","approved_location":"和平東路1段11巷24號對面","full_address":"臺北市大安區和平東路1段11巷24號對面","approval_years":"","note":"","longitude":121.52263,"latitude":25.02796,"resource_type":"臺北舊衣回收箱"}},{"type":"Feature","geometry":{"type":"Point","coordinates":[121.52441,25.02726]},"properties":{"source_city":"臺北市","approval_id":"TP-455","category":"舊衣回收箱","org_name":"台北市脊髓損傷者協會","org_type":"公益協會團體","phone":"(02)25986062","district":"大安區","village":"","approved_location":"和平東路1段55巷口(排水溝旁)","full_address":"臺北市大安區和平東路1段55巷口(排水溝旁)","approval_years":"","note":"","longitude":121.52441,"latitude":25.02726,"resource_type":"臺北舊衣回收箱"}},{"type":"Feature","geometry":{"type":"Point","coordinates":[121.549439,25.01761]},"properties":{"source_city":"臺北市","approval_id":"TP-46","category":"舊衣回收箱","org_name":"臺北市視障樂活福利促進會","org_type":"視障服務團體","phone":"(02)25993105","district":"大安區","village":"","approved_location":"辛亥路3段157巷14號對面大樹旁","full_address":"臺北市大安區辛亥路3段157巷14號對面大樹旁","approval_years":"","note":"","longitude":121.549439,"latitude":25.01761,"resource_type":"臺北舊衣回收箱"}},{"type":"Feature","geometry":{"type":"Point","coordinates":[121.541939,25.032775]},"properties":{"source_city":"臺北市","approval_id":"TP-47","category":"舊衣回收箱","org_name":"臺北市視障樂活福利促進會","org_type":"視障服務團體","phone":"(02)25993105","district":"大安區","village":"","approved_location":"信義路3段166巷3號對面變電箱旁","full_address":"臺北市大安區信義路3段166巷3號對面變電箱旁","approval_years":"","note":"","longitude":121.541939,"latitude":25.032775,"resource_type":"臺北舊衣回收箱"}},{"type":"Feature","geometry":{"type":"Point","coordinates":[121.538118,25.032465]},"properties":{"source_city":"臺北市","approval_id":"TP-48","category":"舊衣回收箱","org_name":"臺北市視障樂活福利促進會","org_type":"視障服務團體","phone":"(02)25993105","district":"大安區","village":"","approved_location":"建國南路2段25巷口","full_address":"臺北市大安區建國南路2段25巷口","approval_years":"","note":"","longitude":121.538118,"latitude":25.032465,"resource_type":"臺北舊衣回收箱"}},{"type":"Feature","geometry":{"type":"Point","coordinates":[121.5530541,25.02906218]},"properties":{"source_city":"臺北市","approval_id":"TP-488","category":"舊衣回收箱","org_name":"臺北市弱勢者發展協會","org_type":"公益協會團體","phone":"(02)25429529","district":"大安區","village":"","approved_location":"樂利路27巷1號對面","full_address":"臺北市大安區樂利路27巷1號對面","approval_years":"","note":"","longitude":121.5530541,"latitude":25.02906218,"resource_type":"臺北舊衣回收箱"}},{"type":"Feature","geometry":{"type":"Point","coordinates":[121.541829,25.030624]},"properties":{"source_city":"臺北市","approval_id":"TP-49","category":"舊衣回收箱","org_name":"臺北市視障樂活福利促進會","org_type":"視障服務團體","phone":"(02)25993105","district":"大安區","village":"","approved_location":"復興南路2段78巷42弄5號對面電箱旁","full_address":"臺北市大安區復興南路2段78巷42弄5號對面電箱旁","approval_years":"","note":"","longitude":121.541829,"latitude":25.030624,"resource_type":"臺北舊衣回收箱"}},{"type":"Feature","geometry":{"type":"Point","coordinates":[121.53342,25.02609]},"properties":{"source_city":"臺北市","approval_id":"TP-5","category":"舊衣回收箱","org_name":"台北市自閉症家長協會","org_type":"身障復健團體","phone":"(02)25953937","district":"大安區","village":"","approved_location":"和平東路1段溫州街口","full_address":"臺北市大安區和平東路1段溫州街口","approval_years":"","note":"","longitude":121.53342,"latitude":25.02609,"resource_type":"臺北舊衣回收箱"}},{"type":"Feature","geometry":{"type":"Point","coordinates":[121.543,25.029853]},"properties":{"source_city":"臺北市","approval_id":"TP-50","category":"舊衣回收箱","org_name":"臺北市視障樂活福利促進會","org_type":"視障服務團體","phone":"(02)25993105","district":"大安區","village":"","approved_location":"瑞安街100號斜對面","full_address":"臺北市大安區瑞安街100號斜對面","approval_years":"","note":"","longitude":121.543,"latitude":25.029853,"resource_type":"臺北舊衣回收箱"}},{"type":"Feature","geometry":{"type":"Point","coordinates":[121.5534606,25.0226568]},"properties":{"source_city":"臺北市","approval_id":"TP-506","category":"舊衣回收箱","org_name":"臺北市視障藝文發展協會","org_type":"視障服務團體","phone":"(02)25912695","district":"大安區","village":"","approved_location":"嘉興街319號對面電箱旁","full_address":"臺北市大安區嘉興街319號對面電箱旁","approval_years":"","note":"","longitude":121.5534606,"latitude":25.0226568,"resource_type":"臺北舊衣回收箱"}},{"type":"Feature","geometry":{"type":"Point","coordinates":[121.5554823,25.0285201]},"properties":{"source_city":"臺北市","approval_id":"TP-507","category":"舊衣回收箱","org_name":"臺北市視障藝文發展協會","org_type":"視障服務團體","phone":"(02)25912695","district":"大安區","village":"","approved_location":"臨江街40巷59號旁","full_address":"臺北市大安區臨江街40巷59號旁","approval_years":"","note":"","longitude":121.5554823,"latitude":25.0285201,"resource_type":"臺北舊衣回收箱"}},{"type":"Feature","geometry":{"type":"Point","coordinates":[121.5542089,25.0291894]},"properties":{"source_city":"臺北市","approval_id":"TP-508","category":"舊衣回收箱","org_name":"臺北市視障藝文發展協會","org_type":"視障服務團體","phone":"(02)25912695","district":"大安區","village":"","approved_location":"通化街123巷2號旁","full_address":"臺北市大安區通化街123巷2號旁","approval_years":"","note":"","longitude":121.5542089,"latitude":25.0291894,"resource_type":"臺北舊衣回收箱"}},{"type":"Feature","geometry":{"type":"Point","coordinates":[121.540538,25.028344]},"properties":{"source_city":"臺北市","approval_id":"TP-51","category":"舊衣回收箱","org_name":"臺北市視障樂活福利促進會","org_type":"視障服務團體","phone":"(02)25993105","district":"大安區","village":"","approved_location":"瑞安街208巷3號前","full_address":"臺北市大安區瑞安街208巷3號前","approval_years":"","note":"","longitude":121.540538,"latitude":25.028344,"resource_type":"臺北舊衣回收箱"}},{"type":"Feature","geometry":{"type":"Point","coordinates":[121.5461308,25.0342449]},"properties":{"source_city":"臺北市","approval_id":"TP-513","category":"舊衣回收箱","org_name":"臺北市視障藝文發展協會","org_type":"視障服務團體","phone":"(02)25912695","district":"大安區","village":"","approved_location":"大安路1段235號旁","full_address":"臺北市大安區大安路1段235號旁","approval_years":"","note":"","longitude":121.5461308,"latitude":25.0342449,"resource_type":"臺北舊衣回收箱"}},{"type":"Feature","geometry":{"type":"Point","coordinates":[121.5360153,25.03419927]},"properties":{"source_city":"臺北市","approval_id":"TP-520","category":"舊衣回收箱","org_name":"臺北市視障藝文發展協會","org_type":"視障服務團體","phone":"(02)25912695","district":"大安區","village":"","approved_location":"新生南路1段165巷35號斜對面","full_address":"臺北市大安區新生南路1段165巷35號斜對面","approval_years":"","note":"","longitude":121.5360153,"latitude":25.03419927,"resource_type":"臺北舊衣回收箱"}},{"type":"Feature","geometry":{"type":"Point","coordinates":[121.534456,25.048934]},"properties":{"source_city":"臺北市","approval_id":"TP-521","category":"舊衣回收箱","org_name":"臺北市視障藝文發展協會","org_type":"視障服務團體","phone":"(02)25912695","district":"大安區","village":"","approved_location":"延吉街131巷1弄34號對面","full_address":"臺北市大安區延吉街131巷1弄34號對面","approval_years":"","note":"","longitude":121.534456,"latitude":25.048934,"resource_type":"臺北舊衣回收箱"}},{"type":"Feature","geometry":{"type":"Point","coordinates":[121.534994,25.05065]},"properties":{"source_city":"臺北市","approval_id":"TP-522","category":"舊衣回收箱","org_name":"臺北市視障藝文發展協會","org_type":"視障服務團體","phone":"(02)25912695","district":"大安區","village":"","approved_location":"大安路1段19巷24號旁","full_address":"臺北市大安區大安路1段19巷24號旁","approval_years":"","note":"","longitude":121.534994,"latitude":25.05065,"resource_type":"臺北舊衣回收箱"}},{"type":"Feature","geometry":{"type":"Point","coordinates":[121.582258,25.079034]},"properties":{"source_city":"臺北市","approval_id":"TP-525","category":"舊衣回收箱","org_name":"臺北市視障藝文發展協會","org_type":"視障服務團體","phone":"(02)25912695","district":"大安區","village":"","approved_location":"光復南路420巷1弄口","full_address":"臺北市大安區光復南路420巷1弄口","approval_years":"","note":"","longitude":121.582258,"latitude":25.079034,"resource_type":"臺北舊衣回收箱"}},{"type":"Feature","geometry":{"type":"Point","coordinates":[121.5411667,25.0426684]},"properties":{"source_city":"臺北市","approval_id":"TP-537","category":"舊衣回收箱","org_name":"台北市角落關懷協會","org_type":"公益協會團體","phone":"(02)25537117","district":"大安區","village":"","approved_location":"忠孝東路3段251巷6弄底誠安公園圍牆旁","full_address":"臺北市大安區忠孝東路3段251巷6弄底誠安公園圍牆旁","approval_years":"","note":"","longitude":121.5411667,"latitude":25.0426684,"resource_type":"臺北舊衣回收箱"}},{"type":"Feature","geometry":{"type":"Point","coordinates":[121.5749544,25.0196588]},"properties":{"source_city":"臺北市","approval_id":"TP-538","category":"舊衣回收箱","org_name":"台北市角落關懷協會","org_type":"公益協會團體","phone":"(02)25537117","district":"大安區","village":"","approved_location":"安居街55號旁","full_address":"臺北市大安區安居街55號旁","approval_years":"","note":"","longitude":121.5749544,"latitude":25.0196588,"resource_type":"臺北舊衣回收箱"}},{"type":"Feature","geometry":{"type":"Point","coordinates":[121.5518977,25.01827756]},"properties":{"source_city":"臺北市","approval_id":"TP-539","category":"舊衣回收箱","org_name":"台北市角落關懷協會","org_type":"公益協會團體","phone":"(02)25537117","district":"大安區","village":"","approved_location":"安居街121號之1","full_address":"臺北市大安區安居街121號之1","approval_years":"","note":"","longitude":121.5518977,"latitude":25.01827756,"resource_type":"臺北舊衣回收箱"}},{"type":"Feature","geometry":{"type":"Point","coordinates":[121.549008,25.02394715]},"properties":{"source_city":"臺北市","approval_id":"TP-543","category":"舊衣回收箱","org_name":"台北市角落關懷協會","org_type":"公益協會團體","phone":"(02)25537117","district":"大安區","village":"","approved_location":"敦化南路2段293巷人行道旁","full_address":"臺北市大安區敦化南路2段293巷人行道旁","approval_years":"","note":"","longitude":121.549008,"latitude":25.02394715,"resource_type":"臺北舊衣回收箱"}},{"type":"Feature","geometry":{"type":"Point","coordinates":[121.5505222,25.03028417]},"properties":{"source_city":"臺北市","approval_id":"TP-544","category":"舊衣回收箱","org_name":"台北市角落關懷協會","org_type":"公益協會團體","phone":"(02)25537117","district":"大安區","village":"","approved_location":"敦化南路2段81巷45弄3號旁","full_address":"臺北市大安區敦化南路2段81巷45弄3號旁","approval_years":"","note":"","longitude":121.5505222,"latitude":25.03028417,"resource_type":"臺北舊衣回收箱"}},{"type":"Feature","geometry":{"type":"Point","coordinates":[121.5503413,25.03351807]},"properties":{"source_city":"臺北市","approval_id":"TP-548","category":"舊衣回收箱","org_name":"台北市角落關懷協會","org_type":"公益協會團體","phone":"(02)25537117","district":"大安區","village":"","approved_location":"仁愛路4段122巷底與信義路4段","full_address":"臺北市大安區仁愛路4段122巷底與信義路4段","approval_years":"","note":"","longitude":121.5503413,"latitude":25.03351807,"resource_type":"臺北舊衣回收箱"}},{"type":"Feature","geometry":{"type":"Point","coordinates":[121.5346587,25.0395531]},"properties":{"source_city":"臺北市","approval_id":"TP-601","category":"舊衣回收箱","org_name":"台北市彩虹心服務協會","org_type":"公益協會團體","phone":"(02)25060676","district":"大安區","village":"","approved_location":"仁愛路3段5巷3弄18號對面公園","full_address":"臺北市大安區仁愛路3段5巷3弄18號對面公園","approval_years":"","note":"","longitude":121.5346587,"latitude":25.0395531,"resource_type":"臺北舊衣回收箱"}},{"type":"Feature","geometry":{"type":"Point","coordinates":[121.5499082,25.0211526]},"properties":{"source_city":"臺北市","approval_id":"TP-608","category":"舊衣回收箱","org_name":"台北市彩虹心服務協會","org_type":"公益協會團體","phone":"(02)25060676","district":"大安區","village":"","approved_location":"樂業街72巷27號對面","full_address":"臺北市大安區樂業街72巷27號對面","approval_years":"","note":"","longitude":121.5499082,"latitude":25.0211526,"resource_type":"臺北舊衣回收箱"}},{"type":"Feature","geometry":{"type":"Point","coordinates":[121.5532873,25.0345287]},"properties":{"source_city":"臺北市","approval_id":"TP-650","category":"舊衣回收箱","org_name":"臺北市私立育成裕民發展中心","org_type":"身障復健團體","phone":"(02)27068686","district":"大安區","village":"","approved_location":"安和路1段127巷14號旁","full_address":"臺北市大安區安和路1段127巷14號旁","approval_years":"","note":"","longitude":121.5532873,"latitude":25.0345287,"resource_type":"臺北舊衣回收箱"}},{"type":"Feature","geometry":{"type":"Point","coordinates":[121.5524581,25.0282723]},"properties":{"source_city":"臺北市","approval_id":"TP-651","category":"舊衣回收箱","org_name":"臺北市私立育成裕民發展中心","org_type":"身障復健團體","phone":"(02)27068686","district":"大安區","village":"","approved_location":"樂利路11巷32號通化街交會處","full_address":"臺北市大安區樂利路11巷32號通化街交會處","approval_years":"","note":"","longitude":121.5524581,"latitude":25.0282723,"resource_type":"臺北舊衣回收箱"}},{"type":"Feature","geometry":{"type":"Point","coordinates":[121.5515993,25.0385566]},"properties":{"source_city":"臺北市","approval_id":"TP-652","category":"舊衣回收箱","org_name":"臺北市私立育成裕民發展中心","org_type":"身障復健團體","phone":"(02)27068686","district":"大安區","village":"","approved_location":"安和路1段49巷9號旁邊","full_address":"臺北市大安區安和路1段49巷9號旁邊","approval_years":"","note":"","longitude":121.5515993,"latitude":25.0385566,"resource_type":"臺北舊衣回收箱"}},{"type":"Feature","geometry":{"type":"Point","coordinates":[121.54566,25.02101]},"properties":{"source_city":"臺北市","approval_id":"TP-653","category":"舊衣回收箱","org_name":"臺北市私立育成裕民發展中心","org_type":"身障復健團體","phone":"(02)27068686","district":"大安區","village":"","approved_location":"辛亥路3段55號(大安運動中心前)","full_address":"臺北市大安區辛亥路3段55號(大安運動中心前)","approval_years":"","note":"","longitude":121.54566,"latitude":25.02101,"resource_type":"臺北舊衣回收箱"}},{"type":"Feature","geometry":{"type":"Point","coordinates":[121.5505246,25.0164726]},"properties":{"source_city":"臺北市","approval_id":"TP-655","category":"舊衣回收箱","org_name":"臺北市私立育成裕民發展中心","org_type":"身障復健團體","phone":"(02)27068686","district":"大安區","village":"","approved_location":"臥龍街188巷42-3號對面臥龍公園角落旁","full_address":"臺北市大安區臥龍街188巷42-3號對面臥龍公園角落旁","approval_years":"","note":"","longitude":121.5505246,"latitude":25.0164726,"resource_type":"臺北舊衣回收箱"}},{"type":"Feature","geometry":{"type":"Point","coordinates":[121.54795,25.02388]},"properties":{"source_city":"臺北市","approval_id":"TP-657","category":"舊衣回收箱","org_name":"臺北市私立育成裕民發展中心","org_type":"身障復健團體","phone":"(02)27068686","district":"大安區","village":"","approved_location":"敦化南路2段172巷8弄5號","full_address":"臺北市大安區敦化南路2段172巷8弄5號","approval_years":"","note":"","longitude":121.54795,"latitude":25.02388,"resource_type":"臺北舊衣回收箱"}},{"type":"Feature","geometry":{"type":"Point","coordinates":[121.5509903,25.023667]},"properties":{"source_city":"臺北市","approval_id":"TP-659","category":"舊衣回收箱","org_name":"臺北市私立育成裕民發展中心","org_type":"身障復健團體","phone":"(02)27068686","district":"大安區","village":"","approved_location":"臥龍街199號里公告欄旁","full_address":"臺北市大安區臥龍街199號里公告欄旁","approval_years":"","note":"","longitude":121.5509903,"latitude":25.023667,"resource_type":"臺北舊衣回收箱"}},{"type":"Feature","geometry":{"type":"Point","coordinates":[121.5476449,25.0214904]},"properties":{"source_city":"臺北市","approval_id":"TP-665","category":"舊衣回收箱","org_name":"臺北市私立育成裕民發展中心","org_type":"身障復健團體","phone":"(02)27068686","district":"大安區","village":"","approved_location":"臥龍街62號對面","full_address":"臺北市大安區臥龍街62號對面","approval_years":"","note":"","longitude":121.5476449,"latitude":25.0214904,"resource_type":"臺北舊衣回收箱"}},{"type":"Feature","geometry":{"type":"Point","coordinates":[121.5435799,25.02201]},"properties":{"source_city":"臺北市","approval_id":"TP-671","category":"舊衣回收箱","org_name":"臺北市私立育成裕民發展中心","org_type":"身障復健團體","phone":"(02)27068686","district":"大安區","village":"","approved_location":"復興南路2段389號旁","full_address":"臺北市大安區復興南路2段389號旁","approval_years":"","note":"","longitude":121.5435799,"latitude":25.02201,"resource_type":"臺北舊衣回收箱"}},{"type":"Feature","geometry":{"type":"Point","coordinates":[121.5506688,25.0286952]},"properties":{"source_city":"臺北市","approval_id":"TP-672","category":"舊衣回收箱","org_name":"臺北市私立育成裕民發展中心","org_type":"身障復健團體","phone":"(02)27068686","district":"大安區","village":"","approved_location":"安和路2段141號前","full_address":"臺北市大安區安和路2段141號前","approval_years":"","note":"","longitude":121.5506688,"latitude":25.0286952,"resource_type":"臺北舊衣回收箱"}},{"type":"Feature","geometry":{"type":"Point","coordinates":[121.522,25.023]},"properties":{"source_city":"臺北市","approval_id":"TP-685","category":"舊衣回收箱","org_name":"台北市中風之友康復協會","org_type":"身障復健團體","phone":"(02)27644061","district":"大安區","village":"","approved_location":"?州街18-3號對面","full_address":"臺北市大安區?州街18-3號對面","approval_years":"","note":"","longitude":121.522,"latitude":25.023,"resource_type":"臺北舊衣回收箱"}},{"type":"Feature","geometry":{"type":"Point","coordinates":[121.499,25.05465]},"properties":{"source_city":"臺北市","approval_id":"TP-692","category":"舊衣回收箱","org_name":"台北市中風之友康復協會","org_type":"身障復健團體","phone":"(02)27644061","district":"大安區","village":"","approved_location":"文昌街210巷8號旁","full_address":"臺北市大安區文昌街210巷8號旁","approval_years":"","note":"","longitude":121.499,"latitude":25.05465,"resource_type":"臺北舊衣回收箱"}},{"type":"Feature","geometry":{"type":"Point","coordinates":[121.527,25.0527]},"properties":{"source_city":"臺北市","approval_id":"TP-700","category":"舊衣回收箱","org_name":"台北市中風之友康復協會","org_type":"身障復健團體","phone":"(02)27644061","district":"大安區","village":"","approved_location":"和平東路1段188巷口前","full_address":"臺北市大安區和平東路1段188巷口前","approval_years":"","note":"","longitude":121.527,"latitude":25.0527,"resource_type":"臺北舊衣回收箱"}},{"type":"Feature","geometry":{"type":"Point","coordinates":[121.55311,25.02704]},"properties":{"source_city":"臺北市","approval_id":"TP-784","category":"舊衣回收箱","org_name":"臺北市愛盲協會","org_type":"公益協會團體","phone":"(02)26886212","district":"大安區","village":"","approved_location":"通化街184巷3號對面","full_address":"臺北市大安區通化街184巷3號對面","approval_years":"","note":"","longitude":121.55311,"latitude":25.02704,"resource_type":"臺北舊衣回收箱"}},{"type":"Feature","geometry":{"type":"Point","coordinates":[121.55247,25.02606]},"properties":{"source_city":"臺北市","approval_id":"TP-785","category":"舊衣回收箱","org_name":"臺北市愛盲協會","org_type":"公益協會團體","phone":"(02)26886212","district":"大安區","village":"","approved_location":"通化街200巷口變電箱旁","full_address":"臺北市大安區通化街200巷口變電箱旁","approval_years":"","note":"","longitude":121.55247,"latitude":25.02606,"resource_type":"臺北舊衣回收箱"}},{"type":"Feature","geometry":{"type":"Point","coordinates":[121.55228,25.03261]},"properties":{"source_city":"臺北市","approval_id":"TP-786","category":"舊衣回收箱","org_name":"臺北市愛盲協會","org_type":"公益協會團體","phone":"(02)26886212","district":"大安區","village":"","approved_location":"安和路2段8號旁文昌街口","full_address":"臺北市大安區安和路2段8號旁文昌街口","approval_years":"","note":"","longitude":121.55228,"latitude":25.03261,"resource_type":"臺北舊衣回收箱"}},{"type":"Feature","geometry":{"type":"Point","coordinates":[121.52443,25.03338]},"properties":{"source_city":"臺北市","approval_id":"TP-787","category":"舊衣回收箱","org_name":"臺北市愛盲協會","org_type":"公益協會團體","phone":"(02)26886212","district":"大安區","village":"","approved_location":"杭州南路2段25巷15號對面","full_address":"臺北市大安區杭州南路2段25巷15號對面","approval_years":"","note":"","longitude":121.52443,"latitude":25.03338,"resource_type":"臺北舊衣回收箱"}},{"type":"Feature","geometry":{"type":"Point","coordinates":[121.55024,25.02571]},"properties":{"source_city":"臺北市","approval_id":"TP-788","category":"舊衣回收箱","org_name":"臺北市愛盲協會","org_type":"公益協會團體","phone":"(02)26886212","district":"大安區","village":"","approved_location":"安和路2段217巷口電氣設備旁","full_address":"臺北市大安區安和路2段217巷口電氣設備旁","approval_years":"","note":"","longitude":121.55024,"latitude":25.02571,"resource_type":"臺北舊衣回收箱"}},{"type":"Feature","geometry":{"type":"Point","coordinates":[121.53494,25.02448]},"properties":{"source_city":"臺北市","approval_id":"TP-789","category":"舊衣回收箱","org_name":"臺北市愛盲協會","org_type":"公益協會團體","phone":"(02)26886212","district":"大安區","village":"","approved_location":"新生南路3段25巷口樹桿邊","full_address":"臺北市大安區新生南路3段25巷口樹桿邊","approval_years":"","note":"","longitude":121.53494,"latitude":25.02448,"resource_type":"臺北舊衣回收箱"}},{"type":"Feature","geometry":{"type":"Point","coordinates":[121.54041,25.02166]},"properties":{"source_city":"臺北市","approval_id":"TP-790","category":"舊衣回收箱","org_name":"臺北市愛盲協會","org_type":"公益協會團體","phone":"(02)26886212","district":"大安區","village":"","approved_location":"辛亥路2段155號旁","full_address":"臺北市大安區辛亥路2段155號旁","approval_years":"","note":"","longitude":121.54041,"latitude":25.02166,"resource_type":"臺北舊衣回收箱"}},{"type":"Feature","geometry":{"type":"Point","coordinates":[121.54535,25.02803]},"properties":{"source_city":"臺北市","approval_id":"TP-8","category":"舊衣回收箱","org_name":"台北市自閉症家長協會","org_type":"身障復健團體","phone":"(02)25953937","district":"大安區","village":"","approved_location":"復興南路2段151巷30弄與171巷交叉口","full_address":"臺北市大安區復興南路2段151巷30弄與171巷交叉口","approval_years":"","note":"","longitude":121.54535,"latitude":25.02803,"resource_type":"臺北舊衣回收箱"}},{"type":"Feature","geometry":{"type":"Point","coordinates":[121.5507325,25.04255816]},"properties":{"source_city":"臺北市","approval_id":"TP-804","category":"舊衣回收箱","org_name":"台北市身心障礙運動協會","org_type":"身障復健團體","phone":"(02)25912695","district":"大安區","village":"","approved_location":"敦化南路1段187巷29號對面圍牆旁","full_address":"臺北市大安區敦化南路1段187巷29號對面圍牆旁","approval_years":"","note":"","longitude":121.5507325,"latitude":25.04255816,"resource_type":"臺北舊衣回收箱"}},{"type":"Feature","geometry":{"type":"Point","coordinates":[121.5388692,25.02883605]},"properties":{"source_city":"臺北市","approval_id":"TP-805","category":"舊衣回收箱","org_name":"台北市身心障礙運動協會","org_type":"身障復健團體","phone":"(02)25912695","district":"大安區","village":"","approved_location":"建國南路2段151巷24號對面","full_address":"臺北市大安區建國南路2段151巷24號對面","approval_years":"","note":"","longitude":121.5388692,"latitude":25.02883605,"resource_type":"臺北舊衣回收箱"}},{"type":"Feature","geometry":{"type":"Point","coordinates":[121.528611,25.02475002]},"properties":{"source_city":"臺北市","approval_id":"TP-806","category":"舊衣回收箱","org_name":"台北市身心障礙運動協會","org_type":"身障復健團體","phone":"(02)25912695","district":"大安區","village":"","approved_location":"師大路39巷口右側5公尺旁","full_address":"臺北市大安區師大路39巷口右側5公尺旁","approval_years":"","note":"","longitude":121.528611,"latitude":25.02475002,"resource_type":"臺北舊衣回收箱"}},{"type":"Feature","geometry":{"type":"Point","coordinates":[121.541037,25.02834106]},"properties":{"source_city":"臺北市","approval_id":"TP-808","category":"舊衣回收箱","org_name":"台北市身心障礙運動協會","org_type":"身障復健團體","phone":"(02)25912695","district":"大安區","village":"","approved_location":"瑞安街75號斜前方(電信設備旁)","full_address":"臺北市大安區瑞安街75號斜前方(電信設備旁)","approval_years":"","note":"","longitude":121.541037,"latitude":25.02834106,"resource_type":"臺北舊衣回收箱"}},{"type":"Feature","geometry":{"type":"Point","coordinates":[121.5565928,25.03169745]},"properties":{"source_city":"臺北市","approval_id":"TP-818","category":"舊衣回收箱","org_name":"台北市身心障礙運動協會","org_type":"身障復健團體","phone":"(02)25912695","district":"大安區","village":"","approved_location":"光復南路628巷與文昌街280巷交叉口路燈邊","full_address":"臺北市大安區光復南路628巷與文昌街280巷交叉口路燈邊","approval_years":"","note":"","longitude":121.5565928,"latitude":25.03169745,"resource_type":"臺北舊衣回收箱"}},{"type":"Feature","geometry":{"type":"Point","coordinates":[121.55263,25.02158]},"properties":{"source_city":"臺北市","approval_id":"TP-828","category":"舊衣回收箱","org_name":"臺北市身心障礙者創業輔導發展協會","org_type":"身障復健團體","phone":"(02)27775940","district":"大安區","village":"","approved_location":"嘉興街363巷17號前公園","full_address":"臺北市大安區嘉興街363巷17號前公園","approval_years":"","note":"","longitude":121.55263,"latitude":25.02158,"resource_type":"臺北舊衣回收箱"}},{"type":"Feature","geometry":{"type":"Point","coordinates":[121.55567,25.04456]},"properties":{"source_city":"臺北市","approval_id":"TP-830","category":"舊衣回收箱","org_name":"臺北市身心障礙者創業輔導發展協會","org_type":"身障復健團體","phone":"(02)27775940","district":"大安區","village":"","approved_location":"市民大道4段200號旁","full_address":"臺北市大安區市民大道4段200號旁","approval_years":"","note":"","longitude":121.55567,"latitude":25.04456,"resource_type":"臺北舊衣回收箱"}},{"type":"Feature","geometry":{"type":"Point","coordinates":[121.55686,25.04215]},"properties":{"source_city":"臺北市","approval_id":"TP-831","category":"舊衣回收箱","org_name":"臺北市身心障礙者創業輔導發展協會","org_type":"身障復健團體","phone":"(02)27775940","district":"大安區","village":"","approved_location":"光復南路180巷13號對面","full_address":"臺北市大安區光復南路180巷13號對面","approval_years":"","note":"","longitude":121.55686,"latitude":25.04215,"resource_type":"臺北舊衣回收箱"}},{"type":"Feature","geometry":{"type":"Point","coordinates":[121.53951,25.03115]},"properties":{"source_city":"臺北市","approval_id":"TP-836","category":"舊衣回收箱","org_name":"臺北市身心障礙者創業輔導發展協會","org_type":"身障復健團體","phone":"(02)27775940","district":"大安區","village":"","approved_location":"建國南路2段79巷35號電桿旁","full_address":"臺北市大安區建國南路2段79巷35號電桿旁","approval_years":"","note":"","longitude":121.53951,"latitude":25.03115,"resource_type":"臺北舊衣回收箱"}},{"type":"Feature","geometry":{"type":"Point","coordinates":[121.55006,25.02403]},"properties":{"source_city":"臺北市","approval_id":"TP-840","category":"舊衣回收箱","org_name":"臺北市身心障礙者創業輔導發展協會","org_type":"身障復健團體","phone":"(02)27775940","district":"大安區","village":"","approved_location":"樂業街17號對面公佈欄","full_address":"臺北市大安區樂業街17號對面公佈欄","approval_years":"","note":"","longitude":121.55006,"latitude":25.02403,"resource_type":"臺北舊衣回收箱"}},{"type":"Feature","geometry":{"type":"Point","coordinates":[121.54685,25.02433]},"properties":{"source_city":"臺北市","approval_id":"TP-841","category":"舊衣回收箱","org_name":"臺北市身心障礙者創業輔導發展協會","org_type":"身障復健團體","phone":"(02)27775940","district":"大安區","village":"","approved_location":"臥龍街15號對面電箱","full_address":"臺北市大安區臥龍街15號對面電箱","approval_years":"","note":"","longitude":121.54685,"latitude":25.02433,"resource_type":"臺北舊衣回收箱"}},{"type":"Feature","geometry":{"type":"Point","coordinates":[121.55077,25.01817]},"properties":{"source_city":"臺北市","approval_id":"TP-843","category":"舊衣回收箱","org_name":"臺北市身心障礙者創業輔導發展協會","org_type":"身障復健團體","phone":"(02)27775940","district":"大安區","village":"","approved_location":"辛亥路3段157巷32號對面樹旁","full_address":"臺北市大安區辛亥路3段157巷32號對面樹旁","approval_years":"","note":"","longitude":121.55077,"latitude":25.01817,"resource_type":"臺北舊衣回收箱"}},{"type":"Feature","geometry":{"type":"Point","coordinates":[121.55621,25.03523]},"properties":{"source_city":"臺北市","approval_id":"TP-844","category":"舊衣回收箱","org_name":"臺北市身心障礙者創業輔導發展協會","org_type":"身障復健團體","phone":"(02)27775940","district":"大安區","village":"","approved_location":"光復南路456巷29號對面","full_address":"臺北市大安區光復南路456巷29號對面","approval_years":"","note":"","longitude":121.55621,"latitude":25.03523,"resource_type":"臺北舊衣回收箱"}},{"type":"Feature","geometry":{"type":"Point","coordinates":[121.55161,25.03548]},"properties":{"source_city":"臺北市","approval_id":"TP-845","category":"舊衣回收箱","org_name":"臺北市身心障礙者創業輔導發展協會","org_type":"身障復健團體","phone":"(02)27775940","district":"大安區","village":"","approved_location":"敦化南路1段295巷與信義路4段199巷口","full_address":"臺北市大安區敦化南路1段295巷與信義路4段199巷口","approval_years":"","note":"","longitude":121.55161,"latitude":25.03548,"resource_type":"臺北舊衣回收箱"}},{"type":"Feature","geometry":{"type":"Point","coordinates":[121.53471,25.03499]},"properties":{"source_city":"臺北市","approval_id":"TP-846","category":"舊衣回收箱","org_name":"臺北市身心障礙者創業輔導發展協會","org_type":"身障復健團體","phone":"(02)27775940","district":"大安區","village":"","approved_location":"信義路3段31巷9之2號對面電箱旁","full_address":"臺北市大安區信義路3段31巷9之2號對面電箱旁","approval_years":"","note":"","longitude":121.53471,"latitude":25.03499,"resource_type":"臺北舊衣回收箱"}},{"type":"Feature","geometry":{"type":"Point","coordinates":[121.54967,25.03712]},"properties":{"source_city":"臺北市","approval_id":"TP-848","category":"舊衣回收箱","org_name":"臺北市身心障礙者創業輔導發展協會","org_type":"身障復健團體","phone":"(02)27775940","district":"大安區","village":"","approved_location":"仁愛路4段112巷3弄口對面","full_address":"臺北市大安區仁愛路4段112巷3弄口對面","approval_years":"","note":"","longitude":121.54967,"latitude":25.03712,"resource_type":"臺北舊衣回收箱"}},{"type":"Feature","geometry":{"type":"Point","coordinates":[121.55584,25.04284]},"properties":{"source_city":"臺北市","approval_id":"TP-849","category":"舊衣回收箱","org_name":"臺北市身心障礙者創業輔導發展協會","org_type":"身障復健團體","phone":"(02)27775940","district":"大安區","village":"","approved_location":"延吉街131巷41號對面","full_address":"臺北市大安區延吉街131巷41號對面","approval_years":"","note":"","longitude":121.55584,"latitude":25.04284,"resource_type":"臺北舊衣回收箱"}},{"type":"Feature","geometry":{"type":"Point","coordinates":[121.5626239,25.05047268]},"properties":{"source_city":"臺北市","approval_id":"TP-85","category":"舊衣回收箱","org_name":"社團法人台北生命勵樂活輔健會","org_type":"公益協會團體","phone":"(02)27299347","district":"大安區","village":"","approved_location":"建國南路1段291巷30號旁","full_address":"臺北市大安區建國南路1段291巷30號旁","approval_years":"","note":"","longitude":121.5626239,"latitude":25.05047268,"resource_type":"臺北舊衣回收箱"}},{"type":"Feature","geometry":{"type":"Point","coordinates":[121.54423,25.03697]},"properties":{"source_city":"臺北市","approval_id":"TP-850","category":"舊衣回收箱","org_name":"臺北市身心障礙者創業輔導發展協會","org_type":"身障復健團體","phone":"(02)27775940","district":"大安區","village":"","approved_location":"復興南路1段253巷15號旁","full_address":"臺北市大安區復興南路1段253巷15號旁","approval_years":"","note":"","longitude":121.54423,"latitude":25.03697,"resource_type":"臺北舊衣回收箱"}},{"type":"Feature","geometry":{"type":"Point","coordinates":[121.540144,25.027498]},"properties":{"source_city":"臺北市","approval_id":"TP-852","category":"舊衣回收箱","org_name":"台北市視障者重建發展協會","org_type":"視障服務團體","phone":"0937-862-107","district":"大安區","village":"","approved_location":"和平東路2段107巷30弄10號對面","full_address":"臺北市大安區和平東路2段107巷30弄10號對面","approval_years":"","note":"","longitude":121.540144,"latitude":25.027498,"resource_type":"臺北舊衣回收箱"}},{"type":"Feature","geometry":{"type":"Point","coordinates":[121.54446,25.02648]},"properties":{"source_city":"臺北市","approval_id":"TP-9","category":"舊衣回收箱","org_name":"台北市自閉症家長協會","org_type":"身障復健團體","phone":"(02)25953937","district":"大安區","village":"","approved_location":"復興南路2段193巷16弄口","full_address":"臺北市大安區復興南路2段193巷16弄口","approval_years":"","note":"","longitude":121.54446,"latitude":25.02648,"resource_type":"臺北舊衣回收箱"}},{"type":"Feature","geometry":{"type":"Point","coordinates":[121.5360759,25.02514331]},"properties":{"source_city":"臺北市","approval_id":"TP-908","category":"舊衣回收箱","org_name":"台北市視障者福利發展協會","org_type":"視障服務團體","phone":"(02)25912695","district":"大安區","village":"","approved_location":"新生南路3段19巷32號與34號中間","full_address":"臺北市大安區新生南路3段19巷32號與34號中間","approval_years":"","note":"","longitude":121.5360759,"latitude":25.02514331,"resource_type":"臺北舊衣回收箱"}},{"type":"Feature","geometry":{"type":"Point","coordinates":[121.5379151,25.01079057]},"properties":{"source_city":"臺北市","approval_id":"TP-909","category":"舊衣回收箱","org_name":"台北市視障者福利發展協會","org_type":"視障服務團體","phone":"(02)25912695","district":"大安區","village":"","approved_location":"羅斯福路4段119巷20號對面","full_address":"臺北市大安區羅斯福路4段119巷20號對面","approval_years":"","note":"","longitude":121.5379151,"latitude":25.01079057,"resource_type":"臺北舊衣回收箱"}},{"type":"Feature","geometry":{"type":"Point","coordinates":[121.5392689,25.02294689]},"properties":{"source_city":"臺北市","approval_id":"TP-918","category":"舊衣回收箱","org_name":"台北市視障者福利發展協會","org_type":"視障服務團體","phone":"(02)25912695","district":"大安區","village":"","approved_location":"和平東路2段76巷23弄1號對面（電器設備與路燈中間）","full_address":"臺北市大安區和平東路2段76巷23弄1號對面（電器設備與路燈中間）","approval_years":"","note":"","longitude":121.5392689,"latitude":25.02294689,"resource_type":"臺北舊衣回收箱"}},{"type":"Feature","geometry":{"type":"Point","coordinates":[121.5371607,25.02453803]},"properties":{"source_city":"臺北市","approval_id":"TP-919","category":"舊衣回收箱","org_name":"台北市視障者福利發展協會","org_type":"視障服務團體","phone":"(02)25912695","district":"大安區","village":"","approved_location":"建國南路2段296號旁人行道","full_address":"臺北市大安區建國南路2段296號旁人行道","approval_years":"","note":"","longitude":121.5371607,"latitude":25.02453803,"resource_type":"臺北舊衣回收箱"}},{"type":"Feature","geometry":{"type":"Point","coordinates":[121.5386092,25.0229611]},"properties":{"source_city":"臺北市","approval_id":"TP-929","category":"舊衣回收箱","org_name":"台北市啟明權益促進會","org_type":"公益協會團體","phone":"(02)28978300","district":"大安區","village":"","approved_location":"和平東路2段96巷12之3號對面","full_address":"臺北市大安區和平東路2段96巷12之3號對面","approval_years":"","note":"","longitude":121.5386092,"latitude":25.0229611,"resource_type":"臺北舊衣回收箱"}},{"type":"Feature","geometry":{"type":"Point","coordinates":[121.5335294,25.036223]},"properties":{"source_city":"臺北市","approval_id":"TP-930","category":"舊衣回收箱","org_name":"台北市啟明權益促進會","org_type":"公益協會團體","phone":"(02)28978300","district":"大安區","village":"","approved_location":"仁愛路3段24巷3號對面","full_address":"臺北市大安區仁愛路3段24巷3號對面","approval_years":"","note":"","longitude":121.5335294,"latitude":25.036223,"resource_type":"臺北舊衣回收箱"}},{"type":"Feature","geometry":{"type":"Point","coordinates":[121.5206678,25.0397262]},"properties":{"source_city":"臺北市","approval_id":"TP-931","category":"舊衣回收箱","org_name":"台北市啟明權益促進會","org_type":"公益協會團體","phone":"(02)28978300","district":"大安區","village":"","approved_location":"建國南路1段307巷口","full_address":"臺北市大安區建國南路1段307巷口","approval_years":"","note":"","longitude":121.5206678,"latitude":25.0397262,"resource_type":"臺北舊衣回收箱"}},{"type":"Feature","geometry":{"type":"Point","coordinates":[121.554294,25.01876]},"properties":{"source_city":"臺北市","approval_id":"TP-981","category":"舊衣回收箱","org_name":"台北市艾馨公益慈善會","org_type":"公益協會團體","phone":"(02)23360896","district":"大安區","village":"","approved_location":"樂業街188號路燈桿旁","full_address":"臺北市大安區樂業街188號路燈桿旁","approval_years":"","note":"","longitude":121.554294,"latitude":25.01876,"resource_type":"臺北舊衣回收箱"}},{"type":"Feature","geometry":{"type":"Point","coordinates":[121.550363,25.023247]},"properties":{"source_city":"臺北市","approval_id":"TP-987","category":"舊衣回收箱","org_name":"台北市艾馨公益慈善會","org_type":"公益協會團體","phone":"(02)23360896","district":"大安區","village":"","approved_location":"樂業街41巷14號","full_address":"臺北市大安區樂業街41巷14號","approval_years":"","note":"","longitude":121.550363,"latitude":25.023247,"resource_type":"臺北舊衣回收箱"}},{"type":"Feature","geometry":{"type":"Point","coordinates":[121.551492,25.023275]},"properties":{"source_city":"臺北市","approval_id":"TP-994","category":"舊衣回收箱","org_name":"台北市艾馨公益慈善會","org_type":"公益協會團體","phone":"(02)23360896","district":"大安區","village":"","approved_location":"基隆路2段209巷口電線杆旁","full_address":"臺北市大安區基隆路2段209巷口電線杆旁","approval_years":"","note":"","longitude":121.551492,"latitude":25.023275,"resource_type":"臺北舊衣回收箱"}},{"type":"Feature","geometry":{"type":"Point","coordinates":[121.554111,25.038938]},"properties":{"source_city":"臺北市","approval_id":"TP-995","category":"舊衣回收箱","org_name":"台北市艾馨公益慈善會","org_type":"公益協會團體","phone":"(02)23360896","district":"大安區","village":"","approved_location":"仁愛路4段345巷15弄2號旁","full_address":"臺北市大安區仁愛路4段345巷15弄2號旁","approval_years":"","note":"","longitude":121.554111,"latitude":25.038938,"resource_type":"臺北舊衣回收箱"}},{"type":"Feature","geometry":{"type":"Point","coordinates":[121.52755,25.022075]},"properties":{"source_city":"臺北市","approval_id":"TP-996","category":"舊衣回收箱","org_name":"台北市艾馨公益慈善會","org_type":"公益協會團體","phone":"(02)23360896","district":"大安區","village":"","approved_location":"師大路102巷24號旁","full_address":"臺北市大安區師大路102巷24號旁","approval_years":"","note":"","longitude":121.52755,"latitude":25.022075,"resource_type":"臺北舊衣回收箱"}},{"type":"Feature","geometry":{"type":"Point","coordinates":[121.5503434,25.02324855]},"properties":{"source_city":"臺北市","approval_id":"TP-997","category":"舊衣回收箱","org_name":"台北市艾馨公益慈善會","org_type":"公益協會團體","phone":"(02)23360896","district":"大安區","village":"","approved_location":"樂業街41巷14號","full_address":"臺北市大安區樂業街41巷14號","approval_years":"","note":"","longitude":121.5503434,"latitude":25.02324855,"resource_type":"臺北舊衣回收箱"}},{"type":"Feature","geometry":{"type":"Point","coordinates":[121.554192,25.042475]},"properties":{"source_city":"臺北市","approval_id":"TP-998","category":"舊衣回收箱","org_name":"台北市艾馨公益慈善會","org_type":"公益協會團體","phone":"(02)23360896","district":"大安區","village":"","approved_location":"延吉街72號旁(7-11超商的招牌下)","full_address":"臺北市大安區延吉街72號旁(7-11超商的招牌下)","approval_years":"","note":"","longitude":121.554192,"latitude":25.042475,"resource_type":"臺北舊衣回收箱"}},{"type":"Feature","geometry":{"type":"Point","coordinates":[121.553859,25.043538]},"properties":{"source_city":"臺北市","approval_id":"TP-999","category":"舊衣回收箱","org_name":"台北市艾馨公益慈善會","org_type":"公益協會團體","phone":"(02)23360896","district":"大安區","village":"","approved_location":"延吉街62巷6弄2號對面","full_address":"臺北市大安區延吉街62巷6弄2號對面","approval_years":"","note":"","longitude":121.553859,"latitude":25.043538,"resource_type":"臺北舊衣回收箱"}},{"type":"Feature","geometry":{"type":"Point","coordinates":[121.5447,24.99722]},"properties":{"source_city":"臺北市","approval_id":"TP-1002","category":"舊衣回收箱","org_name":"台北市身障體育發展協會","org_type":"身障復健團體","phone":"0910-111-255","district":"文山區","village":"","approved_location":"景興路42巷口","full_address":"臺北市文山區景興路42巷口","approval_years":"","note":"","longitude":121.5447,"latitude":24.99722,"resource_type":"臺北舊衣回收箱"}},{"type":"Feature","geometry":{"type":"Point","coordinates":[121.5334254,25.0000803]},"properties":{"source_city":"臺北市","approval_id":"TP-1003","category":"舊衣回收箱","org_name":"台北市身障體育發展協會","org_type":"身障復健團體","phone":"0910-111-255","district":"文山區","village":"","approved_location":"溪洲街137巷94號右邊電桿旁","full_address":"臺北市文山區溪洲街137巷94號右邊電桿旁","approval_years":"","note":"","longitude":121.5334254,"latitude":25.0000803,"resource_type":"臺北舊衣回收箱"}},{"type":"Feature","geometry":{"type":"Point","coordinates":[121.5341017,24.9966699]},"properties":{"source_city":"臺北市","approval_id":"TP-1004","category":"舊衣回收箱","org_name":"台北市身障體育發展協會","org_type":"身障復健團體","phone":"0910-111-255","district":"文山區","village":"","approved_location":"景福街123號右邊","full_address":"臺北市文山區景福街123號右邊","approval_years":"","note":"","longitude":121.5341017,"latitude":24.9966699,"resource_type":"臺北舊衣回收箱"}},{"type":"Feature","geometry":{"type":"Point","coordinates":[121.5275356,24.9966696]},"properties":{"source_city":"臺北市","approval_id":"TP-1005","category":"舊衣回收箱","org_name":"台北市身障體育發展協會","org_type":"身障復健團體","phone":"0910-111-255","district":"文山區","village":"","approved_location":"羅斯福路5段236巷左邊","full_address":"臺北市文山區羅斯福路5段236巷左邊","approval_years":"","note":"","longitude":121.5275356,"latitude":24.9966696,"resource_type":"臺北舊衣回收箱"}},{"type":"Feature","geometry":{"type":"Point","coordinates":[121.5369625,25.0020813]},"properties":{"source_city":"臺北市","approval_id":"TP-1006","category":"舊衣回收箱","org_name":"台北市身障體育發展協會","org_type":"身障復健團體","phone":"0910-111-255","district":"文山區","village":"","approved_location":"羅斯福路5段218巷39號左邊","full_address":"臺北市文山區羅斯福路5段218巷39號左邊","approval_years":"","note":"","longitude":121.5369625,"latitude":25.0020813,"resource_type":"臺北舊衣回收箱"}},{"type":"Feature","geometry":{"type":"Point","coordinates":[121.5347527,25.0020398]},"properties":{"source_city":"臺北市","approval_id":"TP-1007","category":"舊衣回收箱","org_name":"台北市身障體育發展協會","org_type":"身障復健團體","phone":"0910-111-255","district":"文山區","village":"","approved_location":"木新路3段310巷口陸橋旁","full_address":"臺北市文山區木新路3段310巷口陸橋旁","approval_years":"","note":"","longitude":121.5347527,"latitude":25.0020398,"resource_type":"臺北舊衣回收箱"}},{"type":"Feature","geometry":{"type":"Point","coordinates":[121.5336854,25.0031581]},"properties":{"source_city":"臺北市","approval_id":"TP-1008","category":"舊衣回收箱","org_name":"台北市身障體育發展協會","org_type":"身障復健團體","phone":"0910-111-255","district":"文山區","village":"","approved_location":"汀州路4段209號左前方","full_address":"臺北市文山區汀州路4段209號左前方","approval_years":"","note":"","longitude":121.5336854,"latitude":25.0031581,"resource_type":"臺北舊衣回收箱"}},{"type":"Feature","geometry":{"type":"Point","coordinates":[121.5358038,24.9995314]},"properties":{"source_city":"臺北市","approval_id":"TP-1009","category":"舊衣回收箱","org_name":"台北市身障體育發展協會","org_type":"身障復健團體","phone":"0910-111-255","district":"文山區","village":"","approved_location":"景福街54巷口","full_address":"臺北市文山區景福街54巷口","approval_years":"","note":"","longitude":121.5358038,"latitude":24.9995314,"resource_type":"臺北舊衣回收箱"}},{"type":"Feature","geometry":{"type":"Point","coordinates":[121.5349744,24.9983915]},"properties":{"source_city":"臺北市","approval_id":"TP-1010","category":"舊衣回收箱","org_name":"台北市身障體育發展協會","org_type":"身障復健團體","phone":"0910-111-255","district":"文山區","village":"","approved_location":"景福街43號對面","full_address":"臺北市文山區景福街43號對面","approval_years":"","note":"","longitude":121.5349744,"latitude":24.9983915,"resource_type":"臺北舊衣回收箱"}},{"type":"Feature","geometry":{"type":"Point","coordinates":[121.5565942,24.98848008]},"properties":{"source_city":"臺北市","approval_id":"TP-1011","category":"舊衣回收箱","org_name":"台北市身障體育發展協會","org_type":"身障復健團體","phone":"0910-111-255","district":"文山區","village":"","approved_location":"木柵路1段294巷中山村巷口","full_address":"臺北市文山區木柵路1段294巷中山村巷口","approval_years":"","note":"","longitude":121.5565942,"latitude":24.98848008,"resource_type":"臺北舊衣回收箱"}},{"type":"Feature","geometry":{"type":"Point","coordinates":[121.5385446,24.9939893]},"properties":{"source_city":"臺北市","approval_id":"TP-1012","category":"舊衣回收箱","org_name":"台北市身障體育發展協會","org_type":"身障復健團體","phone":"0910-111-255","district":"文山區","village":"","approved_location":"溪口街1巷口","full_address":"臺北市文山區溪口街1巷口","approval_years":"","note":"","longitude":121.5385446,"latitude":24.9939893,"resource_type":"臺北舊衣回收箱"}},{"type":"Feature","geometry":{"type":"Point","coordinates":[121.5373103,24.9969535]},"properties":{"source_city":"臺北市","approval_id":"TP-1013","category":"舊衣回收箱","org_name":"台北市身障體育發展協會","org_type":"身障復健團體","phone":"0910-111-255","district":"文山區","village":"","approved_location":"羅斯福路6段142巷20弄2-3號旁(公佈欄旁)","full_address":"臺北市文山區羅斯福路6段142巷20弄2-3號旁(公佈欄旁)","approval_years":"","note":"","longitude":121.5373103,"latitude":24.9969535,"resource_type":"臺北舊衣回收箱"}},{"type":"Feature","geometry":{"type":"Point","coordinates":[121.5373067,24.9973457]},"properties":{"source_city":"臺北市","approval_id":"TP-1014","category":"舊衣回收箱","org_name":"台北市身障體育發展協會","org_type":"身障復健團體","phone":"0910-111-255","district":"文山區","village":"","approved_location":"羅斯福路6段142巷20弄19號對面(電信箱旁)","full_address":"臺北市文山區羅斯福路6段142巷20弄19號對面(電信箱旁)","approval_years":"","note":"","longitude":121.5373067,"latitude":24.9973457,"resource_type":"臺北舊衣回收箱"}},{"type":"Feature","geometry":{"type":"Point","coordinates":[121.5376289,24.9982913]},"properties":{"source_city":"臺北市","approval_id":"TP-1015","category":"舊衣回收箱","org_name":"台北市身障體育發展協會","org_type":"身障復健團體","phone":"0910-111-255","district":"文山區","village":"","approved_location":"景福街3巷31號對面(變電箱旁)","full_address":"臺北市文山區景福街3巷31號對面(變電箱旁)","approval_years":"","note":"","longitude":121.5376289,"latitude":24.9982913,"resource_type":"臺北舊衣回收箱"}},{"type":"Feature","geometry":{"type":"Point","coordinates":[121.5372662,24.9959515]},"properties":{"source_city":"臺北市","approval_id":"TP-1016","category":"舊衣回收箱","org_name":"台北市身障體育發展協會","org_type":"身障復健團體","phone":"0910-111-255","district":"文山區","village":"","approved_location":"溪口街66巷7號左邊(電線桿旁)","full_address":"臺北市文山區溪口街66巷7號左邊(電線桿旁)","approval_years":"","note":"","longitude":121.5372662,"latitude":24.9959515,"resource_type":"臺北舊衣回收箱"}},{"type":"Feature","geometry":{"type":"Point","coordinates":[121.5373838,24.9965883]},"properties":{"source_city":"臺北市","approval_id":"TP-1017","category":"舊衣回收箱","org_name":"台北市身障體育發展協會","org_type":"身障復健團體","phone":"0910-111-255","district":"文山區","village":"","approved_location":"景福街175巷口","full_address":"臺北市文山區景福街175巷口","approval_years":"","note":"","longitude":121.5373838,"latitude":24.9965883,"resource_type":"臺北舊衣回收箱"}},{"type":"Feature","geometry":{"type":"Point","coordinates":[121.55591,25.00496]},"properties":{"source_city":"臺北市","approval_id":"TP-1101","category":"舊衣回收箱","org_name":"台北市身心障礙運動體育會","org_type":"身障復健團體","phone":"(02)25975091","district":"文山區","village":"","approved_location":"辛亥路4段166巷26弄興泰公園旁","full_address":"臺北市文山區辛亥路4段166巷26弄興泰公園旁","approval_years":"","note":"","longitude":121.55591,"latitude":25.00496,"resource_type":"臺北舊衣回收箱"}},{"type":"Feature","geometry":{"type":"Point","coordinates":[121.55506,24.99959]},"properties":{"source_city":"臺北市","approval_id":"TP-1102","category":"舊衣回收箱","org_name":"台北市身心障礙運動體育會","org_type":"身障復健團體","phone":"(02)25975091","district":"文山區","village":"","approved_location":"興隆路3段36巷17弄1號旁","full_address":"臺北市文山區興隆路3段36巷17弄1號旁","approval_years":"","note":"","longitude":121.55506,"latitude":24.99959,"resource_type":"臺北舊衣回收箱"}},{"type":"Feature","geometry":{"type":"Point","coordinates":[121.53993,25.00147]},"properties":{"source_city":"臺北市","approval_id":"TP-1103","category":"舊衣回收箱","org_name":"台北市身心障礙運動體育會","org_type":"身障復健團體","phone":"(02)25975091","district":"文山區","village":"","approved_location":"羅斯福路5段255之1號後巷","full_address":"臺北市文山區羅斯福路5段255之1號後巷","approval_years":"","note":"","longitude":121.53993,"latitude":25.00147,"resource_type":"臺北舊衣回收箱"}},{"type":"Feature","geometry":{"type":"Point","coordinates":[121.54158,24.99599]},"properties":{"source_city":"臺北市","approval_id":"TP-1113","category":"舊衣回收箱","org_name":"台北市身心障礙運動體育會","org_type":"身障復健團體","phone":"(02)25975091","district":"文山區","village":"","approved_location":"三福街2號旁","full_address":"臺北市文山區三福街2號旁","approval_years":"","note":"","longitude":121.54158,"latitude":24.99599,"resource_type":"臺北舊衣回收箱"}},{"type":"Feature","geometry":{"type":"Point","coordinates":[121.54023,24.99222]},"properties":{"source_city":"臺北市","approval_id":"TP-1126","category":"舊衣回收箱","org_name":"台北市身心障礙者保護協會","org_type":"身障復健團體","phone":"(02)25975091","district":"文山區","village":"","approved_location":"萬慶街8號對面2桿間","full_address":"臺北市文山區萬慶街8號對面2桿間","approval_years":"","note":"","longitude":121.54023,"latitude":24.99222,"resource_type":"臺北舊衣回收箱"}},{"type":"Feature","geometry":{"type":"Point","coordinates":[121.53841,24.99176]},"properties":{"source_city":"臺北市","approval_id":"TP-1127","category":"舊衣回收箱","org_name":"台北市身心障礙者保護協會","org_type":"身障復健團體","phone":"(02)25975091","district":"文山區","village":"","approved_location":"羅斯福路6段276巷底","full_address":"臺北市文山區羅斯福路6段276巷底","approval_years":"","note":"","longitude":121.53841,"latitude":24.99176,"resource_type":"臺北舊衣回收箱"}},{"type":"Feature","geometry":{"type":"Point","coordinates":[121.55973,25.00738]},"properties":{"source_city":"臺北市","approval_id":"TP-1128","category":"舊衣回收箱","org_name":"台北市身心障礙者保護協會","org_type":"身障復健團體","phone":"(02)25975091","district":"文山區","village":"","approved_location":"辛亥路4段77巷1~15號前","full_address":"臺北市文山區辛亥路4段77巷1~15號前","approval_years":"","note":"","longitude":121.55973,"latitude":25.00738,"resource_type":"臺北舊衣回收箱"}},{"type":"Feature","geometry":{"type":"Point","coordinates":[121.54701,24.99562]},"properties":{"source_city":"臺北市","approval_id":"TP-1129","category":"舊衣回收箱","org_name":"台北市身心障礙者保護協會","org_type":"身障復健團體","phone":"(02)25975091","district":"文山區","village":"","approved_location":"景華街128巷2弄口","full_address":"臺北市文山區景華街128巷2弄口","approval_years":"","note":"","longitude":121.54701,"latitude":24.99562,"resource_type":"臺北舊衣回收箱"}},{"type":"Feature","geometry":{"type":"Point","coordinates":[121.56913,24.98709]},"properties":{"source_city":"臺北市","approval_id":"TP-1151","category":"舊衣回收箱","org_name":"台北市身心障礙者權益促進會","org_type":"身障復健團體","phone":"(02)25975091","district":"文山區","village":"","approved_location":"指南路1段14巷3號旁","full_address":"臺北市文山區指南路1段14巷3號旁","approval_years":"","note":"","longitude":121.56913,"latitude":24.98709,"resource_type":"臺北舊衣回收箱"}},{"type":"Feature","geometry":{"type":"Point","coordinates":[121.57051,24.98507]},"properties":{"source_city":"臺北市","approval_id":"TP-1152","category":"舊衣回收箱","org_name":"台北市身心障礙者權益促進會","org_type":"身障復健團體","phone":"(02)25975091","district":"文山區","village":"","approved_location":"木新路2段96號對面","full_address":"臺北市文山區木新路2段96號對面","approval_years":"","note":"","longitude":121.57051,"latitude":24.98507,"resource_type":"臺北舊衣回收箱"}},{"type":"Feature","geometry":{"type":"Point","coordinates":[121.56801,24.98624]},"properties":{"source_city":"臺北市","approval_id":"TP-1153","category":"舊衣回收箱","org_name":"台北市身心障礙者權益促進會","org_type":"身障復健團體","phone":"(02)25975091","district":"文山區","village":"","approved_location":"保儀路109巷口","full_address":"臺北市文山區保儀路109巷口","approval_years":"","note":"","longitude":121.56801,"latitude":24.98624,"resource_type":"臺北舊衣回收箱"}},{"type":"Feature","geometry":{"type":"Point","coordinates":[121.55872,24.99799]},"properties":{"source_city":"臺北市","approval_id":"TP-1154","category":"舊衣回收箱","org_name":"台北市身心障礙者權益促進會","org_type":"身障復健團體","phone":"(02)25975091","district":"文山區","village":"","approved_location":"興隆路3段192巷口","full_address":"臺北市文山區興隆路3段192巷口","approval_years":"","note":"","longitude":121.55872,"latitude":24.99799,"resource_type":"臺北舊衣回收箱"}},{"type":"Feature","geometry":{"type":"Point","coordinates":[121.55131,25.00269]},"properties":{"source_city":"臺北市","approval_id":"TP-1155","category":"舊衣回收箱","org_name":"台北市身心障礙者權益促進會","org_type":"身障復健團體","phone":"(02)25975091","district":"文山區","village":"","approved_location":"福興路21巷口","full_address":"臺北市文山區福興路21巷口","approval_years":"","note":"","longitude":121.55131,"latitude":25.00269,"resource_type":"臺北舊衣回收箱"}},{"type":"Feature","geometry":{"type":"Point","coordinates":[121.55329,25.00158]},"properties":{"source_city":"臺北市","approval_id":"TP-1156","category":"舊衣回收箱","org_name":"台北市身心障礙者權益促進會","org_type":"身障復健團體","phone":"(02)25975091","district":"文山區","village":"","approved_location":"興隆路2段301巷口內桿邊","full_address":"臺北市文山區興隆路2段301巷口內桿邊","approval_years":"","note":"","longitude":121.55329,"latitude":25.00158,"resource_type":"臺北舊衣回收箱"}},{"type":"Feature","geometry":{"type":"Point","coordinates":[121.53927,25.00044]},"properties":{"source_city":"臺北市","approval_id":"TP-1157","category":"舊衣回收箱","org_name":"台北市身心障礙者權益促進會","org_type":"身障復健團體","phone":"(02)25975091","district":"文山區","village":"","approved_location":"萬隆街2號對面2桿間","full_address":"臺北市文山區萬隆街2號對面2桿間","approval_years":"","note":"","longitude":121.53927,"latitude":25.00044,"resource_type":"臺北舊衣回收箱"}},{"type":"Feature","geometry":{"type":"Point","coordinates":[121.54325,24.99894]},"properties":{"source_city":"臺北市","approval_id":"TP-1158","category":"舊衣回收箱","org_name":"台北市身心障礙者權益促進會","org_type":"身障復健團體","phone":"(02)25975091","district":"文山區","village":"","approved_location":"景隆街36巷2號對面公園路燈旁","full_address":"臺北市文山區景隆街36巷2號對面公園路燈旁","approval_years":"","note":"","longitude":121.54325,"latitude":24.99894,"resource_type":"臺北舊衣回收箱"}},{"type":"Feature","geometry":{"type":"Point","coordinates":[121.54375,24.99444]},"properties":{"source_city":"臺北市","approval_id":"TP-1159","category":"舊衣回收箱","org_name":"台北市身心障礙者權益促進會","org_type":"身障復健團體","phone":"(02)25975091","district":"文山區","village":"","approved_location":"景華街52巷7號對面","full_address":"臺北市文山區景華街52巷7號對面","approval_years":"","note":"","longitude":121.54375,"latitude":24.99444,"resource_type":"臺北舊衣回收箱"}},{"type":"Feature","geometry":{"type":"Point","coordinates":[121.54285,24.99683]},"properties":{"source_city":"臺北市","approval_id":"TP-1160","category":"舊衣回收箱","org_name":"台北市身心障礙者權益促進會","org_type":"身障復健團體","phone":"(02)25975091","district":"文山區","village":"","approved_location":"景興街42巷8弄口對面樹邊","full_address":"臺北市文山區景興街42巷8弄口對面樹邊","approval_years":"","note":"","longitude":121.54285,"latitude":24.99683,"resource_type":"臺北舊衣回收箱"}},{"type":"Feature","geometry":{"type":"Point","coordinates":[121.58002,24.98501]},"properties":{"source_city":"臺北市","approval_id":"TP-1212","category":"舊衣回收箱","org_name":"臺北市身障者關懷服務協進會","org_type":"身障復健團體","phone":"(02)26886212","district":"文山區","village":"","approved_location":"指南路3段15號對面牆邊","full_address":"臺北市文山區指南路3段15號對面牆邊","approval_years":"","note":"","longitude":121.58002,"latitude":24.98501,"resource_type":"臺北舊衣回收箱"}},{"type":"Feature","geometry":{"type":"Point","coordinates":[121.55034,25.00224]},"properties":{"source_city":"臺北市","approval_id":"TP-1213","category":"舊衣回收箱","org_name":"臺北市身障者關懷服務協進會","org_type":"身障復健團體","phone":"(02)26886212","district":"文山區","village":"","approved_location":"興隆路2段233巷底","full_address":"臺北市文山區興隆路2段233巷底","approval_years":"","note":"","longitude":121.55034,"latitude":25.00224,"resource_type":"臺北舊衣回收箱"}},{"type":"Feature","geometry":{"type":"Point","coordinates":[121.56138,24.98329]},"properties":{"source_city":"臺北市","approval_id":"TP-1214","category":"舊衣回收箱","org_name":"臺北市身障者關懷服務協進會","org_type":"身障復健團體","phone":"(02)26886212","district":"文山區","village":"","approved_location":"興隆路4段96巷4弄口燈桿邊","full_address":"臺北市文山區興隆路4段96巷4弄口燈桿邊","approval_years":"","note":"","longitude":121.56138,"latitude":24.98329,"resource_type":"臺北舊衣回收箱"}},{"type":"Feature","geometry":{"type":"Point","coordinates":[121.56025,24.98367]},"properties":{"source_city":"臺北市","approval_id":"TP-1215","category":"舊衣回收箱","org_name":"臺北市身障者關懷服務協進會","org_type":"身障復健團體","phone":"(02)26886212","district":"文山區","village":"","approved_location":"忠順街1段48巷5弄2號前","full_address":"臺北市文山區忠順街1段48巷5弄2號前","approval_years":"","note":"","longitude":121.56025,"latitude":24.98367,"resource_type":"臺北舊衣回收箱"}},{"type":"Feature","geometry":{"type":"Point","coordinates":[121.53763,25.00771]},"properties":{"source_city":"臺北市","approval_id":"TP-1216","category":"舊衣回收箱","org_name":"臺北市身障者關懷服務協進會","org_type":"身障復健團體","phone":"(02)26886212","district":"文山區","village":"","approved_location":"羅斯福路5段150巷底","full_address":"臺北市文山區羅斯福路5段150巷底","approval_years":"","note":"","longitude":121.53763,"latitude":25.00771,"resource_type":"臺北舊衣回收箱"}},{"type":"Feature","geometry":{"type":"Point","coordinates":[121.53654,25.00659]},"properties":{"source_city":"臺北市","approval_id":"TP-1217","category":"舊衣回收箱","org_name":"臺北市身障者關懷服務協進會","org_type":"身障復健團體","phone":"(02)26886212","district":"文山區","village":"","approved_location":"汀州路4段105巷口","full_address":"臺北市文山區汀州路4段105巷口","approval_years":"","note":"","longitude":121.53654,"latitude":25.00659,"resource_type":"臺北舊衣回收箱"}},{"type":"Feature","geometry":{"type":"Point","coordinates":[121.54763,24.98994]},"properties":{"source_city":"臺北市","approval_id":"TP-1248","category":"舊衣回收箱","org_name":"臺北市身心障礙者健康關懷協會","org_type":"身障復健團體","phone":"(02)26886212","district":"文山區","village":"","approved_location":"試院路104號對面","full_address":"臺北市文山區試院路104號對面","approval_years":"","note":"","longitude":121.54763,"latitude":24.98994,"resource_type":"臺北舊衣回收箱"}},{"type":"Feature","geometry":{"type":"Point","coordinates":[121.55124,24.98801]},"properties":{"source_city":"臺北市","approval_id":"TP-1249","category":"舊衣回收箱","org_name":"臺北市身心障礙者健康關懷協會","org_type":"身障復健團體","phone":"(02)26886212","district":"文山區","village":"","approved_location":"木柵路1段191巷口","full_address":"臺北市文山區木柵路1段191巷口","approval_years":"","note":"","longitude":121.55124,"latitude":24.98801,"resource_type":"臺北舊衣回收箱"}},{"type":"Feature","geometry":{"type":"Point","coordinates":[121.55242,24.98713]},"properties":{"source_city":"臺北市","approval_id":"TP-1250","category":"舊衣回收箱","org_name":"臺北市身心障礙者健康關懷協會","org_type":"身障復健團體","phone":"(02)26886212","district":"文山區","village":"","approved_location":"辛亥路7段5巷口","full_address":"臺北市文山區辛亥路7段5巷口","approval_years":"","note":"","longitude":121.55242,"latitude":24.98713,"resource_type":"臺北舊衣回收箱"}},{"type":"Feature","geometry":{"type":"Point","coordinates":[121.54603,24.98688]},"properties":{"source_city":"臺北市","approval_id":"TP-1251","category":"舊衣回收箱","org_name":"臺北市身心障礙者健康關懷協會","org_type":"身障復健團體","phone":"(02)26886212","district":"文山區","village":"","approved_location":"木柵路1段59巷口桿邊","full_address":"臺北市文山區木柵路1段59巷口桿邊","approval_years":"","note":"","longitude":121.54603,"latitude":24.98688,"resource_type":"臺北舊衣回收箱"}},{"type":"Feature","geometry":{"type":"Point","coordinates":[121.54598,24.98664]},"properties":{"source_city":"臺北市","approval_id":"TP-1252","category":"舊衣回收箱","org_name":"臺北市身心障礙者健康關懷協會","org_type":"身障復健團體","phone":"(02)26886212","district":"文山區","village":"","approved_location":"木柵路1段6號旁對面","full_address":"臺北市文山區木柵路1段6號旁對面","approval_years":"","note":"","longitude":121.54598,"latitude":24.98664,"resource_type":"臺北舊衣回收箱"}},{"type":"Feature","geometry":{"type":"Point","coordinates":[121.55321,25.00024]},"properties":{"source_city":"臺北市","approval_id":"TP-1253","category":"舊衣回收箱","org_name":"臺北市身心障礙者健康關懷協會","org_type":"身障復健團體","phone":"(02)26886212","district":"文山區","village":"","approved_location":"興隆路2段220巷31弄13號旁","full_address":"臺北市文山區興隆路2段220巷31弄13號旁","approval_years":"","note":"","longitude":121.55321,"latitude":25.00024,"resource_type":"臺北舊衣回收箱"}},{"type":"Feature","geometry":{"type":"Point","coordinates":[121.55152,24.99966]},"properties":{"source_city":"臺北市","approval_id":"TP-1254","category":"舊衣回收箱","org_name":"臺北市身心障礙者健康關懷協會","org_type":"身障復健團體","phone":"(02)26886212","district":"文山區","village":"","approved_location":"興隆路2段220巷55弄口對面","full_address":"臺北市文山區興隆路2段220巷55弄口對面","approval_years":"","note":"","longitude":121.55152,"latitude":24.99966,"resource_type":"臺北舊衣回收箱"}},{"type":"Feature","geometry":{"type":"Point","coordinates":[121.55209,24.99736]},"properties":{"source_city":"臺北市","approval_id":"TP-1255","category":"舊衣回收箱","org_name":"臺北市身心障礙者健康關懷協會","org_type":"身障復健團體","phone":"(02)26886212","district":"文山區","village":"","approved_location":"辛亥路5段118巷口電氣設備邊","full_address":"臺北市文山區辛亥路5段118巷口電氣設備邊","approval_years":"","note":"","longitude":121.55209,"latitude":24.99736,"resource_type":"臺北舊衣回收箱"}},{"type":"Feature","geometry":{"type":"Point","coordinates":[121.54919,25.00461]},"properties":{"source_city":"臺北市","approval_id":"TP-1256","category":"舊衣回收箱","org_name":"臺北市身心障礙者健康關懷協會","org_type":"身障復健團體","phone":"(02)26886212","district":"文山區","village":"","approved_location":"福興路63巷4弄27號對面","full_address":"臺北市文山區福興路63巷4弄27號對面","approval_years":"","note":"","longitude":121.54919,"latitude":25.00461,"resource_type":"臺北舊衣回收箱"}},{"type":"Feature","geometry":{"type":"Point","coordinates":[121.55708,24.99847]},"properties":{"source_city":"臺北市","approval_id":"TP-1257","category":"舊衣回收箱","org_name":"臺北市身心障礙者健康關懷協會","org_type":"身障復健團體","phone":"(02)26886212","district":"文山區","village":"","approved_location":"興隆路3段116巷3弄31號旁","full_address":"臺北市文山區興隆路3段116巷3弄31號旁","approval_years":"","note":"","longitude":121.55708,"latitude":24.99847,"resource_type":"臺北舊衣回收箱"}},{"type":"Feature","geometry":{"type":"Point","coordinates":[121.53671,25.00092]},"properties":{"source_city":"臺北市","approval_id":"TP-1258","category":"舊衣回收箱","org_name":"臺北市身心障礙者健康關懷協會","org_type":"身障復健團體","phone":"(02)26886212","district":"文山區","village":"","approved_location":"萬隆街62巷口","full_address":"臺北市文山區萬隆街62巷口","approval_years":"","note":"","longitude":121.53671,"latitude":25.00092,"resource_type":"臺北舊衣回收箱"}},{"type":"Feature","geometry":{"type":"Point","coordinates":[121.54229,24.99713]},"properties":{"source_city":"臺北市","approval_id":"TP-1260","category":"舊衣回收箱","org_name":"臺北市身心障礙者健康關懷協會","org_type":"身障復健團體","phone":"(02)26886212","district":"文山區","village":"","approved_location":"羅斯福路6段159巷19號對面","full_address":"臺北市文山區羅斯福路6段159巷19號對面","approval_years":"","note":"","longitude":121.54229,"latitude":24.99713,"resource_type":"臺北舊衣回收箱"}},{"type":"Feature","geometry":{"type":"Point","coordinates":[121.56293,24.98175]},"properties":{"source_city":"臺北市","approval_id":"TP-1263","category":"舊衣回收箱","org_name":"臺北市身心障礙者健康關懷協會","org_type":"身障復健團體","phone":"(02)26886212","district":"文山區","village":"","approved_location":"木新路3段95巷2弄2號邊","full_address":"臺北市文山區木新路3段95巷2弄2號邊","approval_years":"","note":"","longitude":121.56293,"latitude":24.98175,"resource_type":"臺北舊衣回收箱"}},{"type":"Feature","geometry":{"type":"Point","coordinates":[121.53955,24.99017]},"properties":{"source_city":"臺北市","approval_id":"TP-1266","category":"舊衣回收箱","org_name":"臺北市身心障礙者創業發展協會","org_type":"身障復健團體","phone":"(02)26886212","district":"文山區","village":"","approved_location":"羅斯福路6段316號電桿旁","full_address":"臺北市文山區羅斯福路6段316號電桿旁","approval_years":"","note":"","longitude":121.53955,"latitude":24.99017,"resource_type":"臺北舊衣回收箱"}},{"type":"Feature","geometry":{"type":"Point","coordinates":[121.55511,24.98751]},"properties":{"source_city":"臺北市","approval_id":"TP-1274","category":"舊衣回收箱","org_name":"臺北市身心障礙者創業發展協會","org_type":"身障復健團體","phone":"(02)26886212","district":"文山區","village":"","approved_location":"光輝路16號斜對面桿旁","full_address":"臺北市文山區光輝路16號斜對面桿旁","approval_years":"","note":"","longitude":121.55511,"latitude":24.98751,"resource_type":"臺北舊衣回收箱"}},{"type":"Feature","geometry":{"type":"Point","coordinates":[121.55515,24.97931]},"properties":{"source_city":"臺北市","approval_id":"TP-1283","category":"舊衣回收箱","org_name":"臺北市身心障礙者創業發展協會","org_type":"身障復健團體","phone":"(02)26886212","district":"文山區","village":"","approved_location":"樟新街18號對面","full_address":"臺北市文山區樟新街18號對面","approval_years":"","note":"","longitude":121.55515,"latitude":24.97931,"resource_type":"臺北舊衣回收箱"}},{"type":"Feature","geometry":{"type":"Point","coordinates":[121.56873,24.99063]},"properties":{"source_city":"臺北市","approval_id":"TP-1284","category":"舊衣回收箱","org_name":"臺北市身障者互助關懷協會","org_type":"身障復健團體","phone":"(02)26886212","district":"文山區","village":"","approved_location":"久康街171號對面","full_address":"臺北市文山區久康街171號對面","approval_years":"","note":"","longitude":121.56873,"latitude":24.99063,"resource_type":"臺北舊衣回收箱"}},{"type":"Feature","geometry":{"type":"Point","coordinates":[121.56684,24.98471]},"properties":{"source_city":"臺北市","approval_id":"TP-1285","category":"舊衣回收箱","org_name":"臺北市身障者互助關懷協會","org_type":"身障復健團體","phone":"(02)26886212","district":"文山區","village":"","approved_location":"忠順街2段129號（伯大尼托兒所旁）","full_address":"臺北市文山區忠順街2段129號（伯大尼托兒所旁）","approval_years":"","note":"","longitude":121.56684,"latitude":24.98471,"resource_type":"臺北舊衣回收箱"}},{"type":"Feature","geometry":{"type":"Point","coordinates":[121.56562,24.98432]},"properties":{"source_city":"臺北市","approval_id":"TP-1286","category":"舊衣回收箱","org_name":"臺北市身障者互助關懷協會","org_type":"身障復健團體","phone":"(02)26886212","district":"文山區","village":"","approved_location":"臺北市保儀路138巷24號對面","full_address":"臺北市文山區臺北市保儀路138巷24號對面","approval_years":"","note":"","longitude":121.56562,"latitude":24.98432,"resource_type":"臺北舊衣回收箱"}},{"type":"Feature","geometry":{"type":"Point","coordinates":[121.55331,24.99803]},"properties":{"source_city":"臺北市","approval_id":"TP-1287","category":"舊衣回收箱","org_name":"臺北市身障者互助關懷協會","org_type":"身障復健團體","phone":"(02)26886212","district":"文山區","village":"","approved_location":"辛亥路5段73巷口里辦公室公告欄右邊","full_address":"臺北市文山區辛亥路5段73巷口里辦公室公告欄右邊","approval_years":"","note":"","longitude":121.55331,"latitude":24.99803,"resource_type":"臺北舊衣回收箱"}},{"type":"Feature","geometry":{"type":"Point","coordinates":[121.55861,25.00849]},"properties":{"source_city":"臺北市","approval_id":"TP-1288","category":"舊衣回收箱","org_name":"臺北市身障者互助關懷協會","org_type":"身障復健團體","phone":"(02)26886212","district":"文山區","village":"","approved_location":"辛亥路4段21巷口","full_address":"臺北市文山區辛亥路4段21巷口","approval_years":"","note":"","longitude":121.55861,"latitude":25.00849,"resource_type":"臺北舊衣回收箱"}},{"type":"Feature","geometry":{"type":"Point","coordinates":[121.55864,25.00663]},"properties":{"source_city":"臺北市","approval_id":"TP-1289","category":"舊衣回收箱","org_name":"臺北市身障者互助關懷協會","org_type":"身障復健團體","phone":"(02)26886212","district":"文山區","village":"","approved_location":"辛亥路4段101巷口電器設備旁","full_address":"臺北市文山區辛亥路4段101巷口電器設備旁","approval_years":"","note":"","longitude":121.55864,"latitude":25.00663,"resource_type":"臺北舊衣回收箱"}},{"type":"Feature","geometry":{"type":"Point","coordinates":[121.53961,25.00253]},"properties":{"source_city":"臺北市","approval_id":"TP-1290","category":"舊衣回收箱","org_name":"臺北市身障者互助關懷協會","org_type":"身障復健團體","phone":"(02)26886212","district":"文山區","village":"","approved_location":"羅斯福路5段211巷17弄口","full_address":"臺北市文山區羅斯福路5段211巷17弄口","approval_years":"","note":"","longitude":121.53961,"latitude":25.00253,"resource_type":"臺北舊衣回收箱"}},{"type":"Feature","geometry":{"type":"Point","coordinates":[121.55649,24.97987]},"properties":{"source_city":"臺北市","approval_id":"TP-1292","category":"舊衣回收箱","org_name":"臺北市身障者互助關懷協會","org_type":"身障復健團體","phone":"(02)26886212","district":"文山區","village":"","approved_location":"一壽街22號旁(里民活動中心旁)","full_address":"臺北市文山區一壽街22號旁(里民活動中心旁)","approval_years":"","note":"","longitude":121.55649,"latitude":24.97987,"resource_type":"臺北舊衣回收箱"}},{"type":"Feature","geometry":{"type":"Point","coordinates":[121.53664,25.01039]},"properties":{"source_city":"臺北市","approval_id":"TP-1302","category":"舊衣回收箱","org_name":"臺北市弱勢者就業促進協會","org_type":"公益協會團體","phone":"(02)26886212","district":"文山區","village":"","approved_location":"汀州路4段1號對面電器設備邊","full_address":"臺北市文山區汀州路4段1號對面電器設備邊","approval_years":"","note":"","longitude":121.53664,"latitude":25.01039,"resource_type":"臺北舊衣回收箱"}},{"type":"Feature","geometry":{"type":"Point","coordinates":[121.55764,24.98887]},"properties":{"source_city":"臺北市","approval_id":"TP-1303","category":"舊衣回收箱","org_name":"臺北市弱勢者就業促進協會","org_type":"公益協會團體","phone":"(02)26886212","district":"文山區","village":"","approved_location":"木柵路1段335巷口","full_address":"臺北市文山區木柵路1段335巷口","approval_years":"","note":"","longitude":121.55764,"latitude":24.98887,"resource_type":"臺北舊衣回收箱"}},{"type":"Feature","geometry":{"type":"Point","coordinates":[121.54663,25.00259]},"properties":{"source_city":"臺北市","approval_id":"TP-1304","category":"舊衣回收箱","org_name":"臺北市弱勢者就業促進協會","org_type":"公益協會團體","phone":"(02)26886212","district":"文山區","village":"","approved_location":"興隆路2段203巷90~94號對面","full_address":"臺北市文山區興隆路2段203巷90~94號對面","approval_years":"","note":"","longitude":121.54663,"latitude":25.00259,"resource_type":"臺北舊衣回收箱"}},{"type":"Feature","geometry":{"type":"Point","coordinates":[121.56539,24.98266]},"properties":{"source_city":"臺北市","approval_id":"TP-1315","category":"舊衣回收箱","org_name":"臺北市弱勢者就業促進協會","org_type":"公益協會團體","phone":"(02)26886212","district":"文山區","village":"","approved_location":"木新路2段299巷口","full_address":"臺北市文山區木新路2段299巷口","approval_years":"","note":"","longitude":121.56539,"latitude":24.98266,"resource_type":"臺北舊衣回收箱"}},{"type":"Feature","geometry":{"type":"Point","coordinates":[121.56719,24.98241]},"properties":{"source_city":"臺北市","approval_id":"TP-1316","category":"舊衣回收箱","org_name":"臺北市弱勢者就業促進協會","org_type":"公益協會團體","phone":"(02)26886212","district":"文山區","village":"","approved_location":"恆光街51巷口電信設備邊","full_address":"臺北市文山區恆光街51巷口電信設備邊","approval_years":"","note":"","longitude":121.56719,"latitude":24.98241,"resource_type":"臺北舊衣回收箱"}},{"type":"Feature","geometry":{"type":"Point","coordinates":[121.56702,24.98938]},"properties":{"source_city":"臺北市","approval_id":"TP-1318","category":"舊衣回收箱","org_name":"臺北市弱勢者就業促進協會","org_type":"公益協會團體","phone":"(02)26886212","district":"文山區","village":"","approved_location":"木柵路3段85巷8弄5-1號對面變電箱旁","full_address":"臺北市文山區木柵路3段85巷8弄5-1號對面變電箱旁","approval_years":"","note":"","longitude":121.56702,"latitude":24.98938,"resource_type":"臺北舊衣回收箱"}},{"type":"Feature","geometry":{"type":"Point","coordinates":[121.54237,24.99439]},"properties":{"source_city":"臺北市","approval_id":"TP-1324","category":"舊衣回收箱","org_name":"臺北市恩寶身心障礙者關懷協會","org_type":"身障復健團體","phone":"(02)26886212","district":"文山區","village":"","approved_location":"景華街22巷7號旁人行道","full_address":"臺北市文山區景華街22巷7號旁人行道","approval_years":"","note":"","longitude":121.54237,"latitude":24.99439,"resource_type":"臺北舊衣回收箱"}},{"type":"Feature","geometry":{"type":"Point","coordinates":[121.55956,24.98259]},"properties":{"source_city":"臺北市","approval_id":"TP-1330","category":"舊衣回收箱","org_name":"臺北市恩寶身心障礙者關懷協會","org_type":"身障復健團體","phone":"(02)26886212","district":"文山區","village":"","approved_location":"忠順街1段26巷30弄口","full_address":"臺北市文山區忠順街1段26巷30弄口","approval_years":"","note":"","longitude":121.55956,"latitude":24.98259,"resource_type":"臺北舊衣回收箱"}},{"type":"Feature","geometry":{"type":"Point","coordinates":[121.55789,24.98213]},"properties":{"source_city":"臺北市","approval_id":"TP-1331","category":"舊衣回收箱","org_name":"臺北市恩寶身心障礙者關懷協會","org_type":"身障復健團體","phone":"(02)26886212","district":"文山區","village":"","approved_location":"木新路3段310巷12弄底公園邊","full_address":"臺北市文山區木新路3段310巷12弄底公園邊","approval_years":"","note":"","longitude":121.55789,"latitude":24.98213,"resource_type":"臺北舊衣回收箱"}},{"type":"Feature","geometry":{"type":"Point","coordinates":[121.54291,24.99553]},"properties":{"source_city":"臺北市","approval_id":"TP-1332","category":"舊衣回收箱","org_name":"臺北市恩寶身心障礙者關懷協會","org_type":"身障復健團體","phone":"(02)26886212","district":"文山區","village":"","approved_location":"景華街49巷5號斜對面公園邊","full_address":"臺北市文山區景華街49巷5號斜對面公園邊","approval_years":"","note":"","longitude":121.54291,"latitude":24.99553,"resource_type":"臺北舊衣回收箱"}},{"type":"Feature","geometry":{"type":"Point","coordinates":[121.55191,25.00339]},"properties":{"source_city":"臺北市","approval_id":"TP-1333","category":"舊衣回收箱","org_name":"臺北市恩寶身心障礙者關懷協會","org_type":"身障復健團體","phone":"(02)26886212","district":"文山區","village":"","approved_location":"福興路4巷15弄口","full_address":"臺北市文山區福興路4巷15弄口","approval_years":"","note":"","longitude":121.55191,"latitude":25.00339,"resource_type":"臺北舊衣回收箱"}},{"type":"Feature","geometry":{"type":"Point","coordinates":[121.55164,25.00314]},"properties":{"source_city":"臺北市","approval_id":"TP-1334","category":"舊衣回收箱","org_name":"臺北市恩寶身心障礙者關懷協會","org_type":"身障復健團體","phone":"(02)26886212","district":"文山區","village":"","approved_location":"福興路4巷7弄口","full_address":"臺北市文山區福興路4巷7弄口","approval_years":"","note":"","longitude":121.55164,"latitude":25.00314,"resource_type":"臺北舊衣回收箱"}},{"type":"Feature","geometry":{"type":"Point","coordinates":[121.5720315,24.99552551]},"properties":{"source_city":"臺北市","approval_id":"TP-156","category":"舊衣回收箱","org_name":"台北市康復之友協會","org_type":"身障復健團體","phone":"(02)27652810","district":"文山區","village":"","approved_location":"木柵路4段6號對面變電箱旁","full_address":"臺北市文山區木柵路4段6號對面變電箱旁","approval_years":"","note":"","longitude":121.5720315,"latitude":24.99552551,"resource_type":"臺北舊衣回收箱"}},{"type":"Feature","geometry":{"type":"Point","coordinates":[121.5471139,24.98803888]},"properties":{"source_city":"臺北市","approval_id":"TP-157","category":"舊衣回收箱","org_name":"台北市康復之友協會","org_type":"身障復健團體","phone":"(02)27652810","district":"文山區","village":"","approved_location":"木柵路1段89巷底試院公園旁","full_address":"臺北市文山區木柵路1段89巷底試院公園旁","approval_years":"","note":"","longitude":121.5471139,"latitude":24.98803888,"resource_type":"臺北舊衣回收箱"}},{"type":"Feature","geometry":{"type":"Point","coordinates":[121.539701,24.99385371]},"properties":{"source_city":"臺北市","approval_id":"TP-158","category":"舊衣回收箱","org_name":"台北市康復之友協會","org_type":"身障復健團體","phone":"(02)27652810","district":"文山區","village":"","approved_location":"景福街251巷2號對面","full_address":"臺北市文山區景福街251巷2號對面","approval_years":"","note":"","longitude":121.539701,"latitude":24.99385371,"resource_type":"臺北舊衣回收箱"}},{"type":"Feature","geometry":{"type":"Point","coordinates":[121.5487312,25.00184994]},"properties":{"source_city":"臺北市","approval_id":"TP-159","category":"舊衣回收箱","org_name":"台北市康復之友協會","org_type":"身障復健團體","phone":"(02)27652810","district":"文山區","village":"","approved_location":"興隆路2段203巷14號對面","full_address":"臺北市文山區興隆路2段203巷14號對面","approval_years":"","note":"","longitude":121.5487312,"latitude":25.00184994,"resource_type":"臺北舊衣回收箱"}},{"type":"Feature","geometry":{"type":"Point","coordinates":[121.5487716,24.99888371]},"properties":{"source_city":"臺北市","approval_id":"TP-160","category":"舊衣回收箱","org_name":"台北市康復之友協會","org_type":"身障復健團體","phone":"(02)27652810","district":"文山區","village":"","approved_location":"仙岩路22巷2號對面","full_address":"臺北市文山區仙岩路22巷2號對面","approval_years":"","note":"","longitude":121.5487716,"latitude":24.99888371,"resource_type":"臺北舊衣回收箱"}},{"type":"Feature","geometry":{"type":"Point","coordinates":[121.535846,25.004913]},"properties":{"source_city":"臺北市","approval_id":"TP-172","category":"舊衣回收箱","org_name":"台北市盲人福利協進會","org_type":"視障服務團體","phone":"(02)25585000","district":"文山區","village":"","approved_location":"汀州路4段146號對面公園邊","full_address":"臺北市文山區汀州路4段146號對面公園邊","approval_years":"","note":"","longitude":121.535846,"latitude":25.004913,"resource_type":"臺北舊衣回收箱"}},{"type":"Feature","geometry":{"type":"Point","coordinates":[121.536754,25.002135]},"properties":{"source_city":"臺北市","approval_id":"TP-174","category":"舊衣回收箱","org_name":"台北市盲人福利協進會","org_type":"視障服務團體","phone":"(02)25585000","district":"文山區","village":"","approved_location":"羅斯福路5段218巷口內電線桿後","full_address":"臺北市文山區羅斯福路5段218巷口內電線桿後","approval_years":"","note":"","longitude":121.536754,"latitude":25.002135,"resource_type":"臺北舊衣回收箱"}},{"type":"Feature","geometry":{"type":"Point","coordinates":[121.5366105,25.0043167]},"properties":{"source_city":"臺北市","approval_id":"TP-175","category":"舊衣回收箱","org_name":"台北市盲人福利協進會","org_type":"視障服務團體","phone":"(02)25585000","district":"文山區","village":"","approved_location":"羅斯福路5段176巷40號","full_address":"臺北市文山區羅斯福路5段176巷40號","approval_years":"","note":"","longitude":121.5366105,"latitude":25.0043167,"resource_type":"臺北舊衣回收箱"}},{"type":"Feature","geometry":{"type":"Point","coordinates":[121.56874,24.98318]},"properties":{"source_city":"臺北市","approval_id":"TP-192","category":"舊衣回收箱","org_name":"台北市盲人福利協進會","org_type":"視障服務團體","phone":"(02)25585000","district":"文山區","village":"","approved_location":"木新路2段161巷12弄10號對面電桿旁","full_address":"臺北市文山區木新路2段161巷12弄10號對面電桿旁","approval_years":"","note":"","longitude":121.56874,"latitude":24.98318,"resource_type":"臺北舊衣回收箱"}},{"type":"Feature","geometry":{"type":"Point","coordinates":[121.53834,24.99426]},"properties":{"source_city":"臺北市","approval_id":"TP-20","category":"舊衣回收箱","org_name":"台北市自閉症家長協會","org_type":"身障復健團體","phone":"(02)25953937","district":"文山區","village":"","approved_location":"景福街223巷口(學校圍牆邊)","full_address":"臺北市文山區景福街223巷口(學校圍牆邊)","approval_years":"","note":"","longitude":121.53834,"latitude":24.99426,"resource_type":"臺北舊衣回收箱"}},{"type":"Feature","geometry":{"type":"Point","coordinates":[121.5586287,24.9843621]},"properties":{"source_city":"臺北市","approval_id":"TP-201","category":"舊衣回收箱","org_name":"台北市視障生活品質福利促進會","org_type":"視障服務團體","phone":"(02)25587370","district":"文山區","village":"","approved_location":"忠順街1段41巷口","full_address":"臺北市文山區忠順街1段41巷口","approval_years":"","note":"","longitude":121.5586287,"latitude":24.9843621,"resource_type":"臺北舊衣回收箱"}},{"type":"Feature","geometry":{"type":"Point","coordinates":[121.5797024,24.98368575]},"properties":{"source_city":"臺北市","approval_id":"TP-204","category":"舊衣回收箱","org_name":"台北市視障生活品質福利促進會","org_type":"視障服務團體","phone":"(02)25587370","district":"文山區","village":"","approved_location":"指南路3段53號對面電箱旁","full_address":"臺北市文山區指南路3段53號對面電箱旁","approval_years":"","note":"","longitude":121.5797024,"latitude":24.98368575,"resource_type":"臺北舊衣回收箱"}},{"type":"Feature","geometry":{"type":"Point","coordinates":[121.5653523,24.98831213]},"properties":{"source_city":"臺北市","approval_id":"TP-205","category":"舊衣回收箱","org_name":"台北市視障生活品質福利促進會","org_type":"視障服務團體","phone":"(02)25587370","district":"文山區","village":"","approved_location":"木柵路3段郵局對面48巷郵局對面","full_address":"臺北市文山區木柵路3段郵局對面48巷郵局對面","approval_years":"","note":"","longitude":121.5653523,"latitude":24.98831213,"resource_type":"臺北舊衣回收箱"}},{"type":"Feature","geometry":{"type":"Point","coordinates":[121.53944,25.00663]},"properties":{"source_city":"臺北市","approval_id":"TP-296","category":"舊衣回收箱","org_name":"台北市私立彩虹村家園","org_type":"社福服務機構","phone":"(02)28914110","district":"文山區","village":"","approved_location":"羅斯福路5段53巷5號","full_address":"臺北市文山區羅斯福路5段53巷5號","approval_years":"","note":"","longitude":121.53944,"latitude":25.00663,"resource_type":"臺北舊衣回收箱"}},{"type":"Feature","geometry":{"type":"Point","coordinates":[121.54727,25.0006]},"properties":{"source_city":"臺北市","approval_id":"TP-297","category":"舊衣回收箱","org_name":"台北市私立彩虹村家園","org_type":"社福服務機構","phone":"(02)28914110","district":"文山區","village":"","approved_location":"興隆路2段123巷14號對面公園","full_address":"臺北市文山區興隆路2段123巷14號對面公園","approval_years":"","note":"","longitude":121.54727,"latitude":25.0006,"resource_type":"臺北舊衣回收箱"}},{"type":"Feature","geometry":{"type":"Point","coordinates":[121.54965,25.00544]},"properties":{"source_city":"臺北市","approval_id":"TP-298","category":"舊衣回收箱","org_name":"台北市私立彩虹村家園","org_type":"社福服務機構","phone":"(02)28914110","district":"文山區","village":"","approved_location":"福興路82巷90號斜對面","full_address":"臺北市文山區福興路82巷90號斜對面","approval_years":"","note":"","longitude":121.54965,"latitude":25.00544,"resource_type":"臺北舊衣回收箱"}},{"type":"Feature","geometry":{"type":"Point","coordinates":[121.5688695,24.9841914]},"properties":{"source_city":"臺北市","approval_id":"TP-302","category":"舊衣回收箱","org_name":"台北市私立彩虹村家園","org_type":"社福服務機構","phone":"(02)28914110","district":"文山區","village":"","approved_location":"木新路2段156號前","full_address":"臺北市文山區木新路2段156號前","approval_years":"","note":"","longitude":121.5688695,"latitude":24.9841914,"resource_type":"臺北舊衣回收箱"}},{"type":"Feature","geometry":{"type":"Point","coordinates":[121.5548648,24.98575838]},"properties":{"source_city":"臺北市","approval_id":"TP-304","category":"舊衣回收箱","org_name":"台北市私立彩虹村家園","org_type":"社福服務機構","phone":"(02)28914110","district":"文山區","village":"","approved_location":"光輝?40號","full_address":"臺北市文山區光輝?40號","approval_years":"","note":"","longitude":121.5548648,"latitude":24.98575838,"resource_type":"臺北舊衣回收箱"}},{"type":"Feature","geometry":{"type":"Point","coordinates":[121.54272,24.99004]},"properties":{"source_city":"臺北市","approval_id":"TP-33","category":"舊衣回收箱","org_name":"台北市自閉症家長協會","org_type":"身障復健團體","phone":"(02)25953937","district":"文山區","village":"","approved_location":"景後街149巷與景興路交叉口","full_address":"臺北市文山區景後街149巷與景興路交叉口","approval_years":"","note":"","longitude":121.54272,"latitude":24.99004,"resource_type":"臺北舊衣回收箱"}},{"type":"Feature","geometry":{"type":"Point","coordinates":[121.54129,24.99223]},"properties":{"source_city":"臺北市","approval_id":"TP-34","category":"舊衣回收箱","org_name":"台北市自閉症家長協會","org_type":"身障復健團體","phone":"(02)25953937","district":"文山區","village":"","approved_location":"景文街41號對面","full_address":"臺北市文山區景文街41號對面","approval_years":"","note":"","longitude":121.54129,"latitude":24.99223,"resource_type":"臺北舊衣回收箱"}},{"type":"Feature","geometry":{"type":"Point","coordinates":[121.56337,24.98293]},"properties":{"source_city":"臺北市","approval_id":"TP-365","category":"舊衣回收箱","org_name":"財團法人台北市樹仁社會福利基金會","org_type":"社福基金會","phone":"(02)28936122","district":"文山區","village":"","approved_location":"木新路3段74巷8弄1號","full_address":"臺北市文山區木新路3段74巷8弄1號","approval_years":"","note":"","longitude":121.56337,"latitude":24.98293,"resource_type":"臺北舊衣回收箱"}},{"type":"Feature","geometry":{"type":"Point","coordinates":[121.5607,24.98668]},"properties":{"source_city":"臺北市","approval_id":"TP-449","category":"舊衣回收箱","org_name":"台北市脊髓損傷者協會","org_type":"公益協會團體","phone":"(02)25986062","district":"文山區","village":"","approved_location":"興隆路4段與下崙路口榕樹旁","full_address":"臺北市文山區興隆路4段與下崙路口榕樹旁","approval_years":"","note":"","longitude":121.5607,"latitude":24.98668,"resource_type":"臺北舊衣回收箱"}},{"type":"Feature","geometry":{"type":"Point","coordinates":[121.54129,25.00187]},"properties":{"source_city":"臺北市","approval_id":"TP-450","category":"舊衣回收箱","org_name":"台北市脊髓損傷者協會","org_type":"公益協會團體","phone":"(02)25986062","district":"文山區","village":"","approved_location":"景明街14巷口","full_address":"臺北市文山區景明街14巷口","approval_years":"","note":"","longitude":121.54129,"latitude":25.00187,"resource_type":"臺北舊衣回收箱"}},{"type":"Feature","geometry":{"type":"Point","coordinates":[121.54389,24.99796]},"properties":{"source_city":"臺北市","approval_id":"TP-451","category":"舊衣回收箱","org_name":"台北市脊髓損傷者協會","org_type":"公益協會團體","phone":"(02)25986062","district":"文山區","village":"","approved_location":"景興路10巷7號旁對面","full_address":"臺北市文山區景興路10巷7號旁對面","approval_years":"","note":"","longitude":121.54389,"latitude":24.99796,"resource_type":"臺北舊衣回收箱"}},{"type":"Feature","geometry":{"type":"Point","coordinates":[121.54255,25.00054]},"properties":{"source_city":"臺北市","approval_id":"TP-452","category":"舊衣回收箱","org_name":"台北市脊髓損傷者協會","org_type":"公益協會團體","phone":"(02)25986062","district":"文山區","village":"","approved_location":"興隆路1段184巷4弄口公園路燈旁","full_address":"臺北市文山區興隆路1段184巷4弄口公園路燈旁","approval_years":"","note":"","longitude":121.54255,"latitude":25.00054,"resource_type":"臺北舊衣回收箱"}},{"type":"Feature","geometry":{"type":"Point","coordinates":[121.55586,25.0031]},"properties":{"source_city":"臺北市","approval_id":"TP-453","category":"舊衣回收箱","org_name":"台北市脊髓損傷者協會","org_type":"公益協會團體","phone":"(02)25986062","district":"文山區","village":"","approved_location":"辛亥路4段188巷口樹邊","full_address":"臺北市文山區辛亥路4段188巷口樹邊","approval_years":"","note":"","longitude":121.55586,"latitude":25.0031,"resource_type":"臺北舊衣回收箱"}},{"type":"Feature","geometry":{"type":"Point","coordinates":[121.5485335,24.99927731]},"properties":{"source_city":"臺北市","approval_id":"TP-491","category":"舊衣回收箱","org_name":"臺北市弱勢者發展協會","org_type":"公益協會團體","phone":"(02)25429529","district":"文山區","village":"","approved_location":"景華街177巷4-1號旁","full_address":"臺北市文山區景華街177巷4-1號旁","approval_years":"","note":"","longitude":121.5485335,"latitude":24.99927731,"resource_type":"臺北舊衣回收箱"}},{"type":"Feature","geometry":{"type":"Point","coordinates":[121.547364,24.99654593]},"properties":{"source_city":"臺北市","approval_id":"TP-493","category":"舊衣回收箱","org_name":"臺北市弱勢者發展協會","org_type":"公益協會團體","phone":"(02)25429529","district":"文山區","village":"","approved_location":"景華街121巷7弄2號旁","full_address":"臺北市文山區景華街121巷7弄2號旁","approval_years":"","note":"","longitude":121.547364,"latitude":24.99654593,"resource_type":"臺北舊衣回收箱"}},{"type":"Feature","geometry":{"type":"Point","coordinates":[121.56633,25.00061]},"properties":{"source_city":"臺北市","approval_id":"TP-575","category":"舊衣回收箱","org_name":"台北市行無礙資源推廣協會","org_type":"公益協會團體","phone":"(02)25994649","district":"文山區","village":"","approved_location":"萬利街4號旁","full_address":"臺北市文山區萬利街4號旁","approval_years":"","note":"","longitude":121.56633,"latitude":25.00061,"resource_type":"臺北舊衣回收箱"}},{"type":"Feature","geometry":{"type":"Point","coordinates":[121.5655036,25.00338594]},"properties":{"source_city":"臺北市","approval_id":"TP-579","category":"舊衣回收箱","org_name":"台北市行無礙資源推廣協會","org_type":"公益協會團體","phone":"(02)25994649","district":"文山區","village":"","approved_location":"萬寧街36巷公車站牌旁","full_address":"臺北市文山區萬寧街36巷公車站牌旁","approval_years":"","note":"","longitude":121.5655036,"latitude":25.00338594,"resource_type":"臺北舊衣回收箱"}},{"type":"Feature","geometry":{"type":"Point","coordinates":[121.569045,24.984719]},"properties":{"source_city":"臺北市","approval_id":"TP-60","category":"舊衣回收箱","org_name":"臺北市視障樂活福利促進會","org_type":"視障服務團體","phone":"(02)25993105","district":"文山區","village":"","approved_location":"保儀路109巷跟木新路2段218巷靠近學校圍牆的交叉路口","full_address":"臺北市文山區保儀路109巷跟木新路2段218巷靠近學校圍牆的交叉路口","approval_years":"","note":"","longitude":121.569045,"latitude":24.984719,"resource_type":"臺北舊衣回收箱"}},{"type":"Feature","geometry":{"type":"Point","coordinates":[121.546287,24.994741]},"properties":{"source_city":"臺北市","approval_id":"TP-61","category":"舊衣回收箱","org_name":"臺北市視障樂活福利促進會","org_type":"視障服務團體","phone":"(02)25993105","district":"文山區","village":"","approved_location":"景華街104巷6號右邊變電箱旁","full_address":"臺北市文山區景華街104巷6號右邊變電箱旁","approval_years":"","note":"","longitude":121.546287,"latitude":24.994741,"resource_type":"臺北舊衣回收箱"}},{"type":"Feature","geometry":{"type":"Point","coordinates":[121.54532,24.994219]},"properties":{"source_city":"臺北市","approval_id":"TP-62","category":"舊衣回收箱","org_name":"臺北市視障樂活福利促進會","org_type":"視障服務團體","phone":"(02)25993105","district":"文山區","village":"","approved_location":"景華街82巷11號對面變電箱旁","full_address":"臺北市文山區景華街82巷11號對面變電箱旁","approval_years":"","note":"","longitude":121.54532,"latitude":24.994219,"resource_type":"臺北舊衣回收箱"}},{"type":"Feature","geometry":{"type":"Point","coordinates":[121.5453418,24.99634127]},"properties":{"source_city":"臺北市","approval_id":"TP-624","category":"舊衣回收箱","org_name":"台北市史懷哲慈善會","org_type":"公益協會團體","phone":"(02)25429529","district":"文山區","village":"","approved_location":"景興路67巷8號對面","full_address":"臺北市文山區景興路67巷8號對面","approval_years":"","note":"","longitude":121.5453418,"latitude":24.99634127,"resource_type":"臺北舊衣回收箱"}},{"type":"Feature","geometry":{"type":"Point","coordinates":[121.545217,24.993551]},"properties":{"source_city":"臺北市","approval_id":"TP-63","category":"舊衣回收箱","org_name":"臺北市視障樂活福利促進會","org_type":"視障服務團體","phone":"(02)25993105","district":"文山區","village":"","approved_location":"景興路153巷12-3號旁","full_address":"臺北市文山區景興路153巷12-3號旁","approval_years":"","note":"","longitude":121.545217,"latitude":24.993551,"resource_type":"臺北舊衣回收箱"}},{"type":"Feature","geometry":{"type":"Point","coordinates":[121.537069,24.989985]},"properties":{"source_city":"臺北市","approval_id":"TP-64","category":"舊衣回收箱","org_name":"臺北市視障樂活福利促進會","org_type":"視障服務團體","phone":"(02)25993105","district":"文山區","village":"","approved_location":"育英街31巷36弄21號左邊公佈欄旁","full_address":"臺北市文山區育英街31巷36弄21號左邊公佈欄旁","approval_years":"","note":"","longitude":121.537069,"latitude":24.989985,"resource_type":"臺北舊衣回收箱"}},{"type":"Feature","geometry":{"type":"Point","coordinates":[121.53957,24.99149]},"properties":{"source_city":"臺北市","approval_id":"TP-65","category":"舊衣回收箱","org_name":"臺北市視障樂活福利促進會","org_type":"視障服務團體","phone":"(02)25993105","district":"文山區","village":"","approved_location":"萬慶街13巷29號對面公布欄旁","full_address":"臺北市文山區萬慶街13巷29號對面公布欄旁","approval_years":"","note":"","longitude":121.53957,"latitude":24.99149,"resource_type":"臺北舊衣回收箱"}},{"type":"Feature","geometry":{"type":"Point","coordinates":[121.543743,24.994472]},"properties":{"source_city":"臺北市","approval_id":"TP-66","category":"舊衣回收箱","org_name":"臺北市視障樂活福利促進會","org_type":"視障服務團體","phone":"(02)25993105","district":"文山區","village":"","approved_location":"景中街27號旁","full_address":"臺北市文山區景中街27號旁","approval_years":"","note":"","longitude":121.543743,"latitude":24.994472,"resource_type":"臺北舊衣回收箱"}},{"type":"Feature","geometry":{"type":"Point","coordinates":[121.5472593,24.9849761]},"properties":{"source_city":"臺北市","approval_id":"TP-660","category":"舊衣回收箱","org_name":"臺北市私立育成裕民發展中心","org_type":"身障復健團體","phone":"(02)27068686","district":"文山區","village":"","approved_location":"和興街44巷口","full_address":"臺北市文山區和興街44巷口","approval_years":"","note":"","longitude":121.5472593,"latitude":24.9849761,"resource_type":"臺北舊衣回收箱"}},{"type":"Feature","geometry":{"type":"Point","coordinates":[121.5417948,24.9975095]},"properties":{"source_city":"臺北市","approval_id":"TP-661","category":"舊衣回收箱","org_name":"臺北市私立育成裕民發展中心","org_type":"身障復健團體","phone":"(02)27068686","district":"文山區","village":"","approved_location":"羅斯福路6段159巷9號3福街交叉口","full_address":"臺北市文山區羅斯福路6段159巷9號3福街交叉口","approval_years":"","note":"","longitude":121.5417948,"latitude":24.9975095,"resource_type":"臺北舊衣回收箱"}},{"type":"Feature","geometry":{"type":"Point","coordinates":[121.5631899,24.9845849]},"properties":{"source_city":"臺北市","approval_id":"TP-662","category":"舊衣回收箱","org_name":"臺北市私立育成裕民發展中心","org_type":"身障復健團體","phone":"(02)27068686","district":"文山區","village":"","approved_location":"忠順街2段22號超市旁","full_address":"臺北市文山區忠順街2段22號超市旁","approval_years":"","note":"","longitude":121.5631899,"latitude":24.9845849,"resource_type":"臺北舊衣回收箱"}},{"type":"Feature","geometry":{"type":"Point","coordinates":[121.5381326,24.9996702]},"properties":{"source_city":"臺北市","approval_id":"TP-663","category":"舊衣回收箱","org_name":"臺北市私立育成裕民發展中心","org_type":"身障復健團體","phone":"(02)27068686","district":"文山區","village":"","approved_location":"景福街54巷5弄2號旁","full_address":"臺北市文山區景福街54巷5弄2號旁","approval_years":"","note":"","longitude":121.5381326,"latitude":24.9996702,"resource_type":"臺北舊衣回收箱"}},{"type":"Feature","geometry":{"type":"Point","coordinates":[121.54239,24.992941]},"properties":{"source_city":"臺北市","approval_id":"TP-67","category":"舊衣回收箱","org_name":"臺北市視障樂活福利促進會","org_type":"視障服務團體","phone":"(02)25993105","district":"文山區","village":"","approved_location":"景美街5巷23號斜對面","full_address":"臺北市文山區景美街5巷23號斜對面","approval_years":"","note":"","longitude":121.54239,"latitude":24.992941,"resource_type":"臺北舊衣回收箱"}},{"type":"Feature","geometry":{"type":"Point","coordinates":[121.537327,25.006209]},"properties":{"source_city":"臺北市","approval_id":"TP-68","category":"舊衣回收箱","org_name":"臺北市視障樂活福利促進會","org_type":"視障服務團體","phone":"(02)25993105","district":"文山區","village":"","approved_location":"汀州路4段105巷16弄3號對面","full_address":"臺北市文山區汀州路4段105巷16弄3號對面","approval_years":"","note":"","longitude":121.537327,"latitude":25.006209,"resource_type":"臺北舊衣回收箱"}},{"type":"Feature","geometry":{"type":"Point","coordinates":[121.557,24.9896]},"properties":{"source_city":"臺北市","approval_id":"TP-686","category":"舊衣回收箱","org_name":"台北市中風之友康復協會","org_type":"身障復健團體","phone":"(02)27644061","district":"文山區","village":"","approved_location":"興隆路4段57巷口","full_address":"臺北市文山區興隆路4段57巷口","approval_years":"","note":"","longitude":121.557,"latitude":24.9896,"resource_type":"臺北舊衣回收箱"}},{"type":"Feature","geometry":{"type":"Point","coordinates":[121.544,24.9873]},"properties":{"source_city":"臺北市","approval_id":"TP-687","category":"舊衣回收箱","org_name":"台北市中風之友康復協會","org_type":"身障復健團體","phone":"(02)27644061","district":"文山區","village":"","approved_location":"木柵路2段109巷25弄口","full_address":"臺北市文山區木柵路2段109巷25弄口","approval_years":"","note":"","longitude":121.544,"latitude":24.9873,"resource_type":"臺北舊衣回收箱"}},{"type":"Feature","geometry":{"type":"Point","coordinates":[121.552,24.9873]},"properties":{"source_city":"臺北市","approval_id":"TP-688","category":"舊衣回收箱","org_name":"台北市中風之友康復協會","org_type":"身障復健團體","phone":"(02)27644061","district":"文山區","village":"","approved_location":"光輝路132號對面巷口","full_address":"臺北市文山區光輝路132號對面巷口","approval_years":"","note":"","longitude":121.552,"latitude":24.9873,"resource_type":"臺北舊衣回收箱"}},{"type":"Feature","geometry":{"type":"Point","coordinates":[121.551,24.9982]},"properties":{"source_city":"臺北市","approval_id":"TP-689","category":"舊衣回收箱","org_name":"台北市中風之友康復協會","org_type":"身障復健團體","phone":"(02)27644061","district":"文山區","village":"","approved_location":"興隆路3段與興德路口","full_address":"臺北市文山區興隆路3段與興德路口","approval_years":"","note":"","longitude":121.551,"latitude":24.9982,"resource_type":"臺北舊衣回收箱"}},{"type":"Feature","geometry":{"type":"Point","coordinates":[121.538569,25.004896]},"properties":{"source_city":"臺北市","approval_id":"TP-69","category":"舊衣回收箱","org_name":"臺北市視障樂活福利促進會","org_type":"視障服務團體","phone":"(02)25993105","district":"文山區","village":"","approved_location":"羅斯福路5段與公館街口電桿旁","full_address":"臺北市文山區羅斯福路5段與公館街口電桿旁","approval_years":"","note":"","longitude":121.538569,"latitude":25.004896,"resource_type":"臺北舊衣回收箱"}},{"type":"Feature","geometry":{"type":"Point","coordinates":[121.541523,25.000845]},"properties":{"source_city":"臺北市","approval_id":"TP-70","category":"舊衣回收箱","org_name":"臺北市視障樂活福利促進會","org_type":"視障服務團體","phone":"(02)25993105","district":"文山區","village":"","approved_location":"景明街11巷6弄14號對面公園旁","full_address":"臺北市文山區景明街11巷6弄14號對面公園旁","approval_years":"","note":"","longitude":121.541523,"latitude":25.000845,"resource_type":"臺北舊衣回收箱"}},{"type":"Feature","geometry":{"type":"Point","coordinates":[121.540688,24.998907]},"properties":{"source_city":"臺北市","approval_id":"TP-71","category":"舊衣回收箱","org_name":"臺北市視障樂活福利促進會","org_type":"視障服務團體","phone":"(02)25993105","district":"文山區","village":"","approved_location":"羅斯福路6段39巷1號右邊電桿旁","full_address":"臺北市文山區羅斯福路6段39巷1號右邊電桿旁","approval_years":"","note":"","longitude":121.540688,"latitude":24.998907,"resource_type":"臺北舊衣回收箱"}},{"type":"Feature","geometry":{"type":"Point","coordinates":[121.540157,25.006644]},"properties":{"source_city":"臺北市","approval_id":"TP-72","category":"舊衣回收箱","org_name":"臺北市視障樂活福利促進會","org_type":"視障服務團體","phone":"(02)25993105","district":"文山區","village":"","approved_location":"萬盛街62號對面","full_address":"臺北市文山區萬盛街62號對面","approval_years":"","note":"","longitude":121.540157,"latitude":25.006644,"resource_type":"臺北舊衣回收箱"}},{"type":"Feature","geometry":{"type":"Point","coordinates":[121.540631,25.002731]},"properties":{"source_city":"臺北市","approval_id":"TP-73","category":"舊衣回收箱","org_name":"臺北市視障樂活福利促進會","org_type":"視障服務團體","phone":"(02)25993105","district":"文山區","village":"","approved_location":"興隆路1段70巷9弄口電桿旁","full_address":"臺北市文山區興隆路1段70巷9弄口電桿旁","approval_years":"","note":"","longitude":121.540631,"latitude":25.002731,"resource_type":"臺北舊衣回收箱"}},{"type":"Feature","geometry":{"type":"Point","coordinates":[121.5503243,25.0012157]},"properties":{"source_city":"臺北市","approval_id":"TP-739","category":"舊衣回收箱","org_name":"臺北市惠盲教育學會","org_type":"公益協會團體","phone":"(02)25530253","district":"文山區","village":"","approved_location":"興隆路2段153巷6弄1號對面電桿旁","full_address":"臺北市文山區興隆路2段153巷6弄1號對面電桿旁","approval_years":"","note":"","longitude":121.5503243,"latitude":25.0012157,"resource_type":"臺北舊衣回收箱"}},{"type":"Feature","geometry":{"type":"Point","coordinates":[121.575626,24.990136]},"properties":{"source_city":"臺北市","approval_id":"TP-74","category":"舊衣回收箱","org_name":"臺北市視障樂活福利促進會","org_type":"視障服務團體","phone":"(02)25993105","district":"文山區","village":"","approved_location":"秀明路2段112巷15號對面","full_address":"臺北市文山區秀明路2段112巷15號對面","approval_years":"","note":"","longitude":121.575626,"latitude":24.990136,"resource_type":"臺北舊衣回收箱"}},{"type":"Feature","geometry":{"type":"Point","coordinates":[121.5478973,25.0011006]},"properties":{"source_city":"臺北市","approval_id":"TP-740","category":"舊衣回收箱","org_name":"臺北市惠盲教育學會","org_type":"公益協會團體","phone":"(02)25530253","district":"文山區","village":"","approved_location":"興隆路2段215-2號牆邊","full_address":"臺北市文山區興隆路2段215-2號牆邊","approval_years":"","note":"","longitude":121.5478973,"latitude":25.0011006,"resource_type":"臺北舊衣回收箱"}},{"type":"Feature","geometry":{"type":"Point","coordinates":[121.5629257,25.0013364]},"properties":{"source_city":"臺北市","approval_id":"TP-746","category":"舊衣回收箱","org_name":"臺北市惠盲教育學會","org_type":"公益協會團體","phone":"(02)25530253","district":"文山區","village":"","approved_location":"萬美街1段與萬樂街口(萬芳13號公園)","full_address":"臺北市文山區萬美街1段與萬樂街口(萬芳13號公園)","approval_years":"","note":"","longitude":121.5629257,"latitude":25.0013364,"resource_type":"臺北舊衣回收箱"}},{"type":"Feature","geometry":{"type":"Point","coordinates":[121.566572,24.98317]},"properties":{"source_city":"臺北市","approval_id":"TP-75","category":"舊衣回收箱","org_name":"臺北市視障樂活福利促進會","org_type":"視障服務團體","phone":"(02)25993105","district":"文山區","village":"","approved_location":"木新路2段255號(7-11木新門市)前面","full_address":"臺北市文山區木新路2段255號(7-11木新門市)前面","approval_years":"","note":"","longitude":121.566572,"latitude":24.98317,"resource_type":"臺北舊衣回收箱"}},{"type":"Feature","geometry":{"type":"Point","coordinates":[121.548772,24.99954]},"properties":{"source_city":"臺北市","approval_id":"TP-76","category":"舊衣回收箱","org_name":"臺北市視障樂活福利促進會","org_type":"視障服務團體","phone":"(02)25993105","district":"文山區","village":"","approved_location":"仙岩路45-1號旁邊","full_address":"臺北市文山區仙岩路45-1號旁邊","approval_years":"","note":"","longitude":121.548772,"latitude":24.99954,"resource_type":"臺北舊衣回收箱"}},{"type":"Feature","geometry":{"type":"Point","coordinates":[121.542221,25.002105]},"properties":{"source_city":"臺北市","approval_id":"TP-77","category":"舊衣回收箱","org_name":"臺北市視障樂活福利促進會","org_type":"視障服務團體","phone":"(02)25993105","district":"文山區","village":"","approved_location":"興隆路1段137巷口燈桿旁","full_address":"臺北市文山區興隆路1段137巷口燈桿旁","approval_years":"","note":"","longitude":121.542221,"latitude":25.002105,"resource_type":"臺北舊衣回收箱"}},{"type":"Feature","geometry":{"type":"Point","coordinates":[121.57078,24.98617]},"properties":{"source_city":"臺北市","approval_id":"TP-776","category":"舊衣回收箱","org_name":"臺北市愛盲協會","org_type":"公益協會團體","phone":"(02)26886212","district":"文山區","village":"","approved_location":"木新路2段52號對面邊","full_address":"臺北市文山區木新路2段52號對面邊","approval_years":"","note":"","longitude":121.57078,"latitude":24.98617,"resource_type":"臺北舊衣回收箱"}},{"type":"Feature","geometry":{"type":"Point","coordinates":[121.54972,24.99763]},"properties":{"source_city":"臺北市","approval_id":"TP-777","category":"舊衣回收箱","org_name":"臺北市愛盲協會","org_type":"公益協會團體","phone":"(02)26886212","district":"文山區","village":"","approved_location":"仙岩路16巷41弄口對面仙岩公園旁","full_address":"臺北市文山區仙岩路16巷41弄口對面仙岩公園旁","approval_years":"","note":"","longitude":121.54972,"latitude":24.99763,"resource_type":"臺北舊衣回收箱"}},{"type":"Feature","geometry":{"type":"Point","coordinates":[121.55861,24.99356]},"properties":{"source_city":"臺北市","approval_id":"TP-778","category":"舊衣回收箱","org_name":"臺北市愛盲協會","org_type":"公益協會團體","phone":"(02)26886212","district":"文山區","village":"","approved_location":"興隆路3段298巷與304巷交叉口","full_address":"臺北市文山區興隆路3段298巷與304巷交叉口","approval_years":"","note":"","longitude":121.55861,"latitude":24.99356,"resource_type":"臺北舊衣回收箱"}},{"type":"Feature","geometry":{"type":"Point","coordinates":[121.55079,25.00561]},"properties":{"source_city":"臺北市","approval_id":"TP-779","category":"舊衣回收箱","org_name":"臺北市愛盲協會","org_type":"公益協會團體","phone":"(02)26886212","district":"文山區","village":"","approved_location":"福興路78巷1弄底","full_address":"臺北市文山區福興路78巷1弄底","approval_years":"","note":"","longitude":121.55079,"latitude":25.00561,"resource_type":"臺北舊衣回收箱"}},{"type":"Feature","geometry":{"type":"Point","coordinates":[121.544723,25.000308]},"properties":{"source_city":"臺北市","approval_id":"TP-78","category":"舊衣回收箱","org_name":"臺北市視障樂活福利促進會","org_type":"視障服務團體","phone":"(02)25993105","district":"文山區","village":"","approved_location":"興隆路1段251巷3弄13號對面","full_address":"臺北市文山區興隆路1段251巷3弄13號對面","approval_years":"","note":"","longitude":121.544723,"latitude":25.000308,"resource_type":"臺北舊衣回收箱"}},{"type":"Feature","geometry":{"type":"Point","coordinates":[121.55287,25.00249]},"properties":{"source_city":"臺北市","approval_id":"TP-780","category":"舊衣回收箱","org_name":"臺北市愛盲協會","org_type":"公益協會團體","phone":"(02)26886212","district":"文山區","village":"","approved_location":"興隆路2段275巷1弄口","full_address":"臺北市文山區興隆路2段275巷1弄口","approval_years":"","note":"","longitude":121.55287,"latitude":25.00249,"resource_type":"臺北舊衣回收箱"}},{"type":"Feature","geometry":{"type":"Point","coordinates":[121.54063,25.00379]},"properties":{"source_city":"臺北市","approval_id":"TP-781","category":"舊衣回收箱","org_name":"臺北市愛盲協會","org_type":"公益協會團體","phone":"(02)26886212","district":"文山區","village":"","approved_location":"興隆路1段70巷口兩桿間","full_address":"臺北市文山區興隆路1段70巷口兩桿間","approval_years":"","note":"","longitude":121.54063,"latitude":25.00379,"resource_type":"臺北舊衣回收箱"}},{"type":"Feature","geometry":{"type":"Point","coordinates":[121.54334,25.00031]},"properties":{"source_city":"臺北市","approval_id":"TP-782","category":"舊衣回收箱","org_name":"臺北市愛盲協會","org_type":"公益協會團體","phone":"(02)26886212","district":"文山區","village":"","approved_location":"興隆路1段202巷公園旁","full_address":"臺北市文山區興隆路1段202巷公園旁","approval_years":"","note":"","longitude":121.54334,"latitude":25.00031,"resource_type":"臺北舊衣回收箱"}},{"type":"Feature","geometry":{"type":"Point","coordinates":[121.54165,24.99488]},"properties":{"source_city":"臺北市","approval_id":"TP-783","category":"舊衣回收箱","org_name":"臺北市愛盲協會","org_type":"公益協會團體","phone":"(02)26886212","district":"文山區","village":"","approved_location":"羅斯福路6段279巷6號2桿間","full_address":"臺北市文山區羅斯福路6段279巷6號2桿間","approval_years":"","note":"","longitude":121.54165,"latitude":24.99488,"resource_type":"臺北舊衣回收箱"}},{"type":"Feature","geometry":{"type":"Point","coordinates":[121.54495,25.001246]},"properties":{"source_city":"臺北市","approval_id":"TP-79","category":"舊衣回收箱","org_name":"臺北市視障樂活福利促進會","org_type":"視障服務團體","phone":"(02)25993105","district":"文山區","village":"","approved_location":"興順街78號對面右邊電信箱旁","full_address":"臺北市文山區興順街78號對面右邊電信箱旁","approval_years":"","note":"","longitude":121.54495,"latitude":25.001246,"resource_type":"臺北舊衣回收箱"}},{"type":"Feature","geometry":{"type":"Point","coordinates":[121.55388,24.97959]},"properties":{"source_city":"臺北市","approval_id":"TP-795","category":"舊衣回收箱","org_name":"臺北市愛盲協會","org_type":"公益協會團體","phone":"(02)26886212","district":"文山區","village":"","approved_location":"樟新街8巷底2桿間","full_address":"臺北市文山區樟新街8巷底2桿間","approval_years":"","note":"","longitude":121.55388,"latitude":24.97959,"resource_type":"臺北舊衣回收箱"}},{"type":"Feature","geometry":{"type":"Point","coordinates":[121.55937,24.98062]},"properties":{"source_city":"臺北市","approval_id":"TP-796","category":"舊衣回收箱","org_name":"臺北市愛盲協會","org_type":"公益協會團體","phone":"(02)26886212","district":"文山區","village":"","approved_location":"木新路3段243巷3弄7號斜對面","full_address":"臺北市文山區木新路3段243巷3弄7號斜對面","approval_years":"","note":"","longitude":121.55937,"latitude":24.98062,"resource_type":"臺北舊衣回收箱"}},{"type":"Feature","geometry":{"type":"Point","coordinates":[121.57951,24.98529]},"properties":{"source_city":"臺北市","approval_id":"TP-797","category":"舊衣回收箱","org_name":"臺北市愛盲協會","org_type":"公益協會團體","phone":"(02)26886212","district":"文山區","village":"","approved_location":"指南路3段2巷入口橋邊","full_address":"臺北市文山區指南路3段2巷入口橋邊","approval_years":"","note":"","longitude":121.57951,"latitude":24.98529,"resource_type":"臺北舊衣回收箱"}},{"type":"Feature","geometry":{"type":"Point","coordinates":[121.56925,25.002426]},"properties":{"source_city":"臺北市","approval_id":"TP-80","category":"舊衣回收箱","org_name":"臺北市視障樂活福利促進會","org_type":"視障服務團體","phone":"(02)25993105","district":"文山區","village":"","approved_location":"萬美街1段23號對面公園空地","full_address":"臺北市文山區萬美街1段23號對面公園空地","approval_years":"","note":"","longitude":121.56925,"latitude":25.002426,"resource_type":"臺北舊衣回收箱"}},{"type":"Feature","geometry":{"type":"Point","coordinates":[121.5737971,24.98937551]},"properties":{"source_city":"臺北市","approval_id":"TP-820","category":"舊衣回收箱","org_name":"台北市身心障礙運動協會","org_type":"身障復健團體","phone":"(02)25912695","district":"文山區","village":"","approved_location":"新光路1段31巷口","full_address":"臺北市文山區新光路1段31巷口","approval_years":"","note":"","longitude":121.5737971,"latitude":24.98937551,"resource_type":"臺北舊衣回收箱"}},{"type":"Feature","geometry":{"type":"Point","coordinates":[121.526961,25.041287]},"properties":{"source_city":"臺北市","approval_id":"TP-83","category":"舊衣回收箱","org_name":"社團法人台北生命勵樂活輔健會","org_type":"公益協會團體","phone":"(02)27299347","district":"文山區","village":"","approved_location":"木新路2段79巷12弄26號斜對面公園","full_address":"臺北市文山區木新路2段79巷12弄26號斜對面公園","approval_years":"","note":"","longitude":121.526961,"latitude":25.041287,"resource_type":"臺北舊衣回收箱"}},{"type":"Feature","geometry":{"type":"Point","coordinates":[121.5452835,24.99543739]},"properties":{"source_city":"臺北市","approval_id":"TP-898","category":"舊衣回收箱","org_name":"臺北市障礙者發展協會","org_type":"公益協會團體","phone":"(02)25429529","district":"文山區","village":"","approved_location":"景興路97巷旁","full_address":"臺北市文山區景興路97巷旁","approval_years":"","note":"","longitude":121.5452835,"latitude":24.99543739,"resource_type":"臺北舊衣回收箱"}},{"type":"Feature","geometry":{"type":"Point","coordinates":[121.5752676,24.9924339]},"properties":{"source_city":"臺北市","approval_id":"TP-920","category":"舊衣回收箱","org_name":"台北市視障者福利發展協會","org_type":"視障服務團體","phone":"(02)25912695","district":"文山區","village":"","approved_location":"秀明路2段15號對面變電箱旁","full_address":"臺北市文山區秀明路2段15號對面變電箱旁","approval_years":"","note":"","longitude":121.5752676,"latitude":24.9924339,"resource_type":"臺北舊衣回收箱"}},{"type":"Feature","geometry":{"type":"Point","coordinates":[121.576822,24.99047676]},"properties":{"source_city":"臺北市","approval_id":"TP-921","category":"舊衣回收箱","org_name":"台北市視障者福利發展協會","org_type":"視障服務團體","phone":"(02)25912695","district":"文山區","village":"","approved_location":"秀明路2段114號前","full_address":"臺北市文山區秀明路2段114號前","approval_years":"","note":"","longitude":121.576822,"latitude":24.99047676,"resource_type":"臺北舊衣回收箱"}},{"type":"Feature","geometry":{"type":"Point","coordinates":[121.5373882,24.9928366]},"properties":{"source_city":"臺北市","approval_id":"TP-971","category":"舊衣回收箱","org_name":"台北市視障多元就業促進會","org_type":"視障服務團體","phone":"(02)25991234","district":"文山區","village":"","approved_location":"萬慶街22-2號斜對面燈桿旁","full_address":"臺北市文山區萬慶街22-2號斜對面燈桿旁","approval_years":"","note":"","longitude":121.5373882,"latitude":24.9928366,"resource_type":"臺北舊衣回收箱"}},{"type":"Feature","geometry":{"type":"Point","coordinates":[121.5350147,24.9955037]},"properties":{"source_city":"臺北市","approval_id":"TP-973","category":"舊衣回收箱","org_name":"台北市視障多元就業促進會","org_type":"視障服務團體","phone":"(02)25991234","district":"文山區","village":"","approved_location":"景福街133巷40號前燈桿","full_address":"臺北市文山區景福街133巷40號前燈桿","approval_years":"","note":"","longitude":121.5350147,"latitude":24.9955037,"resource_type":"臺北舊衣回收箱"}},{"type":"Feature","geometry":{"type":"Point","coordinates":[121.56391,25.05475]},"properties":{"source_city":"臺北市","approval_id":"TP-1043","category":"舊衣回收箱","org_name":"台北市身心障礙者自立更生創業協會","org_type":"身障復健團體","phone":"(02)27099961","district":"松山區","village":"","approved_location":"健康路與三民路(西松公園電箱旁)","full_address":"臺北市松山區健康路與三民路(西松公園電箱旁)","approval_years":"","note":"","longitude":121.56391,"latitude":25.05475,"resource_type":"臺北舊衣回收箱"}},{"type":"Feature","geometry":{"type":"Point","coordinates":[121.54754,25.06345]},"properties":{"source_city":"臺北市","approval_id":"TP-1045","category":"舊衣回收箱","org_name":"台北市身心障礙者自立更生創業協會","org_type":"身障復健團體","phone":"(02)27099961","district":"松山區","village":"","approved_location":"民權東路3段191巷29號電線桿旁","full_address":"臺北市松山區民權東路3段191巷29號電線桿旁","approval_years":"","note":"","longitude":121.54754,"latitude":25.06345,"resource_type":"臺北舊衣回收箱"}},{"type":"Feature","geometry":{"type":"Point","coordinates":[121.55294,25.05737]},"properties":{"source_city":"臺北市","approval_id":"TP-1046","category":"舊衣回收箱","org_name":"台北市身心障礙者自立更生創業協會","org_type":"身障復健團體","phone":"(02)27099961","district":"松山區","village":"","approved_location":"民生東路4段80巷4號旁公園電箱旁","full_address":"臺北市松山區民生東路4段80巷4號旁公園電箱旁","approval_years":"","note":"","longitude":121.55294,"latitude":25.05737,"resource_type":"臺北舊衣回收箱"}},{"type":"Feature","geometry":{"type":"Point","coordinates":[121.5516427,25.056845]},"properties":{"source_city":"臺北市","approval_id":"TP-1050","category":"舊衣回收箱","org_name":"台北市身心障礙者自立更生創業協會","org_type":"身障復健團體","phone":"(02)27099961","district":"松山區","village":"","approved_location":"民生東路4段56巷底","full_address":"臺北市松山區民生東路4段56巷底","approval_years":"","note":"","longitude":121.5516427,"latitude":25.056845,"resource_type":"臺北舊衣回收箱"}},{"type":"Feature","geometry":{"type":"Point","coordinates":[121.51958,25.086752]},"properties":{"source_city":"臺北市","approval_id":"TP-111","category":"舊衣回收箱","org_name":"社團法人台北生命勵樂活輔健會","org_type":"公益協會團體","phone":"(02)27299347","district":"松山區","village":"","approved_location":"市民大道5段與八德路4段204巷口","full_address":"臺北市松山區市民大道5段與八德路4段204巷口","approval_years":"","note":"","longitude":121.51958,"latitude":25.086752,"resource_type":"臺北舊衣回收箱"}},{"type":"Feature","geometry":{"type":"Point","coordinates":[121.5641176,25.04861428]},"properties":{"source_city":"臺北市","approval_id":"TP-112","category":"舊衣回收箱","org_name":"社團法人台北生命勵樂活輔健會","org_type":"公益協會團體","phone":"(02)27299347","district":"松山區","village":"","approved_location":"八德路4段72巷口","full_address":"臺北市松山區八德路4段72巷口","approval_years":"","note":"","longitude":121.5641176,"latitude":25.04861428,"resource_type":"臺北舊衣回收箱"}},{"type":"Feature","geometry":{"type":"Point","coordinates":[121.560202,25.04743]},"properties":{"source_city":"臺北市","approval_id":"TP-113","category":"舊衣回收箱","org_name":"社團法人台北生命勵樂活輔健會","org_type":"公益協會團體","phone":"(02)27299347","district":"松山區","village":"","approved_location":"光復北路26巷3號對面","full_address":"臺北市松山區光復北路26巷3號對面","approval_years":"","note":"","longitude":121.560202,"latitude":25.04743,"resource_type":"臺北舊衣回收箱"}},{"type":"Feature","geometry":{"type":"Point","coordinates":[121.55741,25.04668]},"properties":{"source_city":"臺北市","approval_id":"TP-1164","category":"舊衣回收箱","org_name":"台北市身心障礙者權益促進會","org_type":"身障復健團體","phone":"(02)25975091","district":"松山區","village":"","approved_location":"光復南路32巷1之1號臺電電箱右側","full_address":"臺北市松山區光復南路32巷1之1號臺電電箱右側","approval_years":"","note":"","longitude":121.55741,"latitude":25.04668,"resource_type":"臺北舊衣回收箱"}},{"type":"Feature","geometry":{"type":"Point","coordinates":[121.55257,25.04622]},"properties":{"source_city":"臺北市","approval_id":"TP-1167","category":"舊衣回收箱","org_name":"台北市身心障礙者權益促進會","org_type":"身障復健團體","phone":"(02)25975091","district":"松山區","village":"","approved_location":"八德路3段74巷43號旁","full_address":"臺北市松山區八德路3段74巷43號旁","approval_years":"","note":"","longitude":121.55257,"latitude":25.04622,"resource_type":"臺北舊衣回收箱"}},{"type":"Feature","geometry":{"type":"Point","coordinates":[121.57796,25.05137]},"properties":{"source_city":"臺北市","approval_id":"TP-1230","category":"舊衣回收箱","org_name":"台北市弱勢彩券聯合促進會","org_type":"公益協會團體","phone":"(02)23026138","district":"松山區","village":"","approved_location":"八德路4段765號對面","full_address":"臺北市松山區八德路4段765號對面","approval_years":"","note":"","longitude":121.57796,"latitude":25.05137,"resource_type":"臺北舊衣回收箱"}},{"type":"Feature","geometry":{"type":"Point","coordinates":[121.57957,25.05045]},"properties":{"source_city":"臺北市","approval_id":"TP-1232","category":"舊衣回收箱","org_name":"台北市弱勢彩券聯合促進會","org_type":"公益協會團體","phone":"(02)23026138","district":"松山區","village":"","approved_location":"八德路4段與中坡北路口樹下","full_address":"臺北市松山區八德路4段與中坡北路口樹下","approval_years":"","note":"","longitude":121.57957,"latitude":25.05045,"resource_type":"臺北舊衣回收箱"}},{"type":"Feature","geometry":{"type":"Point","coordinates":[121.57694,25.05156]},"properties":{"source_city":"臺北市","approval_id":"TP-1233","category":"舊衣回收箱","org_name":"台北市弱勢彩券聯合促進會","org_type":"公益協會團體","phone":"(02)23026138","district":"松山區","village":"","approved_location":"松河街190號對面","full_address":"臺北市松山區松河街190號對面","approval_years":"","note":"","longitude":121.57694,"latitude":25.05156,"resource_type":"臺北舊衣回收箱"}},{"type":"Feature","geometry":{"type":"Point","coordinates":[121.61047,25.06857]},"properties":{"source_city":"臺北市","approval_id":"TP-1234","category":"舊衣回收箱","org_name":"台北市弱勢彩券聯合促進會","org_type":"公益協會團體","phone":"(02)23026138","district":"松山區","village":"","approved_location":"八德路4段598號旁變電箱下方","full_address":"臺北市松山區八德路4段598號旁變電箱下方","approval_years":"","note":"","longitude":121.61047,"latitude":25.06857,"resource_type":"臺北舊衣回收箱"}},{"type":"Feature","geometry":{"type":"Point","coordinates":[121.55331,25.04613]},"properties":{"source_city":"臺北市","approval_id":"TP-1329","category":"舊衣回收箱","org_name":"臺北市恩寶身心障礙者關懷協會","org_type":"身障復健團體","phone":"(02)26886212","district":"松山區","village":"","approved_location":"延吉街30巷1號旁","full_address":"臺北市松山區延吉街30巷1號旁","approval_years":"","note":"","longitude":121.55331,"latitude":25.04613,"resource_type":"臺北舊衣回收箱"}},{"type":"Feature","geometry":{"type":"Point","coordinates":[121.5654395,25.06609547]},"properties":{"source_city":"臺北市","approval_id":"TP-139","category":"舊衣回收箱","org_name":"台北市康復之友協會","org_type":"身障復健團體","phone":"(02)27652810","district":"松山區","village":"","approved_location":"撫遠街400巷96號對面","full_address":"臺北市松山區撫遠街400巷96號對面","approval_years":"","note":"","longitude":121.5654395,"latitude":25.06609547,"resource_type":"臺北舊衣回收箱"}},{"type":"Feature","geometry":{"type":"Point","coordinates":[121.5681948,25.0523086]},"properties":{"source_city":"臺北市","approval_id":"TP-146","category":"舊衣回收箱","org_name":"台北市康復之友協會","org_type":"身障復健團體","phone":"(02)27652810","district":"松山區","village":"","approved_location":"寶清街77號對面寶清公園旁的人行道","full_address":"臺北市松山區寶清街77號對面寶清公園旁的人行道","approval_years":"","note":"","longitude":121.5681948,"latitude":25.0523086,"resource_type":"臺北舊衣回收箱"}},{"type":"Feature","geometry":{"type":"Point","coordinates":[121.5647029,25.06437078]},"properties":{"source_city":"臺北市","approval_id":"TP-148","category":"舊衣回收箱","org_name":"台北市康復之友協會","org_type":"身障復健團體","phone":"(02)27652810","district":"松山區","village":"","approved_location":"撫遠街380巷16號對面公佈欄旁","full_address":"臺北市松山區撫遠街380巷16號對面公佈欄旁","approval_years":"","note":"","longitude":121.5647029,"latitude":25.06437078,"resource_type":"臺北舊衣回收箱"}},{"type":"Feature","geometry":{"type":"Point","coordinates":[121.5668943,25.06508967]},"properties":{"source_city":"臺北市","approval_id":"TP-149","category":"舊衣回收箱","org_name":"台北市康復之友協會","org_type":"身障復健團體","phone":"(02)27652810","district":"松山區","village":"","approved_location":"撫遠街389巷27號對面的撫遠公園","full_address":"臺北市松山區撫遠街389巷27號對面的撫遠公園","approval_years":"","note":"","longitude":121.5668943,"latitude":25.06508967,"resource_type":"臺北舊衣回收箱"}},{"type":"Feature","geometry":{"type":"Point","coordinates":[121.5686541,25.04938903]},"properties":{"source_city":"臺北市","approval_id":"TP-150","category":"舊衣回收箱","org_name":"台北市康復之友協會","org_type":"身障復健團體","phone":"(02)27652810","district":"松山區","village":"","approved_location":"八德路4段389巷口","full_address":"臺北市松山區八德路4段389巷口","approval_years":"","note":"","longitude":121.5686541,"latitude":25.04938903,"resource_type":"臺北舊衣回收箱"}},{"type":"Feature","geometry":{"type":"Point","coordinates":[121.545561,25.04704]},"properties":{"source_city":"臺北市","approval_id":"TP-164","category":"舊衣回收箱","org_name":"台北市盲人福利協進會","org_type":"視障服務團體","phone":"(02)25585000","district":"松山區","village":"","approved_location":"八德路2段346巷5弄25號正面對公園花圃內","full_address":"臺北市松山區八德路2段346巷5弄25號正面對公園花圃內","approval_years":"","note":"","longitude":121.545561,"latitude":25.04704,"resource_type":"臺北舊衣回收箱"}},{"type":"Feature","geometry":{"type":"Point","coordinates":[121.556685,25.059536]},"properties":{"source_city":"臺北市","approval_id":"TP-176","category":"舊衣回收箱","org_name":"台北市盲人福利協進會","org_type":"視障服務團體","phone":"(02)25585000","district":"松山區","village":"","approved_location":"民生東路5段27巷6號對面","full_address":"臺北市松山區民生東路5段27巷6號對面","approval_years":"","note":"","longitude":121.556685,"latitude":25.059536,"resource_type":"臺北舊衣回收箱"}},{"type":"Feature","geometry":{"type":"Point","coordinates":[121.557129,25.057292]},"properties":{"source_city":"臺北市","approval_id":"TP-177","category":"舊衣回收箱","org_name":"台北市盲人福利協進會","org_type":"視障服務團體","phone":"(02)25585000","district":"松山區","village":"","approved_location":"光復北路165巷口(公園側)","full_address":"臺北市松山區光復北路165巷口(公園側)","approval_years":"","note":"","longitude":121.557129,"latitude":25.057292,"resource_type":"臺北舊衣回收箱"}},{"type":"Feature","geometry":{"type":"Point","coordinates":[121.54612,25.03558]},"properties":{"source_city":"臺北市","approval_id":"TP-18","category":"舊衣回收箱","org_name":"台北市自閉症家長協會","org_type":"身障復健團體","phone":"(02)25953937","district":"松山區","village":"","approved_location":"撫遠街與新東街30巷口","full_address":"臺北市松山區撫遠街與新東街30巷口","approval_years":"","note":"","longitude":121.54612,"latitude":25.03558,"resource_type":"臺北舊衣回收箱"}},{"type":"Feature","geometry":{"type":"Point","coordinates":[121.54582,25.05294]},"properties":{"source_city":"臺北市","approval_id":"TP-21","category":"舊衣回收箱","org_name":"台北市自閉症家長協會","org_type":"身障復健團體","phone":"(02)25953937","district":"松山區","village":"","approved_location":"慶城街16號與南京東路3段303巷7弄對面(公園)","full_address":"臺北市松山區慶城街16號與南京東路3段303巷7弄對面(公園)","approval_years":"","note":"","longitude":121.54582,"latitude":25.05294,"resource_type":"臺北舊衣回收箱"}},{"type":"Feature","geometry":{"type":"Point","coordinates":[121.563139,25.059374]},"properties":{"source_city":"臺北市","approval_id":"TP-238","category":"舊衣回收箱","org_name":"台北市心理復健家屬聯合協會","org_type":"身障復健團體","phone":"(02)23660399","district":"松山區","village":"","approved_location":"民生東路5段163之1號銀行前方(行道樹旁)","full_address":"臺北市松山區民生東路5段163之1號銀行前方(行道樹旁)","approval_years":"","note":"","longitude":121.563139,"latitude":25.059374,"resource_type":"臺北舊衣回收箱"}},{"type":"Feature","geometry":{"type":"Point","coordinates":[121.554904,25.060464]},"properties":{"source_city":"臺北市","approval_id":"TP-244","category":"舊衣回收箱","org_name":"台北市心理復健家屬聯合協會","org_type":"身障復健團體","phone":"(02)23660399","district":"松山區","village":"","approved_location":"富錦街與光復北路口（行道樹旁）","full_address":"臺北市松山區富錦街與光復北路口（行道樹旁）","approval_years":"","note":"","longitude":121.554904,"latitude":25.060464,"resource_type":"臺北舊衣回收箱"}},{"type":"Feature","geometry":{"type":"Point","coordinates":[121.565206,25.059137]},"properties":{"source_city":"臺北市","approval_id":"TP-246","category":"舊衣回收箱","org_name":"台北市心理復健家屬聯合協會","org_type":"身障復健團體","phone":"(02)23660399","district":"松山區","village":"","approved_location":"民生東路5段177巷口(行道樹旁)","full_address":"臺北市松山區民生東路5段177巷口(行道樹旁)","approval_years":"","note":"","longitude":121.565206,"latitude":25.059137,"resource_type":"臺北舊衣回收箱"}},{"type":"Feature","geometry":{"type":"Point","coordinates":[121.567484,25.054225]},"properties":{"source_city":"臺北市","approval_id":"TP-251","category":"舊衣回收箱","org_name":"台北市心理復健家屬聯合協會","org_type":"身障復健團體","phone":"(02)23660399","district":"松山區","village":"","approved_location":"寶清街123號旁(電氣設備旁)","full_address":"臺北市松山區寶清街123號旁(電氣設備旁)","approval_years":"","note":"","longitude":121.567484,"latitude":25.054225,"resource_type":"臺北舊衣回收箱"}},{"type":"Feature","geometry":{"type":"Point","coordinates":[121.565612,25.060654]},"properties":{"source_city":"臺北市","approval_id":"TP-252","category":"舊衣回收箱","org_name":"台北市心理復健家屬聯合協會","org_type":"身障復健團體","phone":"(02)23660399","district":"松山區","village":"","approved_location":"新東街38號旁公園（行道樹與電氣設備中間）","full_address":"臺北市松山區新東街38號旁公園（行道樹與電氣設備中間）","approval_years":"","note":"","longitude":121.565612,"latitude":25.060654,"resource_type":"臺北舊衣回收箱"}},{"type":"Feature","geometry":{"type":"Point","coordinates":[121.560354,25.054867]},"properties":{"source_city":"臺北市","approval_id":"TP-256","category":"舊衣回收箱","org_name":"台北市心理復健家屬聯合協會","org_type":"身障復健團體","phone":"(02)23660399","district":"松山區","village":"","approved_location":"延壽街330巷13號對面","full_address":"臺北市松山區延壽街330巷13號對面","approval_years":"","note":"","longitude":121.560354,"latitude":25.054867,"resource_type":"臺北舊衣回收箱"}},{"type":"Feature","geometry":{"type":"Point","coordinates":[121.565681,25.049381]},"properties":{"source_city":"臺北市","approval_id":"TP-257","category":"舊衣回收箱","org_name":"台北市心理復健家屬聯合協會","org_type":"身障復健團體","phone":"(02)23660399","district":"松山區","village":"","approved_location":"東興路15巷口(便利商店旁)","full_address":"臺北市松山區東興路15巷口(便利商店旁)","approval_years":"","note":"","longitude":121.565681,"latitude":25.049381,"resource_type":"臺北舊衣回收箱"}},{"type":"Feature","geometry":{"type":"Point","coordinates":[121.563275,25.061618]},"properties":{"source_city":"臺北市","approval_id":"TP-259","category":"舊衣回收箱","org_name":"台北市心理復健家屬聯合協會","org_type":"身障復健團體","phone":"(02)23660399","district":"松山區","village":"","approved_location":"新東街51巷與三民路交叉口(行道樹旁)","full_address":"臺北市松山區新東街51巷與三民路交叉口(行道樹旁)","approval_years":"","note":"","longitude":121.563275,"latitude":25.061618,"resource_type":"臺北舊衣回收箱"}},{"type":"Feature","geometry":{"type":"Point","coordinates":[121.555943,25.055424]},"properties":{"source_city":"臺北市","approval_id":"TP-262","category":"舊衣回收箱","org_name":"台北市心理復健家屬聯合協會","org_type":"身障復健團體","phone":"(02)23660399","district":"松山區","village":"","approved_location":"光復北路155巷口","full_address":"臺北市松山區光復北路155巷口","approval_years":"","note":"","longitude":121.555943,"latitude":25.055424,"resource_type":"臺北舊衣回收箱"}},{"type":"Feature","geometry":{"type":"Point","coordinates":[121.568259,25.062132]},"properties":{"source_city":"臺北市","approval_id":"TP-270","category":"舊衣回收箱","org_name":"台北市心理復健家屬聯合協會","org_type":"身障復健團體","phone":"(02)23660399","district":"松山區","village":"","approved_location":"撫遠街261巷底與塔悠路交叉口","full_address":"臺北市松山區撫遠街261巷底與塔悠路交叉口","approval_years":"","note":"","longitude":121.568259,"latitude":25.062132,"resource_type":"臺北舊衣回收箱"}},{"type":"Feature","geometry":{"type":"Point","coordinates":[121.55476,25.05027]},"properties":{"source_city":"臺北市","approval_id":"TP-272","category":"舊衣回收箱","org_name":"台北市私立彩虹村家園","org_type":"社福服務機構","phone":"(02)28914110","district":"松山區","village":"","approved_location":"寧安街12號對面停車場旁","full_address":"臺北市松山區寧安街12號對面停車場旁","approval_years":"","note":"","longitude":121.55476,"latitude":25.05027,"resource_type":"臺北舊衣回收箱"}},{"type":"Feature","geometry":{"type":"Point","coordinates":[121.55538,25.04592]},"properties":{"source_city":"臺北市","approval_id":"TP-273","category":"舊衣回收箱","org_name":"台北市私立彩虹村家園","org_type":"社福服務機構","phone":"(02)28914110","district":"松山區","village":"","approved_location":"八德路3段158巷49號轉角","full_address":"臺北市松山區八德路3段158巷49號轉角","approval_years":"","note":"","longitude":121.55538,"latitude":25.04592,"resource_type":"臺北舊衣回收箱"}},{"type":"Feature","geometry":{"type":"Point","coordinates":[121.56373,25.0586]},"properties":{"source_city":"臺北市","approval_id":"TP-293","category":"舊衣回收箱","org_name":"台北市私立彩虹村家園","org_type":"社福服務機構","phone":"(02)28914110","district":"松山區","village":"","approved_location":"民生東路5段184之2號前","full_address":"臺北市松山區民生東路5段184之2號前","approval_years":"","note":"","longitude":121.56373,"latitude":25.0586,"resource_type":"臺北舊衣回收箱"}},{"type":"Feature","geometry":{"type":"Point","coordinates":[121.55806,25.05648]},"properties":{"source_city":"臺北市","approval_id":"TP-294","category":"舊衣回收箱","org_name":"台北市私立彩虹村家園","org_type":"社福服務機構","phone":"(02)28914110","district":"松山區","village":"","approved_location":"延壽街376號對面","full_address":"臺北市松山區延壽街376號對面","approval_years":"","note":"","longitude":121.55806,"latitude":25.05648,"resource_type":"臺北舊衣回收箱"}},{"type":"Feature","geometry":{"type":"Point","coordinates":[121.56164,25.05783]},"properties":{"source_city":"臺北市","approval_id":"TP-295","category":"舊衣回收箱","org_name":"台北市私立彩虹村家園","org_type":"社福服務機構","phone":"(02)28914110","district":"松山區","village":"","approved_location":"新中街4巷21號旁","full_address":"臺北市松山區新中街4巷21號旁","approval_years":"","note":"","longitude":121.56164,"latitude":25.05783,"resource_type":"臺北舊衣回收箱"}},{"type":"Feature","geometry":{"type":"Point","coordinates":[121.54653,25.0561]},"properties":{"source_city":"臺北市","approval_id":"TP-3","category":"舊衣回收箱","org_name":"台北市自閉症家長協會","org_type":"身障復健團體","phone":"(02)25953937","district":"松山區","village":"","approved_location":"興安街與民生東路3段130巷口（公佈欄旁）","full_address":"臺北市松山區興安街與民生東路3段130巷口（公佈欄旁）","approval_years":"","note":"","longitude":121.54653,"latitude":25.0561,"resource_type":"臺北舊衣回收箱"}},{"type":"Feature","geometry":{"type":"Point","coordinates":[121.5474989,25.0493188]},"properties":{"source_city":"臺北市","approval_id":"TP-331","category":"舊衣回收箱","org_name":"臺北市唐氏症家長協會","org_type":"身障復健團體","phone":"(02)22782321","district":"松山區","village":"","approved_location":"八德路2段451巷口","full_address":"臺北市松山區八德路2段451巷口","approval_years":"","note":"","longitude":121.5474989,"latitude":25.0493188,"resource_type":"臺北舊衣回收箱"}},{"type":"Feature","geometry":{"type":"Point","coordinates":[121.5553138,25.04641498]},"properties":{"source_city":"臺北市","approval_id":"TP-332","category":"舊衣回收箱","org_name":"臺北市唐氏症家長協會","org_type":"身障復健團體","phone":"(02)22782321","district":"松山區","village":"","approved_location":"光復南路32巷與八德路3段158巷口","full_address":"臺北市松山區光復南路32巷與八德路3段158巷口","approval_years":"","note":"","longitude":121.5553138,"latitude":25.04641498,"resource_type":"臺北舊衣回收箱"}},{"type":"Feature","geometry":{"type":"Point","coordinates":[121.56441,25.05006]},"properties":{"source_city":"臺北市","approval_id":"TP-354","category":"舊衣回收箱","org_name":"財團法人台北市樹仁社會福利基金會","org_type":"社福基金會","phone":"(02)28936122","district":"松山區","village":"","approved_location":"八德路4段245巷32弄2號","full_address":"臺北市松山區八德路4段245巷32弄2號","approval_years":"","note":"","longitude":121.56441,"latitude":25.05006,"resource_type":"臺北舊衣回收箱"}},{"type":"Feature","geometry":{"type":"Point","coordinates":[121.55806,25.05838]},"properties":{"source_city":"臺北市","approval_id":"TP-363","category":"舊衣回收箱","org_name":"財團法人台北市樹仁社會福利基金會","org_type":"社福基金會","phone":"(02)28936122","district":"松山區","village":"","approved_location":"民生東路5段56號前（電箱旁）","full_address":"臺北市松山區民生東路5段56號前（電箱旁）","approval_years":"","note":"","longitude":121.55806,"latitude":25.05838,"resource_type":"臺北舊衣回收箱"}},{"type":"Feature","geometry":{"type":"Point","coordinates":[121.561293,25.058802]},"properties":{"source_city":"臺北市","approval_id":"TP-376","category":"舊衣回收箱","org_name":"財團法人伊甸社會福利基金會附設臺北市私立八德服務中心","org_type":"社福基金會","phone":"(02)25777636","district":"松山區","village":"","approved_location":"新中街2巷口","full_address":"臺北市松山區新中街2巷口","approval_years":"","note":"","longitude":121.561293,"latitude":25.058802,"resource_type":"臺北舊衣回收箱"}},{"type":"Feature","geometry":{"type":"Point","coordinates":[121.556409,25.049812]},"properties":{"source_city":"臺北市","approval_id":"TP-377","category":"舊衣回收箱","org_name":"財團法人伊甸社會福利基金會附設臺北市私立八德服務中心","org_type":"社福基金會","phone":"(02)25777636","district":"松山區","village":"","approved_location":"光復北路60巷19號對面","full_address":"臺北市松山區光復北路60巷19號對面","approval_years":"","note":"","longitude":121.556409,"latitude":25.049812,"resource_type":"臺北舊衣回收箱"}},{"type":"Feature","geometry":{"type":"Point","coordinates":[121.554244,25.046313]},"properties":{"source_city":"臺北市","approval_id":"TP-379","category":"舊衣回收箱","org_name":"財團法人伊甸社會福利基金會附設臺北市私立八德服務中心","org_type":"社福基金會","phone":"(02)25777636","district":"松山區","village":"","approved_location":"八德路3段106巷與延吉街5巷口","full_address":"臺北市松山區八德路3段106巷與延吉街5巷口","approval_years":"","note":"","longitude":121.554244,"latitude":25.046313,"resource_type":"臺北舊衣回收箱"}},{"type":"Feature","geometry":{"type":"Point","coordinates":[121.55411,25.046221]},"properties":{"source_city":"臺北市","approval_id":"TP-380","category":"舊衣回收箱","org_name":"財團法人伊甸社會福利基金會附設臺北市私立八德服務中心","org_type":"社福基金會","phone":"(02)25777636","district":"松山區","village":"","approved_location":"八德路3段106巷60號正對面(公園旁)","full_address":"臺北市松山區八德路3段106巷60號正對面(公園旁)","approval_years":"","note":"","longitude":121.55411,"latitude":25.046221,"resource_type":"臺北舊衣回收箱"}},{"type":"Feature","geometry":{"type":"Point","coordinates":[121.546554,25.059776]},"properties":{"source_city":"臺北市","approval_id":"TP-398","category":"舊衣回收箱","org_name":"財團法人伊甸社會福利基金會附設臺北市私立八德服務中心","org_type":"社福基金會","phone":"(02)25777636","district":"松山區","village":"","approved_location":"民生東路3段113巷25弄13號正對面公園","full_address":"臺北市松山區民生東路3段113巷25弄13號正對面公園","approval_years":"","note":"","longitude":121.546554,"latitude":25.059776,"resource_type":"臺北舊衣回收箱"}},{"type":"Feature","geometry":{"type":"Point","coordinates":[121.55342,25.04803]},"properties":{"source_city":"臺北市","approval_id":"TP-447","category":"舊衣回收箱","org_name":"台北市脊髓損傷者協會","org_type":"公益協會團體","phone":"(02)25986062","district":"松山區","village":"","approved_location":"八德路3段106巷1號對面公園邊","full_address":"臺北市松山區八德路3段106巷1號對面公園邊","approval_years":"","note":"","longitude":121.55342,"latitude":25.04803,"resource_type":"臺北舊衣回收箱"}},{"type":"Feature","geometry":{"type":"Point","coordinates":[121.5636211,25.050645]},"properties":{"source_city":"臺北市","approval_id":"TP-466","category":"舊衣回收箱","org_name":"臺北市弱勢者發展協會","org_type":"公益協會團體","phone":"(02)25429529","district":"松山區","village":"","approved_location":"八德路4段245巷52弄5號旁","full_address":"臺北市松山區八德路4段245巷52弄5號旁","approval_years":"","note":"","longitude":121.5636211,"latitude":25.050645,"resource_type":"臺北舊衣回收箱"}},{"type":"Feature","geometry":{"type":"Point","coordinates":[121.5671472,25.062348]},"properties":{"source_city":"臺北市","approval_id":"TP-470","category":"舊衣回收箱","org_name":"臺北市弱勢者發展協會","org_type":"公益協會團體","phone":"(02)25429529","district":"松山區","village":"","approved_location":"富錦街562巷1號對面","full_address":"臺北市松山區富錦街562巷1號對面","approval_years":"","note":"","longitude":121.5671472,"latitude":25.062348,"resource_type":"臺北舊衣回收箱"}},{"type":"Feature","geometry":{"type":"Point","coordinates":[121.5477077,25.0514782]},"properties":{"source_city":"臺北市","approval_id":"TP-471","category":"舊衣回收箱","org_name":"臺北市弱勢者發展協會","org_type":"公益協會團體","phone":"(02)25429529","district":"松山區","village":"","approved_location":"南京東路3段338巷與敦化北路4巷(交通管制箱旁)","full_address":"臺北市松山區南京東路3段338巷與敦化北路4巷(交通管制箱旁)","approval_years":"","note":"","longitude":121.5477077,"latitude":25.0514782,"resource_type":"臺北舊衣回收箱"}},{"type":"Feature","geometry":{"type":"Point","coordinates":[121.5458759,25.0533855]},"properties":{"source_city":"臺北市","approval_id":"TP-472","category":"舊衣回收箱","org_name":"臺北市弱勢者發展協會","org_type":"公益協會團體","phone":"(02)25429529","district":"松山區","village":"","approved_location":"南京東路3段303巷7弄7號對面","full_address":"臺北市松山區南京東路3段303巷7弄7號對面","approval_years":"","note":"","longitude":121.5458759,"latitude":25.0533855,"resource_type":"臺北舊衣回收箱"}},{"type":"Feature","geometry":{"type":"Point","coordinates":[121.5440581,25.0492947]},"properties":{"source_city":"臺北市","approval_id":"TP-473","category":"舊衣回收箱","org_name":"臺北市弱勢者發展協會","org_type":"公益協會團體","phone":"(02)25429529","district":"松山區","village":"","approved_location":"復興北路17巷交叉口","full_address":"臺北市松山區復興北路17巷交叉口","approval_years":"","note":"","longitude":121.5440581,"latitude":25.0492947,"resource_type":"臺北舊衣回收箱"}},{"type":"Feature","geometry":{"type":"Point","coordinates":[121.5455589,25.0500981]},"properties":{"source_city":"臺北市","approval_id":"TP-474","category":"舊衣回收箱","org_name":"臺北市弱勢者發展協會","org_type":"公益協會團體","phone":"(02)25429529","district":"松山區","village":"","approved_location":"敦化北路4巷31號對面","full_address":"臺北市松山區敦化北路4巷31號對面","approval_years":"","note":"","longitude":121.5455589,"latitude":25.0500981,"resource_type":"臺北舊衣回收箱"}},{"type":"Feature","geometry":{"type":"Point","coordinates":[121.5549643,25.052111]},"properties":{"source_city":"臺北市","approval_id":"TP-475","category":"舊衣回收箱","org_name":"臺北市弱勢者發展協會","org_type":"公益協會團體","phone":"(02)25429529","district":"松山區","village":"","approved_location":"南京東路4段131號旁","full_address":"臺北市松山區南京東路4段131號旁","approval_years":"","note":"","longitude":121.5549643,"latitude":25.052111,"resource_type":"臺北舊衣回收箱"}},{"type":"Feature","geometry":{"type":"Point","coordinates":[121.5549643,25.052111]},"properties":{"source_city":"臺北市","approval_id":"TP-476","category":"舊衣回收箱","org_name":"臺北市弱勢者發展協會","org_type":"公益協會團體","phone":"(02)25429529","district":"松山區","village":"","approved_location":"南京東路4段179巷5號前","full_address":"臺北市松山區南京東路4段179巷5號前","approval_years":"","note":"","longitude":121.5549643,"latitude":25.052111,"resource_type":"臺北舊衣回收箱"}},{"type":"Feature","geometry":{"type":"Point","coordinates":[121.5552813,25.05318161]},"properties":{"source_city":"臺北市","approval_id":"TP-477","category":"舊衣回收箱","org_name":"臺北市弱勢者發展協會","org_type":"公益協會團體","phone":"(02)25429529","district":"松山區","village":"","approved_location":"長春路454號旁","full_address":"臺北市松山區長春路454號旁","approval_years":"","note":"","longitude":121.5552813,"latitude":25.05318161,"resource_type":"臺北舊衣回收箱"}},{"type":"Feature","geometry":{"type":"Point","coordinates":[121.5607527,25.050976]},"properties":{"source_city":"臺北市","approval_id":"TP-478","category":"舊衣回收箱","org_name":"臺北市弱勢者發展協會","org_type":"公益協會團體","phone":"(02)25429529","district":"松山區","village":"","approved_location":"南京東路5段66巷4號旁","full_address":"臺北市松山區南京東路5段66巷4號旁","approval_years":"","note":"","longitude":121.5607527,"latitude":25.050976,"resource_type":"臺北舊衣回收箱"}},{"type":"Feature","geometry":{"type":"Point","coordinates":[121.566375,25.055613]},"properties":{"source_city":"臺北市","approval_id":"TP-479","category":"舊衣回收箱","org_name":"臺北市弱勢者發展協會","org_type":"公益協會團體","phone":"(02)25429529","district":"松山區","village":"","approved_location":"健康路325巷7號前","full_address":"臺北市松山區健康路325巷7號前","approval_years":"","note":"","longitude":121.566375,"latitude":25.055613,"resource_type":"臺北舊衣回收箱"}},{"type":"Feature","geometry":{"type":"Point","coordinates":[121.5683801,25.055396]},"properties":{"source_city":"臺北市","approval_id":"TP-480","category":"舊衣回收箱","org_name":"臺北市弱勢者發展協會","org_type":"公益協會團體","phone":"(02)25429529","district":"松山區","village":"","approved_location":"健康路325巷6弄27號對面","full_address":"臺北市松山區健康路325巷6弄27號對面","approval_years":"","note":"","longitude":121.5683801,"latitude":25.055396,"resource_type":"臺北舊衣回收箱"}},{"type":"Feature","geometry":{"type":"Point","coordinates":[121.5657575,25.050802]},"properties":{"source_city":"臺北市","approval_id":"TP-481","category":"舊衣回收箱","org_name":"臺北市弱勢者發展協會","org_type":"公益協會團體","phone":"(02)25429529","district":"松山區","village":"","approved_location":"南京東路5段250巷3之2號旁","full_address":"臺北市松山區南京東路5段250巷3之2號旁","approval_years":"","note":"","longitude":121.5657575,"latitude":25.050802,"resource_type":"臺北舊衣回收箱"}},{"type":"Feature","geometry":{"type":"Point","coordinates":[121.5580777,25.047378]},"properties":{"source_city":"臺北市","approval_id":"TP-482","category":"舊衣回收箱","org_name":"臺北市弱勢者發展協會","org_type":"公益協會團體","phone":"(02)25429529","district":"松山區","village":"","approved_location":"光復南路17巷1號前","full_address":"臺北市松山區光復南路17巷1號前","approval_years":"","note":"","longitude":121.5580777,"latitude":25.047378,"resource_type":"臺北舊衣回收箱"}},{"type":"Feature","geometry":{"type":"Point","coordinates":[121.554673,25.052621]},"properties":{"source_city":"臺北市","approval_id":"TP-483","category":"舊衣回收箱","org_name":"臺北市弱勢者發展協會","org_type":"公益協會團體","phone":"(02)25429529","district":"松山區","village":"","approved_location":"南京東路4段120巷19弄口","full_address":"臺北市松山區南京東路4段120巷19弄口","approval_years":"","note":"","longitude":121.554673,"latitude":25.052621,"resource_type":"臺北舊衣回收箱"}},{"type":"Feature","geometry":{"type":"Point","coordinates":[121.5561155,25.049535]},"properties":{"source_city":"臺北市","approval_id":"TP-484","category":"舊衣回收箱","org_name":"臺北市弱勢者發展協會","org_type":"公益協會團體","phone":"(02)25429529","district":"松山區","village":"","approved_location":"八德路3段155巷20弄15號對面","full_address":"臺北市松山區八德路3段155巷20弄15號對面","approval_years":"","note":"","longitude":121.5561155,"latitude":25.049535,"resource_type":"臺北舊衣回收箱"}},{"type":"Feature","geometry":{"type":"Point","coordinates":[121.5535306,25.049187]},"properties":{"source_city":"臺北市","approval_id":"TP-485","category":"舊衣回收箱","org_name":"臺北市弱勢者發展協會","org_type":"公益協會團體","phone":"(02)25429529","district":"松山區","village":"","approved_location":"八德路3段99巷12號對面公廁旁","full_address":"臺北市松山區八德路3段99巷12號對面公廁旁","approval_years":"","note":"","longitude":121.5535306,"latitude":25.049187,"resource_type":"臺北舊衣回收箱"}},{"type":"Feature","geometry":{"type":"Point","coordinates":[121.5508631,25.046531]},"properties":{"source_city":"臺北市","approval_id":"TP-486","category":"舊衣回收箱","org_name":"臺北市弱勢者發展協會","org_type":"公益協會團體","phone":"(02)25429529","district":"松山區","village":"","approved_location":"八德路3段12巷51弄1號對面","full_address":"臺北市松山區八德路3段12巷51弄1號對面","approval_years":"","note":"","longitude":121.5508631,"latitude":25.046531,"resource_type":"臺北舊衣回收箱"}},{"type":"Feature","geometry":{"type":"Point","coordinates":[121.5496701,25.046426]},"properties":{"source_city":"臺北市","approval_id":"TP-487","category":"舊衣回收箱","org_name":"臺北市弱勢者發展協會","org_type":"公益協會團體","phone":"(02)25429529","district":"松山區","village":"","approved_location":"八德路3段12巷52弄30號旁","full_address":"臺北市松山區八德路3段12巷52弄30號旁","approval_years":"","note":"","longitude":121.5496701,"latitude":25.046426,"resource_type":"臺北舊衣回收箱"}},{"type":"Feature","geometry":{"type":"Point","coordinates":[121.5665527,25.06137134]},"properties":{"source_city":"臺北市","approval_id":"TP-489","category":"舊衣回收箱","org_name":"臺北市弱勢者發展協會","org_type":"公益協會團體","phone":"(02)25429529","district":"松山區","village":"","approved_location":"新東街33號對面","full_address":"臺北市松山區新東街33號對面","approval_years":"","note":"","longitude":121.5665527,"latitude":25.06137134,"resource_type":"臺北舊衣回收箱"}},{"type":"Feature","geometry":{"type":"Point","coordinates":[121.5681334,25.05956321]},"properties":{"source_city":"臺北市","approval_id":"TP-490","category":"舊衣回收箱","org_name":"臺北市弱勢者發展協會","org_type":"公益協會團體","phone":"(02)25429529","district":"松山區","village":"","approved_location":"民生東路5段234號旁","full_address":"臺北市松山區民生東路5段234號旁","approval_years":"","note":"","longitude":121.5681334,"latitude":25.05956321,"resource_type":"臺北舊衣回收箱"}},{"type":"Feature","geometry":{"type":"Point","coordinates":[121.55936,25.035389]},"properties":{"source_city":"臺北市","approval_id":"TP-494","category":"舊衣回收箱","org_name":"臺北市弱勢者發展協會","org_type":"公益協會團體","phone":"(02)25429529","district":"松山區","village":"","approved_location":"健康路182號對面（長壽公園）","full_address":"臺北市松山區健康路182號對面（長壽公園）","approval_years":"","note":"","longitude":121.55936,"latitude":25.035389,"resource_type":"臺北舊衣回收箱"}},{"type":"Feature","geometry":{"type":"Point","coordinates":[121.56186,25.05315]},"properties":{"source_city":"臺北市","approval_id":"TP-495","category":"舊衣回收箱","org_name":"臺北市弱勢者發展協會","org_type":"公益協會團體","phone":"(02)25429529","district":"松山區","village":"","approved_location":"南京東路5段123巷6弄24號對面","full_address":"臺北市松山區南京東路5段123巷6弄24號對面","approval_years":"","note":"","longitude":121.56186,"latitude":25.05315,"resource_type":"臺北舊衣回收箱"}},{"type":"Feature","geometry":{"type":"Point","coordinates":[121.5598711,25.04982541]},"properties":{"source_city":"臺北市","approval_id":"TP-497","category":"舊衣回收箱","org_name":"臺北市視障藝文發展協會","org_type":"視障服務團體","phone":"(02)25912695","district":"松山區","village":"","approved_location":"南京東路5段66巷22弄與光復北路11巷50號旁巷口路燈下","full_address":"臺北市松山區南京東路5段66巷22弄與光復北路11巷50號旁巷口路燈下","approval_years":"","note":"","longitude":121.5598711,"latitude":25.04982541,"resource_type":"臺北舊衣回收箱"}},{"type":"Feature","geometry":{"type":"Point","coordinates":[121.5513762,25.0547216]},"properties":{"source_city":"臺北市","approval_id":"TP-498","category":"舊衣回收箱","org_name":"臺北市視障藝文發展協會","org_type":"視障服務團體","phone":"(02)25912695","district":"松山區","village":"","approved_location":"敦化北路155巷66弄與165巷交叉口","full_address":"臺北市松山區敦化北路155巷66弄與165巷交叉口","approval_years":"","note":"","longitude":121.5513762,"latitude":25.0547216,"resource_type":"臺北舊衣回收箱"}},{"type":"Feature","geometry":{"type":"Point","coordinates":[121.5465559,25.0604801]},"properties":{"source_city":"臺北市","approval_id":"TP-505","category":"舊衣回收箱","org_name":"臺北市視障藝文發展協會","org_type":"視障服務團體","phone":"(02)25912695","district":"松山區","village":"","approved_location":"復興北路361巷30號對面中山國中圍牆邊","full_address":"臺北市松山區復興北路361巷30號對面中山國中圍牆邊","approval_years":"","note":"","longitude":121.5465559,"latitude":25.0604801,"resource_type":"臺北舊衣回收箱"}},{"type":"Feature","geometry":{"type":"Point","coordinates":[121.5678386,25.0651988]},"properties":{"source_city":"臺北市","approval_id":"TP-514","category":"舊衣回收箱","org_name":"臺北市視障藝文發展協會","org_type":"視障服務團體","phone":"(02)25912695","district":"松山區","village":"","approved_location":"撫遠街389巷口樹下","full_address":"臺北市松山區撫遠街389巷口樹下","approval_years":"","note":"","longitude":121.5678386,"latitude":25.0651988,"resource_type":"臺北舊衣回收箱"}},{"type":"Feature","geometry":{"type":"Point","coordinates":[121.5647178,25.0635227]},"properties":{"source_city":"臺北市","approval_id":"TP-515","category":"舊衣回收箱","org_name":"臺北市視障藝文發展協會","org_type":"視障服務團體","phone":"(02)25912695","district":"松山區","village":"","approved_location":"民權東路5段1號與撫遠街376-400巷口","full_address":"臺北市松山區民權東路5段1號與撫遠街376-400巷口","approval_years":"","note":"","longitude":121.5647178,"latitude":25.0635227,"resource_type":"臺北舊衣回收箱"}},{"type":"Feature","geometry":{"type":"Point","coordinates":[121.5662326,25.0493418]},"properties":{"source_city":"臺北市","approval_id":"TP-517","category":"舊衣回收箱","org_name":"臺北市視障藝文發展協會","org_type":"視障服務團體","phone":"(02)25912695","district":"松山區","village":"","approved_location":"八德路4段289之4號對面","full_address":"臺北市松山區八德路4段289之4號對面","approval_years":"","note":"","longitude":121.5662326,"latitude":25.0493418,"resource_type":"臺北舊衣回收箱"}},{"type":"Feature","geometry":{"type":"Point","coordinates":[121.5672382,25.0512375]},"properties":{"source_city":"臺北市","approval_id":"TP-617","category":"舊衣回收箱","org_name":"台北市史懷哲慈善會","org_type":"公益協會團體","phone":"(02)25429529","district":"松山區","village":"","approved_location":"南京東路5段286號旁","full_address":"臺北市松山區南京東路5段286號旁","approval_years":"","note":"","longitude":121.5672382,"latitude":25.0512375,"resource_type":"臺北舊衣回收箱"}},{"type":"Feature","geometry":{"type":"Point","coordinates":[121.5673864,25.0493015]},"properties":{"source_city":"臺北市","approval_id":"TP-618","category":"舊衣回收箱","org_name":"台北市史懷哲慈善會","org_type":"公益協會團體","phone":"(02)25429529","district":"松山區","village":"","approved_location":"八德路4段335號旁","full_address":"臺北市松山區八德路4段335號旁","approval_years":"","note":"","longitude":121.5673864,"latitude":25.0493015,"resource_type":"臺北舊衣回收箱"}},{"type":"Feature","geometry":{"type":"Point","coordinates":[121.5537145,25.0518553]},"properties":{"source_city":"臺北市","approval_id":"TP-619","category":"舊衣回收箱","org_name":"台北市史懷哲慈善會","org_type":"公益協會團體","phone":"(02)25429529","district":"松山區","village":"","approved_location":"南京東路4段77號旁","full_address":"臺北市松山區南京東路4段77號旁","approval_years":"","note":"","longitude":121.5537145,"latitude":25.0518553,"resource_type":"臺北舊衣回收箱"}},{"type":"Feature","geometry":{"type":"Point","coordinates":[121.566007,25.0571903]},"properties":{"source_city":"臺北市","approval_id":"TP-620","category":"舊衣回收箱","org_name":"台北市史懷哲慈善會","org_type":"公益協會團體","phone":"(02)25429529","district":"松山區","village":"","approved_location":"延壽街101號前","full_address":"臺北市松山區延壽街101號前","approval_years":"","note":"","longitude":121.566007,"latitude":25.0571903,"resource_type":"臺北舊衣回收箱"}},{"type":"Feature","geometry":{"type":"Point","coordinates":[121.5655173,25.05578756]},"properties":{"source_city":"臺北市","approval_id":"TP-621","category":"舊衣回收箱","org_name":"台北市史懷哲慈善會","org_type":"公益協會團體","phone":"(02)25429529","district":"松山區","village":"","approved_location":"延壽街72巷8-3號對面","full_address":"臺北市松山區延壽街72巷8-3號對面","approval_years":"","note":"","longitude":121.5655173,"latitude":25.05578756,"resource_type":"臺北舊衣回收箱"}},{"type":"Feature","geometry":{"type":"Point","coordinates":[121.5562475,25.04783581]},"properties":{"source_city":"臺北市","approval_id":"TP-623","category":"舊衣回收箱","org_name":"台北市史懷哲慈善會","org_type":"公益協會團體","phone":"(02)25429529","district":"松山區","village":"","approved_location":"八德路3段194號旁","full_address":"臺北市松山區八德路3段194號旁","approval_years":"","note":"","longitude":121.5562475,"latitude":25.04783581,"resource_type":"臺北舊衣回收箱"}},{"type":"Feature","geometry":{"type":"Point","coordinates":[121.5481575,25.0461643]},"properties":{"source_city":"臺北市","approval_id":"TP-654","category":"舊衣回收箱","org_name":"臺北市私立育成裕民發展中心","org_type":"身障復健團體","phone":"(02)27068686","district":"松山區","village":"","approved_location":"敦化南路1段100巷9號對面","full_address":"臺北市松山區敦化南路1段100巷9號對面","approval_years":"","note":"","longitude":121.5481575,"latitude":25.0461643,"resource_type":"臺北舊衣回收箱"}},{"type":"Feature","geometry":{"type":"Point","coordinates":[121.5672339,25.057665]},"properties":{"source_city":"臺北市","approval_id":"TP-669","category":"舊衣回收箱","org_name":"臺北市私立育成裕民發展中心","org_type":"身障復健團體","phone":"(02)27068686","district":"松山區","village":"","approved_location":"民生東路5段260巷25號對面","full_address":"臺北市松山區民生東路5段260巷25號對面","approval_years":"","note":"","longitude":121.5672339,"latitude":25.057665,"resource_type":"臺北舊衣回收箱"}},{"type":"Feature","geometry":{"type":"Point","coordinates":[121.5689416,25.0503301]},"properties":{"source_city":"臺北市","approval_id":"TP-757","category":"舊衣回收箱","org_name":"台北市失能者服務協會","org_type":"身障復健團體","phone":"(02)25429529","district":"松山區","village":"","approved_location":"寶清街21號電箱旁","full_address":"臺北市松山區寶清街21號電箱旁","approval_years":"","note":"","longitude":121.5689416,"latitude":25.0503301,"resource_type":"臺北舊衣回收箱"}},{"type":"Feature","geometry":{"type":"Point","coordinates":[121.5648132,25.05730133]},"properties":{"source_city":"臺北市","approval_id":"TP-801","category":"舊衣回收箱","org_name":"台北市身心障礙運動協會","org_type":"身障復健團體","phone":"(02)25912695","district":"松山區","village":"","approved_location":"三民路96巷口(電話亭旁)","full_address":"臺北市松山區三民路96巷口(電話亭旁)","approval_years":"","note":"","longitude":121.5648132,"latitude":25.05730133,"resource_type":"臺北舊衣回收箱"}},{"type":"Feature","geometry":{"type":"Point","coordinates":[121.54784,25.06404]},"properties":{"source_city":"臺北市","approval_id":"TP-839","category":"舊衣回收箱","org_name":"臺北市身心障礙者創業輔導發展協會","org_type":"身障復健團體","phone":"(02)27775940","district":"松山區","village":"","approved_location":"民族東路679號對面公園","full_address":"臺北市松山區民族東路679號對面公園","approval_years":"","note":"","longitude":121.54784,"latitude":25.06404,"resource_type":"臺北舊衣回收箱"}},{"type":"Feature","geometry":{"type":"Point","coordinates":[121.570512,24.983669]},"properties":{"source_city":"臺北市","approval_id":"TP-84","category":"舊衣回收箱","org_name":"社團法人台北生命勵樂活輔健會","org_type":"公益協會團體","phone":"(02)27299347","district":"松山區","village":"","approved_location":"吉祥路55號對面","full_address":"臺北市松山區吉祥路55號對面","approval_years":"","note":"","longitude":121.570512,"latitude":24.983669,"resource_type":"臺北舊衣回收箱"}},{"type":"Feature","geometry":{"type":"Point","coordinates":[121.561573,25.058876]},"properties":{"source_city":"臺北市","approval_id":"TP-859","category":"舊衣回收箱","org_name":"台北市視障者重建發展協會","org_type":"視障服務團體","phone":"0937-862-107","district":"松山區","village":"","approved_location":"民生東路5段137巷口(燈桿旁)","full_address":"臺北市松山區民生東路5段137巷口(燈桿旁)","approval_years":"","note":"","longitude":121.561573,"latitude":25.058876,"resource_type":"臺北舊衣回收箱"}},{"type":"Feature","geometry":{"type":"Point","coordinates":[121.552207,25.053556]},"properties":{"source_city":"臺北市","approval_id":"TP-861","category":"舊衣回收箱","org_name":"台北市視障者重建發展協會","org_type":"視障服務團體","phone":"0937-862-107","district":"松山區","village":"","approved_location":"敦化北路145巷71號對面(電氣設備旁)","full_address":"臺北市松山區敦化北路145巷71號對面(電氣設備旁)","approval_years":"","note":"","longitude":121.552207,"latitude":25.053556,"resource_type":"臺北舊衣回收箱"}},{"type":"Feature","geometry":{"type":"Point","coordinates":[121.56126,25.060737]},"properties":{"source_city":"臺北市","approval_id":"TP-865","category":"舊衣回收箱","org_name":"台北市視障者重建發展協會","org_type":"視障服務團體","phone":"0937-862-107","district":"松山區","village":"","approved_location":"富錦街427號對面(電氣設備旁)","full_address":"臺北市松山區富錦街427號對面(電氣設備旁)","approval_years":"","note":"","longitude":121.56126,"latitude":25.060737,"resource_type":"臺北舊衣回收箱"}},{"type":"Feature","geometry":{"type":"Point","coordinates":[121.5594201,25.050901]},"properties":{"source_city":"臺北市","approval_id":"TP-876","category":"舊衣回收箱","org_name":"臺北市障礙者發展協會","org_type":"公益協會團體","phone":"(02)25429529","district":"松山區","village":"","approved_location":"光復北路85巷25號對面","full_address":"臺北市松山區光復北路85巷25號對面","approval_years":"","note":"","longitude":121.5594201,"latitude":25.050901,"resource_type":"臺北舊衣回收箱"}},{"type":"Feature","geometry":{"type":"Point","coordinates":[121.5607866,25.05040846]},"properties":{"source_city":"臺北市","approval_id":"TP-892","category":"舊衣回收箱","org_name":"臺北市障礙者發展協會","org_type":"公益協會團體","phone":"(02)25429529","district":"松山區","village":"","approved_location":"南京東路5段66巷與光復北路11巷交叉口","full_address":"臺北市松山區南京東路5段66巷與光復北路11巷交叉口","approval_years":"","note":"","longitude":121.5607866,"latitude":25.05040846,"resource_type":"臺北舊衣回收箱"}},{"type":"Feature","geometry":{"type":"Point","coordinates":[121.557571,25.05064907]},"properties":{"source_city":"臺北市","approval_id":"TP-893","category":"舊衣回收箱","org_name":"臺北市障礙者發展協會","org_type":"公益協會團體","phone":"(02)25429529","district":"松山區","village":"","approved_location":"光復南路11巷與吉祥路交叉口","full_address":"臺北市松山區光復南路11巷與吉祥路交叉口","approval_years":"","note":"","longitude":121.557571,"latitude":25.05064907,"resource_type":"臺北舊衣回收箱"}},{"type":"Feature","geometry":{"type":"Point","coordinates":[121.5609561,25.04812328]},"properties":{"source_city":"臺北市","approval_id":"TP-894","category":"舊衣回收箱","org_name":"臺北市障礙者發展協會","org_type":"公益協會團體","phone":"(02)25429529","district":"松山區","village":"","approved_location":"八德路4段106巷2弄2號對面","full_address":"臺北市松山區八德路4段106巷2弄2號對面","approval_years":"","note":"","longitude":121.5609561,"latitude":25.04812328,"resource_type":"臺北舊衣回收箱"}},{"type":"Feature","geometry":{"type":"Point","coordinates":[121.5609561,25.04812328]},"properties":{"source_city":"臺北市","approval_id":"TP-895","category":"舊衣回收箱","org_name":"臺北市障礙者發展協會","org_type":"公益協會團體","phone":"(02)25429529","district":"松山區","village":"","approved_location":"光復北路165巷口(85度C對面)","full_address":"臺北市松山區光復北路165巷口(85度C對面)","approval_years":"","note":"","longitude":121.5609561,"latitude":25.04812328,"resource_type":"臺北舊衣回收箱"}},{"type":"Feature","geometry":{"type":"Point","coordinates":[121.5570211,25.0562084]},"properties":{"source_city":"臺北市","approval_id":"TP-896","category":"舊衣回收箱","org_name":"臺北市障礙者發展協會","org_type":"公益協會團體","phone":"(02)25429529","district":"松山區","village":"","approved_location":"延壽街406號對面","full_address":"臺北市松山區延壽街406號對面","approval_years":"","note":"","longitude":121.5570211,"latitude":25.0562084,"resource_type":"臺北舊衣回收箱"}},{"type":"Feature","geometry":{"type":"Point","coordinates":[121.5579743,25.05202073]},"properties":{"source_city":"臺北市","approval_id":"TP-897","category":"舊衣回收箱","org_name":"臺北市障礙者發展協會","org_type":"公益協會團體","phone":"(02)25429529","district":"松山區","village":"","approved_location":"南京東路5段23巷1號旁","full_address":"臺北市松山區南京東路5段23巷1號旁","approval_years":"","note":"","longitude":121.5579743,"latitude":25.05202073,"resource_type":"臺北舊衣回收箱"}},{"type":"Feature","geometry":{"type":"Point","coordinates":[121.5590612,25.0521873]},"properties":{"source_city":"臺北市","approval_id":"TP-899","category":"舊衣回收箱","org_name":"臺北市障礙者發展協會","org_type":"公益協會團體","phone":"(02)25429529","district":"松山區","village":"","approved_location":"南京東路5段23巷6弄29號對面","full_address":"臺北市松山區南京東路5段23巷6弄29號對面","approval_years":"","note":"","longitude":121.5590612,"latitude":25.0521873,"resource_type":"臺北舊衣回收箱"}},{"type":"Feature","geometry":{"type":"Point","coordinates":[121.5565171,25.0506378]},"properties":{"source_city":"臺北市","approval_id":"TP-900","category":"舊衣回收箱","org_name":"臺北市障礙者發展協會","org_type":"公益協會團體","phone":"(02)25429529","district":"松山區","village":"","approved_location":"光復北路100巷33號旁","full_address":"臺北市松山區光復北路100巷33號旁","approval_years":"","note":"","longitude":121.5565171,"latitude":25.0506378,"resource_type":"臺北舊衣回收箱"}},{"type":"Feature","geometry":{"type":"Point","coordinates":[121.5643948,25.05092787]},"properties":{"source_city":"臺北市","approval_id":"TP-906","category":"舊衣回收箱","org_name":"台北市視障者福利發展協會","org_type":"視障服務團體","phone":"(02)25912695","district":"松山區","village":"","approved_location":"八德路4段245巷37號對面","full_address":"臺北市松山區八德路4段245巷37號對面","approval_years":"","note":"","longitude":121.5643948,"latitude":25.05092787,"resource_type":"臺北舊衣回收箱"}},{"type":"Feature","geometry":{"type":"Point","coordinates":[121.5467569,25.0528277]},"properties":{"source_city":"臺北市","approval_id":"TP-963","category":"舊衣回收箱","org_name":"台北市視障多元就業促進會","org_type":"視障服務團體","phone":"(02)25991234","district":"松山區","village":"","approved_location":"南京東路4段53巷5弄口","full_address":"臺北市松山區南京東路4段53巷5弄口","approval_years":"","note":"","longitude":121.5467569,"latitude":25.0528277,"resource_type":"臺北舊衣回收箱"}},{"type":"Feature","geometry":{"type":"Point","coordinates":[121.55506,25.04796]},"properties":{"source_city":"臺北市","approval_id":"TP-964","category":"舊衣回收箱","org_name":"台北市視障多元就業促進會","org_type":"視障服務團體","phone":"(02)25991234","district":"松山區","village":"","approved_location":"八德路3段156號旁電箱左側","full_address":"臺北市松山區八德路3段156號旁電箱左側","approval_years":"","note":"","longitude":121.55506,"latitude":25.04796,"resource_type":"臺北舊衣回收箱"}},{"type":"Feature","geometry":{"type":"Point","coordinates":[121.49233,25.03415]},"properties":{"source_city":"臺北市","approval_id":"TP-1139","category":"舊衣回收箱","org_name":"台北市身心障礙者保護協會","org_type":"身障復健團體","phone":"(02)25975091","district":"萬華區","village":"","approved_location":"環河南路2段250巷28弄38號公園旁","full_address":"臺北市萬華區環河南路2段250巷28弄38號公園旁","approval_years":"","note":"","longitude":121.49233,"latitude":25.03415,"resource_type":"臺北舊衣回收箱"}},{"type":"Feature","geometry":{"type":"Point","coordinates":[121.4950186,25.03403174]},"properties":{"source_city":"臺北市","approval_id":"TP-136","category":"舊衣回收箱","org_name":"台北市康復之友協會","org_type":"身障復健團體","phone":"(02)27652810","district":"萬華區","village":"","approved_location":"大理街156巷口","full_address":"臺北市萬華區大理街156巷口","approval_years":"","note":"","longitude":121.4950186,"latitude":25.03403174,"resource_type":"臺北舊衣回收箱"}},{"type":"Feature","geometry":{"type":"Point","coordinates":[121.4947987,25.03154358]},"properties":{"source_city":"臺北市","approval_id":"TP-137","category":"舊衣回收箱","org_name":"台北市康復之友協會","org_type":"身障復健團體","phone":"(02)27652810","district":"萬華區","village":"","approved_location":"艋舺大道西園路2段140巷口","full_address":"臺北市萬華區艋舺大道西園路2段140巷口","approval_years":"","note":"","longitude":121.4947987,"latitude":25.03154358,"resource_type":"臺北舊衣回收箱"}},{"type":"Feature","geometry":{"type":"Point","coordinates":[121.4917957,25.02848881]},"properties":{"source_city":"臺北市","approval_id":"TP-138","category":"舊衣回收箱","org_name":"台北市康復之友協會","org_type":"身障復健團體","phone":"(02)27652810","district":"萬華區","village":"","approved_location":"西園路2段320巷55弄與寶興街口","full_address":"臺北市萬華區西園路2段320巷55弄與寶興街口","approval_years":"","note":"","longitude":121.4917957,"latitude":25.02848881,"resource_type":"臺北舊衣回收箱"}},{"type":"Feature","geometry":{"type":"Point","coordinates":[121.4933535,25.03601065]},"properties":{"source_city":"臺北市","approval_id":"TP-140","category":"舊衣回收箱","org_name":"台北市康復之友協會","org_type":"身障復健團體","phone":"(02)27652810","district":"萬華區","village":"","approved_location":"和平西路3段309巷9號對面","full_address":"臺北市萬華區和平西路3段309巷9號對面","approval_years":"","note":"","longitude":121.4933535,"latitude":25.03601065,"resource_type":"臺北舊衣回收箱"}},{"type":"Feature","geometry":{"type":"Point","coordinates":[121.49113,25.02711]},"properties":{"source_city":"臺北市","approval_id":"TP-162","category":"舊衣回收箱","org_name":"台北市盲人福利協進會","org_type":"視障服務團體","phone":"(02)25585000","district":"萬華區","village":"","approved_location":"西園路2段320巷36弄14-1號前","full_address":"臺北市萬華區西園路2段320巷36弄14-1號前","approval_years":"","note":"","longitude":121.49113,"latitude":25.02711,"resource_type":"臺北舊衣回收箱"}},{"type":"Feature","geometry":{"type":"Point","coordinates":[121.48985,25.03368]},"properties":{"source_city":"臺北市","approval_id":"TP-173","category":"舊衣回收箱","org_name":"台北市盲人福利協進會","org_type":"視障服務團體","phone":"(02)25585000","district":"萬華區","village":"","approved_location":"環河南路2段250巷25弄22號旁","full_address":"臺北市萬華區環河南路2段250巷25弄22號旁","approval_years":"","note":"","longitude":121.48985,"latitude":25.03368,"resource_type":"臺北舊衣回收箱"}},{"type":"Feature","geometry":{"type":"Point","coordinates":[121.501005,25.019831]},"properties":{"source_city":"臺北市","approval_id":"TP-182","category":"舊衣回收箱","org_name":"台北市盲人福利協進會","org_type":"視障服務團體","phone":"(02)25585000","district":"萬華區","village":"","approved_location":"青年路152巷57號旁","full_address":"臺北市萬華區青年路152巷57號旁","approval_years":"","note":"","longitude":121.501005,"latitude":25.019831,"resource_type":"臺北舊衣回收箱"}},{"type":"Feature","geometry":{"type":"Point","coordinates":[121.495297,25.037298]},"properties":{"source_city":"臺北市","approval_id":"TP-183","category":"舊衣回收箱","org_name":"台北市盲人福利協進會","org_type":"視障服務團體","phone":"(02)25585000","district":"萬華區","village":"","approved_location":"環河南路2段100巷柳鄉公園","full_address":"臺北市萬華區環河南路2段100巷柳鄉公園","approval_years":"","note":"","longitude":121.495297,"latitude":25.037298,"resource_type":"臺北舊衣回收箱"}},{"type":"Feature","geometry":{"type":"Point","coordinates":[121.49983,25.0262]},"properties":{"source_city":"臺北市","approval_id":"TP-184","category":"舊衣回收箱","org_name":"台北市盲人福利協進會","org_type":"視障服務團體","phone":"(02)25585000","district":"萬華區","village":"","approved_location":"民和街18號對面","full_address":"臺北市萬華區民和街18號對面","approval_years":"","note":"","longitude":121.49983,"latitude":25.0262,"resource_type":"臺北舊衣回收箱"}},{"type":"Feature","geometry":{"type":"Point","coordinates":[121.50263,25.02354]},"properties":{"source_city":"臺北市","approval_id":"TP-185","category":"舊衣回收箱","org_name":"台北市盲人福利協進會","org_type":"視障服務團體","phone":"(02)25585000","district":"萬華區","village":"","approved_location":"青年路68巷口","full_address":"臺北市萬華區青年路68巷口","approval_years":"","note":"","longitude":121.50263,"latitude":25.02354,"resource_type":"臺北舊衣回收箱"}},{"type":"Feature","geometry":{"type":"Point","coordinates":[121.490971,25.033575]},"properties":{"source_city":"臺北市","approval_id":"TP-190","category":"舊衣回收箱","org_name":"台北市盲人福利協進會","org_type":"視障服務團體","phone":"(02)25585000","district":"萬華區","village":"","approved_location":"環河南路2段250巷15號邊","full_address":"臺北市萬華區環河南路2段250巷15號邊","approval_years":"","note":"","longitude":121.490971,"latitude":25.033575,"resource_type":"臺北舊衣回收箱"}},{"type":"Feature","geometry":{"type":"Point","coordinates":[121.491467,25.032318]},"properties":{"source_city":"臺北市","approval_id":"TP-191","category":"舊衣回收箱","org_name":"台北市盲人福利協進會","org_type":"視障服務團體","phone":"(02)25585000","district":"萬華區","village":"","approved_location":"環河南路2段278號對面","full_address":"臺北市萬華區環河南路2段278號對面","approval_years":"","note":"","longitude":121.491467,"latitude":25.032318,"resource_type":"臺北舊衣回收箱"}},{"type":"Feature","geometry":{"type":"Point","coordinates":[121.51879,25.06942]},"properties":{"source_city":"臺北市","approval_id":"TP-193","category":"舊衣回收箱","org_name":"台北市盲人福利協進會","org_type":"視障服務團體","phone":"(02)25585000","district":"萬華區","village":"","approved_location":"萬大路322巷55弄1號對面","full_address":"臺北市萬華區萬大路322巷55弄1號對面","approval_years":"","note":"","longitude":121.51879,"latitude":25.06942,"resource_type":"臺北舊衣回收箱"}},{"type":"Feature","geometry":{"type":"Point","coordinates":[121.50041,25.02138]},"properties":{"source_city":"臺北市","approval_id":"TP-276","category":"舊衣回收箱","org_name":"台北市私立彩虹村家園","org_type":"社福服務機構","phone":"(02)28914110","district":"萬華區","village":"","approved_location":"萬大路423巷43號旁","full_address":"臺北市萬華區萬大路423巷43號旁","approval_years":"","note":"","longitude":121.50041,"latitude":25.02138,"resource_type":"臺北舊衣回收箱"}},{"type":"Feature","geometry":{"type":"Point","coordinates":[121.49608,25.02401]},"properties":{"source_city":"臺北市","approval_id":"TP-281","category":"舊衣回收箱","org_name":"台北市私立彩虹村家園","org_type":"社福服務機構","phone":"(02)28914110","district":"萬華區","village":"","approved_location":"德昌街154巷口","full_address":"臺北市萬華區德昌街154巷口","approval_years":"","note":"","longitude":121.49608,"latitude":25.02401,"resource_type":"臺北舊衣回收箱"}},{"type":"Feature","geometry":{"type":"Point","coordinates":[121.49503,25.02489]},"properties":{"source_city":"臺北市","approval_id":"TP-282","category":"舊衣回收箱","org_name":"台北市私立彩虹村家園","org_type":"社福服務機構","phone":"(02)28914110","district":"萬華區","village":"","approved_location":"東園街66巷與寶興街口","full_address":"臺北市萬華區東園街66巷與寶興街口","approval_years":"","note":"","longitude":121.49503,"latitude":25.02489,"resource_type":"臺北舊衣回收箱"}},{"type":"Feature","geometry":{"type":"Point","coordinates":[121.49575,25.02732]},"properties":{"source_city":"臺北市","approval_id":"TP-283","category":"舊衣回收箱","org_name":"台北市私立彩虹村家園","org_type":"社福服務機構","phone":"(02)28914110","district":"萬華區","village":"","approved_location":"東園街22號旁","full_address":"臺北市萬華區東園街22號旁","approval_years":"","note":"","longitude":121.49575,"latitude":25.02732,"resource_type":"臺北舊衣回收箱"}},{"type":"Feature","geometry":{"type":"Point","coordinates":[121.4977708,25.02120067]},"properties":{"source_city":"臺北市","approval_id":"TP-305","category":"舊衣回收箱","org_name":"台北市私立彩虹村家園","org_type":"社福服務機構","phone":"(02)28914110","district":"萬華區","village":"","approved_location":"萬大路424巷3弄1號旁","full_address":"臺北市萬華區萬大路424巷3弄1號旁","approval_years":"","note":"","longitude":121.4977708,"latitude":25.02120067,"resource_type":"臺北舊衣回收箱"}},{"type":"Feature","geometry":{"type":"Point","coordinates":[121.5017857,25.0255549]},"properties":{"source_city":"臺北市","approval_id":"TP-335","category":"舊衣回收箱","org_name":"臺北市唐氏症家長協會","org_type":"身障復健團體","phone":"(02)22782321","district":"萬華區","village":"","approved_location":"萬大路277巷33弄口","full_address":"臺北市萬華區萬大路277巷33弄口","approval_years":"","note":"","longitude":121.5017857,"latitude":25.0255549,"resource_type":"臺北舊衣回收箱"}},{"type":"Feature","geometry":{"type":"Point","coordinates":[121.494843,25.01768212]},"properties":{"source_city":"臺北市","approval_id":"TP-374","category":"舊衣回收箱","org_name":"財團法人台北市樹仁社會福利基金會","org_type":"社福基金會","phone":"(02)28936122","district":"萬華區","village":"","approved_location":"萬大路618巷35號旁","full_address":"臺北市萬華區萬大路618巷35號旁","approval_years":"","note":"","longitude":121.494843,"latitude":25.01768212,"resource_type":"臺北舊衣回收箱"}},{"type":"Feature","geometry":{"type":"Point","coordinates":[121.4963815,25.02019792]},"properties":{"source_city":"臺北市","approval_id":"TP-375","category":"舊衣回收箱","org_name":"財團法人台北市樹仁社會福利基金會","org_type":"社福基金會","phone":"(02)28936122","district":"萬華區","village":"","approved_location":"萬大路486巷35號旁","full_address":"臺北市萬華區萬大路486巷35號旁","approval_years":"","note":"","longitude":121.4963815,"latitude":25.02019792,"resource_type":"臺北舊衣回收箱"}},{"type":"Feature","geometry":{"type":"Point","coordinates":[121.50643,25.04062]},"properties":{"source_city":"臺北市","approval_id":"TP-448","category":"舊衣回收箱","org_name":"台北市脊髓損傷者協會","org_type":"公益協會團體","phone":"(02)25986062","district":"萬華區","village":"","approved_location":"長沙街2段40巷口電信設備邊","full_address":"臺北市萬華區長沙街2段40巷口電信設備邊","approval_years":"","note":"","longitude":121.50643,"latitude":25.04062,"resource_type":"臺北舊衣回收箱"}},{"type":"Feature","geometry":{"type":"Point","coordinates":[121.4908307,25.0312399]},"properties":{"source_city":"臺北市","approval_id":"TP-512","category":"舊衣回收箱","org_name":"臺北市視障藝文發展協會","org_type":"視障服務團體","phone":"(02)25912695","district":"萬華區","village":"","approved_location":"環河南路2段與長順街口","full_address":"臺北市萬華區環河南路2段與長順街口","approval_years":"","note":"","longitude":121.4908307,"latitude":25.0312399,"resource_type":"臺北舊衣回收箱"}},{"type":"Feature","geometry":{"type":"Point","coordinates":[121.50142,25.02336]},"properties":{"source_city":"臺北市","approval_id":"TP-674","category":"舊衣回收箱","org_name":"臺北市私立育成裕民發展中心","org_type":"身障復健團體","phone":"(02)27068686","district":"萬華區","village":"","approved_location":"長泰街2號","full_address":"臺北市萬華區長泰街2號","approval_years":"","note":"","longitude":121.50142,"latitude":25.02336,"resource_type":"臺北舊衣回收箱"}},{"type":"Feature","geometry":{"type":"Point","coordinates":[121.4996221,25.03216025]},"properties":{"source_city":"臺北市","approval_id":"TP-748","category":"舊衣回收箱","org_name":"臺北市惠盲教育學會","org_type":"公益協會團體","phone":"(02)25530253","district":"萬華區","village":"","approved_location":"興寧街70號旁（天主教聖女小德蘭朝聖地旁）","full_address":"臺北市萬華區興寧街70號旁（天主教聖女小德蘭朝聖地旁）","approval_years":"","note":"","longitude":121.4996221,"latitude":25.03216025,"resource_type":"臺北舊衣回收箱"}},{"type":"Feature","geometry":{"type":"Point","coordinates":[121.5077989,25.04644922]},"properties":{"source_city":"臺北市","approval_id":"TP-751","category":"舊衣回收箱","org_name":"台北市失能者服務協會","org_type":"身障復健團體","phone":"(02)25429529","district":"萬華區","village":"","approved_location":"開封街2段36號對面樹下","full_address":"臺北市萬華區開封街2段36號對面樹下","approval_years":"","note":"","longitude":121.5077989,"latitude":25.04644922,"resource_type":"臺北舊衣回收箱"}},{"type":"Feature","geometry":{"type":"Point","coordinates":[121.5050461,25.04664705]},"properties":{"source_city":"臺北市","approval_id":"TP-752","category":"舊衣回收箱","org_name":"台北市失能者服務協會","org_type":"身障復健團體","phone":"(02)25429529","district":"萬華區","village":"","approved_location":"漢口街2段83巷口","full_address":"臺北市萬華區漢口街2段83巷口","approval_years":"","note":"","longitude":121.5050461,"latitude":25.04664705,"resource_type":"臺北舊衣回收箱"}},{"type":"Feature","geometry":{"type":"Point","coordinates":[121.5000854,25.04130479]},"properties":{"source_city":"臺北市","approval_id":"TP-753","category":"舊衣回收箱","org_name":"台北市失能者服務協會","org_type":"身障復健團體","phone":"(02)25429529","district":"萬華區","village":"","approved_location":"長沙街2段與西園路1段變電箱下","full_address":"臺北市萬華區長沙街2段與西園路1段變電箱下","approval_years":"","note":"","longitude":121.5000854,"latitude":25.04130479,"resource_type":"臺北舊衣回收箱"}},{"type":"Feature","geometry":{"type":"Point","coordinates":[121.4993321,25.034073]},"properties":{"source_city":"臺北市","approval_id":"TP-877","category":"舊衣回收箱","org_name":"臺北市障礙者發展協會","org_type":"公益協會團體","phone":"(02)25429529","district":"萬華區","village":"","approved_location":"西園路1段278號旁（寺前公園電信箱旁）","full_address":"臺北市萬華區西園路1段278號旁（寺前公園電信箱旁）","approval_years":"","note":"","longitude":121.4993321,"latitude":25.034073,"resource_type":"臺北舊衣回收箱"}},{"type":"Feature","geometry":{"type":"Point","coordinates":[121.4968116,25.033797]},"properties":{"source_city":"臺北市","approval_id":"TP-878","category":"舊衣回收箱","org_name":"臺北市障礙者發展協會","org_type":"公益協會團體","phone":"(02)25429529","district":"萬華區","village":"","approved_location":"大理街130巷口","full_address":"臺北市萬華區大理街130巷口","approval_years":"","note":"","longitude":121.4968116,"latitude":25.033797,"resource_type":"臺北舊衣回收箱"}},{"type":"Feature","geometry":{"type":"Point","coordinates":[121.4937961,25.03441746]},"properties":{"source_city":"臺北市","approval_id":"TP-879","category":"舊衣回收箱","org_name":"臺北市障礙者發展協會","org_type":"公益協會團體","phone":"(02)25429529","district":"萬華區","village":"","approved_location":"環河南路2段125巷口（電信箱旁）","full_address":"臺北市萬華區環河南路2段125巷口（電信箱旁）","approval_years":"","note":"","longitude":121.4937961,"latitude":25.03441746,"resource_type":"臺北舊衣回收箱"}},{"type":"Feature","geometry":{"type":"Point","coordinates":[121.4990779,25.03542765]},"properties":{"source_city":"臺北市","approval_id":"TP-880","category":"舊衣回收箱","org_name":"臺北市障礙者發展協會","org_type":"公益協會團體","phone":"(02)25429529","district":"萬華區","village":"","approved_location":"西園路1段226號佈告欄路燈旁","full_address":"臺北市萬華區西園路1段226號佈告欄路燈旁","approval_years":"","note":"","longitude":121.4990779,"latitude":25.03542765,"resource_type":"臺北舊衣回收箱"}},{"type":"Feature","geometry":{"type":"Point","coordinates":[121.5072849,25.04766956]},"properties":{"source_city":"臺北市","approval_id":"TP-886","category":"舊衣回收箱","org_name":"臺北市障礙者發展協會","org_type":"公益協會團體","phone":"(02)25429529","district":"萬華區","village":"","approved_location":"西寧南路與洛陽街口","full_address":"臺北市萬華區西寧南路與洛陽街口","approval_years":"","note":"","longitude":121.5072849,"latitude":25.04766956,"resource_type":"臺北舊衣回收箱"}},{"type":"Feature","geometry":{"type":"Point","coordinates":[121.5025162,25.03144708]},"properties":{"source_city":"臺北市","approval_id":"TP-891","category":"舊衣回收箱","org_name":"臺北市障礙者發展協會","org_type":"公益協會團體","phone":"(02)25429529","district":"萬華區","village":"","approved_location":"莒光路210號前（變電箱旁）","full_address":"臺北市萬華區莒光路210號前（變電箱旁）","approval_years":"","note":"","longitude":121.5025162,"latitude":25.03144708,"resource_type":"臺北舊衣回收箱"}},{"type":"Feature","geometry":{"type":"Point","coordinates":[121.5029434,25.0305993]},"properties":{"source_city":"臺北市","approval_id":"TP-903","category":"舊衣回收箱","org_name":"台北市視障者福利發展協會","org_type":"視障服務團體","phone":"(02)25912695","district":"萬華區","village":"","approved_location":"莒光路153巷口(人行道上)","full_address":"臺北市萬華區莒光路153巷口(人行道上)","approval_years":"","note":"","longitude":121.5029434,"latitude":25.0305993,"resource_type":"臺北舊衣回收箱"}},{"type":"Feature","geometry":{"type":"Point","coordinates":[121.499195,25.0304387]},"properties":{"source_city":"臺北市","approval_id":"TP-904","category":"舊衣回收箱","org_name":"台北市視障者福利發展協會","org_type":"視障服務團體","phone":"(02)25912695","district":"萬華區","village":"","approved_location":"莒光路299巷口(電器設備旁)","full_address":"臺北市萬華區莒光路299巷口(電器設備旁)","approval_years":"","note":"","longitude":121.499195,"latitude":25.0304387,"resource_type":"臺北舊衣回收箱"}},{"type":"Feature","geometry":{"type":"Point","coordinates":[121.5006661,25.03135069]},"properties":{"source_city":"臺北市","approval_id":"TP-905","category":"舊衣回收箱","org_name":"台北市視障者福利發展協會","org_type":"視障服務團體","phone":"(02)25912695","district":"萬華區","village":"","approved_location":"莒光路與萬大路口","full_address":"臺北市萬華區莒光路與萬大路口","approval_years":"","note":"","longitude":121.5006661,"latitude":25.03135069,"resource_type":"臺北舊衣回收箱"}}]}