{"type":"FeatureCollection","features":[{"type":"Feature","geometry":{"type":"Point","coordinates":[121.5508081,25.0448506]},"properties":{"city":"臺北市","restaurant_id":5817,"category":"環保餐廳","name":"一品活蝦 市民店","phone":"02-25776662#","mobile":"","address":"臺北市松山區市民大道四段145號","district":"松山區"}},{"type":"Feature","geometry":{"type":"Point","coordinates":[121.5695215,25.0411985]},"properties":{"city":"臺北市","restaurant_id":5816,"category":"環保餐廳","name":"一品活蝦市府店","phone":"02-27560028#","mobile":"","address":"臺北市信義區忠孝東路五段195號","district":"信義區"}},{"type":"Feature","geometry":{"type":"Point","coordinates":[121.5679505,25.0367556]},"properties":{"city":"臺北市","restaurant_id":5788,"category":"環保餐廳","name":"四川吳抄手","phone":"02-87862426#","mobile":"0925620655","address":"臺北市信義區松仁路58號四樓402櫃位","district":"信義區"}},{"type":"Feature","geometry":{"type":"Point","coordinates":[121.5677823,25.0368519]},"properties":{"city":"臺北市","restaurant_id":5639,"category":"環保餐廳","name":"長浜魚屋","phone":"-#","mobile":"0919236144","address":"臺北市信義區松仁路58號B3","district":"信義區"}},{"type":"Feature","geometry":{"type":"Point","coordinates":[121.5677823,25.0368519]},"properties":{"city":"臺北市","restaurant_id":5638,"category":"環保餐廳","name":"季樂A13","phone":"02-27588268#","mobile":"","address":"臺北市信義區松仁路58號B3","district":"信義區"}},{"type":"Feature","geometry":{"type":"Point","coordinates":[121.5568772,25.0394481]},"properties":{"city":"臺北市","restaurant_id":5631,"category":"環保餐廳","name":"sugar miss","phone":"02-27715320#","mobile":"","address":"臺北市大安區光復南路290巷4號1 樓","district":"大安區"}},{"type":"Feature","geometry":{"type":"Point","coordinates":[121.5488112,25.1001805]},"properties":{"city":"臺北市","restaurant_id":5420,"category":"環保餐廳","name":"故宮晶華","phone":"02-28829393#","mobile":"","address":"臺北市士林區至善路二段221號","district":"士林區"}},{"type":"Feature","geometry":{"type":"Point","coordinates":[121.5595066,25.0424367]},"properties":{"city":"臺北市","restaurant_id":5414,"category":"環保餐廳","name":"掌門精釀啤酒餐廳大巨蛋店","phone":"02-23223066#","mobile":"","address":"臺北市信義區忠孝東路四段515號","district":"信義區"}},{"type":"Feature","geometry":{"type":"Point","coordinates":[121.5007623,25.0307602]},"properties":{"city":"臺北市","restaurant_id":5263,"category":"環保餐廳","name":"董月花早餐店","phone":"02-23087999#","mobile":"","address":"臺北市萬華區萬大路67號","district":"萬華區"}},{"type":"Feature","geometry":{"type":"Point","coordinates":[121.5595066,25.0424367]},"properties":{"city":"臺北市","restaurant_id":5148,"category":"環保餐廳","name":"湊湊火鍋•茶憩","phone":"02-27566986#","mobile":"","address":"臺北市信義區忠孝東路四段515號","district":"信義區"}},{"type":"Feature","geometry":{"type":"Point","coordinates":[121.5689714,25.0414615]},"properties":{"city":"臺北市","restaurant_id":5118,"category":"環保餐廳","name":"上樓看看 咖啡","phone":"02-87871782#","mobile":"","address":"臺北市信義區忠孝東路五段165巷3弄6號","district":"信義區"}},{"type":"Feature","geometry":{"type":"Point","coordinates":[121.5469968,25.044862]},"properties":{"city":"臺北市","restaurant_id":5116,"category":"環保餐廳","name":"技固帕串燒酒家 CHIKUPA Izakaya","phone":"02-27419335#","mobile":"","address":"臺北市大安區市民大道四段66號","district":"大安區"}},{"type":"Feature","geometry":{"type":"Point","coordinates":[121.554754,25.042747]},"properties":{"city":"臺北市","restaurant_id":5103,"category":"環保餐廳","name":"Pan House Wine & Bistro","phone":"02-27312465#","mobile":"","address":"臺北市大安區延吉街131巷9號","district":"大安區"}},{"type":"Feature","geometry":{"type":"Point","coordinates":[121.5711666,25.077819]},"properties":{"city":"臺北市","restaurant_id":5102,"category":"環保餐廳","name":"內湖光寶大樓員工餐廳","phone":"02-87982888#6934","mobile":"","address":"臺北市內湖區瑞光路392號","district":"內湖區"}},{"type":"Feature","geometry":{"type":"Point","coordinates":[121.5578467,25.0309146]},"properties":{"city":"臺北市","restaurant_id":5099,"category":"環保餐廳","name":"放 Fun Dining串燒酒肴","phone":"02-27201500#","mobile":"","address":"臺北市信義區嘉興街70-3號1樓","district":"信義區"}},{"type":"Feature","geometry":{"type":"Point","coordinates":[121.5529,25.0436068]},"properties":{"city":"臺北市","restaurant_id":5095,"category":"環保餐廳","name":"DEC Taipei","phone":"-#","mobile":"0912862769","address":"臺北市大安區忠孝東路4段223巷63號","district":"大安區"}},{"type":"Feature","geometry":{"type":"Point","coordinates":[121.5541651,25.0402281]},"properties":{"city":"臺北市","restaurant_id":5093,"category":"環保餐廳","name":"十八居酒棧","phone":"-#","mobile":"0920755291","address":"臺北市大安區忠孝東路四段248巷17號","district":"大安區"}},{"type":"Feature","geometry":{"type":"Point","coordinates":[121.52565,25.0401193]},"properties":{"city":"臺北市","restaurant_id":5020,"category":"環保餐廳","name":"Rodeo","phone":"02-23933608#","mobile":"","address":"臺北市中正區杭州南路一段12號","district":"中正區"}},{"type":"Feature","geometry":{"type":"Point","coordinates":[121.6072597,25.0528955]},"properties":{"city":"臺北市","restaurant_id":4923,"category":"環保餐廳","name":"好滴咖啡","phone":"02-27648181#","mobile":"","address":"臺北市南港區忠孝東路七段371號B棟B1","district":"南港區"}},{"type":"Feature","geometry":{"type":"Point","coordinates":[121.6072597,25.0528955]},"properties":{"city":"臺北市","restaurant_id":4911,"category":"環保餐廳","name":"星馬快餐 台北南港環球百貨門市","phone":"-#","mobile":"0926656376","address":"臺北市南港區忠孝東路七段371號B1櫃位B116","district":"南港區"}},{"type":"Feature","geometry":{"type":"Point","coordinates":[121.5455449,25.0437425]},"properties":{"city":"臺北市","restaurant_id":4909,"category":"環保餐廳","name":"星馬快餐台北大安店","phone":"-#","mobile":"0926656376","address":"臺北市大安區復興南路一段107巷25號1F","district":"大安區"}},{"type":"Feature","geometry":{"type":"Point","coordinates":[121.5397518,25.0173405]},"properties":{"city":"臺北市","restaurant_id":4869,"category":"環保餐廳","name":"Drink store水雲朵臺灣大學店","phone":"02-23661686#","mobile":"","address":"臺北市大安區羅斯福路4段1號（台大第一學生活動中心餐廳）","district":"大安區"}},{"type":"Feature","geometry":{"type":"Point","coordinates":[121.5428657,25.0138401]},"properties":{"city":"臺北市","restaurant_id":4868,"category":"環保餐廳","name":"天津蔥抓餅","phone":"02-27382936#","mobile":"","address":"臺北市大安區基隆路四段43號B1","district":"大安區"}},{"type":"Feature","geometry":{"type":"Point","coordinates":[121.5428657,25.0138401]},"properties":{"city":"臺北市","restaurant_id":4867,"category":"環保餐廳","name":"雞同鴨講","phone":"02-27382936#","mobile":"","address":"臺北市大安區基隆路四段43號B1","district":"大安區"}},{"type":"Feature","geometry":{"type":"Point","coordinates":[121.5428657,25.0138401]},"properties":{"city":"臺北市","restaurant_id":4865,"category":"環保餐廳","name":"茶覺","phone":"02-27382936#","mobile":"","address":"臺北市大安區基隆路四段43號B1","district":"大安區"}},{"type":"Feature","geometry":{"type":"Point","coordinates":[121.5428657,25.0138401]},"properties":{"city":"臺北市","restaurant_id":4862,"category":"環保餐廳","name":"京都日式料理","phone":"02-27382936#","mobile":"","address":"臺北市大安區基隆路四段43號B1","district":"大安區"}},{"type":"Feature","geometry":{"type":"Point","coordinates":[121.5428657,25.0138401]},"properties":{"city":"臺北市","restaurant_id":4860,"category":"環保餐廳","name":"八方雲集台科大店","phone":"02-27382936#","mobile":"","address":"臺北市大安區基隆路四段43號B1","district":"大安區"}},{"type":"Feature","geometry":{"type":"Point","coordinates":[121.5245435,25.0219509]},"properties":{"city":"臺北市","restaurant_id":4859,"category":"環保餐廳","name":"Supreme beans coffee Taipei","phone":"02-23678745#","mobile":"","address":"臺北市中正區汀州路二段293號1樓","district":"中正區"}},{"type":"Feature","geometry":{"type":"Point","coordinates":[121.5326358,25.0157178]},"properties":{"city":"臺北市","restaurant_id":4858,"category":"環保餐廳","name":"重順川菜餐廳","phone":"02-23684549#","mobile":"","address":"臺北市中正區羅斯福路三段316巷8弄3-2號","district":"中正區"}},{"type":"Feature","geometry":{"type":"Point","coordinates":[121.5427043,25.0128577]},"properties":{"city":"臺北市","restaurant_id":4843,"category":"環保餐廳","name":"御便當","phone":"02-27382936#","mobile":"","address":"臺北市大安區基隆路四段43號","district":"大安區"}},{"type":"Feature","geometry":{"type":"Point","coordinates":[121.5427043,25.0128577]},"properties":{"city":"臺北市","restaurant_id":4842,"category":"環保餐廳","name":"高麗元韓式料理","phone":"02-27382936#","mobile":"","address":"臺北市大安區基隆路四段43號","district":"大安區"}},{"type":"Feature","geometry":{"type":"Point","coordinates":[121.5427043,25.0128577]},"properties":{"city":"臺北市","restaurant_id":4840,"category":"環保餐廳","name":"七樂燒臘","phone":"02-27382936#","mobile":"","address":"臺北市大安區基隆路四段43號","district":"大安區"}},{"type":"Feature","geometry":{"type":"Point","coordinates":[121.5355257,25.0129102]},"properties":{"city":"臺北市","restaurant_id":4839,"category":"環保餐廳","name":"黑丸關東煮","phone":"-#","mobile":"0978511951","address":"臺北市中正區羅斯福路四段136巷1弄7號","district":"中正區"}},{"type":"Feature","geometry":{"type":"Point","coordinates":[121.5354822,25.0126133]},"properties":{"city":"臺北市","restaurant_id":4837,"category":"環保餐廳","name":"白帝城川式滷味","phone":"-#","mobile":"0952368865","address":"臺北市中正區羅斯福路四段136巷8號","district":"中正區"}},{"type":"Feature","geometry":{"type":"Point","coordinates":[121.564101,25.0334929]},"properties":{"city":"臺北市","restaurant_id":4802,"category":"環保餐廳","name":"TWG Tea","phone":"02-87891837#","mobile":"","address":"臺北市信義區市府路45號5樓","district":"信義區"}},{"type":"Feature","geometry":{"type":"Point","coordinates":[121.5643085,25.0338492]},"properties":{"city":"臺北市","restaurant_id":4801,"category":"環保餐廳","name":"凱林鐵板燒台北101店","phone":"02-81018285#","mobile":"","address":"臺北市信義區市府路45號B1樓","district":"信義區"}},{"type":"Feature","geometry":{"type":"Point","coordinates":[121.5358449,25.0122635]},"properties":{"city":"臺北市","restaurant_id":4645,"category":"環保餐廳","name":"咖啡休日 Day off. - 手沖咖啡專門店","phone":"02-23689841#","mobile":"","address":"臺北市中正區羅斯福路四段136巷6弄23號","district":"中正區"}},{"type":"Feature","geometry":{"type":"Point","coordinates":[121.5334094,25.0138878]},"properties":{"city":"臺北市","restaurant_id":4644,"category":"環保餐廳","name":"京阪豚骨拉麵","phone":"02-23640605#","mobile":"","address":"臺北市中正區汀州路三段104巷9號","district":"中正區"}},{"type":"Feature","geometry":{"type":"Point","coordinates":[121.5764728,25.0716583]},"properties":{"city":"臺北市","restaurant_id":4641,"category":"環保餐廳","name":"普橘島","phone":"02-26588866#1485","mobile":"","address":"臺北市內湖區瑞湖街111號","district":"內湖區"}},{"type":"Feature","geometry":{"type":"Point","coordinates":[121.5659555,25.0343073]},"properties":{"city":"臺北市","restaurant_id":3962,"category":"環保餐廳","name":"海底撈火鍋","phone":"02-87801855#","mobile":"","address":"臺北市信義區松智路17號2B","district":"信義區"}},{"type":"Feature","geometry":{"type":"Point","coordinates":[121.5232167,25.0553814]},"properties":{"city":"臺北市","restaurant_id":3917,"category":"環保餐廳","name":"彰化商業銀行員工餐廳","phone":"-#","mobile":"0912525473","address":"臺北市中山區中山北路二段57號13樓","district":"中山區"}},{"type":"Feature","geometry":{"type":"Point","coordinates":[121.5570625,25.0822446]},"properties":{"city":"臺北市","restaurant_id":3759,"category":"環保餐廳","name":"黑毛屋大直忠泰店","phone":"02-85025991#","mobile":"","address":"臺北市中正區樂群三路200號5樓","district":"中正區"}},{"type":"Feature","geometry":{"type":"Point","coordinates":[121.5570625,25.0822446]},"properties":{"city":"臺北市","restaurant_id":3755,"category":"環保餐廳","name":"老乾杯大直忠泰店","phone":"02-85025551#","mobile":"","address":"臺北市中山區樂群三路200號5樓","district":"中山區"}},{"type":"Feature","geometry":{"type":"Point","coordinates":[121.5653962,25.0408461]},"properties":{"city":"臺北市","restaurant_id":3751,"category":"環保餐廳","name":"博多天麩羅山海","phone":"02-27231885#","mobile":"","address":"臺北市信義區忠孝東路五段8號B2","district":"信義區"}},{"type":"Feature","geometry":{"type":"Point","coordinates":[121.5580267,25.045903]},"properties":{"city":"臺北市","restaurant_id":3682,"category":"環保餐廳","name":"Coming Bistro","phone":"02-27479225#","mobile":"","address":"臺北市松山區光復南路55號1樓","district":"松山區"}},{"type":"Feature","geometry":{"type":"Point","coordinates":[121.5269515,25.050578]},"properties":{"city":"臺北市","restaurant_id":3681,"category":"環保餐廳","name":"九湯屋日本拉麵(台北南京店)","phone":"02-25813100#","mobile":"","address":"臺北市中山區南京東路一段132巷33號","district":"中山區"}},{"type":"Feature","geometry":{"type":"Point","coordinates":[121.5630504,25.0426146]},"properties":{"city":"臺北市","restaurant_id":3679,"category":"環保餐廳","name":"鳥作洋食","phone":"02-27567966#","mobile":"0987941819","address":"臺北市信義區忠孝東路四段553巷16弄2號1樓","district":"信義區"}},{"type":"Feature","geometry":{"type":"Point","coordinates":[121.5650865,25.0500353]},"properties":{"city":"臺北市","restaurant_id":3528,"category":"環保餐廳","name":"咖食堂","phone":"02-23965252#","mobile":"0926354984","address":"臺北市中正區八德路1段82巷9弄13號","district":"中正區"}},{"type":"Feature","geometry":{"type":"Point","coordinates":[121.5448587,25.0502905]},"properties":{"city":"臺北市","restaurant_id":3436,"category":"環保餐廳","name":"發肉燒肉餐酒(敦化本店)","phone":"02-27113331#","mobile":"","address":"臺北市松山區敦化北路4巷56號","district":"松山區"}},{"type":"Feature","geometry":{"type":"Point","coordinates":[121.5453353,25.0395577]},"properties":{"city":"臺北市","restaurant_id":3435,"category":"環保餐廳","name":"立馬吃一鍋。有機水產火鍋專賣","phone":"02-27417668#","mobile":"","address":"臺北市大安區仁愛路四段27巷9號B1","district":"大安區"}},{"type":"Feature","geometry":{"type":"Point","coordinates":[121.5289148,25.0285574]},"properties":{"city":"臺北市","restaurant_id":3434,"category":"環保餐廳","name":"Bea's Bistro 美式餐館","phone":"02-23918827#","mobile":"","address":"臺北市大安區潮州街133號","district":"大安區"}},{"type":"Feature","geometry":{"type":"Point","coordinates":[121.5432347,25.0240436]},"properties":{"city":"臺北市","restaurant_id":3432,"category":"環保餐廳","name":"6：35 Brunch & Dinner(大安旗艦店)","phone":"02-23770100#","mobile":"0931034202","address":"臺北市大安區復興南路二段288號","district":"大安區"}},{"type":"Feature","geometry":{"type":"Point","coordinates":[121.5426486,25.0224472]},"properties":{"city":"臺北市","restaurant_id":3429,"category":"環保餐廳","name":"永和樓中華料理店","phone":"02-23772077#","mobile":"","address":"臺北市大安區和平東路二段118巷52弄3號","district":"大安區"}},{"type":"Feature","geometry":{"type":"Point","coordinates":[121.5534984,25.0426381]},"properties":{"city":"臺北市","restaurant_id":3427,"category":"環保餐廳","name":"真飽餐盒","phone":"02-27720506#","mobile":"","address":"臺北市大安區延吉街70巷6弄3號","district":"大安區"}},{"type":"Feature","geometry":{"type":"Point","coordinates":[121.50585277,25.03787064]},"properties":{"city":"臺北市","restaurant_id":3134,"category":"環保餐廳","name":"爭鮮迴轉壽司","phone":"02-23812806","mobile":"","address":"臺北市萬華區台北市萬華區桂林路1號1樓","district":"萬華區"}},{"type":"Feature","geometry":{"type":"Point","coordinates":[121.5058378,25.03792027]},"properties":{"city":"臺北市","restaurant_id":3126,"category":"環保餐廳","name":"海底撈","phone":"02-23146868","mobile":"","address":"臺北市萬華區台北市萬華區桂林路1號4樓","district":"萬華區"}},{"type":"Feature","geometry":{"type":"Point","coordinates":[121.50586999,25.03794943]},"properties":{"city":"臺北市","restaurant_id":3114,"category":"環保餐廳","name":"星巴克","phone":"02-23616931","mobile":"","address":"臺北市萬華區台北市萬華區桂林路1號","district":"萬華區"}},{"type":"Feature","geometry":{"type":"Point","coordinates":[121.50585926,25.03794943]},"properties":{"city":"臺北市","restaurant_id":3101,"category":"環保餐廳","name":"炸雞大獅","phone":"02-23813607","mobile":"","address":"臺北市萬華區台北市萬華區桂林路1號","district":"萬華區"}},{"type":"Feature","geometry":{"type":"Point","coordinates":[121.54605237,25.04757916]},"properties":{"city":"臺北市","restaurant_id":2305,"category":"環保餐廳","name":"PAI CAFÉ & LIFE","phone":"-#","mobile":"0971168198","address":"臺北市松山區八德路二段366巷11號","district":"松山區"}},{"type":"Feature","geometry":{"type":"Point","coordinates":[121.5347223,25.05927894]},"properties":{"city":"臺北市","restaurant_id":2299,"category":"環保餐廳","name":"PAI Coffee","phone":"02-25179787#","mobile":"","address":"臺北市中山區民生東路二段147巷6弄1號","district":"中山區"}},{"type":"Feature","geometry":{"type":"Point","coordinates":[121.53387122,25.02349946]},"properties":{"city":"臺北市","restaurant_id":2064,"category":"環保餐廳","name":"風尚咖啡廳","phone":"02-88122323#2021","mobile":"0910277212","address":"臺北市大安區新生南路3段30號B1","district":"大安區"}},{"type":"Feature","geometry":{"type":"Point","coordinates":[121.606437,25.0527451]},"properties":{"city":"臺北市","restaurant_id":1829,"category":"環保餐廳","name":"靜岡勝政豬排 南港環球店","phone":"02-27865589#","mobile":"0922291032","address":"臺北市南港區忠孝東路七段371號B1","district":"南港區"}},{"type":"Feature","geometry":{"type":"Point","coordinates":[121.606437,25.0527451]},"properties":{"city":"臺北市","restaurant_id":1828,"category":"環保餐廳","name":"朱記餡餅粥店","phone":"02-26510264#","mobile":"0922291032","address":"臺北市南港區忠孝東路七段371號B1","district":"南港區"}},{"type":"Feature","geometry":{"type":"Point","coordinates":[121.5454299,25.05751728]},"properties":{"city":"臺北市","restaurant_id":1585,"category":"環保餐廳","name":"杭州小籠湯包-民生店","phone":"02-66130666#","mobile":"","address":"臺北市松山區民生東路三段118號","district":"松山區"}},{"type":"Feature","geometry":{"type":"Point","coordinates":[121.5315196,25.01823751]},"properties":{"city":"臺北市","restaurant_id":1577,"category":"環保餐廳","name":"秘徑小食光","phone":"02-33651995#","mobile":"","address":"臺北市大安區羅斯福路三段283巷3號","district":"大安區"}},{"type":"Feature","geometry":{"type":"Point","coordinates":[121.57010767,25.04265879]},"properties":{"city":"臺北市","restaurant_id":1576,"category":"環保餐廳","name":"蔬漫小姐Miss Shumaan.house","phone":"02-27662386#","mobile":"","address":"臺北市信義區永吉路120巷82號1F","district":"信義區"}},{"type":"Feature","geometry":{"type":"Point","coordinates":[121.532636,25.05224]},"properties":{"city":"臺北市","restaurant_id":1376,"category":"環保餐廳","name":"藏壽司 松江南京店","phone":"02-25681519#","mobile":"0905122329","address":"臺北市中山區南京東路二段101號B1","district":"中山區"}},{"type":"Feature","geometry":{"type":"Point","coordinates":[121.543057,25.041212]},"properties":{"city":"臺北市","restaurant_id":623,"category":"環保餐廳","name":"凱林鐵板燒","phone":"02-87728551#","mobile":"","address":"臺北市大安區忠孝東路三段300號B2","district":"大安區"}},{"type":"Feature","geometry":{"type":"Point","coordinates":[121.543552,25.0423811]},"properties":{"city":"臺北市","restaurant_id":5850,"category":"環保餐廳","name":"RizzBar Taipei","phone":"02-27765606#","mobile":"","address":"臺北市大安區復興南路一段150號","district":"大安區"}},{"type":"Feature","geometry":{"type":"Point","coordinates":[121.5681308,25.0367179]},"properties":{"city":"臺北市","restaurant_id":5688,"category":"環保餐廳","name":"鼎泰豐A13店","phone":"02-87805200#","mobile":"","address":"臺北市信義區松仁路58號1F","district":"信義區"}},{"type":"Feature","geometry":{"type":"Point","coordinates":[121.5595072,25.0423915]},"properties":{"city":"臺北市","restaurant_id":5748,"category":"環保餐廳","name":"玖仰jiu yang(大巨蛋)","phone":"02-27670089#","mobile":"","address":"臺北市信義區忠孝東路四段515號B2","district":"信義區"}},{"type":"Feature","geometry":{"type":"Point","coordinates":[121.5107373,25.0810879]},"properties":{"city":"臺北市","restaurant_id":5574,"category":"環保餐廳","name":"味佳奇早餐店","phone":"02-28113898#","mobile":"","address":"臺北市士林區延平北路5段90號","district":"士林區"}},{"type":"Feature","geometry":{"type":"Point","coordinates":[121.5432417,25.0408932]},"properties":{"city":"臺北市","restaurant_id":5570,"category":"環保餐廳","name":"鼎泰豐復興店","phone":"02-22267890#5105","mobile":"","address":"臺北市大安區忠孝東路三段300號B2","district":"大安區"}},{"type":"Feature","geometry":{"type":"Point","coordinates":[121.5510469,25.0443455]},"properties":{"city":"臺北市","restaurant_id":5567,"category":"環保餐廳","name":"無日","phone":"-#","mobile":"0919234719","address":"臺北市大安區市民大道四段118號","district":"大安區"}},{"type":"Feature","geometry":{"type":"Point","coordinates":[121.5620886,24.9821411]},"properties":{"city":"臺北市","restaurant_id":5519,"category":"環保餐廳","name":"三三活力早餐-總店","phone":"02-22345728#","mobile":"","address":"臺北市文山區木新路三段122號","district":"文山區"}},{"type":"Feature","geometry":{"type":"Point","coordinates":[121.5681007,24.9863736]},"properties":{"city":"臺北市","restaurant_id":5518,"category":"環保餐廳","name":"晨間戀人早餐","phone":"02-29396882#","mobile":"","address":"臺北市文山區保儀路107號","district":"文山區"}},{"type":"Feature","geometry":{"type":"Point","coordinates":[121.5005043,25.0322162]},"properties":{"city":"臺北市","restaurant_id":5453,"category":"環保餐廳","name":"愛吃不吃早餐屋","phone":"-#","mobile":"0917108107","address":"臺北市萬華區萬大路20號","district":"萬華區"}},{"type":"Feature","geometry":{"type":"Point","coordinates":[121.5514001,25.0427505]},"properties":{"city":"臺北市","restaurant_id":5445,"category":"環保餐廳","name":"L.C Française 法租界","phone":"-#","mobile":"0983638156","address":"臺北市大安區敦化南路一段187巷45-2號","district":"大安區"}},{"type":"Feature","geometry":{"type":"Point","coordinates":[121.5566674,25.04459196]},"properties":{"city":"臺北市","restaurant_id":5429,"category":"環保餐廳","name":"Fermented by 曾House","phone":"02-87729010#","mobile":"0912899950","address":"臺北市大安區市民大道四段232號1F","district":"大安區"}},{"type":"Feature","geometry":{"type":"Point","coordinates":[121.5595066,25.0424367]},"properties":{"city":"臺北市","restaurant_id":5425,"category":"環保餐廳","name":"TOK盡興時光","phone":"02-27656228#","mobile":"","address":"臺北市信義區忠孝東路四段515號","district":"信義區"}},{"type":"Feature","geometry":{"type":"Point","coordinates":[121.5595066,25.0424367]},"properties":{"city":"臺北市","restaurant_id":5406,"category":"環保餐廳","name":"漢堡排嘉","phone":"02-27615088#","mobile":"","address":"臺北市信義區忠孝東路四段515號","district":"信義區"}},{"type":"Feature","geometry":{"type":"Point","coordinates":[121.5595066,25.0424367]},"properties":{"city":"臺北市","restaurant_id":5391,"category":"環保餐廳","name":"SPORTS NATION","phone":"02-27600299#","mobile":"","address":"臺北市信義區忠孝東路四段515號","district":"信義區"}},{"type":"Feature","geometry":{"type":"Point","coordinates":[121.5595066,25.0424367]},"properties":{"city":"臺北市","restaurant_id":5139,"category":"環保餐廳","name":"大巨星港式飲茶餐酒館","phone":"02-27771717#","mobile":"","address":"臺北市信義區忠孝東路四段515號","district":"信義區"}},{"type":"Feature","geometry":{"type":"Point","coordinates":[121.5595066,25.0424367]},"properties":{"city":"臺北市","restaurant_id":5138,"category":"環保餐廳","name":"武蔵野森珈琲Diner","phone":"02-27686118#","mobile":"","address":"臺北市信義區忠孝東路四段515號","district":"信義區"}},{"type":"Feature","geometry":{"type":"Point","coordinates":[121.5452464,24.9951072]},"properties":{"city":"臺北市","restaurant_id":5135,"category":"環保餐廳","name":"景美如叔叔早餐店30","phone":"02-29310465#","mobile":"","address":"臺北市文山區景華街80號","district":"文山區"}},{"type":"Feature","geometry":{"type":"Point","coordinates":[121.5595066,25.0424367]},"properties":{"city":"臺北市","restaurant_id":5130,"category":"環保餐廳","name":"Lit Lit 早午餐酒吧","phone":"02-27600793#","mobile":"","address":"臺北市信義區忠孝東路四段515號","district":"信義區"}},{"type":"Feature","geometry":{"type":"Point","coordinates":[121.5595066,25.0424367]},"properties":{"city":"臺北市","restaurant_id":5129,"category":"環保餐廳","name":"一風堂 台北大巨蛋店","phone":"02-27565135#","mobile":"","address":"臺北市信義區忠孝東路四段515號","district":"信義區"}},{"type":"Feature","geometry":{"type":"Point","coordinates":[121.5595066,25.0424367]},"properties":{"city":"臺北市","restaurant_id":5128,"category":"環保餐廳","name":"星胡同","phone":"02-27660166#","mobile":"","address":"臺北市信義區忠孝東路四段515號","district":"信義區"}},{"type":"Feature","geometry":{"type":"Point","coordinates":[121.5595066,25.0424367]},"properties":{"city":"臺北市","restaurant_id":5127,"category":"環保餐廳","name":"放感情 螢火部落","phone":"02-25282588#","mobile":"","address":"臺北市信義區忠孝東路四段515號","district":"信義區"}},{"type":"Feature","geometry":{"type":"Point","coordinates":[121.5595066,25.0424367]},"properties":{"city":"臺北市","restaurant_id":5126,"category":"環保餐廳","name":"PRESERVE","phone":"02-27613365#","mobile":"","address":"臺北市信義區忠孝東路四段515號","district":"信義區"}},{"type":"Feature","geometry":{"type":"Point","coordinates":[121.5595066,25.0424367]},"properties":{"city":"臺北市","restaurant_id":5125,"category":"環保餐廳","name":"週末炸雞漢堡俱樂部","phone":"-#","mobile":"0978001077","address":"臺北市信義區忠孝東路四段515號","district":"信義區"}},{"type":"Feature","geometry":{"type":"Point","coordinates":[121.5539052,25.0432617]},"properties":{"city":"臺北市","restaurant_id":5110,"category":"環保餐廳","name":"Meal Room 米釉鍋物","phone":"02-87728728#","mobile":"","address":"臺北市大安區延吉街66-1號","district":"大安區"}},{"type":"Feature","geometry":{"type":"Point","coordinates":[121.5546583,25.0416701]},"properties":{"city":"臺北市","restaurant_id":5109,"category":"環保餐廳","name":"Zentopia Taipei 禪托邦餐酒館","phone":"02-27755056#","mobile":"","address":"臺北市大安區忠孝東路四段289號b1","district":"大安區"}},{"type":"Feature","geometry":{"type":"Point","coordinates":[121.5449162,25.04414544]},"properties":{"city":"臺北市","restaurant_id":5107,"category":"環保餐廳","name":"Cheers&Co.","phone":"02-27210277#","mobile":"","address":"臺北市大安區復興南路一段107巷5弄12號","district":"大安區"}},{"type":"Feature","geometry":{"type":"Point","coordinates":[121.5417836,25.0421174]},"properties":{"city":"臺北市","restaurant_id":5541,"category":"環保餐廳","name":"慢步調咖啡館","phone":"02-27112311#","mobile":"0918007040","address":"臺北市大安區忠孝東路三段251巷1弄1號","district":"大安區"}},{"type":"Feature","geometry":{"type":"Point","coordinates":[121.5549636,25.03916]},"properties":{"city":"臺北市","restaurant_id":5500,"category":"環保餐廳","name":"和睦屋享吃食務所","phone":"-#","mobile":"0938777680","address":"臺北市大安區延吉街162號","district":"大安區"}},{"type":"Feature","geometry":{"type":"Point","coordinates":[121.5027205,25.0286274]},"properties":{"city":"臺北市","restaurant_id":5479,"category":"環保餐廳","name":"美美精緻早午餐","phone":"02-23032518#","mobile":"","address":"臺北市萬華區西藏路115巷6弄7號","district":"萬華區"}},{"type":"Feature","geometry":{"type":"Point","coordinates":[121.5489025,25.1432836]},"properties":{"city":"臺北市","restaurant_id":4129,"category":"環保餐廳","name":"藏粵閣","phone":"02-28616661#","mobile":"","address":"臺北市士林區格致路237號2樓","district":"士林區"}},{"type":"Feature","geometry":{"type":"Point","coordinates":[121.5372562,25.0527114]},"properties":{"city":"臺北市","restaurant_id":4984,"category":"環保餐廳","name":"柒號洋樓","phone":"02-25066688#","mobile":"","address":"臺北市中山區建國北路二段7號","district":"中山區"}},{"type":"Feature","geometry":{"type":"Point","coordinates":[121.5335291,25.0146589]},"properties":{"city":"臺北市","restaurant_id":4812,"category":"環保餐廳","name":"989就愛海鮮粥","phone":"02-23650100#","mobile":"","address":"臺北市中正區羅斯福路四段52巷16弄1號","district":"中正區"}},{"type":"Feature","geometry":{"type":"Point","coordinates":[121.5518476,25.0636811]},"properties":{"city":"臺北市","restaurant_id":4780,"category":"環保餐廳","name":"二師兄肉羹專賣店","phone":"-#","mobile":"0973662335","address":"臺北市松山區敦化北路340-10號2樓","district":"松山區"}},{"type":"Feature","geometry":{"type":"Point","coordinates":[121.5518476,25.0636811]},"properties":{"city":"臺北市","restaurant_id":4779,"category":"環保餐廳","name":"TKK","phone":"02-25467952#","mobile":"","address":"臺北市松山區敦化北路340-10號2樓","district":"松山區"}},{"type":"Feature","geometry":{"type":"Point","coordinates":[121.5518476,25.0636811]},"properties":{"city":"臺北市","restaurant_id":4778,"category":"環保餐廳","name":"upoke","phone":"02-25465951#","mobile":"","address":"臺北市松山區敦化北路340-10號2樓","district":"松山區"}},{"type":"Feature","geometry":{"type":"Point","coordinates":[121.5518476,25.0636811]},"properties":{"city":"臺北市","restaurant_id":4776,"category":"環保餐廳","name":"五花馬","phone":"02-25471022#","mobile":"","address":"臺北市松山區敦化北路340-10號2樓","district":"松山區"}},{"type":"Feature","geometry":{"type":"Point","coordinates":[121.5320626,25.0165578]},"properties":{"city":"臺北市","restaurant_id":4759,"category":"環保餐廳","name":"BERTHA IRISH BAR","phone":"-#","mobile":"0988955096","address":"臺北市中正區羅斯福路三段278號","district":"中正區"}},{"type":"Feature","geometry":{"type":"Point","coordinates":[121.5636048,25.0442733]},"properties":{"city":"臺北市","restaurant_id":5088,"category":"環保餐廳","name":"三徑就荒Hermit's Hut","phone":"02-27466929#","mobile":"","address":"臺北市信義區忠孝東路四段553巷46弄15號1樓","district":"信義區"}},{"type":"Feature","geometry":{"type":"Point","coordinates":[121.5475477,25.0443613]},"properties":{"city":"臺北市","restaurant_id":5087,"category":"環保餐廳","name":"Silk & Linen","phone":"-#","mobile":"0932214382","address":"臺北市大安區大安路一段19巷28號","district":"大安區"}},{"type":"Feature","geometry":{"type":"Point","coordinates":[120.6397751,24.3629879]},"properties":{"city":"臺北市","restaurant_id":5083,"category":"環保餐廳","name":"梟夜串酒場","phone":"02-27010207#","mobile":"","address":"臺北市大安區四維路164號","district":"大安區"}},{"type":"Feature","geometry":{"type":"Point","coordinates":[121.5555417,25.0357216]},"properties":{"city":"臺北市","restaurant_id":5082,"category":"環保餐廳","name":"《念•饗》NIAN SANG","phone":"02-27038006#","mobile":"","address":"臺北市大安區延吉街242-3號1樓","district":"大安區"}},{"type":"Feature","geometry":{"type":"Point","coordinates":[121.5517058,25.0269613]},"properties":{"city":"臺北市","restaurant_id":5071,"category":"環保餐廳","name":"Gravity 磁場","phone":"-#","mobile":"0952871261","address":"臺北市大安區樂利路39-1號","district":"大安區"}},{"type":"Feature","geometry":{"type":"Point","coordinates":[121.5481926,25.0417788]},"properties":{"city":"臺北市","restaurant_id":5070,"category":"環保餐廳","name":"Old Seat Restaurant Cafe 川酒.咖啡","phone":"-#","mobile":"0913365689","address":"臺北市大安區忠孝東路4段101巷29號","district":"大安區"}},{"type":"Feature","geometry":{"type":"Point","coordinates":[121.5535507,25.0357659]},"properties":{"city":"臺北市","restaurant_id":5063,"category":"環保餐廳","name":"MONO MONO","phone":"-#","mobile":"0938860727","address":"臺北市大安區安和路一段127巷29弄17號","district":"大安區"}},{"type":"Feature","geometry":{"type":"Point","coordinates":[121.5238425,25.0342382]},"properties":{"city":"臺北市","restaurant_id":5062,"category":"環保餐廳","name":"壹府YifuBarTaipei","phone":"-#","mobile":"0916768066","address":"臺北市大安區杭州南路二段13號","district":"大安區"}},{"type":"Feature","geometry":{"type":"Point","coordinates":[121.5643085,25.0338492]},"properties":{"city":"臺北市","restaurant_id":5054,"category":"環保餐廳","name":"阿官火鍋專家-台北101旗艦店","phone":"02-81017693#","mobile":"","address":"臺北市信義區市府路45號B1","district":"信義區"}},{"type":"Feature","geometry":{"type":"Point","coordinates":[121.5643085,25.0338492]},"properties":{"city":"臺北市","restaurant_id":5053,"category":"環保餐廳","name":"姥姥酸菜魚 101店","phone":"02-81017817#","mobile":"","address":"臺北市信義區市府路45號B1","district":"信義區"}},{"type":"Feature","geometry":{"type":"Point","coordinates":[121.5333243,25.0508646]},"properties":{"city":"臺北市","restaurant_id":5041,"category":"環保餐廳","name":"犇鱻涮涮鍋","phone":"02-25069069#","mobile":"","address":"臺北市中山區松江路95-1號2樓","district":"中山區"}},{"type":"Feature","geometry":{"type":"Point","coordinates":[121.54799,25.0243689]},"properties":{"city":"臺北市","restaurant_id":4373,"category":"環保餐廳","name":"黑沃咖啡-大安和平店","phone":"04-22624040#","mobile":"","address":"臺北市大安區台北市大安區和平東路三段46之4號","district":"大安區"}},{"type":"Feature","geometry":{"type":"Point","coordinates":[121.6122632,25.0554621]},"properties":{"city":"臺北市","restaurant_id":4372,"category":"環保餐廳","name":"黑沃咖啡-台北南港店","phone":"04-22624040#","mobile":"","address":"臺北市南港區台北市南港區南港路一段152之3號","district":"南港區"}},{"type":"Feature","geometry":{"type":"Point","coordinates":[121.5240879,25.0252854]},"properties":{"city":"臺北市","restaurant_id":4371,"category":"環保餐廳","name":"黑沃咖啡-台北古亭店","phone":"04-22624040#","mobile":"","address":"臺北市大安區台北市大安區羅斯福路二段91號","district":"大安區"}},{"type":"Feature","geometry":{"type":"Point","coordinates":[121.5455797,25.0559654]},"properties":{"city":"臺北市","restaurant_id":4370,"category":"環保餐廳","name":"黑沃咖啡-民生興安店","phone":"04-22624040#","mobile":"","address":"臺北市松山區台北市松山區興安街204號","district":"松山區"}},{"type":"Feature","geometry":{"type":"Point","coordinates":[121.5430071,25.0433798]},"properties":{"city":"臺北市","restaurant_id":4363,"category":"環保餐廳","name":"黑沃咖啡-台北復興店","phone":"04-22624040#","mobile":"","address":"臺北市大安區台北市大安區復興南路一段122巷4號1樓","district":"大安區"}},{"type":"Feature","geometry":{"type":"Point","coordinates":[121.545345,25.041394]},"properties":{"city":"臺北市","restaurant_id":5004,"category":"環保餐廳","name":"媽咪里啦手製餅乾","phone":"02-27517306#","mobile":"","address":"臺北市大安區忠孝東路四段60-2號","district":"大安區"}},{"type":"Feature","geometry":{"type":"Point","coordinates":[121.5502674,25.0242797]},"properties":{"city":"臺北市","restaurant_id":4999,"category":"環保餐廳","name":"Zoom Inn","phone":"-#","mobile":"0922193887","address":"臺北市大安區和平東路三段68-6號","district":"大安區"}},{"type":"Feature","geometry":{"type":"Point","coordinates":[121.5230804,25.022949]},"properties":{"city":"臺北市","restaurant_id":4998,"category":"環保餐廳","name":"通天掌糕糕","phone":"02-23680088#","mobile":"","address":"臺北市中正區汀州路二段188號1樓","district":"中正區"}},{"type":"Feature","geometry":{"type":"Point","coordinates":[121.6072597,25.0528955]},"properties":{"city":"臺北市","restaurant_id":4920,"category":"環保餐廳","name":"奧特拉麵 南港環球店","phone":"02-26512250#","mobile":"","address":"臺北市南港區忠孝東路七段371號B1","district":"南港區"}},{"type":"Feature","geometry":{"type":"Point","coordinates":[121.5571926,25.0287221]},"properties":{"city":"臺北市","restaurant_id":4917,"category":"環保餐廳","name":"Sandalwood Taipei","phone":"-#","mobile":"0905168315","address":"臺北市信義區基隆路二段113號1樓","district":"信義區"}},{"type":"Feature","geometry":{"type":"Point","coordinates":[121.5317175,25.0188324]},"properties":{"city":"臺北市","restaurant_id":4916,"category":"環保餐廳","name":"神燈搓一下","phone":"-#","mobile":"0925652602","address":"臺北市大安區羅斯福路三段283巷28號","district":"大安區"}},{"type":"Feature","geometry":{"type":"Point","coordinates":[121.53551757,25.01206637]},"properties":{"city":"臺北市","restaurant_id":4821,"category":"環保餐廳","name":"法點法食FADENFASAï","phone":"-#","mobile":"0958095880","address":"臺北市中正區汀州路三段210號1樓","district":"中正區"}},{"type":"Feature","geometry":{"type":"Point","coordinates":[121.560913,25.083079]},"properties":{"city":"臺北市","restaurant_id":4891,"category":"環保餐廳","name":"一鷺串燒居酒屋（大直旗艦店）","phone":"02-85015885#","mobile":"","address":"臺北市中山區植福路217號219號","district":"中山區"}},{"type":"Feature","geometry":{"type":"Point","coordinates":[121.5398141,25.0658717]},"properties":{"city":"臺北市","restaurant_id":4889,"category":"環保餐廳","name":"一鷺串燒居酒屋松江本店","phone":"02-25043668#","mobile":"","address":"臺北市中山區民權東路二152巷1號","district":"中山區"}},{"type":"Feature","geometry":{"type":"Point","coordinates":[121.6072597,25.0528955]},"properties":{"city":"臺北市","restaurant_id":4897,"category":"環保餐廳","name":"YAYOI彌生軒-南港車站店","phone":"02-27863298#","mobile":"","address":"臺北市南港區忠孝東路七段371號B1樓","district":"南港區"}},{"type":"Feature","geometry":{"type":"Point","coordinates":[121.5579495,24.9996924]},"properties":{"city":"臺北市","restaurant_id":4878,"category":"環保餐廳","name":"麵線歐爸","phone":"02-29335005#","mobile":"","address":"臺北市文山區興隆路三段111號B1(統一商場)","district":"文山區"}},{"type":"Feature","geometry":{"type":"Point","coordinates":[121.5579495,24.9996924]},"properties":{"city":"臺北市","restaurant_id":4875,"category":"環保餐廳","name":"總會有機會club25","phone":"02-29335005#","mobile":"","address":"臺北市文山區興隆路三段111號B1(統一商場)","district":"文山區"}},{"type":"Feature","geometry":{"type":"Point","coordinates":[121.536638,25.0129394]},"properties":{"city":"臺北市","restaurant_id":4873,"category":"環保餐廳","name":"龐德羅莎","phone":"02-23779990#","mobile":"","address":"臺北市大安區羅斯福路四段85號台大管理學院第二活動中心二樓","district":"大安區"}},{"type":"Feature","geometry":{"type":"Point","coordinates":[121.5397518,25.0173405]},"properties":{"city":"臺北市","restaurant_id":4870,"category":"環保餐廳","name":"丘蒔堂","phone":"-#","mobile":"0930396986","address":"臺北市大安區羅斯福路4段1號（台大第一學生活動中心餐廳）","district":"大安區"}},{"type":"Feature","geometry":{"type":"Point","coordinates":[121.5427043,25.0128577]},"properties":{"city":"臺北市","restaurant_id":4852,"category":"環保餐廳","name":"A華加湯滷味","phone":"02-27382936#","mobile":"","address":"臺北市大安區基隆路四段43號","district":"大安區"}},{"type":"Feature","geometry":{"type":"Point","coordinates":[121.5427043,25.0128577]},"properties":{"city":"臺北市","restaurant_id":4851,"category":"環保餐廳","name":"溫州大餛飩","phone":"02-27382936#","mobile":"","address":"臺北市大安區基隆路四段43號","district":"大安區"}},{"type":"Feature","geometry":{"type":"Point","coordinates":[121.531706,25.0176399]},"properties":{"city":"臺北市","restaurant_id":4684,"category":"環保餐廳","name":"貓食光","phone":"02-23860234#","mobile":"","address":"臺北市大安區羅斯福路三段297-1號1樓","district":"大安區"}},{"type":"Feature","geometry":{"type":"Point","coordinates":[121.531258,25.015961]},"properties":{"city":"臺北市","restaurant_id":4683,"category":"環保餐廳","name":"BAR FEST","phone":"-#","mobile":"0952775002","address":"臺北市中正區汀州路三段149號1樓","district":"中正區"}},{"type":"Feature","geometry":{"type":"Point","coordinates":[121.5358227,25.0129485]},"properties":{"city":"臺北市","restaurant_id":4682,"category":"環保餐廳","name":"89 LOOP Sports","phone":"02-23656597#","mobile":"","address":"臺北市中正區羅斯福路四段134號2樓","district":"中正區"}},{"type":"Feature","geometry":{"type":"Point","coordinates":[121.5366614,25.1025986]},"properties":{"city":"臺北市","restaurant_id":4675,"category":"環保餐廳","name":"山禾苑","phone":"-#","mobile":"0910527968","address":"臺北市士林區芝玉路一段28號","district":"士林區"}},{"type":"Feature","geometry":{"type":"Point","coordinates":[121.5222919,25.0486254]},"properties":{"city":"臺北市","restaurant_id":4674,"category":"環保餐廳","name":"蛋奶樹蔬食專賣","phone":"02-25216801#","mobile":"","address":"臺北市中山區中山北路一段33巷26號","district":"中山區"}},{"type":"Feature","geometry":{"type":"Point","coordinates":[121.56642495,25.0508904]},"properties":{"city":"臺北市","restaurant_id":4660,"category":"環保餐廳","name":"金山客家小館","phone":"02-27659906#","mobile":"0987187637","address":"臺北市松山區南京東路五段250巷2弄5號1樓","district":"松山區"}},{"type":"Feature","geometry":{"type":"Point","coordinates":[121.532234,25.015678]},"properties":{"city":"臺北市","restaurant_id":4567,"category":"環保餐廳","name":"靜壽司","phone":"02-23656568#","mobile":"","address":"臺北市中正區羅斯福路三段316巷7-1號","district":"中正區"}},{"type":"Feature","geometry":{"type":"Point","coordinates":[121.5337916,25.0138682]},"properties":{"city":"臺北市","restaurant_id":4566,"category":"環保餐廳","name":"源士林粥品","phone":"02-23683593#","mobile":"","address":"臺北市中正區汀州路三段134號","district":"中正區"}},{"type":"Feature","geometry":{"type":"Point","coordinates":[121.5229861,25.0301176]},"properties":{"city":"臺北市","restaurant_id":4054,"category":"環保餐廳","name":"無二會所","phone":"02-23917599#","mobile":"","address":"臺北市大安區杭州南路二段61巷12號","district":"大安區"}},{"type":"Feature","geometry":{"type":"Point","coordinates":[121.5645389,25.033976]},"properties":{"city":"臺北市","restaurant_id":4047,"category":"環保餐廳","name":"捌伍添第","phone":"02-81010085#","mobile":"","address":"臺北市信義區信義路五段7號85號樓B側","district":"信義區"}},{"type":"Feature","geometry":{"type":"Point","coordinates":[121.5245943,25.105306]},"properties":{"city":"臺北市","restaurant_id":3935,"category":"環保餐廳","name":"魚君 さかなくん 天母SOGO店","phone":"02-88661170#","mobile":"","address":"臺北市士林區中山北路六段77號8樓","district":"士林區"}},{"type":"Feature","geometry":{"type":"Point","coordinates":[121.5467254,25.0423401]},"properties":{"city":"臺北市","restaurant_id":3930,"category":"環保餐廳","name":"CYCLO 洛城 忠孝門市","phone":"02-27782569#","mobile":"","address":"臺北市大安區大安路一段75巷9號","district":"大安區"}},{"type":"Feature","geometry":{"type":"Point","coordinates":[121.5170835,25.0443093]},"properties":{"city":"臺北市","restaurant_id":3846,"category":"環保餐廳","name":"美樂家速食坊","phone":"02-23111298#","mobile":"","address":"臺北市中正區常德街1號B1","district":"中正區"}},{"type":"Feature","geometry":{"type":"Point","coordinates":[121.524062,25.0538697]},"properties":{"city":"臺北市","restaurant_id":3861,"category":"環保餐廳","name":"大根日本料亭","phone":"02-25817776#","mobile":"","address":"臺北市中山區中山北路二段39巷14-1號","district":"中山區"}},{"type":"Feature","geometry":{"type":"Point","coordinates":[121.5210481,25.0518449]},"properties":{"city":"臺北市","restaurant_id":3809,"category":"環保餐廳","name":"老乾杯南西店","phone":"02-25215255","mobile":"","address":"臺北市中山區台北市中山區南京西路12號號7樓","district":"中山區"}},{"type":"Feature","geometry":{"type":"Point","coordinates":[121.5452114,25.0535557]},"properties":{"city":"臺北市","restaurant_id":3808,"category":"環保餐廳","name":"老乾杯 慶城店","phone":"02-27139000","mobile":"","address":"臺北市松山區台北市松山區慶城街29號1樓","district":"松山區"}},{"type":"Feature","geometry":{"type":"Point","coordinates":[121.5667018,25.0366706]},"properties":{"city":"臺北市","restaurant_id":3807,"category":"環保餐廳","name":"老乾杯 信義店","phone":"02-27253311","mobile":"","address":"臺北市信義區台北市信義區松壽路9號8樓","district":"信義區"}},{"type":"Feature","geometry":{"type":"Point","coordinates":[121.5338781,25.1173343]},"properties":{"city":"臺北市","restaurant_id":3806,"category":"環保餐廳","name":"KANPAI CLASSIC 天母店","phone":"02-28771550","mobile":"","address":"臺北市士林區台北市士林區忠誠路二段 200 號 2 樓","district":"士林區"}},{"type":"Feature","geometry":{"type":"Point","coordinates":[121.6149583,25.0588333]},"properties":{"city":"臺北市","restaurant_id":3832,"category":"環保餐廳","name":"黑毛屋 南港中信店","phone":"02-27865669","mobile":"","address":"臺北市南港區台北市南港區經貿二路 186-1 號 2 樓","district":"南港區"}},{"type":"Feature","geometry":{"type":"Point","coordinates":[121.5660665,25.03531]},"properties":{"city":"臺北市","restaurant_id":3831,"category":"環保餐廳","name":"黑毛屋 信義 ATT 店","phone":"02-77362698","mobile":"","address":"臺北市信義區台北市信義區松壽路 12 號 4 樓","district":"信義區"}},{"type":"Feature","geometry":{"type":"Point","coordinates":[121.5667147,25.0395325]},"properties":{"city":"臺北市","restaurant_id":3837,"category":"環保餐廳","name":"黑毛屋本家 信義店","phone":"02-27237722","mobile":"","address":"臺北市信義區台北市信義區松高路 19 號 6 樓","district":"信義區"}},{"type":"Feature","geometry":{"type":"Point","coordinates":[121.6149583,25.0588333]},"properties":{"city":"臺北市","restaurant_id":3820,"category":"環保餐廳","name":"乾杯燒肉居酒屋 南港中信店","phone":"02-27866066","mobile":"","address":"臺北市南港區台北市南港區經貿二路186-1號2樓","district":"南港區"}},{"type":"Feature","geometry":{"type":"Point","coordinates":[121.5660108,25.035488]},"properties":{"city":"臺北市","restaurant_id":3819,"category":"環保餐廳","name":"乾杯燒肉居酒屋 信義 ATT 店","phone":"02-87860808","mobile":"","address":"臺北市信義區台北市信義區松壽路12號3樓","district":"信義區"}},{"type":"Feature","geometry":{"type":"Point","coordinates":[121.5202225,25.0531403]},"properties":{"city":"臺北市","restaurant_id":3818,"category":"環保餐廳","name":"乾杯燒肉居酒屋 中山店","phone":"02-25556110","mobile":"","address":"臺北市大同區台北市大同區南京西路25巷2-1號","district":"大同區"}},{"type":"Feature","geometry":{"type":"Point","coordinates":[121.5469919,25.0406471]},"properties":{"city":"臺北市","restaurant_id":3817,"category":"環保餐廳","name":"乾杯燒肉居酒屋 本店","phone":"02-87731150","mobile":"","address":"臺北市大安區台北市大安區敦化南路一段236巷17號","district":"大安區"}},{"type":"Feature","geometry":{"type":"Point","coordinates":[121.5606895,25.0502581]},"properties":{"city":"臺北市","restaurant_id":4119,"category":"環保餐廳","name":"萬芳冰室-南京店","phone":"02-27494069","mobile":"0935996019","address":"臺北市松山區台北市松山區南京東路五段66巷16號","district":"松山區"}},{"type":"Feature","geometry":{"type":"Point","coordinates":[121.6189808,25.0710633]},"properties":{"city":"臺北市","restaurant_id":4378,"category":"環保餐廳","name":"黑沃咖啡-內湖康樂店","phone":"04-22624040#","mobile":"","address":"臺北市內湖區台北市內湖區樂康里康樂街116號1樓","district":"內湖區"}},{"type":"Feature","geometry":{"type":"Point","coordinates":[121.5338449,25.0535391]},"properties":{"city":"臺北市","restaurant_id":4375,"category":"環保餐廳","name":"黑沃咖啡-陽光四平店","phone":"04-22624040#","mobile":"","address":"臺北市中山區台北市中山區四平街70號","district":"中山區"}},{"type":"Feature","geometry":{"type":"Point","coordinates":[121.5442907,25.0521783]},"properties":{"city":"臺北市","restaurant_id":4358,"category":"環保餐廳","name":"黑沃咖啡-南京復興店","phone":"04-22624040#","mobile":"","address":"臺北市松山區台北市松山區南京東路三段253號","district":"松山區"}},{"type":"Feature","geometry":{"type":"Point","coordinates":[121.564101,25.0334929]},"properties":{"city":"臺北市","restaurant_id":4555,"category":"環保餐廳","name":"DA ANTONIO","phone":"02-81018268#","mobile":"0933782789","address":"臺北市信義區市府路45號5樓","district":"信義區"}},{"type":"Feature","geometry":{"type":"Point","coordinates":[121.5188189,25.04423038]},"properties":{"city":"臺北市","restaurant_id":3281,"category":"環保餐廳","name":"OEC蚌麵","phone":"02-23117819#","mobile":"","address":"臺北市中正區台北市中正區中山南路8號B1","district":"中正區"}},{"type":"Feature","geometry":{"type":"Point","coordinates":[121.540607,25.0513254]},"properties":{"city":"臺北市","restaurant_id":3582,"category":"環保餐廳","name":"三友拉麵(龍江店)","phone":"02-8772997#","mobile":"","address":"臺北市中山區龍江路93號","district":"中山區"}},{"type":"Feature","geometry":{"type":"Point","coordinates":[121.6161399,25.057195]},"properties":{"city":"臺北市","restaurant_id":3599,"category":"環保餐廳","name":"餡老滿(南港旗艦店)","phone":"02-27893423#","mobile":"","address":"臺北市南港區經貿二路66號2樓","district":"南港區"}},{"type":"Feature","geometry":{"type":"Point","coordinates":[121.5303548,25.0506086]},"properties":{"city":"臺北市","restaurant_id":3598,"category":"環保餐廳","name":"餡老滿(台北吉林店)","phone":"02-25672028#","mobile":"","address":"臺北市中山區松江路90巷23號","district":"中山區"}},{"type":"Feature","geometry":{"type":"Point","coordinates":[121.5917598,25.0496914]},"properties":{"city":"臺北市","restaurant_id":3597,"category":"環保餐廳","name":"金春發牛肉店(昆陽店)","phone":"02-26538189#","mobile":"","address":"臺北市南港區忠孝東路六段372號","district":"南港區"}},{"type":"Feature","geometry":{"type":"Point","coordinates":[121.5752559,25.0604224]},"properties":{"city":"臺北市","restaurant_id":3689,"category":"環保餐廳","name":"88號樂章-88 La Plaza","phone":"02-27943800#","mobile":"","address":"臺北市內湖區民善街88號5樓","district":"內湖區"}},{"type":"Feature","geometry":{"type":"Point","coordinates":[121.5568037,25.0426527]},"properties":{"city":"臺北市","restaurant_id":3686,"category":"環保餐廳","name":"星辰牛排","phone":"02-27217512#","mobile":"","address":"臺北市大安區光復南路180巷16號","district":"大安區"}},{"type":"Feature","geometry":{"type":"Point","coordinates":[121.5306017,25.0194042]},"properties":{"city":"臺北市","restaurant_id":3671,"category":"環保餐廳","name":"野橙咖啡","phone":"02-27025522#","mobile":"","address":"臺北市大安區羅斯福路三段269巷6之1號","district":"大安區"}},{"type":"Feature","geometry":{"type":"Point","coordinates":[121.5626528,25.0404216]},"properties":{"city":"臺北市","restaurant_id":3664,"category":"環保餐廳","name":"王鍋屋逸仙創始總店","phone":"02-27588380#","mobile":"","address":"臺北市信義區逸仙路50巷20號1樓","district":"信義區"}},{"type":"Feature","geometry":{"type":"Point","coordinates":[121.5269707,25.0336693]},"properties":{"city":"臺北市","restaurant_id":3644,"category":"環保餐廳","name":"Miso微笑韓國料理","phone":"02-23670281#","mobile":"","address":"臺北市大安區金山南路二段6號","district":"大安區"}},{"type":"Feature","geometry":{"type":"Point","coordinates":[121.5526166,25.0325558]},"properties":{"city":"臺北市","restaurant_id":3562,"category":"環保餐廳","name":"醉美餐酒水煙館 Drunk Night","phone":"-#","mobile":"0909663981","address":"臺北市大安區文昌街128號","district":"大安區"}},{"type":"Feature","geometry":{"type":"Point","coordinates":[121.5004851,25.1304604]},"properties":{"city":"臺北市","restaurant_id":3561,"category":"環保餐廳","name":"美華閣湯包麵食館","phone":"02-28977288#","mobile":"","address":"臺北市北投區大興街58號","district":"北投區"}},{"type":"Feature","geometry":{"type":"Point","coordinates":[121.5241331,25.0676057]},"properties":{"city":"臺北市","restaurant_id":3639,"category":"環保餐廳","name":"Maya Bistro 瑪亞餐酒","phone":"02-25850305#","mobile":"","address":"臺北市中山區雙城街46巷1號1樓","district":"中山區"}},{"type":"Feature","geometry":{"type":"Point","coordinates":[121.5407182,25.0661129]},"properties":{"city":"臺北市","restaurant_id":3638,"category":"環保餐廳","name":"龍江涼麵","phone":"02-25062623#","mobile":"0986616899","address":"臺北市中山區龍江路356巷5號(近濱江市場)","district":"中山區"}},{"type":"Feature","geometry":{"type":"Point","coordinates":[121.5318617,25.1063002]},"properties":{"city":"臺北市","restaurant_id":3619,"category":"環保餐廳","name":"成家小館(天母店)","phone":"02-28366668#","mobile":"","address":"臺北市士林區忠義街84號","district":"士林區"}},{"type":"Feature","geometry":{"type":"Point","coordinates":[121.46706327,25.12088098]},"properties":{"city":"臺北市","restaurant_id":2136,"category":"環保餐廳","name":"Q Burger北投知行店","phone":"02-28585885","mobile":"","address":"臺北市北投區知行路249號","district":"北投區"}},{"type":"Feature","geometry":{"type":"Point","coordinates":[121.54761027,24.9871716]},"properties":{"city":"臺北市","restaurant_id":2135,"category":"環保餐廳","name":"Q Burger文山世新店","phone":"02-22369201","mobile":"","address":"臺北市文山區木柵路一段101號1樓及地下室","district":"文山區"}},{"type":"Feature","geometry":{"type":"Point","coordinates":[121.49953327,25.13012386]},"properties":{"city":"臺北市","restaurant_id":2134,"category":"環保餐廳","name":"Q Burger北投大興店","phone":"02-28941027","mobile":"","address":"臺北市北投區大興街48號","district":"北投區"}},{"type":"Feature","geometry":{"type":"Point","coordinates":[121.5506281,25.00307703]},"properties":{"city":"臺北市","restaurant_id":2133,"category":"環保餐廳","name":"Q Burger文山福興店","phone":"02-29308228","mobile":"","address":"臺北市文山區福興路45號","district":"文山區"}},{"type":"Feature","geometry":{"type":"Point","coordinates":[121.53449357,25.06454446]},"properties":{"city":"臺北市","restaurant_id":2132,"category":"環保餐廳","name":"Q Burger中山農安店","phone":"02-25150024","mobile":"","address":"臺北市中山區農安街170號1樓、地下室","district":"中山區"}},{"type":"Feature","geometry":{"type":"Point","coordinates":[121.51446407,25.11894025]},"properties":{"city":"臺北市","restaurant_id":2131,"category":"環保餐廳","name":"Q Burger北投立農店","phone":"02-28236017","mobile":"","address":"臺北市北投區立農街二段259號1樓","district":"北投區"}},{"type":"Feature","geometry":{"type":"Point","coordinates":[121.54209181,24.9893689]},"properties":{"city":"臺北市","restaurant_id":2402,"category":"環保餐廳","name":"麥味登文山世新","phone":"02-29350818","mobile":"","address":"臺北市文山區景興路288號","district":"文山區"}},{"type":"Feature","geometry":{"type":"Point","coordinates":[121.5375967,25.00207527]},"properties":{"city":"臺北市","restaurant_id":2401,"category":"環保餐廳","name":"麥味登文山饗食大亨","phone":"02-29301098","mobile":"","address":"臺北市文山區羅斯福路五段218巷25號","district":"文山區"}},{"type":"Feature","geometry":{"type":"Point","coordinates":[121.5678929,25.08428198]},"properties":{"city":"臺北市","restaurant_id":2388,"category":"環保餐廳","name":"麥味登內湖園區","phone":"02-26275822","mobile":"","address":"臺北市內湖區內湖路一段323巷30號","district":"內湖區"}},{"type":"Feature","geometry":{"type":"Point","coordinates":[121.5622466,25.08681076]},"properties":{"city":"臺北市","restaurant_id":2387,"category":"環保餐廳","name":"麥味登內湖文湖","phone":"02-87516996","mobile":"","address":"臺北市內湖區文湖街49號","district":"內湖區"}},{"type":"Feature","geometry":{"type":"Point","coordinates":[121.58496787,25.0573165]},"properties":{"city":"臺北市","restaurant_id":2385,"category":"環保餐廳","name":"麥味登內湖新明","phone":"02-27960603","mobile":"","address":"臺北市內湖區新明路198號","district":"內湖區"}},{"type":"Feature","geometry":{"type":"Point","coordinates":[121.57744897,25.06407794]},"properties":{"city":"臺北市","restaurant_id":2384,"category":"環保餐廳","name":"麥味登內湖新湖","phone":"02-27956995","mobile":"","address":"臺北市內湖區新湖三路118號","district":"內湖區"}},{"type":"Feature","geometry":{"type":"Point","coordinates":[121.60763201,25.07093316]},"properties":{"city":"臺北市","restaurant_id":2383,"category":"環保餐廳","name":"麥味登內湖葫洲","phone":"02-26333323","mobile":"","address":"臺北市內湖區民權東路六段296巷67號","district":"內湖區"}},{"type":"Feature","geometry":{"type":"Point","coordinates":[121.57117732,25.07779954]},"properties":{"city":"臺北市","restaurant_id":2382,"category":"環保餐廳","name":"麥味登內湖光寶","phone":"-#","mobile":"0979498491","address":"臺北市內湖區瑞光路392號","district":"內湖區"}},{"type":"Feature","geometry":{"type":"Point","coordinates":[121.5832438,25.07730718]},"properties":{"city":"臺北市","restaurant_id":2381,"category":"環保餐廳","name":"麥味登內湖旗艦","phone":"02-26272227","mobile":"","address":"臺北市內湖區文德路90巷43號","district":"內湖區"}},{"type":"Feature","geometry":{"type":"Point","coordinates":[121.5713842,25.08217871]},"properties":{"city":"臺北市","restaurant_id":2380,"category":"環保餐廳","name":"麥味登內湖波士店","phone":"02-26277311","mobile":"","address":"臺北市內湖區內湖路一段411巷9弄4號","district":"內湖區"}},{"type":"Feature","geometry":{"type":"Point","coordinates":[121.591069,25.08564854]},"properties":{"city":"臺北市","restaurant_id":2379,"category":"環保餐廳","name":"麥味登內湖碧湖","phone":"02-87916778","mobile":"","address":"臺北市內湖區金龍路107號","district":"內湖區"}},{"type":"Feature","geometry":{"type":"Point","coordinates":[121.5151923,25.11889675]},"properties":{"city":"臺北市","restaurant_id":2378,"category":"環保餐廳","name":"麥味登北投陽明","phone":"02-28220198","mobile":"","address":"臺北市北投區立農街二段275號","district":"北投區"}},{"type":"Feature","geometry":{"type":"Point","coordinates":[121.50984865,25.11519898]},"properties":{"city":"臺北市","restaurant_id":2377,"category":"環保餐廳","name":"麥味登北投實踐","phone":"02-28201888","mobile":"","address":"臺北市北投區實踐街62號","district":"北投區"}},{"type":"Feature","geometry":{"type":"Point","coordinates":[121.501781,25.12632698]},"properties":{"city":"臺北市","restaurant_id":2376,"category":"環保餐廳","name":"麥味登北投奇岩","phone":"02-28985212","mobile":"","address":"臺北市北投區三合街二段463號","district":"北投區"}},{"type":"Feature","geometry":{"type":"Point","coordinates":[121.55318122,25.03118758]},"properties":{"city":"臺北市","restaurant_id":2361,"category":"環保餐廳","name":"麥味登北市通化","phone":"02-27065066","mobile":"","address":"臺北市大安區通安街54號","district":"大安區"}},{"type":"Feature","geometry":{"type":"Point","coordinates":[121.54040152,25.02886826]},"properties":{"city":"臺北市","restaurant_id":2360,"category":"環保餐廳","name":"麥味登北市瑞安","phone":"02-27077551","mobile":"","address":"臺北市大安區瑞安街208巷26號","district":"大安區"}},{"type":"Feature","geometry":{"type":"Point","coordinates":[121.5356852,25.03678262]},"properties":{"city":"臺北市","restaurant_id":2359,"category":"環保餐廳","name":"麥味登北市仁愛","phone":"02-27037182","mobile":"","address":"臺北市大安區仁愛路三段24巷1-6號","district":"大安區"}},{"type":"Feature","geometry":{"type":"Point","coordinates":[121.5458685,25.02980474]},"properties":{"city":"臺北市","restaurant_id":2358,"category":"環保餐廳","name":"麥味登北市大安","phone":"02-27017080","mobile":"","address":"臺北市大安區大安路二段134號","district":"大安區"}},{"type":"Feature","geometry":{"type":"Point","coordinates":[121.56754044,25.05478164]},"properties":{"city":"臺北市","restaurant_id":2357,"category":"環保餐廳","name":"麥味登北市西松","phone":"02-85095201","mobile":"","address":"臺北市松山區健康路325巷6弄2號","district":"松山區"}},{"type":"Feature","geometry":{"type":"Point","coordinates":[121.55663097,25.04964094]},"properties":{"city":"臺北市","restaurant_id":2356,"category":"環保餐廳","name":"麥味登北市參食","phone":"02-25782800","mobile":"","address":"臺北市松山區光復北路60巷19-4號","district":"松山區"}},{"type":"Feature","geometry":{"type":"Point","coordinates":[121.56438728,25.05008038]},"properties":{"city":"臺北市","restaurant_id":2355,"category":"環保餐廳","name":"麥味登北市新東興","phone":"02-27476080","mobile":"","address":"臺北市松山區八德路四段245巷36號","district":"松山區"}},{"type":"Feature","geometry":{"type":"Point","coordinates":[121.562469,25.05932782]},"properties":{"city":"臺北市","restaurant_id":2354,"category":"環保餐廳","name":"麥味登北市民生","phone":"02-27607148","mobile":"","address":"臺北市松山區民生東路五段153-5號","district":"松山區"}},{"type":"Feature","geometry":{"type":"Point","coordinates":[121.54825231,25.05928032]},"properties":{"city":"臺北市","restaurant_id":2353,"category":"環保餐廳","name":"麥味登北市敦北","phone":"02-27120158","mobile":"","address":"臺北市松山區敦化北路222巷11號","district":"松山區"}},{"type":"Feature","geometry":{"type":"Point","coordinates":[121.54748587,25.08224179]},"properties":{"city":"臺北市","restaurant_id":2352,"category":"環保餐廳","name":"麥味登大直北安羅伯","phone":"02-85092968","mobile":"","address":"臺北市中山區北安路595巷19號","district":"中山區"}},{"type":"Feature","geometry":{"type":"Point","coordinates":[121.53551078,25.013259]},"properties":{"city":"臺北市","restaurant_id":2340,"category":"環保餐廳","name":"麥味登北市台大","phone":"02-23657279","mobile":"","address":"臺北市中正區羅斯福路四段118號","district":"中正區"}},{"type":"Feature","geometry":{"type":"Point","coordinates":[121.5175223,25.02479862]},"properties":{"city":"臺北市","restaurant_id":2339,"category":"環保餐廳","name":"麥味登北市和平","phone":"02-23652299","mobile":"","address":"臺北市中正區廈門街75號","district":"中正區"}},{"type":"Feature","geometry":{"type":"Point","coordinates":[121.52551028,25.04189338]},"properties":{"city":"臺北市","restaurant_id":3160,"category":"環保餐廳","name":"幸福時光廚房","phone":"02-23930255#","mobile":"0986589487","address":"臺北市中正區台北市中正區濟南路一段321號","district":"中正區"}},{"type":"Feature","geometry":{"type":"Point","coordinates":[121.52458357,25.10533512]},"properties":{"city":"臺北市","restaurant_id":3141,"category":"環保餐廳","name":"Sarabeth's 天母店","phone":"02-28335669#","mobile":"","address":"臺北市士林區中山北路六段77號2樓","district":"士林區"}},{"type":"Feature","geometry":{"type":"Point","coordinates":[121.5058635,25.0378901]},"properties":{"city":"臺北市","restaurant_id":3124,"category":"環保餐廳","name":"mister donut","phone":"02-23816949","mobile":"","address":"臺北市萬華區台北市萬華區桂林路1號","district":"萬華區"}},{"type":"Feature","geometry":{"type":"Point","coordinates":[121.5337443,25.0237499]},"properties":{"city":"臺北市","restaurant_id":3359,"category":"環保餐廳","name":"恬園餐廳","phone":"02-77122323#2110","mobile":"0955108182","address":"臺北市大安區新生南路三段30號","district":"大安區"}},{"type":"Feature","geometry":{"type":"Point","coordinates":[121.5507169,25.0985716]},"properties":{"city":"臺北市","restaurant_id":3351,"category":"環保餐廳","name":"青青食尚花園會館","phone":"02-28411996#309","mobile":"0913999282","address":"臺北市士林區至善路二段266巷32號","district":"士林區"}},{"type":"Feature","geometry":{"type":"Point","coordinates":[121.5048008,25.0423513]},"properties":{"city":"臺北市","restaurant_id":3470,"category":"環保餐廳","name":"叁陸伍貳懷舊港式冰室","phone":"-#","mobile":"0909037770","address":"臺北市萬華區昆明街99號","district":"萬華區"}},{"type":"Feature","geometry":{"type":"Point","coordinates":[121.5100259,25.1153486]},"properties":{"city":"臺北市","restaurant_id":3467,"category":"環保餐廳","name":"味の屋","phone":"02-28283230#","mobile":"0986146688","address":"臺北市北投區實踐街67號","district":"北投區"}},{"type":"Feature","geometry":{"type":"Point","coordinates":[121.5754615,25.0424048]},"properties":{"city":"臺北市","restaurant_id":3441,"category":"環保餐廳","name":"PINK SALT｜披薩｜義麵","phone":"02-27564233#","mobile":"","address":"臺北市信義區忠孝東路五段423巷28號","district":"信義區"}},{"type":"Feature","geometry":{"type":"Point","coordinates":[121.5338937,25.0517795]},"properties":{"city":"臺北市","restaurant_id":3438,"category":"環保餐廳","name":"丼賞和食焼き物vs刺身丼丼專門店","phone":"02-25175526#","mobile":"","address":"臺北市中山區南京東路二段140號B1","district":"中山區"}},{"type":"Feature","geometry":{"type":"Point","coordinates":[121.5531003,25.0303244]},"properties":{"city":"臺北市","restaurant_id":3426,"category":"環保餐廳","name":"翟記牛肉麵食館","phone":"02-87717195#","mobile":"","address":"臺北市大安區通安街80號","district":"大安區"}},{"type":"Feature","geometry":{"type":"Point","coordinates":[121.5641154,25.0422637]},"properties":{"city":"臺北市","restaurant_id":3422,"category":"環保餐廳","name":"帽哥海味","phone":"-#","mobile":"0915099822","address":"臺北市信義區忠孝東路四段559巷16弄8號1樓","district":"信義區"}},{"type":"Feature","geometry":{"type":"Point","coordinates":[121.540876,25.0671]},"properties":{"city":"臺北市","restaurant_id":3420,"category":"環保餐廳","name":"初點良食 Dim sum shop","phone":"-#","mobile":"0989436972","address":"臺北市中山區龍江路394巷2號","district":"中山區"}},{"type":"Feature","geometry":{"type":"Point","coordinates":[121.5445063,25.0585947]},"properties":{"city":"臺北市","restaurant_id":3618,"category":"環保餐廳","name":"老舅的家鄉味","phone":"02-27181122#","mobile":"","address":"臺北市松山區復興北路307號","district":"松山區"}},{"type":"Feature","geometry":{"type":"Point","coordinates":[121.574356,24.991606]},"properties":{"city":"臺北市","restaurant_id":3616,"category":"環保餐廳","name":"芽米早午餐(木柵店)","phone":"02-29393166#","mobile":"","address":"臺北市文山區秀明路二段16號","district":"文山區"}},{"type":"Feature","geometry":{"type":"Point","coordinates":[121.527678,25.0305646]},"properties":{"city":"臺北市","restaurant_id":3615,"category":"環保餐廳","name":"隨意吧(公企店)","phone":"02-23416777#","mobile":"","address":"臺北市大安區金華街187號1樓","district":"大安區"}},{"type":"Feature","geometry":{"type":"Point","coordinates":[121.5438603,25.0556364]},"properties":{"city":"臺北市","restaurant_id":3612,"category":"環保餐廳","name":"金春發牛肉店(復北店)","phone":"02-25026806#","mobile":"","address":"臺北市中山區復興北路202號","district":"中山區"}},{"type":"Feature","geometry":{"type":"Point","coordinates":[121.5534098,25.0397665]},"properties":{"city":"臺北市","restaurant_id":3595,"category":"環保餐廳","name":"烤肉工廠","phone":"02-87717345#","mobile":"","address":"臺北市大安區忠孝東路四段216巷27弄2號","district":"大安區"}},{"type":"Feature","geometry":{"type":"Point","coordinates":[121.5250049,25.0949519]},"properties":{"city":"臺北市","restaurant_id":3573,"category":"環保餐廳","name":"咖啡弄(士林店)","phone":"02-28883322#","mobile":"","address":"臺北市士林區台北市士林區中正路253號2樓","district":"士林區"}},{"type":"Feature","geometry":{"type":"Point","coordinates":[121.5514325,25.0424491]},"properties":{"city":"臺北市","restaurant_id":3571,"category":"環保餐廳","name":"咖啡弄(敦化店)","phone":"02-27111910#","mobile":"","address":"臺北市大安區台北市大安區敦化南路一段187巷42號2樓","district":"大安區"}},{"type":"Feature","geometry":{"type":"Point","coordinates":[121.5407643,25.0484864]},"properties":{"city":"臺北市","restaurant_id":3563,"category":"環保餐廳","name":"鬥牛士(長安店)","phone":"02-27406660#","mobile":"","address":"臺北市中山區長安東路二段169之12號2樓","district":"中山區"}},{"type":"Feature","geometry":{"type":"Point","coordinates":[121.5612754,24.9819877]},"properties":{"city":"臺北市","restaurant_id":3512,"category":"環保餐廳","name":"成家小館","phone":"02-29374611#","mobile":"0936951969","address":"臺北市文山區木新路三段154號","district":"文山區"}},{"type":"Feature","geometry":{"type":"Point","coordinates":[121.5425382,25.1366721]},"properties":{"city":"臺北市","restaurant_id":3511,"category":"環保餐廳","name":"大衛小小羊","phone":"02-28619668#","mobile":"","address":"臺北市士林區國泰街9號","district":"士林區"}},{"type":"Feature","geometry":{"type":"Point","coordinates":[121.5333229,25.0407583]},"properties":{"city":"臺北市","restaurant_id":3480,"category":"環保餐廳","name":"蓋子普拉斯小餐館","phone":"02-27118571#","mobile":"","address":"臺北市大安區忠孝東路三段10巷22號","district":"大安區"}},{"type":"Feature","geometry":{"type":"Point","coordinates":[121.5660743,25.0427073]},"properties":{"city":"臺北市","restaurant_id":3479,"category":"環保餐廳","name":"優喜-鍋物專門店","phone":"02-27493636#","mobile":"","address":"臺北市信義區基隆路一段147巷5弄5號","district":"信義區"}},{"type":"Feature","geometry":{"type":"Point","coordinates":[121.541694,25.0465223]},"properties":{"city":"臺北市","restaurant_id":3498,"category":"環保餐廳","name":"天下食堂","phone":"02-27771163#","mobile":"0976800437","address":"臺北市中山區安東街4之5號","district":"中山區"}},{"type":"Feature","geometry":{"type":"Point","coordinates":[121.5444543,25.0446428]},"properties":{"city":"臺北市","restaurant_id":3663,"category":"環保餐廳","name":"谷炭燒肉(市民店)","phone":"02-27119500#","mobile":"","address":"臺北市大安區市民大道四段12之2號","district":"大安區"}},{"type":"Feature","geometry":{"type":"Point","coordinates":[121.5068203,25.0363705]},"properties":{"city":"臺北市","restaurant_id":3652,"category":"環保餐廳","name":"台北花園大酒店-花園thai thai","phone":"02-23121000#","mobile":"","address":"臺北市中正區中華路二段1號","district":"中正區"}},{"type":"Feature","geometry":{"type":"Point","coordinates":[121.5323787,25.0485926]},"properties":{"city":"臺北市","restaurant_id":3696,"category":"環保餐廳","name":"韓宮韓式料理","phone":"02-25235380#","mobile":"","address":"臺北市中山區長安東路二段49之1號","district":"中山區"}},{"type":"Feature","geometry":{"type":"Point","coordinates":[121.57502817,25.08155843]},"properties":{"city":"臺北市","restaurant_id":2130,"category":"環保餐廳","name":"Q Burger內湖麗山店","phone":"02-26276424","mobile":"","address":"臺北市內湖區內湖路一段629巷41號1樓","district":"內湖區"}},{"type":"Feature","geometry":{"type":"Point","coordinates":[121.56615417,25.04982542]},"properties":{"city":"臺北市","restaurant_id":2129,"category":"環保餐廳","name":"Q Burger松山南京五店","phone":"02-27565258","mobile":"","address":"臺北市松山區南京東路五段250巷18弄2-1號","district":"松山區"}},{"type":"Feature","geometry":{"type":"Point","coordinates":[121.54063564,25.05915736]},"properties":{"city":"臺北市","restaurant_id":2101,"category":"環保餐廳","name":"麥味登北市龍江1店","phone":"02-77292550","mobile":"","address":"臺北市中山區龍江路244號","district":"中山區"}},{"type":"Feature","geometry":{"type":"Point","coordinates":[121.5525518,25.05460752]},"properties":{"city":"臺北市","restaurant_id":2100,"category":"環保餐廳","name":"麥味登北市健康店","phone":"02-25148117","mobile":"","address":"臺北市松山區健康路15巷13號","district":"松山區"}},{"type":"Feature","geometry":{"type":"Point","coordinates":[121.57951334,25.04090134]},"properties":{"city":"臺北市","restaurant_id":2099,"category":"環保餐廳","name":"麥味登北市忠孝店","phone":"02-23463923","mobile":"","address":"臺北市信義區忠孝東路5段524巷6號","district":"信義區"}},{"type":"Feature","geometry":{"type":"Point","coordinates":[121.566183,25.04226754]},"properties":{"city":"臺北市","restaurant_id":2098,"category":"環保餐廳","name":"麥味登北市府捷運店","phone":"02-27491801","mobile":"","address":"臺北市信義區基隆路1段147巷12號","district":"信義區"}},{"type":"Feature","geometry":{"type":"Point","coordinates":[121.56153197,25.03062646]},"properties":{"city":"臺北市","restaurant_id":2097,"category":"環保餐廳","name":"麥味登北市世貿莊敬店","phone":"02-87861811","mobile":"","address":"臺北市信義區莊敬路203號","district":"信義區"}},{"type":"Feature","geometry":{"type":"Point","coordinates":[121.54945427,25.05298554]},"properties":{"city":"臺北市","restaurant_id":2045,"category":"環保餐廳","name":"中國人壽總部員工餐廳(自有)","phone":"02-27196678#1991","mobile":"","address":"臺北市松山區敦化北路135號B2","district":"松山區"}},{"type":"Feature","geometry":{"type":"Point","coordinates":[121.50732507,25.13473958]},"properties":{"city":"臺北市","restaurant_id":2292,"category":"環保餐廳","name":"大地酒店-月兒彎彎","phone":"02-55518888#","mobile":"","address":"臺北市北投區奇岩路1號","district":"北投區"}},{"type":"Feature","geometry":{"type":"Point","coordinates":[121.50732507,25.13473958]},"properties":{"city":"臺北市","restaurant_id":2291,"category":"環保餐廳","name":"大地酒店-奇岩一號","phone":"02-55518888#","mobile":"","address":"臺北市北投區奇岩路1號","district":"北投區"}},{"type":"Feature","geometry":{"type":"Point","coordinates":[121.52456211,25.10528655]},"properties":{"city":"臺北市","restaurant_id":2114,"category":"環保餐廳","name":"UCC Café Mercado (天母SOGO店)","phone":"02-28350652#","mobile":"","address":"臺北市士林區中山北路六段77號B1樓","district":"士林區"}},{"type":"Feature","geometry":{"type":"Point","coordinates":[121.5103695,25.05111214]},"properties":{"city":"臺北市","restaurant_id":2112,"category":"環保餐廳","name":"臺灣企銀總行大樓員工餐廳","phone":"02-25597171#2860","mobile":"","address":"臺北市大同區塔城街30號18樓","district":"大同區"}},{"type":"Feature","geometry":{"type":"Point","coordinates":[121.56640184,24.98865518]},"properties":{"city":"臺北市","restaurant_id":2095,"category":"環保餐廳","name":"麥味登北市文山木柵店","phone":"02-86617903","mobile":"","address":"臺北市文山區木柵路三段55號","district":"文山區"}},{"type":"Feature","geometry":{"type":"Point","coordinates":[121.55082497,25.04746146]},"properties":{"city":"臺北市","restaurant_id":2094,"category":"環保餐廳","name":"麥味登北市台視店","phone":"02-25795877","mobile":"","address":"臺北市松山區八德路三段12巷5弄6號","district":"松山區"}},{"type":"Feature","geometry":{"type":"Point","coordinates":[121.54944162,25.03109158]},"properties":{"city":"臺北市","restaurant_id":2091,"category":"環保餐廳","name":"麥味登北市敦南遠企店","phone":"02-27035003","mobile":"","address":"臺北市大安區敦化南路二段63巷5號","district":"大安區"}},{"type":"Feature","geometry":{"type":"Point","coordinates":[121.5568131,25.02808468]},"properties":{"city":"臺北市","restaurant_id":2090,"category":"環保餐廳","name":"麥味登北市信義基隆店","phone":"02-27327880","mobile":"","address":"臺北市信義區基隆路二段131-2號","district":"信義區"}},{"type":"Feature","geometry":{"type":"Point","coordinates":[121.5533861,25.02486483]},"properties":{"city":"臺北市","restaurant_id":2089,"category":"環保餐廳","name":"麥味登北市六張犁店","phone":"02-27323011","mobile":"","address":"臺北市信義區基隆路二段183號1樓","district":"信義區"}},{"type":"Feature","geometry":{"type":"Point","coordinates":[121.5070208,25.13500707]},"properties":{"city":"臺北市","restaurant_id":1822,"category":"環保餐廳","name":"大地酒店-喜歡廳","phone":"02-55518888#","mobile":"","address":"臺北市北投區奇岩路一號","district":"北投區"}},{"type":"Feature","geometry":{"type":"Point","coordinates":[121.52228103,25.04489784]},"properties":{"city":"臺北市","restaurant_id":1820,"category":"環保餐廳","name":"新盛員工餐廳","phone":"09-75236333#","mobile":"0975236333","address":"臺北市中正區忠孝東路一段12號B3","district":"中正區"}},{"type":"Feature","geometry":{"type":"Point","coordinates":[121.52340554,25.0250857]},"properties":{"city":"臺北市","restaurant_id":1591,"category":"環保餐廳","name":"Oohchacha自然食(古亭店)","phone":"02-23677133#","mobile":"","address":"臺北市中正區南昌路二段207號","district":"中正區"}},{"type":"Feature","geometry":{"type":"Point","coordinates":[121.568657,25.00194771]},"properties":{"city":"臺北市","restaurant_id":1589,"category":"環保餐廳","name":"愛加倍餐廳","phone":"02-22303518#","mobile":"","address":"臺北市文山區萬美街一段19巷5之1","district":"文山區"}},{"type":"Feature","geometry":{"type":"Point","coordinates":[121.56050274,25.05719842]},"properties":{"city":"臺北市","restaurant_id":1587,"category":"環保餐廳","name":"綠帶純植物烘焙","phone":"02-27477668#","mobile":"","address":"臺北市松山區民生東路五段36巷8弄64號1樓","district":"松山區"}},{"type":"Feature","geometry":{"type":"Point","coordinates":[121.54332348,25.051399]},"properties":{"city":"臺北市","restaurant_id":1569,"category":"環保餐廳","name":"Machikaka 智允餐飲","phone":"02-27772777#","mobile":"","address":"臺北市中山區南京東路三段216巷4號一樓","district":"中山區"}},{"type":"Feature","geometry":{"type":"Point","coordinates":[121.6050942,25.05276486]},"properties":{"city":"臺北市","restaurant_id":1324,"category":"環保餐廳","name":"金色三麥南港CITYLINK店","phone":"02-27827000","mobile":"","address":"臺北市南港區台北市南港區忠孝東路七段299號C棟1樓","district":"南港區"}},{"type":"Feature","geometry":{"type":"Point","coordinates":[121.5657056,25.03983973]},"properties":{"city":"臺北市","restaurant_id":1323,"category":"環保餐廳","name":"金色三麥 信義誠品店","phone":"02-87895911","mobile":"","address":"臺北市信義區台北市信義區松高路11號B1","district":"信義區"}},{"type":"Feature","geometry":{"type":"Point","coordinates":[121.5177667,25.04946534]},"properties":{"city":"臺北市","restaurant_id":1322,"category":"環保餐廳","name":"金色三麥 台北京站店","phone":"02-77370909","mobile":"","address":"臺北市大同區台北市大同區承德路1段1號4樓","district":"大同區"}},{"type":"Feature","geometry":{"type":"Point","coordinates":[121.5574008,25.08347237]},"properties":{"city":"臺北市","restaurant_id":1321,"category":"環保餐廳","name":"金色三麥 台北美麗華店","phone":"02-21753739","mobile":"","address":"臺北市中山區台北市中山區敬業3路20號5樓","district":"中山區"}},{"type":"Feature","geometry":{"type":"Point","coordinates":[121.5595072,25.0423915]},"properties":{"city":"臺北市","restaurant_id":5658,"category":"環保餐廳","name":"北村豆腐家(大巨蛋)","phone":"02-27610688#","mobile":"","address":"臺北市信義區忠孝東路四段515號B2","district":"信義區"}},{"type":"Feature","geometry":{"type":"Point","coordinates":[121.5595072,25.0423915]},"properties":{"city":"臺北市","restaurant_id":5657,"category":"環保餐廳","name":"bhc CHICKEN","phone":"02-27560809#","mobile":"","address":"臺北市信義區忠孝東路四段515號B2","district":"信義區"}},{"type":"Feature","geometry":{"type":"Point","coordinates":[121.5375504,25.057504]},"properties":{"city":"臺北市","restaurant_id":5654,"category":"環保餐廳","name":"MJ Kitchen","phone":"02-77503337#","mobile":"0277503337","address":"臺北市中正區民生東路三段6號","district":"中正區"}},{"type":"Feature","geometry":{"type":"Point","coordinates":[121.5247878,25.0516039]},"properties":{"city":"臺北市","restaurant_id":5671,"category":"環保餐廳","name":"Aye Taipei","phone":"02-25672485#","mobile":"0937290679","address":"臺北市中山區林森北路138巷15號一樓","district":"中山區"}},{"type":"Feature","geometry":{"type":"Point","coordinates":[121.5681278,25.0368001]},"properties":{"city":"臺北市","restaurant_id":5667,"category":"環保餐廳","name":"筷炒台式餐館 Kuaichao Taiwanese Food & Beer","phone":"02-27580520#","mobile":"","address":"臺北市信義區信義區松仁路58號14樓","district":"信義區"}},{"type":"Feature","geometry":{"type":"Point","coordinates":[121.5595072,25.0423915]},"properties":{"city":"臺北市","restaurant_id":5663,"category":"環保餐廳","name":"勝勢日式豬排(大巨蛋)","phone":"02-27615168#","mobile":"","address":"臺北市信義區忠孝東路四段515號B2","district":"信義區"}},{"type":"Feature","geometry":{"type":"Point","coordinates":[121.5595072,25.0423915]},"properties":{"city":"臺北市","restaurant_id":5662,"category":"環保餐廳","name":"樂天小香港(大巨蛋)","phone":"02-27615068#","mobile":"","address":"臺北市信義區忠孝東路四段515號B2","district":"信義區"}},{"type":"Feature","geometry":{"type":"Point","coordinates":[121.5245943,25.105306]},"properties":{"city":"臺北市","restaurant_id":5643,"category":"環保餐廳","name":"菊川四代目-SOGO天母店","phone":"02-28330069#","mobile":"","address":"臺北市士林區中山北路六段77號8樓","district":"士林區"}},{"type":"Feature","geometry":{"type":"Point","coordinates":[121.5681278,25.0368001]},"properties":{"city":"臺北市","restaurant_id":5642,"category":"環保餐廳","name":"八八燒肉","phone":"02-27298588#","mobile":"","address":"臺北市信義區松仁路58號14樓","district":"信義區"}},{"type":"Feature","geometry":{"type":"Point","coordinates":[121.5644443,25.0338211]},"properties":{"city":"臺北市","restaurant_id":5618,"category":"環保餐廳","name":"雪嶽山韓式料理台北101店","phone":"02-81018503#","mobile":"","address":"臺北市信義區市府路45號B1","district":"信義區"}},{"type":"Feature","geometry":{"type":"Point","coordinates":[121.5245943,25.105306]},"properties":{"city":"臺北市","restaurant_id":5608,"category":"環保餐廳","name":"鼎泰豐天母店","phone":"02-28338900#","mobile":"","address":"臺北市士林區中山北路六段77號B1","district":"士林區"}},{"type":"Feature","geometry":{"type":"Point","coordinates":[121.55108,25.05923869]},"properties":{"city":"臺北市","restaurant_id":1439,"category":"環保餐廳","name":"玉山銀行(第二總部大樓)員工餐廳","phone":"02-21751313#8181","mobile":"","address":"臺北市松山區敦化北路315號","district":"松山區"}},{"type":"Feature","geometry":{"type":"Point","coordinates":[121.5944279,25.06153734]},"properties":{"city":"臺北市","restaurant_id":1437,"category":"環保餐廳","name":"中國信託內湖行政大樓員工餐廳","phone":"02-81787777#","mobile":"0932634876","address":"臺北市內湖區安康路22巷33號4樓","district":"內湖區"}},{"type":"Feature","geometry":{"type":"Point","coordinates":[121.6164454,25.05901721]},"properties":{"city":"臺北市","restaurant_id":1435,"category":"環保餐廳","name":"中國信託金融園區員工餐廳","phone":"02-33277777#8922","mobile":"0932634876","address":"臺北市南港區經貿二路168號4樓","district":"南港區"}},{"type":"Feature","geometry":{"type":"Point","coordinates":[121.5492662,25.0005101]},"properties":{"city":"臺北市","restaurant_id":5867,"category":"環保餐廳","name":"樸樹咖啡興岩店","phone":"02-29335626#","mobile":"0936257019","address":"臺北市文山區興隆路二段88號、88-1號","district":"文山區"}},{"type":"Feature","geometry":{"type":"Point","coordinates":[121.5518476,25.0636811]},"properties":{"city":"臺北市","restaurant_id":5866,"category":"環保餐廳","name":"占元府 玉小蘭","phone":"02-25461258#","mobile":"","address":"臺北市松山區敦化北路340-10號2樓","district":"松山區"}},{"type":"Feature","geometry":{"type":"Point","coordinates":[121.5518476,25.0636811]},"properties":{"city":"臺北市","restaurant_id":5837,"category":"環保餐廳","name":"洋洋肉骨茶(松機T2)","phone":"-#","mobile":"0906713838","address":"臺北市松山區敦化北路340-10號2樓","district":"松山區"}},{"type":"Feature","geometry":{"type":"Point","coordinates":[121.543385,25.044269]},"properties":{"city":"臺北市","restaurant_id":5854,"category":"環保餐廳","name":"草泥Cafe","phone":"02-27362567#","mobile":"","address":"臺北市大安區安東街35巷31號1樓","district":"大安區"}},{"type":"Feature","geometry":{"type":"Point","coordinates":[121.5476201,25.0436955]},"properties":{"city":"臺北市","restaurant_id":5853,"category":"環保餐廳","name":"燒肉殿","phone":"02-27315415#","mobile":"","address":"臺北市大安區敦化南路一段160巷19號","district":"大安區"}},{"type":"Feature","geometry":{"type":"Point","coordinates":[121.5471748,25.0439134]},"properties":{"city":"臺北市","restaurant_id":5852,"category":"環保餐廳","name":"棠棠 DonDonStudio","phone":"02-27769178#","mobile":"","address":"臺北市大安區大安路一段31巷20號","district":"大安區"}},{"type":"Feature","geometry":{"type":"Point","coordinates":[121.5419351,25.0438005]},"properties":{"city":"臺北市","restaurant_id":5851,"category":"環保餐廳","name":"調味品串酒坊","phone":"-#","mobile":"0928233583","address":"臺北市大安區忠孝東路三段251巷13弄6號1樓","district":"大安區"}},{"type":"Feature","geometry":{"type":"Point","coordinates":[121.5692094,25.03445716]},"properties":{"city":"臺北市","restaurant_id":1292,"category":"環保餐廳","name":"華南銀行員工餐廳","phone":"02-23713111#3233","mobile":"","address":"臺北市信義區松仁路123號3樓","district":"信義區"}},{"type":"Feature","geometry":{"type":"Point","coordinates":[121.5469416,25.05830802]},"properties":{"city":"臺北市","restaurant_id":1291,"category":"環保餐廳","name":"玉山銀行員工餐廳","phone":"02-21751313#8139","mobile":"","address":"臺北市松山區民生東路三段117號","district":"松山區"}},{"type":"Feature","geometry":{"type":"Point","coordinates":[121.5659902,24.98287063]},"properties":{"city":"臺北市","restaurant_id":2398,"category":"環保餐廳","name":"麥味登文山木新","phone":"02-29398080","mobile":"","address":"臺北市文山區木新路二段277號","district":"文山區"}},{"type":"Feature","geometry":{"type":"Point","coordinates":[121.5760303,24.98854625]},"properties":{"city":"臺北市","restaurant_id":2397,"category":"環保餐廳","name":"麥味登文山政大","phone":"02-29381314","mobile":"","address":"臺北市文山區萬壽路25巷3號","district":"文山區"}},{"type":"Feature","geometry":{"type":"Point","coordinates":[121.54048874,24.9901326]},"properties":{"city":"臺北市","restaurant_id":2396,"category":"環保餐廳","name":"麥味登文山滬江","phone":"02-29351157","mobile":"","address":"臺北市文山區羅斯福路六段455巷21號1樓","district":"文山區"}},{"type":"Feature","geometry":{"type":"Point","coordinates":[121.54449381,24.99709853]},"properties":{"city":"臺北市","restaurant_id":2395,"category":"環保餐廳","name":"麥味登景興饗食大亨","phone":"02-29325657","mobile":"","address":"臺北市文山區景興路40號","district":"文山區"}},{"type":"Feature","geometry":{"type":"Point","coordinates":[121.55678552,24.9805472]},"properties":{"city":"臺北市","restaurant_id":2393,"category":"環保餐廳","name":"麥味登文山木星好運","phone":"02-29360988","mobile":"","address":"臺北市文山區木新路三段315號","district":"文山區"}},{"type":"Feature","geometry":{"type":"Point","coordinates":[121.6111361,25.05560864]},"properties":{"city":"臺北市","restaurant_id":2391,"category":"環保餐廳","name":"麥味登南軟園區","phone":"02-27833313","mobile":"","address":"臺北市南港區新民街81號","district":"南港區"}},{"type":"Feature","geometry":{"type":"Point","coordinates":[121.58481617,25.04539466]},"properties":{"city":"臺北市","restaurant_id":2390,"category":"環保餐廳","name":"麥味登北市同德","phone":"02-27855330","mobile":"","address":"臺北市南港區同德路54號","district":"南港區"}},{"type":"Feature","geometry":{"type":"Point","coordinates":[121.59344654,25.0517162]},"properties":{"city":"臺北市","restaurant_id":2389,"category":"環保餐廳","name":"麥味登北市昆陽","phone":"02-27883965","mobile":"","address":"臺北市南港區昆陽街94號","district":"南港區"}},{"type":"Feature","geometry":{"type":"Point","coordinates":[121.58521177,25.0387554]},"properties":{"city":"臺北市","restaurant_id":2373,"category":"環保餐廳","name":"麥味登信義福德","phone":"02-27271825","mobile":"","address":"臺北市信義區福德街246號","district":"信義區"}},{"type":"Feature","geometry":{"type":"Point","coordinates":[121.57659451,25.03982146]},"properties":{"city":"臺北市","restaurant_id":2372,"category":"環保餐廳","name":"麥味登北市永春","phone":"02-27220602","mobile":"","address":"臺北市信義區忠孝東路五段372巷27弄77-1號","district":"信義區"}},{"type":"Feature","geometry":{"type":"Point","coordinates":[121.56904027,25.02524204]},"properties":{"city":"臺北市","restaurant_id":2369,"category":"環保餐廳","name":"麥味登北市松仁","phone":"02-27585197","mobile":"","address":"臺北市信義區松仁路232號","district":"信義區"}},{"type":"Feature","geometry":{"type":"Point","coordinates":[121.57479472,25.03555198]},"properties":{"city":"臺北市","restaurant_id":2368,"category":"環保餐廳","name":"麥味登北市松德","phone":"02-27260169","mobile":"","address":"臺北市信義區松德路193號","district":"信義區"}},{"type":"Feature","geometry":{"type":"Point","coordinates":[121.582126,25.04131982]},"properties":{"city":"臺北市","restaurant_id":2367,"category":"環保餐廳","name":"麥味登北市大道","phone":"02-27598668","mobile":"","address":"臺北市信義區大道路50號","district":"信義區"}},{"type":"Feature","geometry":{"type":"Point","coordinates":[121.56438954,25.02643132]},"properties":{"city":"臺北市","restaurant_id":2366,"category":"環保餐廳","name":"麥味登北市百勝","phone":"02-27584827","mobile":"","address":"臺北市信義區吳興街281巷14號","district":"信義區"}},{"type":"Feature","geometry":{"type":"Point","coordinates":[121.49187307,25.03160606]},"properties":{"city":"臺北市","restaurant_id":2365,"category":"環保餐廳","name":"麥味登萬華雙園","phone":"02-22123484","mobile":"","address":"臺北市萬華區雙園街148號","district":"萬華區"}},{"type":"Feature","geometry":{"type":"Point","coordinates":[121.52808374,25.0665107]},"properties":{"city":"臺北市","restaurant_id":2351,"category":"環保餐廳","name":"麥味登北市神通","phone":"02-25866260","mobile":"","address":"臺北市中山區新生北路三段69-1號","district":"中山區"}},{"type":"Feature","geometry":{"type":"Point","coordinates":[121.54068991,25.06445481]},"properties":{"city":"臺北市","restaurant_id":2349,"category":"環保餐廳","name":"麥味登北市榮星花園","phone":"02-25082251","mobile":"","address":"臺北市中山區五常街85號","district":"中山區"}},{"type":"Feature","geometry":{"type":"Point","coordinates":[121.52344764,25.05810014]},"properties":{"city":"臺北市","restaurant_id":2348,"category":"環保餐廳","name":"麥味登北市國王","phone":"02-25115091","mobile":"","address":"臺北市中山區民生東路一段5號","district":"中山區"}},{"type":"Feature","geometry":{"type":"Point","coordinates":[121.53232854,25.05499198]},"properties":{"city":"臺北市","restaurant_id":2347,"category":"環保餐廳","name":"麥味登北市國王二","phone":"02-25312636","mobile":"","address":"臺北市中山區長春路147-2號","district":"中山區"}},{"type":"Feature","geometry":{"type":"Point","coordinates":[121.53365587,25.04830374]},"properties":{"city":"臺北市","restaurant_id":2345,"category":"環保餐廳","name":"麥味登北市長安東","phone":"02-25065763","mobile":"","address":"臺北市中山區長安東路二段72號","district":"中山區"}},{"type":"Feature","geometry":{"type":"Point","coordinates":[121.5102674,25.05239182]},"properties":{"city":"臺北市","restaurant_id":2344,"category":"環保餐廳","name":"麥味登北門塔城","phone":"02-25522215","mobile":"","address":"臺北市大同區塔城街48號","district":"大同區"}},{"type":"Feature","geometry":{"type":"Point","coordinates":[121.5129743,25.06277196]},"properties":{"city":"臺北市","restaurant_id":2343,"category":"環保餐廳","name":"麥味登北市民權","phone":"02-25506676","mobile":"","address":"臺北市大同區民權西路234號","district":"大同區"}},{"type":"Feature","geometry":{"type":"Point","coordinates":[121.51703947,25.06595618]},"properties":{"city":"臺北市","restaurant_id":2342,"category":"環保餐廳","name":"麥味登北市昌吉","phone":"02-25996761","mobile":"","address":"臺北市大同區昌吉街27號","district":"大同區"}},{"type":"Feature","geometry":{"type":"Point","coordinates":[121.51410927,25.05139464]},"properties":{"city":"臺北市","restaurant_id":2341,"category":"環保餐廳","name":"麥味登北市重慶","phone":"02-25593866","mobile":"","address":"臺北市大同區重慶北路一段61號1F","district":"大同區"}},{"type":"Feature","geometry":{"type":"Point","coordinates":[121.5450243,25.04210739]},"properties":{"city":"臺北市","restaurant_id":1230,"category":"環保餐廳","name":"Lady nara台北忠孝SOGO店","phone":"02-27712585#","mobile":"","address":"臺北市大安區忠孝東路四段45號12樓","district":"大安區"}},{"type":"Feature","geometry":{"type":"Point","coordinates":[121.5679566,25.0367849]},"properties":{"city":"臺北市","restaurant_id":5728,"category":"環保餐廳","name":"咖哩樹-台北京站店","phone":"02-77290799#","mobile":"","address":"臺北市大同區承德路一段1號B3","district":"大同區"}},{"type":"Feature","geometry":{"type":"Point","coordinates":[121.4625315,25.0205687]},"properties":{"city":"臺北市","restaurant_id":5727,"category":"環保餐廳","name":"粵亮廣式料理","phone":"02-66156528#","mobile":"","address":"臺北市南港區忠孝東路七段359號8樓","district":"南港區"}},{"type":"Feature","geometry":{"type":"Point","coordinates":[121.5453255,25.04229243]},"properties":{"city":"臺北市","restaurant_id":1273,"category":"環保餐廳","name":"遠東SOGO忠孝店員工餐廳","phone":"02-27765555#1506","mobile":"","address":"臺北市大安區忠孝東路四段45號","district":"大安區"}},{"type":"Feature","geometry":{"type":"Point","coordinates":[121.607193,25.052592]},"properties":{"city":"臺北市","restaurant_id":1143,"category":"環保餐廳","name":"敘日全日餐廳","phone":"02-66156526#","mobile":"0266156526","address":"臺北市南港區忠孝東路七段359號7樓","district":"南港區"}},{"type":"Feature","geometry":{"type":"Point","coordinates":[121.543232,25.041063]},"properties":{"city":"臺北市","restaurant_id":1121,"category":"環保餐廳","name":"黑毛屋本家(復興SOGO店)","phone":"02-27315199#","mobile":"","address":"臺北市大安區忠孝東路三段300號11樓","district":"大安區"}},{"type":"Feature","geometry":{"type":"Point","coordinates":[121.528641,25.027393]},"properties":{"city":"臺北市","restaurant_id":1119,"category":"環保餐廳","name":"Camo咖啡","phone":"02-33433931#","mobile":"0909778712","address":"臺北市大安區和平東路一段129號","district":"大安區"}},{"type":"Feature","geometry":{"type":"Point","coordinates":[121.543221,25.041131]},"properties":{"city":"臺北市","restaurant_id":1118,"category":"環保餐廳","name":"老乾杯(復興SOGO店)","phone":"02-27316555#","mobile":"","address":"臺北市大安區忠孝東路三段300號11樓","district":"大安區"}},{"type":"Feature","geometry":{"type":"Point","coordinates":[121.524637,25.105524]},"properties":{"city":"臺北市","restaurant_id":1113,"category":"環保餐廳","name":"成真咖啡（天母SOGO店）","phone":"02-28368881#","mobile":"0958836913","address":"臺北市士林區士林區中山北路六段77號1樓","district":"士林區"}},{"type":"Feature","geometry":{"type":"Point","coordinates":[121.544883,25.041902]},"properties":{"city":"臺北市","restaurant_id":676,"category":"環保餐廳","name":"Nara Thai Cuisine 台北忠孝SOGO 店","phone":"02-27718939#","mobile":"","address":"臺北市大安區忠孝東路四段45號11樓","district":"大安區"}},{"type":"Feature","geometry":{"type":"Point","coordinates":[121.524278,25.105007]},"properties":{"city":"臺北市","restaurant_id":674,"category":"環保餐廳","name":"黑毛屋天母SOGO店","phone":"02-28366018#","mobile":"","address":"臺北市士林區中山北路6段77號8樓","district":"士林區"}},{"type":"Feature","geometry":{"type":"Point","coordinates":[121.543057,25.041212]},"properties":{"city":"臺北市","restaurant_id":669,"category":"環保餐廳","name":"點水樓(復興SOGO店)","phone":"02-87725089#","mobile":"","address":"臺北市大安區忠孝東路三段300號11樓","district":"大安區"}},{"type":"Feature","geometry":{"type":"Point","coordinates":[121.543057,25.041212]},"properties":{"city":"臺北市","restaurant_id":667,"category":"環保餐廳","name":"EN和食(復興SOGO店)","phone":"02-77450796#","mobile":"","address":"臺北市大安區忠孝東路三段300號11樓","district":"大安區"}},{"type":"Feature","geometry":{"type":"Point","coordinates":[121.543057,25.041212]},"properties":{"city":"臺北市","restaurant_id":666,"category":"環保餐廳","name":"新葡苑(復興SOGO店)","phone":"02-87720177#","mobile":"","address":"臺北市大安區忠孝東路三段300號10樓","district":"大安區"}},{"type":"Feature","geometry":{"type":"Point","coordinates":[121.53277114,25.05280532]},"properties":{"city":"臺北市","restaurant_id":1178,"category":"環保餐廳","name":"養心茶樓","phone":"02-25428828#","mobile":"","address":"臺北市中山區松江路128號2樓","district":"中山區"}},{"type":"Feature","geometry":{"type":"Point","coordinates":[121.5532095,25.0247386]},"properties":{"city":"臺北市","restaurant_id":5627,"category":"環保餐廳","name":"桃源二村","phone":"-#","mobile":"0938529729","address":"臺北市信義區基隆路二段193號","district":"信義區"}},{"type":"Feature","geometry":{"type":"Point","coordinates":[121.5681356,25.0368823]},"properties":{"city":"臺北市","restaurant_id":5625,"category":"環保餐廳","name":"新馬辣-信義遠百店","phone":"02-27202118#","mobile":"","address":"臺北市信義區松仁路58號14樓、遠東百貨櫃號-1402號","district":"信義區"}},{"type":"Feature","geometry":{"type":"Point","coordinates":[121.5681278,25.0368001]},"properties":{"city":"臺北市","restaurant_id":5624,"category":"環保餐廳","name":"Hooters","phone":"02-27290168#","mobile":"","address":"臺北市信義區松仁路58號14樓","district":"信義區"}},{"type":"Feature","geometry":{"type":"Point","coordinates":[121.5679505,25.0367556]},"properties":{"city":"臺北市","restaurant_id":5623,"category":"環保餐廳","name":"旭集 和食集錦SUNRISE 信義店","phone":"02-87803366#","mobile":"","address":"臺北市信義區松仁路58號9F","district":"信義區"}},{"type":"Feature","geometry":{"type":"Point","coordinates":[121.5679566,25.0367849]},"properties":{"city":"臺北市","restaurant_id":5621,"category":"環保餐廳","name":"朱記餡餅粥(信義A13店)","phone":"02-87864101#","mobile":"","address":"臺北市信義區松仁路58號4F","district":"信義區"}},{"type":"Feature","geometry":{"type":"Point","coordinates":[121.5679566,25.0367849]},"properties":{"city":"臺北市","restaurant_id":5606,"category":"環保餐廳","name":"春水堂人文茶館","phone":"02-87863356#","mobile":"","address":"臺北市信義區松仁路58號4樓","district":"信義區"}},{"type":"Feature","geometry":{"type":"Point","coordinates":[121.5679566,25.0367849]},"properties":{"city":"臺北市","restaurant_id":5605,"category":"環保餐廳","name":"忠青商行/遠百信義","phone":"02-27223700#","mobile":"","address":"臺北市信義區松仁路58號4樓","district":"信義區"}},{"type":"Feature","geometry":{"type":"Point","coordinates":[121.52426727,25.10498755]},"properties":{"city":"臺北市","restaurant_id":5597,"category":"環保餐廳","name":"燒肉LIKE","phone":"02-28353788#","mobile":"0958716753","address":"臺北市士林區中山北路六段77號6樓","district":"士林區"}},{"type":"Feature","geometry":{"type":"Point","coordinates":[121.5142493,25.071877]},"properties":{"city":"臺北市","restaurant_id":5575,"category":"環保餐廳","name":"尚品香精緻早午餐-台北酒泉店","phone":"02-25867600#","mobile":"","address":"臺北市大同區酒泉街106號","district":"大同區"}},{"type":"Feature","geometry":{"type":"Point","coordinates":[121.565242,25.039515]},"properties":{"city":"臺北市","restaurant_id":461,"category":"環保餐廳","name":"默爾Pasta Pizza(信義誠品店)","phone":"02-27224660#","mobile":"","address":"臺北市信義區松高路11號5樓","district":"信義區"}},{"type":"Feature","geometry":{"type":"Point","coordinates":[121.524278,25.105007]},"properties":{"city":"臺北市","restaurant_id":654,"category":"環保餐廳","name":"非常泰（天母sogo 店）","phone":"02-28310188#","mobile":"","address":"臺北市士林區中山北路六段77號8樓","district":"士林區"}},{"type":"Feature","geometry":{"type":"Point","coordinates":[121.524278,25.105007]},"properties":{"city":"臺北市","restaurant_id":647,"category":"環保餐廳","name":"新葡苑（天母SOGO店）","phone":"02-28366628#","mobile":"","address":"臺北市士林區中山北路6段77號8樓","district":"士林區"}},{"type":"Feature","geometry":{"type":"Point","coordinates":[121.548441,25.040146]},"properties":{"city":"臺北市","restaurant_id":645,"category":"環保餐廳","name":"紅豆食府(天母SOGO店)","phone":"02-28332208#","mobile":"","address":"臺北市士林區中山北路六段77號8F","district":"士林區"}},{"type":"Feature","geometry":{"type":"Point","coordinates":[121.524278,25.105007]},"properties":{"city":"臺北市","restaurant_id":644,"category":"環保餐廳","name":"朱記餡餅粥(天母SOGO店)","phone":"02-28353619#","mobile":"","address":"臺北市士林區中山北路6段77號8樓","district":"士林區"}},{"type":"Feature","geometry":{"type":"Point","coordinates":[121.55628,25.041155]},"properties":{"city":"臺北市","restaurant_id":582,"category":"環保餐廳","name":"晶湯匙泰式主題餐廳","phone":"02-87725006#","mobile":"","address":"臺北市大安區忠孝東路三段300號10樓","district":"大安區"}},{"type":"Feature","geometry":{"type":"Point","coordinates":[121.54990647,25.03560914]},"properties":{"city":"臺北市","restaurant_id":2318,"category":"環保餐廳","name":"洗心壽司割烹","phone":"-#","mobile":"0981295295","address":"臺北市大安區敦化南路一段295巷9號","district":"大安區"}},{"type":"Feature","geometry":{"type":"Point","coordinates":[121.5677823,25.03684216]},"properties":{"city":"臺北市","restaurant_id":2018,"category":"環保餐廳","name":"樂檸漢堡（信義遠百門市）","phone":"02-27255260#","mobile":"","address":"臺北市信義區松仁路58號B3（A13 信義遠百 B3）","district":"信義區"}},{"type":"Feature","geometry":{"type":"Point","coordinates":[121.5527883,25.042859]},"properties":{"city":"臺北市","restaurant_id":2017,"category":"環保餐廳","name":"樂檸漢堡（忠孝敦化門市）","phone":"02-87720607#","mobile":"","address":"臺北市大安區忠孝東路四段223巷47號","district":"大安區"}},{"type":"Feature","geometry":{"type":"Point","coordinates":[121.5624299,25.05046132]},"properties":{"city":"臺北市","restaurant_id":2016,"category":"環保餐廳","name":"樂檸漢堡（南京三民門市）","phone":"02-27620398#","mobile":"","address":"臺北市松山區光復北路11巷99-1號","district":"松山區"}},{"type":"Feature","geometry":{"type":"Point","coordinates":[121.54834234,25.05552462]},"properties":{"city":"臺北市","restaurant_id":2009,"category":"環保餐廳","name":"聚寶員工餐廳","phone":"02-27156888#1560","mobile":"","address":"臺北市松山區敦化北路158號","district":"松山區"}},{"type":"Feature","geometry":{"type":"Point","coordinates":[121.5068203,25.03634132]},"properties":{"city":"臺北市","restaurant_id":1972,"category":"環保餐廳","name":"PRIME ONE 牛排館","phone":"02-23143300#3368","mobile":"","address":"臺北市中正區中華路二段1號","district":"中正區"}},{"type":"Feature","geometry":{"type":"Point","coordinates":[121.52556,25.054131]},"properties":{"city":"臺北市","restaurant_id":323,"category":"環保餐廳","name":"古拉爵 義式屋-欣欣百貨店","phone":"02-25427680#","mobile":"","address":"臺北市中山區台北市中山區林森北路247號2樓","district":"中山區"}},{"type":"Feature","geometry":{"type":"Point","coordinates":[121.567967,25.036732]},"properties":{"city":"臺北市","restaurant_id":369,"category":"環保餐廳","name":"涮乃葉-南港中信店","phone":"02-26530155#","mobile":"","address":"臺北市南港區台北市南港區經貿二路188-1號2樓(中信總部C棟)","district":"南港區"}},{"type":"Feature","geometry":{"type":"Point","coordinates":[121.567967,25.036732]},"properties":{"city":"臺北市","restaurant_id":368,"category":"環保餐廳","name":"涮乃葉-信義遠百店","phone":"02-27230698#","mobile":"","address":"臺北市信義區台北市信義區松仁路58號7樓","district":"信義區"}},{"type":"Feature","geometry":{"type":"Point","coordinates":[121.565417,25.040865]},"properties":{"city":"臺北市","restaurant_id":360,"category":"環保餐廳","name":"涮乃葉-統一時代市府店","phone":"02-27230646#","mobile":"","address":"臺北市信義區台北市信義區忠孝東路5段8號3樓","district":"信義區"}},{"type":"Feature","geometry":{"type":"Point","coordinates":[121.513983,25.042784]},"properties":{"city":"臺北市","restaurant_id":374,"category":"環保餐廳","name":"SKYLARK加州風洋食館-和平公園店","phone":"02-23756364#","mobile":"","address":"臺北市中正區台北市中正區懷寧街90號","district":"中正區"}},{"type":"Feature","geometry":{"type":"Point","coordinates":[121.611273,25.070209]},"properties":{"city":"臺北市","restaurant_id":373,"category":"環保餐廳","name":"SKYLARK加州風洋食館-東湖康寧店","phone":"02-26332850#","mobile":"","address":"臺北市內湖區台北市內湖區康寧路3段72號","district":"內湖區"}},{"type":"Feature","geometry":{"type":"Point","coordinates":[121.527781,25.095191]},"properties":{"city":"臺北市","restaurant_id":372,"category":"環保餐廳","name":"SKYLARK加州風洋食館-士林中山北店","phone":"02-28837742#","mobile":"","address":"臺北市士林區台北市士林區中山北路5段565號","district":"士林區"}},{"type":"Feature","geometry":{"type":"Point","coordinates":[121.52556,25.054131]},"properties":{"city":"臺北市","restaurant_id":352,"category":"環保餐廳","name":"涮乃葉-欣欣百貨店","phone":"02-25416320#","mobile":"","address":"臺北市中山區台北市中山區林森北路247號2樓","district":"中山區"}},{"type":"Feature","geometry":{"type":"Point","coordinates":[121.616125,25.058395]},"properties":{"city":"臺北市","restaurant_id":341,"category":"環保餐廳","name":"古拉爵 義式屋-南港中信店","phone":"02-27892688#","mobile":"","address":"臺北市南港區台北市南港區經貿二路166號2樓(中信總部A棟)","district":"南港區"}},{"type":"Feature","geometry":{"type":"Point","coordinates":[121.547995,25.051963]},"properties":{"city":"臺北市","restaurant_id":304,"category":"環保餐廳","name":"橫濱牛排-微風南京店","phone":"02-87125575#","mobile":"","address":"臺北市松山區南京東路3段337號3樓","district":"松山區"}},{"type":"Feature","geometry":{"type":"Point","coordinates":[121.5309857,25.12293749]},"properties":{"city":"臺北市","restaurant_id":1602,"category":"環保餐廳","name":"藝食知選","phone":"02-28762882#","mobile":"","address":"臺北市士林區臺北市士林區天玉街81巷2號","district":"士林區"}},{"type":"Feature","geometry":{"type":"Point","coordinates":[121.53097674,25.11536129]},"properties":{"city":"臺北市","restaurant_id":1601,"category":"環保餐廳","name":"紅瓦厝懷舊風味餐坊","phone":"02-28767407#","mobile":"","address":"臺北市士林區天母東路8巷67號","district":"士林區"}},{"type":"Feature","geometry":{"type":"Point","coordinates":[121.5040002,25.04650392]},"properties":{"city":"臺北市","restaurant_id":1616,"category":"環保餐廳","name":"小小蔬房","phone":"02-23111168#","mobile":"0932040505","address":"臺北市萬華區漢口街二段125號","district":"萬華區"}},{"type":"Feature","geometry":{"type":"Point","coordinates":[121.5515736,25.08494323]},"properties":{"city":"臺北市","restaurant_id":1550,"category":"環保餐廳","name":"凱基證券總公司員工餐廳(自有)","phone":"02-21818888#","mobile":"","address":"臺北市中山區成功里明水路700號4樓","district":"中山區"}},{"type":"Feature","geometry":{"type":"Point","coordinates":[121.607208,25.052669]},"properties":{"city":"臺北市","restaurant_id":1414,"category":"環保餐廳","name":"藏壽司 南港CITYLINK店","phone":"02-26510266#","mobile":"0963723502","address":"臺北市南港區忠孝東路七段369號3樓","district":"南港區"}},{"type":"Feature","geometry":{"type":"Point","coordinates":[121.52096,25.061153]},"properties":{"city":"臺北市","restaurant_id":990,"category":"環保餐廳","name":"Q Burger中山天祥店","phone":"02-25311238","mobile":"","address":"臺北市中山區天祥路22號1樓","district":"中山區"}},{"type":"Feature","geometry":{"type":"Point","coordinates":[121.592371,25.084945]},"properties":{"city":"臺北市","restaurant_id":797,"category":"環保餐廳","name":"Q Burger內湖金龍店","phone":"02-27928292","mobile":"","address":"臺北市內湖區金龍路74號","district":"內湖區"}},{"type":"Feature","geometry":{"type":"Point","coordinates":[121.587649,25.039387]},"properties":{"city":"臺北市","restaurant_id":881,"category":"環保餐廳","name":"Q Burger南港福德店","phone":"02-26519876","mobile":"","address":"臺北市南港區福德街312號1樓","district":"南港區"}},{"type":"Feature","geometry":{"type":"Point","coordinates":[121.543057,25.041212]},"properties":{"city":"臺北市","restaurant_id":643,"category":"環保餐廳","name":"伊勢路勝勢日式豬排(復興 SOGO店)","phone":"02-87729822#","mobile":"","address":"臺北市大安區忠孝東路三段300號10樓","district":"大安區"}},{"type":"Feature","geometry":{"type":"Point","coordinates":[121.524278,25.105007]},"properties":{"city":"臺北市","restaurant_id":642,"category":"環保餐廳","name":"靜岡勝政日式豬排","phone":"02-28363899#","mobile":"","address":"臺北市士林區中山北路六段77號8F","district":"士林區"}},{"type":"Feature","geometry":{"type":"Point","coordinates":[121.524278,25.105007]},"properties":{"city":"臺北市","restaurant_id":640,"category":"環保餐廳","name":"omo cafe （天母SOGO店）","phone":"02-28341668#","mobile":"","address":"臺北市士林區中山北路六段77號5樓","district":"士林區"}},{"type":"Feature","geometry":{"type":"Point","coordinates":[121.524278,25.105007]},"properties":{"city":"臺北市","restaurant_id":639,"category":"環保餐廳","name":"漢來海港-天母店","phone":"07-4128068#2","mobile":"0922423032","address":"臺北市士林區中山北路六段77號7F","district":"士林區"}},{"type":"Feature","geometry":{"type":"Point","coordinates":[121.543057,25.041212]},"properties":{"city":"臺北市","restaurant_id":625,"category":"環保餐廳","name":"鰻將劍持屋","phone":"02-87728551#","mobile":"","address":"臺北市大安區忠孝東路三段300號B2","district":"大安區"}},{"type":"Feature","geometry":{"type":"Point","coordinates":[121.567277,25.038729]},"properties":{"city":"臺北市","restaurant_id":1397,"category":"環保餐廳","name":"藏壽司 微風松高店","phone":"02-27206900#","mobile":"0928391100","address":"臺北市信義區松高路16號B1","district":"信義區"}},{"type":"Feature","geometry":{"type":"Point","coordinates":[121.519354,25.053083]},"properties":{"city":"臺北市","restaurant_id":1408,"category":"環保餐廳","name":"藏壽司 中山南西店","phone":"02-25565289#","mobile":"0900671882","address":"臺北市大同區南京西路57號2樓","district":"大同區"}},{"type":"Feature","geometry":{"type":"Point","coordinates":[121.566021,25.035668]},"properties":{"city":"臺北市","restaurant_id":1403,"category":"環保餐廳","name":"藏壽司 信義ATT店","phone":"02-77340800#","mobile":"0900679195","address":"臺北市信義區松壽路12號4樓","district":"信義區"}},{"type":"Feature","geometry":{"type":"Point","coordinates":[121.514897,25.045615]},"properties":{"city":"臺北市","restaurant_id":1383,"category":"環保餐廳","name":"藏壽司 台北館前店","phone":"02-23316029#","mobile":"0905523271","address":"臺北市中正區館前路12號5樓","district":"中正區"}},{"type":"Feature","geometry":{"type":"Point","coordinates":[121.5662096,25.03445836]},"properties":{"city":"臺北市","restaurant_id":1338,"category":"環保餐廳","name":"金色三麥 UMAMI微風南山店","phone":"02-27291229","mobile":"","address":"臺北市信義區台北市信義區松智路17號7樓","district":"信義區"}},{"type":"Feature","geometry":{"type":"Point","coordinates":[121.5171935,25.04942462]},"properties":{"city":"臺北市","restaurant_id":1335,"category":"環保餐廳","name":"petit doux 微兜  京站店","phone":"02-77290009","mobile":"","address":"臺北市大同區台北市大同區承德路一段1號1樓","district":"大同區"}},{"type":"Feature","geometry":{"type":"Point","coordinates":[121.5306691,25.03282304]},"properties":{"city":"臺北市","restaurant_id":1334,"category":"環保餐廳","name":"petit doux 微兜  永康店","phone":"02-23951336","mobile":"","address":"臺北市大安區台北市大安區信義路二段 198 巷 7-3 號1樓","district":"大安區"}},{"type":"Feature","geometry":{"type":"Point","coordinates":[121.544594,25.04222659]},"properties":{"city":"臺北市","restaurant_id":1333,"category":"環保餐廳","name":"pd by petit doux 忠孝SOGO店","phone":"02-27213008","mobile":"","address":"臺北市大安區台北市大安區忠孝東路四段45號 11樓(忠孝SOGO百貨)","district":"大安區"}},{"type":"Feature","geometry":{"type":"Point","coordinates":[121.495161,25.024438]},"properties":{"city":"臺北市","restaurant_id":1019,"category":"環保餐廳","name":"Q Burger萬華寶興店","phone":"02-23010052","mobile":"","address":"臺北市萬華區寶興街149號1樓","district":"萬華區"}},{"type":"Feature","geometry":{"type":"Point","coordinates":[121.550182,25.001138]},"properties":{"city":"臺北市","restaurant_id":975,"category":"環保餐廳","name":"Q Burger文山興德店","phone":"02-29343805","mobile":"","address":"臺北市文山區興隆路二段215之2號1樓","district":"文山區"}},{"type":"Feature","geometry":{"type":"Point","coordinates":[121.562082,24.983037]},"properties":{"city":"臺北市","restaurant_id":955,"category":"環保餐廳","name":"Q Burger文山興隆店","phone":"02-29371568","mobile":"","address":"臺北市文山區興隆路四段112號","district":"文山區"}},{"type":"Feature","geometry":{"type":"Point","coordinates":[121.588763,25.081544]},"properties":{"city":"臺北市","restaurant_id":953,"category":"環保餐廳","name":"Q Burger內湖達人店","phone":"02-27909865","mobile":"","address":"臺北市內湖區內湖路二段326號","district":"內湖區"}},{"type":"Feature","geometry":{"type":"Point","coordinates":[121.544821,24.995334]},"properties":{"city":"臺北市","restaurant_id":950,"category":"環保餐廳","name":"Q Burger文山景興店","phone":"02-29320217","mobile":"","address":"臺北市文山區景興路99號","district":"文山區"}},{"type":"Feature","geometry":{"type":"Point","coordinates":[121.552522,25.058167]},"properties":{"city":"臺北市","restaurant_id":933,"category":"環保餐廳","name":"Q Burger松山民生店","phone":"02-25471072","mobile":"","address":"臺北市松山區民生東路四段103號1樓","district":"松山區"}},{"type":"Feature","geometry":{"type":"Point","coordinates":[121.542694,25.065888]},"properties":{"city":"臺北市","restaurant_id":931,"category":"環保餐廳","name":"Q Burger中山復興店","phone":"02-25090565","mobile":"","address":"臺北市中山區復興北路514巷34號一樓","district":"中山區"}},{"type":"Feature","geometry":{"type":"Point","coordinates":[121.568693,25.026309]},"properties":{"city":"臺北市","restaurant_id":927,"category":"環保餐廳","name":"Q Burger信義松仁店","phone":"02-27208119","mobile":"","address":"臺北市信義區松仁路227號1樓","district":"信義區"}},{"type":"Feature","geometry":{"type":"Point","coordinates":[121.539496,24.999628]},"properties":{"city":"臺北市","restaurant_id":891,"category":"環保餐廳","name":"Q Burger文山萬隆店","phone":"02-29331380","mobile":"","address":"臺北市文山區萬隆里景福街4號1樓","district":"文山區"}},{"type":"Feature","geometry":{"type":"Point","coordinates":[121.502456,25.021825]},"properties":{"city":"臺北市","restaurant_id":890,"category":"環保餐廳","name":"Q Burger萬華青年店","phone":"02-23070701","mobile":"","address":"臺北市萬華區青年路140號1樓","district":"萬華區"}},{"type":"Feature","geometry":{"type":"Point","coordinates":[121.555938,25.024214]},"properties":{"city":"臺北市","restaurant_id":888,"category":"環保餐廳","name":"Q Burger信義信安店","phone":"02-87321008","mobile":"","address":"臺北市信義區信安街127號","district":"信義區"}},{"type":"Feature","geometry":{"type":"Point","coordinates":[121.505611,25.02721]},"properties":{"city":"臺北市","restaurant_id":883,"category":"環保餐廳","name":"Q Burger萬華國興店","phone":"02-23056683","mobile":"","address":"臺北市萬華區國興路98號","district":"萬華區"}},{"type":"Feature","geometry":{"type":"Point","coordinates":[121.51003,25.083092]},"properties":{"city":"臺北市","restaurant_id":845,"category":"環保餐廳","name":"Q Burger士林延平店","phone":"02-28110658","mobile":"","address":"臺北市士林區延平北路五段179號","district":"士林區"}},{"type":"Feature","geometry":{"type":"Point","coordinates":[121.515206,25.109373]},"properties":{"city":"臺北市","restaurant_id":820,"category":"環保餐廳","name":"Q Burger北投致遠店","phone":"02-28250606","mobile":"","address":"臺北市北投區致遠一路一段95號","district":"北投區"}},{"type":"Feature","geometry":{"type":"Point","coordinates":[121.539379,24.993632]},"properties":{"city":"臺北市","restaurant_id":818,"category":"環保餐廳","name":"Q Burger文山景福店","phone":"02-89351881","mobile":"","address":"臺北市文山區景福街234號","district":"文山區"}},{"type":"Feature","geometry":{"type":"Point","coordinates":[121.498161,25.143566]},"properties":{"city":"臺北市","restaurant_id":1028,"category":"環保餐廳","name":"Q Burger北投中和店","phone":"02-28915262","mobile":"","address":"臺北市北投區中和街402號","district":"北投區"}},{"type":"Feature","geometry":{"type":"Point","coordinates":[121.567274,24.983356]},"properties":{"city":"臺北市","restaurant_id":1023,"category":"環保餐廳","name":"Q Burger文山木新店","phone":"02-29396817","mobile":"","address":"臺北市文山區木新路二段229號","district":"文山區"}},{"type":"Feature","geometry":{"type":"Point","coordinates":[121.55367,25.019635]},"properties":{"city":"臺北市","restaurant_id":986,"category":"環保餐廳","name":"Q Burger大安樂業店","phone":"02-27360209","mobile":"","address":"臺北市大安區樂業街153號","district":"大安區"}},{"type":"Feature","geometry":{"type":"Point","coordinates":[121.519605,25.111066]},"properties":{"city":"臺北市","restaurant_id":984,"category":"環保餐廳","name":"Q Burger北投懷德店","phone":"02-28202320","mobile":"","address":"臺北市北投區建民路161-5號1樓","district":"北投區"}},{"type":"Feature","geometry":{"type":"Point","coordinates":[121.514514,25.029555]},"properties":{"city":"臺北市","restaurant_id":982,"category":"環保餐廳","name":"Q Burger中正寧波店","phone":"02-23325085","mobile":"","address":"臺北市中正區寧波西街100號1樓","district":"中正區"}},{"type":"Feature","geometry":{"type":"Point","coordinates":[121.565777,25.026564]},"properties":{"city":"臺北市","restaurant_id":981,"category":"環保餐廳","name":"Q Burger信義吳興店","phone":"02-27200965","mobile":"","address":"臺北市信義區吳興街281巷59號","district":"信義區"}},{"type":"Feature","geometry":{"type":"Point","coordinates":[121.495014,25.029171]},"properties":{"city":"臺北市","restaurant_id":967,"category":"環保餐廳","name":"Q Burger萬華雙園店","phone":"02-23087655","mobile":"","address":"臺北市萬華區雙園街15號","district":"萬華區"}},{"type":"Feature","geometry":{"type":"Point","coordinates":[121.578491,25.039515]},"properties":{"city":"臺北市","restaurant_id":966,"category":"環保餐廳","name":"Q Burger信義松山店","phone":"02-27279620","mobile":"","address":"臺北市信義區松山路465巷2號","district":"信義區"}},{"type":"Feature","geometry":{"type":"Point","coordinates":[121.570415,25.045445]},"properties":{"city":"臺北市","restaurant_id":965,"category":"環保餐廳","name":"Q Burger信義永吉店","phone":"02-27653337","mobile":"","address":"臺北市信義區永吉路120巷1號1樓","district":"信義區"}},{"type":"Feature","geometry":{"type":"Point","coordinates":[121.539991,25.064385]},"properties":{"city":"臺北市","restaurant_id":961,"category":"環保餐廳","name":"Q Burger中山榮星店","phone":"02-25016190","mobile":"","address":"臺北市中山區行仁里五常街63號","district":"中山區"}},{"type":"Feature","geometry":{"type":"Point","coordinates":[121.530364,25.060113]},"properties":{"city":"臺北市","restaurant_id":945,"category":"環保餐廳","name":"Q Burger中山錦州店","phone":"02-25222997","mobile":"","address":"臺北市中山區吉林路205號","district":"中山區"}},{"type":"Feature","geometry":{"type":"Point","coordinates":[121.590517,25.077784]},"properties":{"city":"臺北市","restaurant_id":942,"category":"環保餐廳","name":"Q Burger內湖星雲店","phone":"02-27922009","mobile":"","address":"臺北市內湖區星雲街14號","district":"內湖區"}},{"type":"Feature","geometry":{"type":"Point","coordinates":[121.532664,25.107074]},"properties":{"city":"臺北市","restaurant_id":926,"category":"環保餐廳","name":"Q Burger士林忠義店","phone":"02-28343148","mobile":"","address":"臺北市士林區忠義街113-1號一樓","district":"士林區"}},{"type":"Feature","geometry":{"type":"Point","coordinates":[121.53152,25.065967]},"properties":{"city":"臺北市","restaurant_id":925,"category":"環保餐廳","name":"Q Burger中山吉林店","phone":"02-25910182","mobile":"","address":"臺北市中山區吉林路397號","district":"中山區"}},{"type":"Feature","geometry":{"type":"Point","coordinates":[121.577796,25.035875]},"properties":{"city":"臺北市","restaurant_id":922,"category":"環保餐廳","name":"Q Burger信義虎林店","phone":"02-27279868","mobile":"","address":"臺北市信義區信義路六段106號1樓","district":"信義區"}},{"type":"Feature","geometry":{"type":"Point","coordinates":[121.52894,25.056967]},"properties":{"city":"臺北市","restaurant_id":917,"category":"環保餐廳","name":"Q Burger中山中原店","phone":"02-25232521","mobile":"","address":"臺北市中山區中原街41號1樓","district":"中山區"}},{"type":"Feature","geometry":{"type":"Point","coordinates":[121.565931,25.062742]},"properties":{"city":"臺北市","restaurant_id":904,"category":"環保餐廳","name":"Q Burger松山撫遠店","phone":"02-27533262","mobile":"","address":"臺北市松山區撫遠街352號","district":"松山區"}},{"type":"Feature","geometry":{"type":"Point","coordinates":[121.516423,25.067933]},"properties":{"city":"臺北市","restaurant_id":860,"category":"環保餐廳","name":"Q Burger大同大龍店","phone":"02-25996128","mobile":"","address":"臺北市信義區大龍街150號","district":"信義區"}},{"type":"Feature","geometry":{"type":"Point","coordinates":[121.513987,25.062866]},"properties":{"city":"臺北市","restaurant_id":853,"category":"環保餐廳","name":"Q Burger大橋頭店","phone":"02-25500147","mobile":"","address":"臺北市信義區民權西路226號","district":"信義區"}},{"type":"Feature","geometry":{"type":"Point","coordinates":[121.521261,25.080739]},"properties":{"city":"臺北市","restaurant_id":792,"category":"環保餐廳","name":"Q Burger士林通河店","phone":"02-28853848","mobile":"","address":"臺北市士林區通河街125號","district":"士林區"}},{"type":"Feature","geometry":{"type":"Point","coordinates":[121.509812,25.115293]},"properties":{"city":"臺北市","restaurant_id":790,"category":"環保餐廳","name":"Q Burger北投實踐店","phone":"02-28250909","mobile":"","address":"臺北市北投區實踐街61號","district":"北投區"}},{"type":"Feature","geometry":{"type":"Point","coordinates":[121.547276,25.048052]},"properties":{"city":"臺北市","restaurant_id":516,"category":"環保餐廳","name":"基督復臨安息日會醫療財團法人臺安醫院 嗎哪天然之味餐廳","phone":"02-27718151#3120","mobile":"","address":"臺北市松山區八德路二段424號B1","district":"松山區"}},{"type":"Feature","geometry":{"type":"Point","coordinates":[121.544883,25.041902]},"properties":{"city":"臺北市","restaurant_id":681,"category":"環保餐廳","name":"神樂家（忠孝SOGO店）","phone":"02-89785666#","mobile":"","address":"臺北市大安區忠孝東路四段45號11樓","district":"大安區"}},{"type":"Feature","geometry":{"type":"Point","coordinates":[121.543057,25.041212]},"properties":{"city":"臺北市","restaurant_id":664,"category":"環保餐廳","name":"Aunt Stella 詩特莉","phone":"02-87721638#","mobile":"","address":"臺北市大安區忠孝東路三段300號B3","district":"大安區"}},{"type":"Feature","geometry":{"type":"Point","coordinates":[121.543057,25.041212]},"properties":{"city":"臺北市","restaurant_id":660,"category":"環保餐廳","name":"成真咖啡台北sogo復興店","phone":"02-87723722#","mobile":"0988327993","address":"臺北市大安區忠孝東路三段300號9樓","district":"大安區"}},{"type":"Feature","geometry":{"type":"Point","coordinates":[121.545865,25.055993]},"properties":{"city":"臺北市","restaurant_id":595,"category":"環保餐廳","name":"十八廚","phone":"02-27547890#","mobile":"","address":"臺北市松山區興安街212號1樓","district":"松山區"}},{"type":"Feature","geometry":{"type":"Point","coordinates":[121.513108,25.045572]},"properties":{"city":"臺北市","restaurant_id":593,"category":"環保餐廳","name":"第一銀行總行大樓員工餐廳","phone":"02-23481520#","mobile":"","address":"臺北市中正區重慶南路一段30號21樓","district":"中正區"}},{"type":"Feature","geometry":{"type":"Point","coordinates":[121.543057,25.041212]},"properties":{"city":"臺北市","restaurant_id":590,"category":"環保餐廳","name":"泰迪農園咖哩","phone":"02-87726099#","mobile":"","address":"臺北市大安區忠孝東路三段300號7樓","district":"大安區"}},{"type":"Feature","geometry":{"type":"Point","coordinates":[121.544883,25.041902]},"properties":{"city":"臺北市","restaurant_id":536,"category":"環保餐廳","name":"詩特莉 Aunt Stella (忠孝SOGO店)","phone":"02-27403072#","mobile":"","address":"臺北市大安區忠孝東路四段45號B1","district":"大安區"}},{"type":"Feature","geometry":{"type":"Point","coordinates":[121.544634,25.042096]},"properties":{"city":"臺北市","restaurant_id":535,"category":"環保餐廳","name":"荷李活茶街 (忠孝SOGO店)","phone":"02-27780369#","mobile":"","address":"臺北市大安區忠孝東路四段45號2F","district":"大安區"}},{"type":"Feature","geometry":{"type":"Point","coordinates":[121.544883,25.041902]},"properties":{"city":"臺北市","restaurant_id":533,"category":"環保餐廳","name":"漢來蔬食 (忠孝SOGO店)","phone":"02-27311128#","mobile":"","address":"臺北市大安區忠孝東路四段45號11F","district":"大安區"}},{"type":"Feature","geometry":{"type":"Point","coordinates":[121.544883,25.041902]},"properties":{"city":"臺北市","restaurant_id":532,"category":"環保餐廳","name":"聚 北海道鍋物 (忠孝SOGO店)","phone":"02-27218787#","mobile":"","address":"臺北市大安區忠孝東路四段45號11F","district":"大安區"}},{"type":"Feature","geometry":{"type":"Point","coordinates":[121.544883,25.041902]},"properties":{"city":"臺北市","restaurant_id":529,"category":"環保餐廳","name":"金澤美味壽司 (忠孝SOGO店)","phone":"02-87717770#","mobile":"","address":"臺北市大安區忠孝東路四段45號11F","district":"大安區"}},{"type":"Feature","geometry":{"type":"Point","coordinates":[121.544883,25.041902]},"properties":{"city":"臺北市","restaurant_id":527,"category":"環保餐廳","name":"吉 天婦羅 (忠孝SOGO店)","phone":"02-27312518#","mobile":"","address":"臺北市大安區忠孝東路四段45號11F","district":"大安區"}},{"type":"Feature","geometry":{"type":"Point","coordinates":[121.544883,25.041902]},"properties":{"city":"臺北市","restaurant_id":526,"category":"環保餐廳","name":"三合院 (忠孝SOGO店)","phone":"02-27816667#","mobile":"","address":"臺北市大安區忠孝東路四段45號11F","district":"大安區"}},{"type":"Feature","geometry":{"type":"Point","coordinates":[121.544883,25.041902]},"properties":{"city":"臺北市","restaurant_id":525,"category":"環保餐廳","name":"莆田 (忠孝SOGO店)","phone":"02-87710767#","mobile":"","address":"臺北市大安區忠孝東路四段45號12F","district":"大安區"}},{"type":"Feature","geometry":{"type":"Point","coordinates":[121.574811,25.14111]},"properties":{"city":"臺北市","restaurant_id":524,"category":"環保餐廳","name":"梅居休閒農場","phone":"-#","mobile":"0963083276","address":"臺北市士林區平菁街43巷99號","district":"士林區"}},{"type":"Feature","geometry":{"type":"Point","coordinates":[121.56017,25.14448]},"properties":{"city":"臺北市","restaurant_id":62,"category":"環保餐廳","name":"陽明山春天書食創作料理士林店","phone":"02-28620178#","mobile":"","address":"臺北市士林區寈山路119-1號","district":"士林區"}},{"type":"Feature","geometry":{"type":"Point","coordinates":[121.544189,25.03675]},"properties":{"city":"臺北市","restaurant_id":58,"category":"環保餐廳","name":"Plants","phone":"02-27845677#","mobile":"","address":"臺北市大安區復興南路1段253巷10號1樓","district":"大安區"}},{"type":"Feature","geometry":{"type":"Point","coordinates":[121.544883,25.041902]},"properties":{"city":"臺北市","restaurant_id":538,"category":"環保餐廳","name":"皇家哥本哈根咖啡輕食複合店 (忠孝SOGO店)","phone":"02-27113362#","mobile":"","address":"臺北市大安區忠孝東路四段45號4F","district":"大安區"}},{"type":"Feature","geometry":{"type":"Point","coordinates":[121.544883,25.041902]},"properties":{"city":"臺北市","restaurant_id":537,"category":"環保餐廳","name":"UCC Café Mercado (忠孝SOGO店)","phone":"02-27416800#","mobile":"","address":"臺北市大安區忠孝東路四段45號B2","district":"大安區"}},{"type":"Feature","geometry":{"type":"Point","coordinates":[121.519166,25.119181]},"properties":{"city":"臺北市","restaurant_id":494,"category":"環保餐廳","name":"義美見學餐廳(北榮美食街)","phone":"02-28749302#","mobile":"","address":"臺北市北投區石牌路二段201號生活廣場","district":"北投區"}},{"type":"Feature","geometry":{"type":"Point","coordinates":[121.519166,25.119181]},"properties":{"city":"臺北市","restaurant_id":493,"category":"環保餐廳","name":"紅豆食府(北榮美食街)","phone":"02-28713068#","mobile":"","address":"臺北市北投區石牌路二段201號生活廣場","district":"北投區"}},{"type":"Feature","geometry":{"type":"Point","coordinates":[121.519166,25.119181]},"properties":{"city":"臺北市","restaurant_id":492,"category":"環保餐廳","name":"皇家傳承(北榮美食街)","phone":"02-28747328#","mobile":"","address":"臺北市北投區石牌路二段201號生活廣場","district":"北投區"}},{"type":"Feature","geometry":{"type":"Point","coordinates":[121.519166,25.119181]},"properties":{"city":"臺北市","restaurant_id":491,"category":"環保餐廳","name":"洪祖師擔仔麵(北榮美食街)","phone":"-#","mobile":"0920283013","address":"臺北市北投區石牌路二段201號生活廣場","district":"北投區"}},{"type":"Feature","geometry":{"type":"Point","coordinates":[121.519166,25.119181]},"properties":{"city":"臺北市","restaurant_id":487,"category":"環保餐廳","name":"西雅圖極品咖啡(北榮美食街)","phone":"02-28760276#","mobile":"","address":"臺北市北投區石牌路二段201號生活廣場","district":"北投區"}},{"type":"Feature","geometry":{"type":"Point","coordinates":[121.519166,25.119181]},"properties":{"city":"臺北市","restaurant_id":484,"category":"環保餐廳","name":"甲大鴻港式燒臘(北榮美食街)","phone":"-#","mobile":"0976698108","address":"臺北市北投區石牌路二段201號生活廣場","district":"北投區"}},{"type":"Feature","geometry":{"type":"Point","coordinates":[121.519166,25.119181]},"properties":{"city":"臺北市","restaurant_id":483,"category":"環保餐廳","name":"小南門/小南門點心世界(北榮美食街)","phone":"02-28751220#","mobile":"","address":"臺北市北投區石牌路二段201號生活廣場","district":"北投區"}},{"type":"Feature","geometry":{"type":"Point","coordinates":[121.519166,25.119181]},"properties":{"city":"臺北市","restaurant_id":482,"category":"環保餐廳","name":"十勝石燒(北榮美食街)","phone":"-#","mobile":"0919329057","address":"臺北市北投區石牌路二段201號生活廣場","district":"北投區"}},{"type":"Feature","geometry":{"type":"Point","coordinates":[121.519166,25.119181]},"properties":{"city":"臺北市","restaurant_id":481,"category":"環保餐廳","name":"Mos摩斯漢堡(北榮美食街)","phone":"02-28710185#","mobile":"","address":"臺北市北投區石牌路二段201號生活廣場","district":"北投區"}}]}