{"type":"FeatureCollection","features":[{"type":"Feature","geometry":{"type":"Point","coordinates":[121.5508081,25.0448506]},"properties":{"city":"臺北市","restaurant_id":5817,"category":"環保餐廳","name":"一品活蝦 市民店","phone":"02-25776662#","mobile":"","address":"臺北市松山區市民大道四段145號","district":"松山區"}},{"type":"Feature","geometry":{"type":"Point","coordinates":[121.5695215,25.0411985]},"properties":{"city":"臺北市","restaurant_id":5816,"category":"環保餐廳","name":"一品活蝦市府店","phone":"02-27560028#","mobile":"","address":"臺北市信義區忠孝東路五段195號","district":"信義區"}},{"type":"Feature","geometry":{"type":"Point","coordinates":[121.5679505,25.0367556]},"properties":{"city":"臺北市","restaurant_id":5788,"category":"環保餐廳","name":"四川吳抄手","phone":"02-87862426#","mobile":"0925620655","address":"臺北市信義區松仁路58號四樓402櫃位","district":"信義區"}},{"type":"Feature","geometry":{"type":"Point","coordinates":[121.5677823,25.0368519]},"properties":{"city":"臺北市","restaurant_id":5639,"category":"環保餐廳","name":"長浜魚屋","phone":"-#","mobile":"0919236144","address":"臺北市信義區松仁路58號B3","district":"信義區"}},{"type":"Feature","geometry":{"type":"Point","coordinates":[121.5677823,25.0368519]},"properties":{"city":"臺北市","restaurant_id":5638,"category":"環保餐廳","name":"季樂A13","phone":"02-27588268#","mobile":"","address":"臺北市信義區松仁路58號B3","district":"信義區"}},{"type":"Feature","geometry":{"type":"Point","coordinates":[121.5568772,25.0394481]},"properties":{"city":"臺北市","restaurant_id":5631,"category":"環保餐廳","name":"sugar miss","phone":"02-27715320#","mobile":"","address":"臺北市大安區光復南路290巷4號1 樓","district":"大安區"}},{"type":"Feature","geometry":{"type":"Point","coordinates":[121.5488112,25.1001805]},"properties":{"city":"臺北市","restaurant_id":5420,"category":"環保餐廳","name":"故宮晶華","phone":"02-28829393#","mobile":"","address":"臺北市士林區至善路二段221號","district":"士林區"}},{"type":"Feature","geometry":{"type":"Point","coordinates":[121.5595066,25.0424367]},"properties":{"city":"臺北市","restaurant_id":5414,"category":"環保餐廳","name":"掌門精釀啤酒餐廳大巨蛋店","phone":"02-23223066#","mobile":"","address":"臺北市信義區忠孝東路四段515號","district":"信義區"}},{"type":"Feature","geometry":{"type":"Point","coordinates":[121.5007623,25.0307602]},"properties":{"city":"臺北市","restaurant_id":5263,"category":"環保餐廳","name":"董月花早餐店","phone":"02-23087999#","mobile":"","address":"臺北市萬華區萬大路67號","district":"萬華區"}},{"type":"Feature","geometry":{"type":"Point","coordinates":[121.5595066,25.0424367]},"properties":{"city":"臺北市","restaurant_id":5148,"category":"環保餐廳","name":"湊湊火鍋•茶憩","phone":"02-27566986#","mobile":"","address":"臺北市信義區忠孝東路四段515號","district":"信義區"}},{"type":"Feature","geometry":{"type":"Point","coordinates":[121.5689714,25.0414615]},"properties":{"city":"臺北市","restaurant_id":5118,"category":"環保餐廳","name":"上樓看看 咖啡","phone":"02-87871782#","mobile":"","address":"臺北市信義區忠孝東路五段165巷3弄6號","district":"信義區"}},{"type":"Feature","geometry":{"type":"Point","coordinates":[121.5469968,25.044862]},"properties":{"city":"臺北市","restaurant_id":5116,"category":"環保餐廳","name":"技固帕串燒酒家 CHIKUPA Izakaya","phone":"02-27419335#","mobile":"","address":"臺北市大安區市民大道四段66號","district":"大安區"}},{"type":"Feature","geometry":{"type":"Point","coordinates":[121.554754,25.042747]},"properties":{"city":"臺北市","restaurant_id":5103,"category":"環保餐廳","name":"Pan House Wine & Bistro","phone":"02-27312465#","mobile":"","address":"臺北市大安區延吉街131巷9號","district":"大安區"}},{"type":"Feature","geometry":{"type":"Point","coordinates":[121.5711666,25.077819]},"properties":{"city":"臺北市","restaurant_id":5102,"category":"環保餐廳","name":"內湖光寶大樓員工餐廳","phone":"02-87982888#6934","mobile":"","address":"臺北市內湖區瑞光路392號","district":"內湖區"}},{"type":"Feature","geometry":{"type":"Point","coordinates":[121.5578467,25.0309146]},"properties":{"city":"臺北市","restaurant_id":5099,"category":"環保餐廳","name":"放 Fun Dining串燒酒肴","phone":"02-27201500#","mobile":"","address":"臺北市信義區嘉興街70-3號1樓","district":"信義區"}},{"type":"Feature","geometry":{"type":"Point","coordinates":[121.5529,25.0436068]},"properties":{"city":"臺北市","restaurant_id":5095,"category":"環保餐廳","name":"DEC Taipei","phone":"-#","mobile":"0912862769","address":"臺北市大安區忠孝東路4段223巷63號","district":"大安區"}},{"type":"Feature","geometry":{"type":"Point","coordinates":[121.5541651,25.0402281]},"properties":{"city":"臺北市","restaurant_id":5093,"category":"環保餐廳","name":"十八居酒棧","phone":"-#","mobile":"0920755291","address":"臺北市大安區忠孝東路四段248巷17號","district":"大安區"}},{"type":"Feature","geometry":{"type":"Point","coordinates":[121.52565,25.0401193]},"properties":{"city":"臺北市","restaurant_id":5020,"category":"環保餐廳","name":"Rodeo","phone":"02-23933608#","mobile":"","address":"臺北市中正區杭州南路一段12號","district":"中正區"}},{"type":"Feature","geometry":{"type":"Point","coordinates":[121.6072597,25.0528955]},"properties":{"city":"臺北市","restaurant_id":4923,"category":"環保餐廳","name":"好滴咖啡","phone":"02-27648181#","mobile":"","address":"臺北市南港區忠孝東路七段371號B棟B1","district":"南港區"}},{"type":"Feature","geometry":{"type":"Point","coordinates":[121.6072597,25.0528955]},"properties":{"city":"臺北市","restaurant_id":4911,"category":"環保餐廳","name":"星馬快餐 台北南港環球百貨門市","phone":"-#","mobile":"0926656376","address":"臺北市南港區忠孝東路七段371號B1櫃位B116","district":"南港區"}},{"type":"Feature","geometry":{"type":"Point","coordinates":[121.5455449,25.0437425]},"properties":{"city":"臺北市","restaurant_id":4909,"category":"環保餐廳","name":"星馬快餐台北大安店","phone":"-#","mobile":"0926656376","address":"臺北市大安區復興南路一段107巷25號1F","district":"大安區"}},{"type":"Feature","geometry":{"type":"Point","coordinates":[121.5397518,25.0173405]},"properties":{"city":"臺北市","restaurant_id":4869,"category":"環保餐廳","name":"Drink store水雲朵臺灣大學店","phone":"02-23661686#","mobile":"","address":"臺北市大安區羅斯福路4段1號（台大第一學生活動中心餐廳）","district":"大安區"}},{"type":"Feature","geometry":{"type":"Point","coordinates":[121.5428657,25.0138401]},"properties":{"city":"臺北市","restaurant_id":4868,"category":"環保餐廳","name":"天津蔥抓餅","phone":"02-27382936#","mobile":"","address":"臺北市大安區基隆路四段43號B1","district":"大安區"}},{"type":"Feature","geometry":{"type":"Point","coordinates":[121.5428657,25.0138401]},"properties":{"city":"臺北市","restaurant_id":4867,"category":"環保餐廳","name":"雞同鴨講","phone":"02-27382936#","mobile":"","address":"臺北市大安區基隆路四段43號B1","district":"大安區"}},{"type":"Feature","geometry":{"type":"Point","coordinates":[121.5428657,25.0138401]},"properties":{"city":"臺北市","restaurant_id":4865,"category":"環保餐廳","name":"茶覺","phone":"02-27382936#","mobile":"","address":"臺北市大安區基隆路四段43號B1","district":"大安區"}},{"type":"Feature","geometry":{"type":"Point","coordinates":[121.5428657,25.0138401]},"properties":{"city":"臺北市","restaurant_id":4862,"category":"環保餐廳","name":"京都日式料理","phone":"02-27382936#","mobile":"","address":"臺北市大安區基隆路四段43號B1","district":"大安區"}},{"type":"Feature","geometry":{"type":"Point","coordinates":[121.5428657,25.0138401]},"properties":{"city":"臺北市","restaurant_id":4860,"category":"環保餐廳","name":"八方雲集台科大店","phone":"02-27382936#","mobile":"","address":"臺北市大安區基隆路四段43號B1","district":"大安區"}},{"type":"Feature","geometry":{"type":"Point","coordinates":[121.5245435,25.0219509]},"properties":{"city":"臺北市","restaurant_id":4859,"category":"環保餐廳","name":"Supreme beans coffee Taipei","phone":"02-23678745#","mobile":"","address":"臺北市中正區汀州路二段293號1樓","district":"中正區"}},{"type":"Feature","geometry":{"type":"Point","coordinates":[121.5326358,25.0157178]},"properties":{"city":"臺北市","restaurant_id":4858,"category":"環保餐廳","name":"重順川菜餐廳","phone":"02-23684549#","mobile":"","address":"臺北市中正區羅斯福路三段316巷8弄3-2號","district":"中正區"}},{"type":"Feature","geometry":{"type":"Point","coordinates":[121.5427043,25.0128577]},"properties":{"city":"臺北市","restaurant_id":4843,"category":"環保餐廳","name":"御便當","phone":"02-27382936#","mobile":"","address":"臺北市大安區基隆路四段43號","district":"大安區"}},{"type":"Feature","geometry":{"type":"Point","coordinates":[121.5427043,25.0128577]},"properties":{"city":"臺北市","restaurant_id":4842,"category":"環保餐廳","name":"高麗元韓式料理","phone":"02-27382936#","mobile":"","address":"臺北市大安區基隆路四段43號","district":"大安區"}},{"type":"Feature","geometry":{"type":"Point","coordinates":[121.5427043,25.0128577]},"properties":{"city":"臺北市","restaurant_id":4840,"category":"環保餐廳","name":"七樂燒臘","phone":"02-27382936#","mobile":"","address":"臺北市大安區基隆路四段43號","district":"大安區"}},{"type":"Feature","geometry":{"type":"Point","coordinates":[121.5355257,25.0129102]},"properties":{"city":"臺北市","restaurant_id":4839,"category":"環保餐廳","name":"黑丸關東煮","phone":"-#","mobile":"0978511951","address":"臺北市中正區羅斯福路四段136巷1弄7號","district":"中正區"}},{"type":"Feature","geometry":{"type":"Point","coordinates":[121.5354822,25.0126133]},"properties":{"city":"臺北市","restaurant_id":4837,"category":"環保餐廳","name":"白帝城川式滷味","phone":"-#","mobile":"0952368865","address":"臺北市中正區羅斯福路四段136巷8號","district":"中正區"}},{"type":"Feature","geometry":{"type":"Point","coordinates":[121.564101,25.0334929]},"properties":{"city":"臺北市","restaurant_id":4802,"category":"環保餐廳","name":"TWG Tea","phone":"02-87891837#","mobile":"","address":"臺北市信義區市府路45號5樓","district":"信義區"}},{"type":"Feature","geometry":{"type":"Point","coordinates":[121.5643085,25.0338492]},"properties":{"city":"臺北市","restaurant_id":4801,"category":"環保餐廳","name":"凱林鐵板燒台北101店","phone":"02-81018285#","mobile":"","address":"臺北市信義區市府路45號B1樓","district":"信義區"}},{"type":"Feature","geometry":{"type":"Point","coordinates":[121.5358449,25.0122635]},"properties":{"city":"臺北市","restaurant_id":4645,"category":"環保餐廳","name":"咖啡休日 Day off. - 手沖咖啡專門店","phone":"02-23689841#","mobile":"","address":"臺北市中正區羅斯福路四段136巷6弄23號","district":"中正區"}},{"type":"Feature","geometry":{"type":"Point","coordinates":[121.5334094,25.0138878]},"properties":{"city":"臺北市","restaurant_id":4644,"category":"環保餐廳","name":"京阪豚骨拉麵","phone":"02-23640605#","mobile":"","address":"臺北市中正區汀州路三段104巷9號","district":"中正區"}},{"type":"Feature","geometry":{"type":"Point","coordinates":[121.5764728,25.0716583]},"properties":{"city":"臺北市","restaurant_id":4641,"category":"環保餐廳","name":"普橘島","phone":"02-26588866#1485","mobile":"","address":"臺北市內湖區瑞湖街111號","district":"內湖區"}},{"type":"Feature","geometry":{"type":"Point","coordinates":[121.5659555,25.0343073]},"properties":{"city":"臺北市","restaurant_id":3962,"category":"環保餐廳","name":"海底撈火鍋","phone":"02-87801855#","mobile":"","address":"臺北市信義區松智路17號2B","district":"信義區"}},{"type":"Feature","geometry":{"type":"Point","coordinates":[121.5232167,25.0553814]},"properties":{"city":"臺北市","restaurant_id":3917,"category":"環保餐廳","name":"彰化商業銀行員工餐廳","phone":"-#","mobile":"0912525473","address":"臺北市中山區中山北路二段57號13樓","district":"中山區"}},{"type":"Feature","geometry":{"type":"Point","coordinates":[121.5570625,25.0822446]},"properties":{"city":"臺北市","restaurant_id":3759,"category":"環保餐廳","name":"黑毛屋大直忠泰店","phone":"02-85025991#","mobile":"","address":"臺北市中正區樂群三路200號5樓","district":"中正區"}},{"type":"Feature","geometry":{"type":"Point","coordinates":[121.5570625,25.0822446]},"properties":{"city":"臺北市","restaurant_id":3755,"category":"環保餐廳","name":"老乾杯大直忠泰店","phone":"02-85025551#","mobile":"","address":"臺北市中山區樂群三路200號5樓","district":"中山區"}},{"type":"Feature","geometry":{"type":"Point","coordinates":[121.5653962,25.0408461]},"properties":{"city":"臺北市","restaurant_id":3751,"category":"環保餐廳","name":"博多天麩羅山海","phone":"02-27231885#","mobile":"","address":"臺北市信義區忠孝東路五段8號B2","district":"信義區"}},{"type":"Feature","geometry":{"type":"Point","coordinates":[121.5580267,25.045903]},"properties":{"city":"臺北市","restaurant_id":3682,"category":"環保餐廳","name":"Coming Bistro","phone":"02-27479225#","mobile":"","address":"臺北市松山區光復南路55號1樓","district":"松山區"}},{"type":"Feature","geometry":{"type":"Point","coordinates":[121.5269515,25.050578]},"properties":{"city":"臺北市","restaurant_id":3681,"category":"環保餐廳","name":"九湯屋日本拉麵(台北南京店)","phone":"02-25813100#","mobile":"","address":"臺北市中山區南京東路一段132巷33號","district":"中山區"}},{"type":"Feature","geometry":{"type":"Point","coordinates":[121.5630504,25.0426146]},"properties":{"city":"臺北市","restaurant_id":3679,"category":"環保餐廳","name":"鳥作洋食","phone":"02-27567966#","mobile":"0987941819","address":"臺北市信義區忠孝東路四段553巷16弄2號1樓","district":"信義區"}},{"type":"Feature","geometry":{"type":"Point","coordinates":[121.5650865,25.0500353]},"properties":{"city":"臺北市","restaurant_id":3528,"category":"環保餐廳","name":"咖食堂","phone":"02-23965252#","mobile":"0926354984","address":"臺北市中正區八德路1段82巷9弄13號","district":"中正區"}},{"type":"Feature","geometry":{"type":"Point","coordinates":[121.5448587,25.0502905]},"properties":{"city":"臺北市","restaurant_id":3436,"category":"環保餐廳","name":"發肉燒肉餐酒(敦化本店)","phone":"02-27113331#","mobile":"","address":"臺北市松山區敦化北路4巷56號","district":"松山區"}},{"type":"Feature","geometry":{"type":"Point","coordinates":[121.5453353,25.0395577]},"properties":{"city":"臺北市","restaurant_id":3435,"category":"環保餐廳","name":"立馬吃一鍋。有機水產火鍋專賣","phone":"02-27417668#","mobile":"","address":"臺北市大安區仁愛路四段27巷9號B1","district":"大安區"}},{"type":"Feature","geometry":{"type":"Point","coordinates":[121.5289148,25.0285574]},"properties":{"city":"臺北市","restaurant_id":3434,"category":"環保餐廳","name":"Bea's Bistro 美式餐館","phone":"02-23918827#","mobile":"","address":"臺北市大安區潮州街133號","district":"大安區"}},{"type":"Feature","geometry":{"type":"Point","coordinates":[121.5432347,25.0240436]},"properties":{"city":"臺北市","restaurant_id":3432,"category":"環保餐廳","name":"6：35 Brunch & Dinner(大安旗艦店)","phone":"02-23770100#","mobile":"0931034202","address":"臺北市大安區復興南路二段288號","district":"大安區"}},{"type":"Feature","geometry":{"type":"Point","coordinates":[121.5426486,25.0224472]},"properties":{"city":"臺北市","restaurant_id":3429,"category":"環保餐廳","name":"永和樓中華料理店","phone":"02-23772077#","mobile":"","address":"臺北市大安區和平東路二段118巷52弄3號","district":"大安區"}},{"type":"Feature","geometry":{"type":"Point","coordinates":[121.5534984,25.0426381]},"properties":{"city":"臺北市","restaurant_id":3427,"category":"環保餐廳","name":"真飽餐盒","phone":"02-27720506#","mobile":"","address":"臺北市大安區延吉街70巷6弄3號","district":"大安區"}},{"type":"Feature","geometry":{"type":"Point","coordinates":[121.50585277,25.03787064]},"properties":{"city":"臺北市","restaurant_id":3134,"category":"環保餐廳","name":"爭鮮迴轉壽司","phone":"02-23812806","mobile":"","address":"臺北市萬華區台北市萬華區桂林路1號1樓","district":"萬華區"}},{"type":"Feature","geometry":{"type":"Point","coordinates":[121.5058378,25.03792027]},"properties":{"city":"臺北市","restaurant_id":3126,"category":"環保餐廳","name":"海底撈","phone":"02-23146868","mobile":"","address":"臺北市萬華區台北市萬華區桂林路1號4樓","district":"萬華區"}},{"type":"Feature","geometry":{"type":"Point","coordinates":[121.50586999,25.03794943]},"properties":{"city":"臺北市","restaurant_id":3114,"category":"環保餐廳","name":"星巴克","phone":"02-23616931","mobile":"","address":"臺北市萬華區台北市萬華區桂林路1號","district":"萬華區"}},{"type":"Feature","geometry":{"type":"Point","coordinates":[121.50585926,25.03794943]},"properties":{"city":"臺北市","restaurant_id":3101,"category":"環保餐廳","name":"炸雞大獅","phone":"02-23813607","mobile":"","address":"臺北市萬華區台北市萬華區桂林路1號","district":"萬華區"}},{"type":"Feature","geometry":{"type":"Point","coordinates":[121.54605237,25.04757916]},"properties":{"city":"臺北市","restaurant_id":2305,"category":"環保餐廳","name":"PAI CAFÉ & LIFE","phone":"-#","mobile":"0971168198","address":"臺北市松山區八德路二段366巷11號","district":"松山區"}},{"type":"Feature","geometry":{"type":"Point","coordinates":[121.5347223,25.05927894]},"properties":{"city":"臺北市","restaurant_id":2299,"category":"環保餐廳","name":"PAI Coffee","phone":"02-25179787#","mobile":"","address":"臺北市中山區民生東路二段147巷6弄1號","district":"中山區"}},{"type":"Feature","geometry":{"type":"Point","coordinates":[121.53387122,25.02349946]},"properties":{"city":"臺北市","restaurant_id":2064,"category":"環保餐廳","name":"風尚咖啡廳","phone":"02-88122323#2021","mobile":"0910277212","address":"臺北市大安區新生南路3段30號B1","district":"大安區"}},{"type":"Feature","geometry":{"type":"Point","coordinates":[121.606437,25.0527451]},"properties":{"city":"臺北市","restaurant_id":1829,"category":"環保餐廳","name":"靜岡勝政豬排 南港環球店","phone":"02-27865589#","mobile":"0922291032","address":"臺北市南港區忠孝東路七段371號B1","district":"南港區"}},{"type":"Feature","geometry":{"type":"Point","coordinates":[121.606437,25.0527451]},"properties":{"city":"臺北市","restaurant_id":1828,"category":"環保餐廳","name":"朱記餡餅粥店","phone":"02-26510264#","mobile":"0922291032","address":"臺北市南港區忠孝東路七段371號B1","district":"南港區"}},{"type":"Feature","geometry":{"type":"Point","coordinates":[121.5454299,25.05751728]},"properties":{"city":"臺北市","restaurant_id":1585,"category":"環保餐廳","name":"杭州小籠湯包-民生店","phone":"02-66130666#","mobile":"","address":"臺北市松山區民生東路三段118號","district":"松山區"}},{"type":"Feature","geometry":{"type":"Point","coordinates":[121.5315196,25.01823751]},"properties":{"city":"臺北市","restaurant_id":1577,"category":"環保餐廳","name":"秘徑小食光","phone":"02-33651995#","mobile":"","address":"臺北市大安區羅斯福路三段283巷3號","district":"大安區"}},{"type":"Feature","geometry":{"type":"Point","coordinates":[121.57010767,25.04265879]},"properties":{"city":"臺北市","restaurant_id":1576,"category":"環保餐廳","name":"蔬漫小姐Miss Shumaan.house","phone":"02-27662386#","mobile":"","address":"臺北市信義區永吉路120巷82號1F","district":"信義區"}},{"type":"Feature","geometry":{"type":"Point","coordinates":[121.532636,25.05224]},"properties":{"city":"臺北市","restaurant_id":1376,"category":"環保餐廳","name":"藏壽司 松江南京店","phone":"02-25681519#","mobile":"0905122329","address":"臺北市中山區南京東路二段101號B1","district":"中山區"}},{"type":"Feature","geometry":{"type":"Point","coordinates":[121.543057,25.041212]},"properties":{"city":"臺北市","restaurant_id":623,"category":"環保餐廳","name":"凱林鐵板燒","phone":"02-87728551#","mobile":"","address":"臺北市大安區忠孝東路三段300號B2","district":"大安區"}},{"type":"Feature","geometry":{"type":"Point","coordinates":[121.543552,25.0423811]},"properties":{"city":"臺北市","restaurant_id":5850,"category":"環保餐廳","name":"RizzBar Taipei","phone":"02-27765606#","mobile":"","address":"臺北市大安區復興南路一段150號","district":"大安區"}},{"type":"Feature","geometry":{"type":"Point","coordinates":[121.5681308,25.0367179]},"properties":{"city":"臺北市","restaurant_id":5688,"category":"環保餐廳","name":"鼎泰豐A13店","phone":"02-87805200#","mobile":"","address":"臺北市信義區松仁路58號1F","district":"信義區"}},{"type":"Feature","geometry":{"type":"Point","coordinates":[121.5595072,25.0423915]},"properties":{"city":"臺北市","restaurant_id":5748,"category":"環保餐廳","name":"玖仰jiu yang(大巨蛋)","phone":"02-27670089#","mobile":"","address":"臺北市信義區忠孝東路四段515號B2","district":"信義區"}},{"type":"Feature","geometry":{"type":"Point","coordinates":[121.5107373,25.0810879]},"properties":{"city":"臺北市","restaurant_id":5574,"category":"環保餐廳","name":"味佳奇早餐店","phone":"02-28113898#","mobile":"","address":"臺北市士林區延平北路5段90號","district":"士林區"}},{"type":"Feature","geometry":{"type":"Point","coordinates":[121.5432417,25.0408932]},"properties":{"city":"臺北市","restaurant_id":5570,"category":"環保餐廳","name":"鼎泰豐復興店","phone":"02-22267890#5105","mobile":"","address":"臺北市大安區忠孝東路三段300號B2","district":"大安區"}},{"type":"Feature","geometry":{"type":"Point","coordinates":[121.5510469,25.0443455]},"properties":{"city":"臺北市","restaurant_id":5567,"category":"環保餐廳","name":"無日","phone":"-#","mobile":"0919234719","address":"臺北市大安區市民大道四段118號","district":"大安區"}},{"type":"Feature","geometry":{"type":"Point","coordinates":[121.5620886,24.9821411]},"properties":{"city":"臺北市","restaurant_id":5519,"category":"環保餐廳","name":"三三活力早餐-總店","phone":"02-22345728#","mobile":"","address":"臺北市文山區木新路三段122號","district":"文山區"}},{"type":"Feature","geometry":{"type":"Point","coordinates":[121.5681007,24.9863736]},"properties":{"city":"臺北市","restaurant_id":5518,"category":"環保餐廳","name":"晨間戀人早餐","phone":"02-29396882#","mobile":"","address":"臺北市文山區保儀路107號","district":"文山區"}},{"type":"Feature","geometry":{"type":"Point","coordinates":[121.5005043,25.0322162]},"properties":{"city":"臺北市","restaurant_id":5453,"category":"環保餐廳","name":"愛吃不吃早餐屋","phone":"-#","mobile":"0917108107","address":"臺北市萬華區萬大路20號","district":"萬華區"}},{"type":"Feature","geometry":{"type":"Point","coordinates":[121.5514001,25.0427505]},"properties":{"city":"臺北市","restaurant_id":5445,"category":"環保餐廳","name":"L.C Française 法租界","phone":"-#","mobile":"0983638156","address":"臺北市大安區敦化南路一段187巷45-2號","district":"大安區"}},{"type":"Feature","geometry":{"type":"Point","coordinates":[121.5566674,25.04459196]},"properties":{"city":"臺北市","restaurant_id":5429,"category":"環保餐廳","name":"Fermented by 曾House","phone":"02-87729010#","mobile":"0912899950","address":"臺北市大安區市民大道四段232號1F","district":"大安區"}},{"type":"Feature","geometry":{"type":"Point","coordinates":[121.5595066,25.0424367]},"properties":{"city":"臺北市","restaurant_id":5425,"category":"環保餐廳","name":"TOK盡興時光","phone":"02-27656228#","mobile":"","address":"臺北市信義區忠孝東路四段515號","district":"信義區"}},{"type":"Feature","geometry":{"type":"Point","coordinates":[121.5595066,25.0424367]},"properties":{"city":"臺北市","restaurant_id":5406,"category":"環保餐廳","name":"漢堡排嘉","phone":"02-27615088#","mobile":"","address":"臺北市信義區忠孝東路四段515號","district":"信義區"}},{"type":"Feature","geometry":{"type":"Point","coordinates":[121.5595066,25.0424367]},"properties":{"city":"臺北市","restaurant_id":5391,"category":"環保餐廳","name":"SPORTS NATION","phone":"02-27600299#","mobile":"","address":"臺北市信義區忠孝東路四段515號","district":"信義區"}},{"type":"Feature","geometry":{"type":"Point","coordinates":[121.5595066,25.0424367]},"properties":{"city":"臺北市","restaurant_id":5139,"category":"環保餐廳","name":"大巨星港式飲茶餐酒館","phone":"02-27771717#","mobile":"","address":"臺北市信義區忠孝東路四段515號","district":"信義區"}},{"type":"Feature","geometry":{"type":"Point","coordinates":[121.5595066,25.0424367]},"properties":{"city":"臺北市","restaurant_id":5138,"category":"環保餐廳","name":"武蔵野森珈琲Diner","phone":"02-27686118#","mobile":"","address":"臺北市信義區忠孝東路四段515號","district":"信義區"}},{"type":"Feature","geometry":{"type":"Point","coordinates":[121.5452464,24.9951072]},"properties":{"city":"臺北市","restaurant_id":5135,"category":"環保餐廳","name":"景美如叔叔早餐店30","phone":"02-29310465#","mobile":"","address":"臺北市文山區景華街80號","district":"文山區"}},{"type":"Feature","geometry":{"type":"Point","coordinates":[121.5595066,25.0424367]},"properties":{"city":"臺北市","restaurant_id":5130,"category":"環保餐廳","name":"Lit Lit 早午餐酒吧","phone":"02-27600793#","mobile":"","address":"臺北市信義區忠孝東路四段515號","district":"信義區"}},{"type":"Feature","geometry":{"type":"Point","coordinates":[121.5595066,25.0424367]},"properties":{"city":"臺北市","restaurant_id":5129,"category":"環保餐廳","name":"一風堂 台北大巨蛋店","phone":"02-27565135#","mobile":"","address":"臺北市信義區忠孝東路四段515號","district":"信義區"}},{"type":"Feature","geometry":{"type":"Point","coordinates":[121.5595066,25.0424367]},"properties":{"city":"臺北市","restaurant_id":5128,"category":"環保餐廳","name":"星胡同","phone":"02-27660166#","mobile":"","address":"臺北市信義區忠孝東路四段515號","district":"信義區"}},{"type":"Feature","geometry":{"type":"Point","coordinates":[121.5595066,25.0424367]},"properties":{"city":"臺北市","restaurant_id":5127,"category":"環保餐廳","name":"放感情 螢火部落","phone":"02-25282588#","mobile":"","address":"臺北市信義區忠孝東路四段515號","district":"信義區"}},{"type":"Feature","geometry":{"type":"Point","coordinates":[121.5595066,25.0424367]},"properties":{"city":"臺北市","restaurant_id":5126,"category":"環保餐廳","name":"PRESERVE","phone":"02-27613365#","mobile":"","address":"臺北市信義區忠孝東路四段515號","district":"信義區"}},{"type":"Feature","geometry":{"type":"Point","coordinates":[121.5595066,25.0424367]},"properties":{"city":"臺北市","restaurant_id":5125,"category":"環保餐廳","name":"週末炸雞漢堡俱樂部","phone":"-#","mobile":"0978001077","address":"臺北市信義區忠孝東路四段515號","district":"信義區"}},{"type":"Feature","geometry":{"type":"Point","coordinates":[121.5539052,25.0432617]},"properties":{"city":"臺北市","restaurant_id":5110,"category":"環保餐廳","name":"Meal Room 米釉鍋物","phone":"02-87728728#","mobile":"","address":"臺北市大安區延吉街66-1號","district":"大安區"}},{"type":"Feature","geometry":{"type":"Point","coordinates":[121.5546583,25.0416701]},"properties":{"city":"臺北市","restaurant_id":5109,"category":"環保餐廳","name":"Zentopia Taipei 禪托邦餐酒館","phone":"02-27755056#","mobile":"","address":"臺北市大安區忠孝東路四段289號b1","district":"大安區"}},{"type":"Feature","geometry":{"type":"Point","coordinates":[121.5449162,25.04414544]},"properties":{"city":"臺北市","restaurant_id":5107,"category":"環保餐廳","name":"Cheers&Co.","phone":"02-27210277#","mobile":"","address":"臺北市大安區復興南路一段107巷5弄12號","district":"大安區"}},{"type":"Feature","geometry":{"type":"Point","coordinates":[121.5417836,25.0421174]},"properties":{"city":"臺北市","restaurant_id":5541,"category":"環保餐廳","name":"慢步調咖啡館","phone":"02-27112311#","mobile":"0918007040","address":"臺北市大安區忠孝東路三段251巷1弄1號","district":"大安區"}},{"type":"Feature","geometry":{"type":"Point","coordinates":[121.5549636,25.03916]},"properties":{"city":"臺北市","restaurant_id":5500,"category":"環保餐廳","name":"和睦屋享吃食務所","phone":"-#","mobile":"0938777680","address":"臺北市大安區延吉街162號","district":"大安區"}},{"type":"Feature","geometry":{"type":"Point","coordinates":[121.5027205,25.0286274]},"properties":{"city":"臺北市","restaurant_id":5479,"category":"環保餐廳","name":"美美精緻早午餐","phone":"02-23032518#","mobile":"","address":"臺北市萬華區西藏路115巷6弄7號","district":"萬華區"}},{"type":"Feature","geometry":{"type":"Point","coordinates":[121.5489025,25.1432836]},"properties":{"city":"臺北市","restaurant_id":4129,"category":"環保餐廳","name":"藏粵閣","phone":"02-28616661#","mobile":"","address":"臺北市士林區格致路237號2樓","district":"士林區"}},{"type":"Feature","geometry":{"type":"Point","coordinates":[121.5372562,25.0527114]},"properties":{"city":"臺北市","restaurant_id":4984,"category":"環保餐廳","name":"柒號洋樓","phone":"02-25066688#","mobile":"","address":"臺北市中山區建國北路二段7號","district":"中山區"}},{"type":"Feature","geometry":{"type":"Point","coordinates":[121.5335291,25.0146589]},"properties":{"city":"臺北市","restaurant_id":4812,"category":"環保餐廳","name":"989就愛海鮮粥","phone":"02-23650100#","mobile":"","address":"臺北市中正區羅斯福路四段52巷16弄1號","district":"中正區"}},{"type":"Feature","geometry":{"type":"Point","coordinates":[121.5518476,25.0636811]},"properties":{"city":"臺北市","restaurant_id":4780,"category":"環保餐廳","name":"二師兄肉羹專賣店","phone":"-#","mobile":"0973662335","address":"臺北市松山區敦化北路340-10號2樓","district":"松山區"}},{"type":"Feature","geometry":{"type":"Point","coordinates":[121.5518476,25.0636811]},"properties":{"city":"臺北市","restaurant_id":4779,"category":"環保餐廳","name":"TKK","phone":"02-25467952#","mobile":"","address":"臺北市松山區敦化北路340-10號2樓","district":"松山區"}},{"type":"Feature","geometry":{"type":"Point","coordinates":[121.5518476,25.0636811]},"properties":{"city":"臺北市","restaurant_id":4778,"category":"環保餐廳","name":"upoke","phone":"02-25465951#","mobile":"","address":"臺北市松山區敦化北路340-10號2樓","district":"松山區"}},{"type":"Feature","geometry":{"type":"Point","coordinates":[121.5518476,25.0636811]},"properties":{"city":"臺北市","restaurant_id":4776,"category":"環保餐廳","name":"五花馬","phone":"02-25471022#","mobile":"","address":"臺北市松山區敦化北路340-10號2樓","district":"松山區"}},{"type":"Feature","geometry":{"type":"Point","coordinates":[121.5320626,25.0165578]},"properties":{"city":"臺北市","restaurant_id":4759,"category":"環保餐廳","name":"BERTHA IRISH BAR","phone":"-#","mobile":"0988955096","address":"臺北市中正區羅斯福路三段278號","district":"中正區"}},{"type":"Feature","geometry":{"type":"Point","coordinates":[121.5636048,25.0442733]},"properties":{"city":"臺北市","restaurant_id":5088,"category":"環保餐廳","name":"三徑就荒Hermit's Hut","phone":"02-27466929#","mobile":"","address":"臺北市信義區忠孝東路四段553巷46弄15號1樓","district":"信義區"}},{"type":"Feature","geometry":{"type":"Point","coordinates":[121.5475477,25.0443613]},"properties":{"city":"臺北市","restaurant_id":5087,"category":"環保餐廳","name":"Silk & Linen","phone":"-#","mobile":"0932214382","address":"臺北市大安區大安路一段19巷28號","district":"大安區"}},{"type":"Feature","geometry":{"type":"Point","coordinates":[120.6397751,24.3629879]},"properties":{"city":"臺北市","restaurant_id":5083,"category":"環保餐廳","name":"梟夜串酒場","phone":"02-27010207#","mobile":"","address":"臺北市大安區四維路164號","district":"大安區"}},{"type":"Feature","geometry":{"type":"Point","coordinates":[121.5555417,25.0357216]},"properties":{"city":"臺北市","restaurant_id":5082,"category":"環保餐廳","name":"《念•饗》NIAN SANG","phone":"02-27038006#","mobile":"","address":"臺北市大安區延吉街242-3號1樓","district":"大安區"}},{"type":"Feature","geometry":{"type":"Point","coordinates":[121.5517058,25.0269613]},"properties":{"city":"臺北市","restaurant_id":5071,"category":"環保餐廳","name":"Gravity 磁場","phone":"-#","mobile":"0952871261","address":"臺北市大安區樂利路39-1號","district":"大安區"}},{"type":"Feature","geometry":{"type":"Point","coordinates":[121.5481926,25.0417788]},"properties":{"city":"臺北市","restaurant_id":5070,"category":"環保餐廳","name":"Old Seat Restaurant Cafe 川酒.咖啡","phone":"-#","mobile":"0913365689","address":"臺北市大安區忠孝東路4段101巷29號","district":"大安區"}},{"type":"Feature","geometry":{"type":"Point","coordinates":[121.5535507,25.0357659]},"properties":{"city":"臺北市","restaurant_id":5063,"category":"環保餐廳","name":"MONO MONO","phone":"-#","mobile":"0938860727","address":"臺北市大安區安和路一段127巷29弄17號","district":"大安區"}},{"type":"Feature","geometry":{"type":"Point","coordinates":[121.5238425,25.0342382]},"properties":{"city":"臺北市","restaurant_id":5062,"category":"環保餐廳","name":"壹府YifuBarTaipei","phone":"-#","mobile":"0916768066","address":"臺北市大安區杭州南路二段13號","district":"大安區"}},{"type":"Feature","geometry":{"type":"Point","coordinates":[121.5643085,25.0338492]},"properties":{"city":"臺北市","restaurant_id":5054,"category":"環保餐廳","name":"阿官火鍋專家-台北101旗艦店","phone":"02-81017693#","mobile":"","address":"臺北市信義區市府路45號B1","district":"信義區"}},{"type":"Feature","geometry":{"type":"Point","coordinates":[121.5643085,25.0338492]},"properties":{"city":"臺北市","restaurant_id":5053,"category":"環保餐廳","name":"姥姥酸菜魚 101店","phone":"02-81017817#","mobile":"","address":"臺北市信義區市府路45號B1","district":"信義區"}},{"type":"Feature","geometry":{"type":"Point","coordinates":[121.5333243,25.0508646]},"properties":{"city":"臺北市","restaurant_id":5041,"category":"環保餐廳","name":"犇鱻涮涮鍋","phone":"02-25069069#","mobile":"","address":"臺北市中山區松江路95-1號2樓","district":"中山區"}},{"type":"Feature","geometry":{"type":"Point","coordinates":[121.54799,25.0243689]},"properties":{"city":"臺北市","restaurant_id":4373,"category":"環保餐廳","name":"黑沃咖啡-大安和平店","phone":"04-22624040#","mobile":"","address":"臺北市大安區台北市大安區和平東路三段46之4號","district":"大安區"}},{"type":"Feature","geometry":{"type":"Point","coordinates":[121.6122632,25.0554621]},"properties":{"city":"臺北市","restaurant_id":4372,"category":"環保餐廳","name":"黑沃咖啡-台北南港店","phone":"04-22624040#","mobile":"","address":"臺北市南港區台北市南港區南港路一段152之3號","district":"南港區"}},{"type":"Feature","geometry":{"type":"Point","coordinates":[121.5240879,25.0252854]},"properties":{"city":"臺北市","restaurant_id":4371,"category":"環保餐廳","name":"黑沃咖啡-台北古亭店","phone":"04-22624040#","mobile":"","address":"臺北市大安區台北市大安區羅斯福路二段91號","district":"大安區"}},{"type":"Feature","geometry":{"type":"Point","coordinates":[121.5455797,25.0559654]},"properties":{"city":"臺北市","restaurant_id":4370,"category":"環保餐廳","name":"黑沃咖啡-民生興安店","phone":"04-22624040#","mobile":"","address":"臺北市松山區台北市松山區興安街204號","district":"松山區"}},{"type":"Feature","geometry":{"type":"Point","coordinates":[121.5430071,25.0433798]},"properties":{"city":"臺北市","restaurant_id":4363,"category":"環保餐廳","name":"黑沃咖啡-台北復興店","phone":"04-22624040#","mobile":"","address":"臺北市大安區台北市大安區復興南路一段122巷4號1樓","district":"大安區"}},{"type":"Feature","geometry":{"type":"Point","coordinates":[121.545345,25.041394]},"properties":{"city":"臺北市","restaurant_id":5004,"category":"環保餐廳","name":"媽咪里啦手製餅乾","phone":"02-27517306#","mobile":"","address":"臺北市大安區忠孝東路四段60-2號","district":"大安區"}},{"type":"Feature","geometry":{"type":"Point","coordinates":[121.5502674,25.0242797]},"properties":{"city":"臺北市","restaurant_id":4999,"category":"環保餐廳","name":"Zoom Inn","phone":"-#","mobile":"0922193887","address":"臺北市大安區和平東路三段68-6號","district":"大安區"}},{"type":"Feature","geometry":{"type":"Point","coordinates":[121.5230804,25.022949]},"properties":{"city":"臺北市","restaurant_id":4998,"category":"環保餐廳","name":"通天掌糕糕","phone":"02-23680088#","mobile":"","address":"臺北市中正區汀州路二段188號1樓","district":"中正區"}},{"type":"Feature","geometry":{"type":"Point","coordinates":[121.6072597,25.0528955]},"properties":{"city":"臺北市","restaurant_id":4920,"category":"環保餐廳","name":"奧特拉麵 南港環球店","phone":"02-26512250#","mobile":"","address":"臺北市南港區忠孝東路七段371號B1","district":"南港區"}},{"type":"Feature","geometry":{"type":"Point","coordinates":[121.5571926,25.0287221]},"properties":{"city":"臺北市","restaurant_id":4917,"category":"環保餐廳","name":"Sandalwood Taipei","phone":"-#","mobile":"0905168315","address":"臺北市信義區基隆路二段113號1樓","district":"信義區"}},{"type":"Feature","geometry":{"type":"Point","coordinates":[121.5317175,25.0188324]},"properties":{"city":"臺北市","restaurant_id":4916,"category":"環保餐廳","name":"神燈搓一下","phone":"-#","mobile":"0925652602","address":"臺北市大安區羅斯福路三段283巷28號","district":"大安區"}},{"type":"Feature","geometry":{"type":"Point","coordinates":[121.53551757,25.01206637]},"properties":{"city":"臺北市","restaurant_id":4821,"category":"環保餐廳","name":"法點法食FADENFASAï","phone":"-#","mobile":"0958095880","address":"臺北市中正區汀州路三段210號1樓","district":"中正區"}},{"type":"Feature","geometry":{"type":"Point","coordinates":[121.560913,25.083079]},"properties":{"city":"臺北市","restaurant_id":4891,"category":"環保餐廳","name":"一鷺串燒居酒屋（大直旗艦店）","phone":"02-85015885#","mobile":"","address":"臺北市中山區植福路217號219號","district":"中山區"}},{"type":"Feature","geometry":{"type":"Point","coordinates":[121.5398141,25.0658717]},"properties":{"city":"臺北市","restaurant_id":4889,"category":"環保餐廳","name":"一鷺串燒居酒屋松江本店","phone":"02-25043668#","mobile":"","address":"臺北市中山區民權東路二152巷1號","district":"中山區"}},{"type":"Feature","geometry":{"type":"Point","coordinates":[121.6072597,25.0528955]},"properties":{"city":"臺北市","restaurant_id":4897,"category":"環保餐廳","name":"YAYOI彌生軒-南港車站店","phone":"02-27863298#","mobile":"","address":"臺北市南港區忠孝東路七段371號B1樓","district":"南港區"}},{"type":"Feature","geometry":{"type":"Point","coordinates":[121.5579495,24.9996924]},"properties":{"city":"臺北市","restaurant_id":4878,"category":"環保餐廳","name":"麵線歐爸","phone":"02-29335005#","mobile":"","address":"臺北市文山區興隆路三段111號B1(統一商場)","district":"文山區"}},{"type":"Feature","geometry":{"type":"Point","coordinates":[121.5579495,24.9996924]},"properties":{"city":"臺北市","restaurant_id":4875,"category":"環保餐廳","name":"總會有機會club25","phone":"02-29335005#","mobile":"","address":"臺北市文山區興隆路三段111號B1(統一商場)","district":"文山區"}},{"type":"Feature","geometry":{"type":"Point","coordinates":[121.536638,25.0129394]},"properties":{"city":"臺北市","restaurant_id":4873,"category":"環保餐廳","name":"龐德羅莎","phone":"02-23779990#","mobile":"","address":"臺北市大安區羅斯福路四段85號台大管理學院第二活動中心二樓","district":"大安區"}},{"type":"Feature","geometry":{"type":"Point","coordinates":[121.5397518,25.0173405]},"properties":{"city":"臺北市","restaurant_id":4870,"category":"環保餐廳","name":"丘蒔堂","phone":"-#","mobile":"0930396986","address":"臺北市大安區羅斯福路4段1號（台大第一學生活動中心餐廳）","district":"大安區"}},{"type":"Feature","geometry":{"type":"Point","coordinates":[121.5427043,25.0128577]},"properties":{"city":"臺北市","restaurant_id":4852,"category":"環保餐廳","name":"A華加湯滷味","phone":"02-27382936#","mobile":"","address":"臺北市大安區基隆路四段43號","district":"大安區"}},{"type":"Feature","geometry":{"type":"Point","coordinates":[121.5427043,25.0128577]},"properties":{"city":"臺北市","restaurant_id":4851,"category":"環保餐廳","name":"溫州大餛飩","phone":"02-27382936#","mobile":"","address":"臺北市大安區基隆路四段43號","district":"大安區"}},{"type":"Feature","geometry":{"type":"Point","coordinates":[121.531706,25.0176399]},"properties":{"city":"臺北市","restaurant_id":4684,"category":"環保餐廳","name":"貓食光","phone":"02-23860234#","mobile":"","address":"臺北市大安區羅斯福路三段297-1號1樓","district":"大安區"}},{"type":"Feature","geometry":{"type":"Point","coordinates":[121.531258,25.015961]},"properties":{"city":"臺北市","restaurant_id":4683,"category":"環保餐廳","name":"BAR FEST","phone":"-#","mobile":"0952775002","address":"臺北市中正區汀州路三段149號1樓","district":"中正區"}},{"type":"Feature","geometry":{"type":"Point","coordinates":[121.5358227,25.0129485]},"properties":{"city":"臺北市","restaurant_id":4682,"category":"環保餐廳","name":"89 LOOP Sports","phone":"02-23656597#","mobile":"","address":"臺北市中正區羅斯福路四段134號2樓","district":"中正區"}},{"type":"Feature","geometry":{"type":"Point","coordinates":[121.5366614,25.1025986]},"properties":{"city":"臺北市","restaurant_id":4675,"category":"環保餐廳","name":"山禾苑","phone":"-#","mobile":"0910527968","address":"臺北市士林區芝玉路一段28號","district":"士林區"}},{"type":"Feature","geometry":{"type":"Point","coordinates":[121.5222919,25.0486254]},"properties":{"city":"臺北市","restaurant_id":4674,"category":"環保餐廳","name":"蛋奶樹蔬食專賣","phone":"02-25216801#","mobile":"","address":"臺北市中山區中山北路一段33巷26號","district":"中山區"}},{"type":"Feature","geometry":{"type":"Point","coordinates":[121.56642495,25.0508904]},"properties":{"city":"臺北市","restaurant_id":4660,"category":"環保餐廳","name":"金山客家小館","phone":"02-27659906#","mobile":"0987187637","address":"臺北市松山區南京東路五段250巷2弄5號1樓","district":"松山區"}},{"type":"Feature","geometry":{"type":"Point","coordinates":[121.532234,25.015678]},"properties":{"city":"臺北市","restaurant_id":4567,"category":"環保餐廳","name":"靜壽司","phone":"02-23656568#","mobile":"","address":"臺北市中正區羅斯福路三段316巷7-1號","district":"中正區"}},{"type":"Feature","geometry":{"type":"Point","coordinates":[121.5337916,25.0138682]},"properties":{"city":"臺北市","restaurant_id":4566,"category":"環保餐廳","name":"源士林粥品","phone":"02-23683593#","mobile":"","address":"臺北市中正區汀州路三段134號","district":"中正區"}},{"type":"Feature","geometry":{"type":"Point","coordinates":[121.5229861,25.0301176]},"properties":{"city":"臺北市","restaurant_id":4054,"category":"環保餐廳","name":"無二會所","phone":"02-23917599#","mobile":"","address":"臺北市大安區杭州南路二段61巷12號","district":"大安區"}},{"type":"Feature","geometry":{"type":"Point","coordinates":[121.5645389,25.033976]},"properties":{"city":"臺北市","restaurant_id":4047,"category":"環保餐廳","name":"捌伍添第","phone":"02-81010085#","mobile":"","address":"臺北市信義區信義路五段7號85號樓B側","district":"信義區"}},{"type":"Feature","geometry":{"type":"Point","coordinates":[121.5245943,25.105306]},"properties":{"city":"臺北市","restaurant_id":3935,"category":"環保餐廳","name":"魚君 さかなくん 天母SOGO店","phone":"02-88661170#","mobile":"","address":"臺北市士林區中山北路六段77號8樓","district":"士林區"}},{"type":"Feature","geometry":{"type":"Point","coordinates":[121.5467254,25.0423401]},"properties":{"city":"臺北市","restaurant_id":3930,"category":"環保餐廳","name":"CYCLO 洛城 忠孝門市","phone":"02-27782569#","mobile":"","address":"臺北市大安區大安路一段75巷9號","district":"大安區"}},{"type":"Feature","geometry":{"type":"Point","coordinates":[121.5170835,25.0443093]},"properties":{"city":"臺北市","restaurant_id":3846,"category":"環保餐廳","name":"美樂家速食坊","phone":"02-23111298#","mobile":"","address":"臺北市中正區常德街1號B1","district":"中正區"}},{"type":"Feature","geometry":{"type":"Point","coordinates":[121.524062,25.0538697]},"properties":{"city":"臺北市","restaurant_id":3861,"category":"環保餐廳","name":"大根日本料亭","phone":"02-25817776#","mobile":"","address":"臺北市中山區中山北路二段39巷14-1號","district":"中山區"}},{"type":"Feature","geometry":{"type":"Point","coordinates":[121.5210481,25.0518449]},"properties":{"city":"臺北市","restaurant_id":3809,"category":"環保餐廳","name":"老乾杯南西店","phone":"02-25215255","mobile":"","address":"臺北市中山區台北市中山區南京西路12號號7樓","district":"中山區"}},{"type":"Feature","geometry":{"type":"Point","coordinates":[121.5452114,25.0535557]},"properties":{"city":"臺北市","restaurant_id":3808,"category":"環保餐廳","name":"老乾杯 慶城店","phone":"02-27139000","mobile":"","address":"臺北市松山區台北市松山區慶城街29號1樓","district":"松山區"}},{"type":"Feature","geometry":{"type":"Point","coordinates":[121.5667018,25.0366706]},"properties":{"city":"臺北市","restaurant_id":3807,"category":"環保餐廳","name":"老乾杯 信義店","phone":"02-27253311","mobile":"","address":"臺北市信義區台北市信義區松壽路9號8樓","district":"信義區"}},{"type":"Feature","geometry":{"type":"Point","coordinates":[121.5338781,25.1173343]},"properties":{"city":"臺北市","restaurant_id":3806,"category":"環保餐廳","name":"KANPAI CLASSIC 天母店","phone":"02-28771550","mobile":"","address":"臺北市士林區台北市士林區忠誠路二段 200 號 2 樓","district":"士林區"}},{"type":"Feature","geometry":{"type":"Point","coordinates":[121.6149583,25.0588333]},"properties":{"city":"臺北市","restaurant_id":3832,"category":"環保餐廳","name":"黑毛屋 南港中信店","phone":"02-27865669","mobile":"","address":"臺北市南港區台北市南港區經貿二路 186-1 號 2 樓","district":"南港區"}},{"type":"Feature","geometry":{"type":"Point","coordinates":[121.5660665,25.03531]},"properties":{"city":"臺北市","restaurant_id":3831,"category":"環保餐廳","name":"黑毛屋 信義 ATT 店","phone":"02-77362698","mobile":"","address":"臺北市信義區台北市信義區松壽路 12 號 4 樓","district":"信義區"}},{"type":"Feature","geometry":{"type":"Point","coordinates":[121.5667147,25.0395325]},"properties":{"city":"臺北市","restaurant_id":3837,"category":"環保餐廳","name":"黑毛屋本家 信義店","phone":"02-27237722","mobile":"","address":"臺北市信義區台北市信義區松高路 19 號 6 樓","district":"信義區"}},{"type":"Feature","geometry":{"type":"Point","coordinates":[121.6149583,25.0588333]},"properties":{"city":"臺北市","restaurant_id":3820,"category":"環保餐廳","name":"乾杯燒肉居酒屋 南港中信店","phone":"02-27866066","mobile":"","address":"臺北市南港區台北市南港區經貿二路186-1號2樓","district":"南港區"}},{"type":"Feature","geometry":{"type":"Point","coordinates":[121.5660108,25.035488]},"properties":{"city":"臺北市","restaurant_id":3819,"category":"環保餐廳","name":"乾杯燒肉居酒屋 信義 ATT 店","phone":"02-87860808","mobile":"","address":"臺北市信義區台北市信義區松壽路12號3樓","district":"信義區"}},{"type":"Feature","geometry":{"type":"Point","coordinates":[121.5202225,25.0531403]},"properties":{"city":"臺北市","restaurant_id":3818,"category":"環保餐廳","name":"乾杯燒肉居酒屋 中山店","phone":"02-25556110","mobile":"","address":"臺北市大同區台北市大同區南京西路25巷2-1號","district":"大同區"}},{"type":"Feature","geometry":{"type":"Point","coordinates":[121.5469919,25.0406471]},"properties":{"city":"臺北市","restaurant_id":3817,"category":"環保餐廳","name":"乾杯燒肉居酒屋 本店","phone":"02-87731150","mobile":"","address":"臺北市大安區台北市大安區敦化南路一段236巷17號","district":"大安區"}},{"type":"Feature","geometry":{"type":"Point","coordinates":[121.5606895,25.0502581]},"properties":{"city":"臺北市","restaurant_id":4119,"category":"環保餐廳","name":"萬芳冰室-南京店","phone":"02-27494069","mobile":"0935996019","address":"臺北市松山區台北市松山區南京東路五段66巷16號","district":"松山區"}},{"type":"Feature","geometry":{"type":"Point","coordinates":[121.6189808,25.0710633]},"properties":{"city":"臺北市","restaurant_id":4378,"category":"環保餐廳","name":"黑沃咖啡-內湖康樂店","phone":"04-22624040#","mobile":"","address":"臺北市內湖區台北市內湖區樂康里康樂街116號1樓","district":"內湖區"}},{"type":"Feature","geometry":{"type":"Point","coordinates":[121.5338449,25.0535391]},"properties":{"city":"臺北市","restaurant_id":4375,"category":"環保餐廳","name":"黑沃咖啡-陽光四平店","phone":"04-22624040#","mobile":"","address":"臺北市中山區台北市中山區四平街70號","district":"中山區"}},{"type":"Feature","geometry":{"type":"Point","coordinates":[121.5442907,25.0521783]},"properties":{"city":"臺北市","restaurant_id":4358,"category":"環保餐廳","name":"黑沃咖啡-南京復興店","phone":"04-22624040#","mobile":"","address":"臺北市松山區台北市松山區南京東路三段253號","district":"松山區"}},{"type":"Feature","geometry":{"type":"Point","coordinates":[121.564101,25.0334929]},"properties":{"city":"臺北市","restaurant_id":4555,"category":"環保餐廳","name":"DA ANTONIO","phone":"02-81018268#","mobile":"0933782789","address":"臺北市信義區市府路45號5樓","district":"信義區"}},{"type":"Feature","geometry":{"type":"Point","coordinates":[121.5188189,25.04423038]},"properties":{"city":"臺北市","restaurant_id":3281,"category":"環保餐廳","name":"OEC蚌麵","phone":"02-23117819#","mobile":"","address":"臺北市中正區台北市中正區中山南路8號B1","district":"中正區"}},{"type":"Feature","geometry":{"type":"Point","coordinates":[121.540607,25.0513254]},"properties":{"city":"臺北市","restaurant_id":3582,"category":"環保餐廳","name":"三友拉麵(龍江店)","phone":"02-8772997#","mobile":"","address":"臺北市中山區龍江路93號","district":"中山區"}},{"type":"Feature","geometry":{"type":"Point","coordinates":[121.6161399,25.057195]},"properties":{"city":"臺北市","restaurant_id":3599,"category":"環保餐廳","name":"餡老滿(南港旗艦店)","phone":"02-27893423#","mobile":"","address":"臺北市南港區經貿二路66號2樓","district":"南港區"}},{"type":"Feature","geometry":{"type":"Point","coordinates":[121.5303548,25.0506086]},"properties":{"city":"臺北市","restaurant_id":3598,"category":"環保餐廳","name":"餡老滿(台北吉林店)","phone":"02-25672028#","mobile":"","address":"臺北市中山區松江路90巷23號","district":"中山區"}},{"type":"Feature","geometry":{"type":"Point","coordinates":[121.5917598,25.0496914]},"properties":{"city":"臺北市","restaurant_id":3597,"category":"環保餐廳","name":"金春發牛肉店(昆陽店)","phone":"02-26538189#","mobile":"","address":"臺北市南港區忠孝東路六段372號","district":"南港區"}},{"type":"Feature","geometry":{"type":"Point","coordinates":[121.5752559,25.0604224]},"properties":{"city":"臺北市","restaurant_id":3689,"category":"環保餐廳","name":"88號樂章-88 La Plaza","phone":"02-27943800#","mobile":"","address":"臺北市內湖區民善街88號5樓","district":"內湖區"}},{"type":"Feature","geometry":{"type":"Point","coordinates":[121.5568037,25.0426527]},"properties":{"city":"臺北市","restaurant_id":3686,"category":"環保餐廳","name":"星辰牛排","phone":"02-27217512#","mobile":"","address":"臺北市大安區光復南路180巷16號","district":"大安區"}},{"type":"Feature","geometry":{"type":"Point","coordinates":[121.5306017,25.0194042]},"properties":{"city":"臺北市","restaurant_id":3671,"category":"環保餐廳","name":"野橙咖啡","phone":"02-27025522#","mobile":"","address":"臺北市大安區羅斯福路三段269巷6之1號","district":"大安區"}},{"type":"Feature","geometry":{"type":"Point","coordinates":[121.5626528,25.0404216]},"properties":{"city":"臺北市","restaurant_id":3664,"category":"環保餐廳","name":"王鍋屋逸仙創始總店","phone":"02-27588380#","mobile":"","address":"臺北市信義區逸仙路50巷20號1樓","district":"信義區"}},{"type":"Feature","geometry":{"type":"Point","coordinates":[121.5269707,25.0336693]},"properties":{"city":"臺北市","restaurant_id":3644,"category":"環保餐廳","name":"Miso微笑韓國料理","phone":"02-23670281#","mobile":"","address":"臺北市大安區金山南路二段6號","district":"大安區"}},{"type":"Feature","geometry":{"type":"Point","coordinates":[121.5526166,25.0325558]},"properties":{"city":"臺北市","restaurant_id":3562,"category":"環保餐廳","name":"醉美餐酒水煙館 Drunk Night","phone":"-#","mobile":"0909663981","address":"臺北市大安區文昌街128號","district":"大安區"}},{"type":"Feature","geometry":{"type":"Point","coordinates":[121.5004851,25.1304604]},"properties":{"city":"臺北市","restaurant_id":3561,"category":"環保餐廳","name":"美華閣湯包麵食館","phone":"02-28977288#","mobile":"","address":"臺北市北投區大興街58號","district":"北投區"}},{"type":"Feature","geometry":{"type":"Point","coordinates":[121.5241331,25.0676057]},"properties":{"city":"臺北市","restaurant_id":3639,"category":"環保餐廳","name":"Maya Bistro 瑪亞餐酒","phone":"02-25850305#","mobile":"","address":"臺北市中山區雙城街46巷1號1樓","district":"中山區"}},{"type":"Feature","geometry":{"type":"Point","coordinates":[121.5407182,25.0661129]},"properties":{"city":"臺北市","restaurant_id":3638,"category":"環保餐廳","name":"龍江涼麵","phone":"02-25062623#","mobile":"0986616899","address":"臺北市中山區龍江路356巷5號(近濱江市場)","district":"中山區"}},{"type":"Feature","geometry":{"type":"Point","coordinates":[121.5318617,25.1063002]},"properties":{"city":"臺北市","restaurant_id":3619,"category":"環保餐廳","name":"成家小館(天母店)","phone":"02-28366668#","mobile":"","address":"臺北市士林區忠義街84號","district":"士林區"}},{"type":"Feature","geometry":{"type":"Point","coordinates":[121.46706327,25.12088098]},"properties":{"city":"臺北市","restaurant_id":2136,"category":"環保餐廳","name":"Q Burger北投知行店","phone":"02-28585885","mobile":"","address":"臺北市北投區知行路249號","district":"北投區"}},{"type":"Feature","geometry":{"type":"Point","coordinates":[121.54761027,24.9871716]},"properties":{"city":"臺北市","restaurant_id":2135,"category":"環保餐廳","name":"Q Burger文山世新店","phone":"02-22369201","mobile":"","address":"臺北市文山區木柵路一段101號1樓及地下室","district":"文山區"}},{"type":"Feature","geometry":{"type":"Point","coordinates":[121.49953327,25.13012386]},"properties":{"city":"臺北市","restaurant_id":2134,"category":"環保餐廳","name":"Q Burger北投大興店","phone":"02-28941027","mobile":"","address":"臺北市北投區大興街48號","district":"北投區"}},{"type":"Feature","geometry":{"type":"Point","coordinates":[121.5506281,25.00307703]},"properties":{"city":"臺北市","restaurant_id":2133,"category":"環保餐廳","name":"Q Burger文山福興店","phone":"02-29308228","mobile":"","address":"臺北市文山區福興路45號","district":"文山區"}},{"type":"Feature","geometry":{"type":"Point","coordinates":[121.53449357,25.06454446]},"properties":{"city":"臺北市","restaurant_id":2132,"category":"環保餐廳","name":"Q Burger中山農安店","phone":"02-25150024","mobile":"","address":"臺北市中山區農安街170號1樓、地下室","district":"中山區"}},{"type":"Feature","geometry":{"type":"Point","coordinates":[121.51446407,25.11894025]},"properties":{"city":"臺北市","restaurant_id":2131,"category":"環保餐廳","name":"Q Burger北投立農店","phone":"02-28236017","mobile":"","address":"臺北市北投區立農街二段259號1樓","district":"北投區"}},{"type":"Feature","geometry":{"type":"Point","coordinates":[121.54209181,24.9893689]},"properties":{"city":"臺北市","restaurant_id":2402,"category":"環保餐廳","name":"麥味登文山世新","phone":"02-29350818","mobile":"","address":"臺北市文山區景興路288號","district":"文山區"}},{"type":"Feature","geometry":{"type":"Point","coordinates":[121.5375967,25.00207527]},"properties":{"city":"臺北市","restaurant_id":2401,"category":"環保餐廳","name":"麥味登文山饗食大亨","phone":"02-29301098","mobile":"","address":"臺北市文山區羅斯福路五段218巷25號","district":"文山區"}},{"type":"Feature","geometry":{"type":"Point","coordinates":[121.5678929,25.08428198]},"properties":{"city":"臺北市","restaurant_id":2388,"category":"環保餐廳","name":"麥味登內湖園區","phone":"02-26275822","mobile":"","address":"臺北市內湖區內湖路一段323巷30號","district":"內湖區"}},{"type":"Feature","geometry":{"type":"Point","coordinates":[121.5622466,25.08681076]},"properties":{"city":"臺北市","restaurant_id":2387,"category":"環保餐廳","name":"麥味登內湖文湖","phone":"02-87516996","mobile":"","address":"臺北市內湖區文湖街49號","district":"內湖區"}},{"type":"Feature","geometry":{"type":"Point","coordinates":[121.58496787,25.0573165]},"properties":{"city":"臺北市","restaurant_id":2385,"category":"環保餐廳","name":"麥味登內湖新明","phone":"02-27960603","mobile":"","address":"臺北市內湖區新明路198號","district":"內湖區"}},{"type":"Feature","geometry":{"type":"Point","coordinates":[121.57744897,25.06407794]},"properties":{"city":"臺北市","restaurant_id":2384,"category":"環保餐廳","name":"麥味登內湖新湖","phone":"02-27956995","mobile":"","address":"臺北市內湖區新湖三路118號","district":"內湖區"}},{"type":"Feature","geometry":{"type":"Point","coordinates":[121.60763201,25.07093316]},"properties":{"city":"臺北市","restaurant_id":2383,"category":"環保餐廳","name":"麥味登內湖葫洲","phone":"02-26333323","mobile":"","address":"臺北市內湖區民權東路六段296巷67號","district":"內湖區"}},{"type":"Feature","geometry":{"type":"Point","coordinates":[121.57117732,25.07779954]},"properties":{"city":"臺北市","restaurant_id":2382,"category":"環保餐廳","name":"麥味登內湖光寶","phone":"-#","mobile":"0979498491","address":"臺北市內湖區瑞光路392號","district":"內湖區"}},{"type":"Feature","geometry":{"type":"Point","coordinates":[121.5832438,25.07730718]},"properties":{"city":"臺北市","restaurant_id":2381,"category":"環保餐廳","name":"麥味登內湖旗艦","phone":"02-26272227","mobile":"","address":"臺北市內湖區文德路90巷43號","district":"內湖區"}},{"type":"Feature","geometry":{"type":"Point","coordinates":[121.5713842,25.08217871]},"properties":{"city":"臺北市","restaurant_id":2380,"category":"環保餐廳","name":"麥味登內湖波士店","phone":"02-26277311","mobile":"","address":"臺北市內湖區內湖路一段411巷9弄4號","district":"內湖區"}},{"type":"Feature","geometry":{"type":"Point","coordinates":[121.591069,25.08564854]},"properties":{"city":"臺北市","restaurant_id":2379,"category":"環保餐廳","name":"麥味登內湖碧湖","phone":"02-87916778","mobile":"","address":"臺北市內湖區金龍路107號","district":"內湖區"}},{"type":"Feature","geometry":{"type":"Point","coordinates":[121.5151923,25.11889675]},"properties":{"city":"臺北市","restaurant_id":2378,"category":"環保餐廳","name":"麥味登北投陽明","phone":"02-28220198","mobile":"","address":"臺北市北投區立農街二段275號","district":"北投區"}},{"type":"Feature","geometry":{"type":"Point","coordinates":[121.50984865,25.11519898]},"properties":{"city":"臺北市","restaurant_id":2377,"category":"環保餐廳","name":"麥味登北投實踐","phone":"02-28201888","mobile":"","address":"臺北市北投區實踐街62號","district":"北投區"}},{"type":"Feature","geometry":{"type":"Point","coordinates":[121.501781,25.12632698]},"properties":{"city":"臺北市","restaurant_id":2376,"category":"環保餐廳","name":"麥味登北投奇岩","phone":"02-28985212","mobile":"","address":"臺北市北投區三合街二段463號","district":"北投區"}},{"type":"Feature","geometry":{"type":"Point","coordinates":[121.55318122,25.03118758]},"properties":{"city":"臺北市","restaurant_id":2361,"category":"環保餐廳","name":"麥味登北市通化","phone":"02-27065066","mobile":"","address":"臺北市大安區通安街54號","district":"大安區"}},{"type":"Feature","geometry":{"type":"Point","coordinates":[121.54040152,25.02886826]},"properties":{"city":"臺北市","restaurant_id":2360,"category":"環保餐廳","name":"麥味登北市瑞安","phone":"02-27077551","mobile":"","address":"臺北市大安區瑞安街208巷26號","district":"大安區"}},{"type":"Feature","geometry":{"type":"Point","coordinates":[121.5356852,25.03678262]},"properties":{"city":"臺北市","restaurant_id":2359,"category":"環保餐廳","name":"麥味登北市仁愛","phone":"02-27037182","mobile":"","address":"臺北市大安區仁愛路三段24巷1-6號","district":"大安區"}},{"type":"Feature","geometry":{"type":"Point","coordinates":[121.5458685,25.02980474]},"properties":{"city":"臺北市","restaurant_id":2358,"category":"環保餐廳","name":"麥味登北市大安","phone":"02-27017080","mobile":"","address":"臺北市大安區大安路二段134號","district":"大安區"}},{"type":"Feature","geometry":{"type":"Point","coordinates":[121.56754044,25.05478164]},"properties":{"city":"臺北市","restaurant_id":2357,"category":"環保餐廳","name":"麥味登北市西松","phone":"02-85095201","mobile":"","address":"臺北市松山區健康路325巷6弄2號","district":"松山區"}},{"type":"Feature","geometry":{"type":"Point","coordinates":[121.55663097,25.04964094]},"properties":{"city":"臺北市","restaurant_id":2356,"category":"環保餐廳","name":"麥味登北市參食","phone":"02-25782800","mobile":"","address":"臺北市松山區光復北路60巷19-4號","district":"松山區"}},{"type":"Feature","geometry":{"type":"Point","coordinates":[121.56438728,25.05008038]},"properties":{"city":"臺北市","restaurant_id":2355,"category":"環保餐廳","name":"麥味登北市新東興","phone":"02-27476080","mobile":"","address":"臺北市松山區八德路四段245巷36號","district":"松山區"}},{"type":"Feature","geometry":{"type":"Point","coordinates":[121.562469,25.05932782]},"properties":{"city":"臺北市","restaurant_id":2354,"category":"環保餐廳","name":"麥味登北市民生","phone":"02-27607148","mobile":"","address":"臺北市松山區民生東路五段153-5號","district":"松山區"}},{"type":"Feature","geometry":{"type":"Point","coordinates":[121.54825231,25.05928032]},"properties":{"city":"臺北市","restaurant_id":2353,"category":"環保餐廳","name":"麥味登北市敦北","phone":"02-27120158","mobile":"","address":"臺北市松山區敦化北路222巷11號","district":"松山區"}},{"type":"Feature","geometry":{"type":"Point","coordinates":[121.54748587,25.08224179]},"properties":{"city":"臺北市","restaurant_id":2352,"category":"環保餐廳","name":"麥味登大直北安羅伯","phone":"02-85092968","mobile":"","address":"臺北市中山區北安路595巷19號","district":"中山區"}},{"type":"Feature","geometry":{"type":"Point","coordinates":[121.53551078,25.013259]},"properties":{"city":"臺北市","restaurant_id":2340,"category":"環保餐廳","name":"麥味登北市台大","phone":"02-23657279","mobile":"","address":"臺北市中正區羅斯福路四段118號","district":"中正區"}},{"type":"Feature","geometry":{"type":"Point","coordinates":[121.5175223,25.02479862]},"properties":{"city":"臺北市","restaurant_id":2339,"category":"環保餐廳","name":"麥味登北市和平","phone":"02-23652299","mobile":"","address":"臺北市中正區廈門街75號","district":"中正區"}},{"type":"Feature","geometry":{"type":"Point","coordinates":[121.52551028,25.04189338]},"properties":{"city":"臺北市","restaurant_id":3160,"category":"環保餐廳","name":"幸福時光廚房","phone":"02-23930255#","mobile":"0986589487","address":"臺北市中正區台北市中正區濟南路一段321號","district":"中正區"}},{"type":"Feature","geometry":{"type":"Point","coordinates":[121.52458357,25.10533512]},"properties":{"city":"臺北市","restaurant_id":3141,"category":"環保餐廳","name":"Sarabeth's 天母店","phone":"02-28335669#","mobile":"","address":"臺北市士林區中山北路六段77號2樓","district":"士林區"}},{"type":"Feature","geometry":{"type":"Point","coordinates":[121.5058635,25.0378901]},"properties":{"city":"臺北市","restaurant_id":3124,"category":"環保餐廳","name":"mister donut","phone":"02-23816949","mobile":"","address":"臺北市萬華區台北市萬華區桂林路1號","district":"萬華區"}},{"type":"Feature","geometry":{"type":"Point","coordinates":[121.5337443,25.0237499]},"properties":{"city":"臺北市","restaurant_id":3359,"category":"環保餐廳","name":"恬園餐廳","phone":"02-77122323#2110","mobile":"0955108182","address":"臺北市大安區新生南路三段30號","district":"大安區"}},{"type":"Feature","geometry":{"type":"Point","coordinates":[121.5507169,25.0985716]},"properties":{"city":"臺北市","restaurant_id":3351,"category":"環保餐廳","name":"青青食尚花園會館","phone":"02-28411996#309","mobile":"0913999282","address":"臺北市士林區至善路二段266巷32號","district":"士林區"}},{"type":"Feature","geometry":{"type":"Point","coordinates":[121.5048008,25.0423513]},"properties":{"city":"臺北市","restaurant_id":3470,"category":"環保餐廳","name":"叁陸伍貳懷舊港式冰室","phone":"-#","mobile":"0909037770","address":"臺北市萬華區昆明街99號","district":"萬華區"}},{"type":"Feature","geometry":{"type":"Point","coordinates":[121.5100259,25.1153486]},"properties":{"city":"臺北市","restaurant_id":3467,"category":"環保餐廳","name":"味の屋","phone":"02-28283230#","mobile":"0986146688","address":"臺北市北投區實踐街67號","district":"北投區"}},{"type":"Feature","geometry":{"type":"Point","coordinates":[121.5754615,25.0424048]},"properties":{"city":"臺北市","restaurant_id":3441,"category":"環保餐廳","name":"PINK SALT｜披薩｜義麵","phone":"02-27564233#","mobile":"","address":"臺北市信義區忠孝東路五段423巷28號","district":"信義區"}},{"type":"Feature","geometry":{"type":"Point","coordinates":[121.5338937,25.0517795]},"properties":{"city":"臺北市","restaurant_id":3438,"category":"環保餐廳","name":"丼賞和食焼き物vs刺身丼丼專門店","phone":"02-25175526#","mobile":"","address":"臺北市中山區南京東路二段140號B1","district":"中山區"}},{"type":"Feature","geometry":{"type":"Point","coordinates":[121.5531003,25.0303244]},"properties":{"city":"臺北市","restaurant_id":3426,"category":"環保餐廳","name":"翟記牛肉麵食館","phone":"02-87717195#","mobile":"","address":"臺北市大安區通安街80號","district":"大安區"}},{"type":"Feature","geometry":{"type":"Point","coordinates":[121.5641154,25.0422637]},"properties":{"city":"臺北市","restaurant_id":3422,"category":"環保餐廳","name":"帽哥海味","phone":"-#","mobile":"0915099822","address":"臺北市信義區忠孝東路四段559巷16弄8號1樓","district":"信義區"}},{"type":"Feature","geometry":{"type":"Point","coordinates":[121.540876,25.0671]},"properties":{"city":"臺北市","restaurant_id":3420,"category":"環保餐廳","name":"初點良食 Dim sum shop","phone":"-#","mobile":"0989436972","address":"臺北市中山區龍江路394巷2號","district":"中山區"}},{"type":"Feature","geometry":{"type":"Point","coordinates":[121.5445063,25.0585947]},"properties":{"city":"臺北市","restaurant_id":3618,"category":"環保餐廳","name":"老舅的家鄉味","phone":"02-27181122#","mobile":"","address":"臺北市松山區復興北路307號","district":"松山區"}},{"type":"Feature","geometry":{"type":"Point","coordinates":[121.574356,24.991606]},"properties":{"city":"臺北市","restaurant_id":3616,"category":"環保餐廳","name":"芽米早午餐(木柵店)","phone":"02-29393166#","mobile":"","address":"臺北市文山區秀明路二段16號","district":"文山區"}},{"type":"Feature","geometry":{"type":"Point","coordinates":[121.527678,25.0305646]},"properties":{"city":"臺北市","restaurant_id":3615,"category":"環保餐廳","name":"隨意吧(公企店)","phone":"02-23416777#","mobile":"","address":"臺北市大安區金華街187號1樓","district":"大安區"}},{"type":"Feature","geometry":{"type":"Point","coordinates":[121.5438603,25.0556364]},"properties":{"city":"臺北市","restaurant_id":3612,"category":"環保餐廳","name":"金春發牛肉店(復北店)","phone":"02-25026806#","mobile":"","address":"臺北市中山區復興北路202號","district":"中山區"}},{"type":"Feature","geometry":{"type":"Point","coordinates":[121.5534098,25.0397665]},"properties":{"city":"臺北市","restaurant_id":3595,"category":"環保餐廳","name":"烤肉工廠","phone":"02-87717345#","mobile":"","address":"臺北市大安區忠孝東路四段216巷27弄2號","district":"大安區"}},{"type":"Feature","geometry":{"type":"Point","coordinates":[121.5250049,25.0949519]},"properties":{"city":"臺北市","restaurant_id":3573,"category":"環保餐廳","name":"咖啡弄(士林店)","phone":"02-28883322#","mobile":"","address":"臺北市士林區台北市士林區中正路253號2樓","district":"士林區"}},{"type":"Feature","geometry":{"type":"Point","coordinates":[121.5514325,25.0424491]},"properties":{"city":"臺北市","restaurant_id":3571,"category":"環保餐廳","name":"咖啡弄(敦化店)","phone":"02-27111910#","mobile":"","address":"臺北市大安區台北市大安區敦化南路一段187巷42號2樓","district":"大安區"}},{"type":"Feature","geometry":{"type":"Point","coordinates":[121.5407643,25.0484864]},"properties":{"city":"臺北市","restaurant_id":3563,"category":"環保餐廳","name":"鬥牛士(長安店)","phone":"02-27406660#","mobile":"","address":"臺北市中山區長安東路二段169之12號2樓","district":"中山區"}},{"type":"Feature","geometry":{"type":"Point","coordinates":[121.5612754,24.9819877]},"properties":{"city":"臺北市","restaurant_id":3512,"category":"環保餐廳","name":"成家小館","phone":"02-29374611#","mobile":"0936951969","address":"臺北市文山區木新路三段154號","district":"文山區"}},{"type":"Feature","geometry":{"type":"Point","coordinates":[121.5425382,25.1366721]},"properties":{"city":"臺北市","restaurant_id":3511,"category":"環保餐廳","name":"大衛小小羊","phone":"02-28619668#","mobile":"","address":"臺北市士林區國泰街9號","district":"士林區"}},{"type":"Feature","geometry":{"type":"Point","coordinates":[121.5333229,25.0407583]},"properties":{"city":"臺北市","restaurant_id":3480,"category":"環保餐廳","name":"蓋子普拉斯小餐館","phone":"02-27118571#","mobile":"","address":"臺北市大安區忠孝東路三段10巷22號","district":"大安區"}},{"type":"Feature","geometry":{"type":"Point","coordinates":[121.5660743,25.0427073]},"properties":{"city":"臺北市","restaurant_id":3479,"category":"環保餐廳","name":"優喜-鍋物專門店","phone":"02-27493636#","mobile":"","address":"臺北市信義區基隆路一段147巷5弄5號","district":"信義區"}},{"type":"Feature","geometry":{"type":"Point","coordinates":[121.541694,25.0465223]},"properties":{"city":"臺北市","restaurant_id":3498,"category":"環保餐廳","name":"天下食堂","phone":"02-27771163#","mobile":"0976800437","address":"臺北市中山區安東街4之5號","district":"中山區"}},{"type":"Feature","geometry":{"type":"Point","coordinates":[121.5444543,25.0446428]},"properties":{"city":"臺北市","restaurant_id":3663,"category":"環保餐廳","name":"谷炭燒肉(市民店)","phone":"02-27119500#","mobile":"","address":"臺北市大安區市民大道四段12之2號","district":"大安區"}},{"type":"Feature","geometry":{"type":"Point","coordinates":[121.5068203,25.0363705]},"properties":{"city":"臺北市","restaurant_id":3652,"category":"環保餐廳","name":"台北花園大酒店-花園thai thai","phone":"02-23121000#","mobile":"","address":"臺北市中正區中華路二段1號","district":"中正區"}},{"type":"Feature","geometry":{"type":"Point","coordinates":[121.5323787,25.0485926]},"properties":{"city":"臺北市","restaurant_id":3696,"category":"環保餐廳","name":"韓宮韓式料理","phone":"02-25235380#","mobile":"","address":"臺北市中山區長安東路二段49之1號","district":"中山區"}},{"type":"Feature","geometry":{"type":"Point","coordinates":[121.57502817,25.08155843]},"properties":{"city":"臺北市","restaurant_id":2130,"category":"環保餐廳","name":"Q Burger內湖麗山店","phone":"02-26276424","mobile":"","address":"臺北市內湖區內湖路一段629巷41號1樓","district":"內湖區"}},{"type":"Feature","geometry":{"type":"Point","coordinates":[121.56615417,25.04982542]},"properties":{"city":"臺北市","restaurant_id":2129,"category":"環保餐廳","name":"Q Burger松山南京五店","phone":"02-27565258","mobile":"","address":"臺北市松山區南京東路五段250巷18弄2-1號","district":"松山區"}},{"type":"Feature","geometry":{"type":"Point","coordinates":[121.54063564,25.05915736]},"properties":{"city":"臺北市","restaurant_id":2101,"category":"環保餐廳","name":"麥味登北市龍江1店","phone":"02-77292550","mobile":"","address":"臺北市中山區龍江路244號","district":"中山區"}},{"type":"Feature","geometry":{"type":"Point","coordinates":[121.5525518,25.05460752]},"properties":{"city":"臺北市","restaurant_id":2100,"category":"環保餐廳","name":"麥味登北市健康店","phone":"02-25148117","mobile":"","address":"臺北市松山區健康路15巷13號","district":"松山區"}},{"type":"Feature","geometry":{"type":"Point","coordinates":[121.57951334,25.04090134]},"properties":{"city":"臺北市","restaurant_id":2099,"category":"環保餐廳","name":"麥味登北市忠孝店","phone":"02-23463923","mobile":"","address":"臺北市信義區忠孝東路5段524巷6號","district":"信義區"}},{"type":"Feature","geometry":{"type":"Point","coordinates":[121.566183,25.04226754]},"properties":{"city":"臺北市","restaurant_id":2098,"category":"環保餐廳","name":"麥味登北市府捷運店","phone":"02-27491801","mobile":"","address":"臺北市信義區基隆路1段147巷12號","district":"信義區"}},{"type":"Feature","geometry":{"type":"Point","coordinates":[121.56153197,25.03062646]},"properties":{"city":"臺北市","restaurant_id":2097,"category":"環保餐廳","name":"麥味登北市世貿莊敬店","phone":"02-87861811","mobile":"","address":"臺北市信義區莊敬路203號","district":"信義區"}},{"type":"Feature","geometry":{"type":"Point","coordinates":[121.54945427,25.05298554]},"properties":{"city":"臺北市","restaurant_id":2045,"category":"環保餐廳","name":"中國人壽總部員工餐廳(自有)","phone":"02-27196678#1991","mobile":"","address":"臺北市松山區敦化北路135號B2","district":"松山區"}},{"type":"Feature","geometry":{"type":"Point","coordinates":[121.50732507,25.13473958]},"properties":{"city":"臺北市","restaurant_id":2292,"category":"環保餐廳","name":"大地酒店-月兒彎彎","phone":"02-55518888#","mobile":"","address":"臺北市北投區奇岩路1號","district":"北投區"}},{"type":"Feature","geometry":{"type":"Point","coordinates":[121.50732507,25.13473958]},"properties":{"city":"臺北市","restaurant_id":2291,"category":"環保餐廳","name":"大地酒店-奇岩一號","phone":"02-55518888#","mobile":"","address":"臺北市北投區奇岩路1號","district":"北投區"}},{"type":"Feature","geometry":{"type":"Point","coordinates":[121.52456211,25.10528655]},"properties":{"city":"臺北市","restaurant_id":2114,"category":"環保餐廳","name":"UCC Café Mercado (天母SOGO店)","phone":"02-28350652#","mobile":"","address":"臺北市士林區中山北路六段77號B1樓","district":"士林區"}},{"type":"Feature","geometry":{"type":"Point","coordinates":[121.5103695,25.05111214]},"properties":{"city":"臺北市","restaurant_id":2112,"category":"環保餐廳","name":"臺灣企銀總行大樓員工餐廳","phone":"02-25597171#2860","mobile":"","address":"臺北市大同區塔城街30號18樓","district":"大同區"}},{"type":"Feature","geometry":{"type":"Point","coordinates":[121.56640184,24.98865518]},"properties":{"city":"臺北市","restaurant_id":2095,"category":"環保餐廳","name":"麥味登北市文山木柵店","phone":"02-86617903","mobile":"","address":"臺北市文山區木柵路三段55號","district":"文山區"}},{"type":"Feature","geometry":{"type":"Point","coordinates":[121.55082497,25.04746146]},"properties":{"city":"臺北市","restaurant_id":2094,"category":"環保餐廳","name":"麥味登北市台視店","phone":"02-25795877","mobile":"","address":"臺北市松山區八德路三段12巷5弄6號","district":"松山區"}},{"type":"Feature","geometry":{"type":"Point","coordinates":[121.54944162,25.03109158]},"properties":{"city":"臺北市","restaurant_id":2091,"category":"環保餐廳","name":"麥味登北市敦南遠企店","phone":"02-27035003","mobile":"","address":"臺北市大安區敦化南路二段63巷5號","district":"大安區"}},{"type":"Feature","geometry":{"type":"Point","coordinates":[121.5568131,25.02808468]},"properties":{"city":"臺北市","restaurant_id":2090,"category":"環保餐廳","name":"麥味登北市信義基隆店","phone":"02-27327880","mobile":"","address":"臺北市信義區基隆路二段131-2號","district":"信義區"}},{"type":"Feature","geometry":{"type":"Point","coordinates":[121.5533861,25.02486483]},"properties":{"city":"臺北市","restaurant_id":2089,"category":"環保餐廳","name":"麥味登北市六張犁店","phone":"02-27323011","mobile":"","address":"臺北市信義區基隆路二段183號1樓","district":"信義區"}},{"type":"Feature","geometry":{"type":"Point","coordinates":[121.5070208,25.13500707]},"properties":{"city":"臺北市","restaurant_id":1822,"category":"環保餐廳","name":"大地酒店-喜歡廳","phone":"02-55518888#","mobile":"","address":"臺北市北投區奇岩路一號","district":"北投區"}},{"type":"Feature","geometry":{"type":"Point","coordinates":[121.52228103,25.04489784]},"properties":{"city":"臺北市","restaurant_id":1820,"category":"環保餐廳","name":"新盛員工餐廳","phone":"09-75236333#","mobile":"0975236333","address":"臺北市中正區忠孝東路一段12號B3","district":"中正區"}},{"type":"Feature","geometry":{"type":"Point","coordinates":[121.52340554,25.0250857]},"properties":{"city":"臺北市","restaurant_id":1591,"category":"環保餐廳","name":"Oohchacha自然食(古亭店)","phone":"02-23677133#","mobile":"","address":"臺北市中正區南昌路二段207號","district":"中正區"}},{"type":"Feature","geometry":{"type":"Point","coordinates":[121.568657,25.00194771]},"properties":{"city":"臺北市","restaurant_id":1589,"category":"環保餐廳","name":"愛加倍餐廳","phone":"02-22303518#","mobile":"","address":"臺北市文山區萬美街一段19巷5之1","district":"文山區"}},{"type":"Feature","geometry":{"type":"Point","coordinates":[121.56050274,25.05719842]},"properties":{"city":"臺北市","restaurant_id":1587,"category":"環保餐廳","name":"綠帶純植物烘焙","phone":"02-27477668#","mobile":"","address":"臺北市松山區民生東路五段36巷8弄64號1樓","district":"松山區"}},{"type":"Feature","geometry":{"type":"Point","coordinates":[121.54332348,25.051399]},"properties":{"city":"臺北市","restaurant_id":1569,"category":"環保餐廳","name":"Machikaka 智允餐飲","phone":"02-27772777#","mobile":"","address":"臺北市中山區南京東路三段216巷4號一樓","district":"中山區"}},{"type":"Feature","geometry":{"type":"Point","coordinates":[121.6050942,25.05276486]},"properties":{"city":"臺北市","restaurant_id":1324,"category":"環保餐廳","name":"金色三麥南港CITYLINK店","phone":"02-27827000","mobile":"","address":"臺北市南港區台北市南港區忠孝東路七段299號C棟1樓","district":"南港區"}},{"type":"Feature","geometry":{"type":"Point","coordinates":[121.5657056,25.03983973]},"properties":{"city":"臺北市","restaurant_id":1323,"category":"環保餐廳","name":"金色三麥 信義誠品店","phone":"02-87895911","mobile":"","address":"臺北市信義區台北市信義區松高路11號B1","district":"信義區"}},{"type":"Feature","geometry":{"type":"Point","coordinates":[121.5177667,25.04946534]},"properties":{"city":"臺北市","restaurant_id":1322,"category":"環保餐廳","name":"金色三麥 台北京站店","phone":"02-77370909","mobile":"","address":"臺北市大同區台北市大同區承德路1段1號4樓","district":"大同區"}},{"type":"Feature","geometry":{"type":"Point","coordinates":[121.5574008,25.08347237]},"properties":{"city":"臺北市","restaurant_id":1321,"category":"環保餐廳","name":"金色三麥 台北美麗華店","phone":"02-21753739","mobile":"","address":"臺北市中山區台北市中山區敬業3路20號5樓","district":"中山區"}},{"type":"Feature","geometry":{"type":"Point","coordinates":[121.5595072,25.0423915]},"properties":{"city":"臺北市","restaurant_id":5658,"category":"環保餐廳","name":"北村豆腐家(大巨蛋)","phone":"02-27610688#","mobile":"","address":"臺北市信義區忠孝東路四段515號B2","district":"信義區"}},{"type":"Feature","geometry":{"type":"Point","coordinates":[121.5595072,25.0423915]},"properties":{"city":"臺北市","restaurant_id":5657,"category":"環保餐廳","name":"bhc CHICKEN","phone":"02-27560809#","mobile":"","address":"臺北市信義區忠孝東路四段515號B2","district":"信義區"}},{"type":"Feature","geometry":{"type":"Point","coordinates":[121.5375504,25.057504]},"properties":{"city":"臺北市","restaurant_id":5654,"category":"環保餐廳","name":"MJ Kitchen","phone":"02-77503337#","mobile":"0277503337","address":"臺北市中正區民生東路三段6號","district":"中正區"}},{"type":"Feature","geometry":{"type":"Point","coordinates":[121.5247878,25.0516039]},"properties":{"city":"臺北市","restaurant_id":5671,"category":"環保餐廳","name":"Aye Taipei","phone":"02-25672485#","mobile":"0937290679","address":"臺北市中山區林森北路138巷15號一樓","district":"中山區"}},{"type":"Feature","geometry":{"type":"Point","coordinates":[121.5681278,25.0368001]},"properties":{"city":"臺北市","restaurant_id":5667,"category":"環保餐廳","name":"筷炒台式餐館 Kuaichao Taiwanese Food & Beer","phone":"02-27580520#","mobile":"","address":"臺北市信義區信義區松仁路58號14樓","district":"信義區"}},{"type":"Feature","geometry":{"type":"Point","coordinates":[121.5595072,25.0423915]},"properties":{"city":"臺北市","restaurant_id":5663,"category":"環保餐廳","name":"勝勢日式豬排(大巨蛋)","phone":"02-27615168#","mobile":"","address":"臺北市信義區忠孝東路四段515號B2","district":"信義區"}},{"type":"Feature","geometry":{"type":"Point","coordinates":[121.5595072,25.0423915]},"properties":{"city":"臺北市","restaurant_id":5662,"category":"環保餐廳","name":"樂天小香港(大巨蛋)","phone":"02-27615068#","mobile":"","address":"臺北市信義區忠孝東路四段515號B2","district":"信義區"}},{"type":"Feature","geometry":{"type":"Point","coordinates":[121.5245943,25.105306]},"properties":{"city":"臺北市","restaurant_id":5643,"category":"環保餐廳","name":"菊川四代目-SOGO天母店","phone":"02-28330069#","mobile":"","address":"臺北市士林區中山北路六段77號8樓","district":"士林區"}},{"type":"Feature","geometry":{"type":"Point","coordinates":[121.5681278,25.0368001]},"properties":{"city":"臺北市","restaurant_id":5642,"category":"環保餐廳","name":"八八燒肉","phone":"02-27298588#","mobile":"","address":"臺北市信義區松仁路58號14樓","district":"信義區"}},{"type":"Feature","geometry":{"type":"Point","coordinates":[121.5644443,25.0338211]},"properties":{"city":"臺北市","restaurant_id":5618,"category":"環保餐廳","name":"雪嶽山韓式料理台北101店","phone":"02-81018503#","mobile":"","address":"臺北市信義區市府路45號B1","district":"信義區"}},{"type":"Feature","geometry":{"type":"Point","coordinates":[121.5245943,25.105306]},"properties":{"city":"臺北市","restaurant_id":5608,"category":"環保餐廳","name":"鼎泰豐天母店","phone":"02-28338900#","mobile":"","address":"臺北市士林區中山北路六段77號B1","district":"士林區"}},{"type":"Feature","geometry":{"type":"Point","coordinates":[121.55108,25.05923869]},"properties":{"city":"臺北市","restaurant_id":1439,"category":"環保餐廳","name":"玉山銀行(第二總部大樓)員工餐廳","phone":"02-21751313#8181","mobile":"","address":"臺北市松山區敦化北路315號","district":"松山區"}},{"type":"Feature","geometry":{"type":"Point","coordinates":[121.5944279,25.06153734]},"properties":{"city":"臺北市","restaurant_id":1437,"category":"環保餐廳","name":"中國信託內湖行政大樓員工餐廳","phone":"02-81787777#","mobile":"0932634876","address":"臺北市內湖區安康路22巷33號4樓","district":"內湖區"}},{"type":"Feature","geometry":{"type":"Point","coordinates":[121.6164454,25.05901721]},"properties":{"city":"臺北市","restaurant_id":1435,"category":"環保餐廳","name":"中國信託金融園區員工餐廳","phone":"02-33277777#8922","mobile":"0932634876","address":"臺北市南港區經貿二路168號4樓","district":"南港區"}},{"type":"Feature","geometry":{"type":"Point","coordinates":[121.5492662,25.0005101]},"properties":{"city":"臺北市","restaurant_id":5867,"category":"環保餐廳","name":"樸樹咖啡興岩店","phone":"02-29335626#","mobile":"0936257019","address":"臺北市文山區興隆路二段88號、88-1號","district":"文山區"}},{"type":"Feature","geometry":{"type":"Point","coordinates":[121.5518476,25.0636811]},"properties":{"city":"臺北市","restaurant_id":5866,"category":"環保餐廳","name":"占元府 玉小蘭","phone":"02-25461258#","mobile":"","address":"臺北市松山區敦化北路340-10號2樓","district":"松山區"}},{"type":"Feature","geometry":{"type":"Point","coordinates":[121.5518476,25.0636811]},"properties":{"city":"臺北市","restaurant_id":5837,"category":"環保餐廳","name":"洋洋肉骨茶(松機T2)","phone":"-#","mobile":"0906713838","address":"臺北市松山區敦化北路340-10號2樓","district":"松山區"}},{"type":"Feature","geometry":{"type":"Point","coordinates":[121.543385,25.044269]},"properties":{"city":"臺北市","restaurant_id":5854,"category":"環保餐廳","name":"草泥Cafe","phone":"02-27362567#","mobile":"","address":"臺北市大安區安東街35巷31號1樓","district":"大安區"}},{"type":"Feature","geometry":{"type":"Point","coordinates":[121.5476201,25.0436955]},"properties":{"city":"臺北市","restaurant_id":5853,"category":"環保餐廳","name":"燒肉殿","phone":"02-27315415#","mobile":"","address":"臺北市大安區敦化南路一段160巷19號","district":"大安區"}},{"type":"Feature","geometry":{"type":"Point","coordinates":[121.5471748,25.0439134]},"properties":{"city":"臺北市","restaurant_id":5852,"category":"環保餐廳","name":"棠棠 DonDonStudio","phone":"02-27769178#","mobile":"","address":"臺北市大安區大安路一段31巷20號","district":"大安區"}},{"type":"Feature","geometry":{"type":"Point","coordinates":[121.5419351,25.0438005]},"properties":{"city":"臺北市","restaurant_id":5851,"category":"環保餐廳","name":"調味品串酒坊","phone":"-#","mobile":"0928233583","address":"臺北市大安區忠孝東路三段251巷13弄6號1樓","district":"大安區"}},{"type":"Feature","geometry":{"type":"Point","coordinates":[121.5692094,25.03445716]},"properties":{"city":"臺北市","restaurant_id":1292,"category":"環保餐廳","name":"華南銀行員工餐廳","phone":"02-23713111#3233","mobile":"","address":"臺北市信義區松仁路123號3樓","district":"信義區"}},{"type":"Feature","geometry":{"type":"Point","coordinates":[121.5469416,25.05830802]},"properties":{"city":"臺北市","restaurant_id":1291,"category":"環保餐廳","name":"玉山銀行員工餐廳","phone":"02-21751313#8139","mobile":"","address":"臺北市松山區民生東路三段117號","district":"松山區"}},{"type":"Feature","geometry":{"type":"Point","coordinates":[121.5659902,24.98287063]},"properties":{"city":"臺北市","restaurant_id":2398,"category":"環保餐廳","name":"麥味登文山木新","phone":"02-29398080","mobile":"","address":"臺北市文山區木新路二段277號","district":"文山區"}},{"type":"Feature","geometry":{"type":"Point","coordinates":[121.5760303,24.98854625]},"properties":{"city":"臺北市","restaurant_id":2397,"category":"環保餐廳","name":"麥味登文山政大","phone":"02-29381314","mobile":"","address":"臺北市文山區萬壽路25巷3號","district":"文山區"}},{"type":"Feature","geometry":{"type":"Point","coordinates":[121.54048874,24.9901326]},"properties":{"city":"臺北市","restaurant_id":2396,"category":"環保餐廳","name":"麥味登文山滬江","phone":"02-29351157","mobile":"","address":"臺北市文山區羅斯福路六段455巷21號1樓","district":"文山區"}},{"type":"Feature","geometry":{"type":"Point","coordinates":[121.54449381,24.99709853]},"properties":{"city":"臺北市","restaurant_id":2395,"category":"環保餐廳","name":"麥味登景興饗食大亨","phone":"02-29325657","mobile":"","address":"臺北市文山區景興路40號","district":"文山區"}},{"type":"Feature","geometry":{"type":"Point","coordinates":[121.55678552,24.9805472]},"properties":{"city":"臺北市","restaurant_id":2393,"category":"環保餐廳","name":"麥味登文山木星好運","phone":"02-29360988","mobile":"","address":"臺北市文山區木新路三段315號","district":"文山區"}},{"type":"Feature","geometry":{"type":"Point","coordinates":[121.6111361,25.05560864]},"properties":{"city":"臺北市","restaurant_id":2391,"category":"環保餐廳","name":"麥味登南軟園區","phone":"02-27833313","mobile":"","address":"臺北市南港區新民街81號","district":"南港區"}},{"type":"Feature","geometry":{"type":"Point","coordinates":[121.58481617,25.04539466]},"properties":{"city":"臺北市","restaurant_id":2390,"category":"環保餐廳","name":"麥味登北市同德","phone":"02-27855330","mobile":"","address":"臺北市南港區同德路54號","district":"南港區"}},{"type":"Feature","geometry":{"type":"Point","coordinates":[121.59344654,25.0517162]},"properties":{"city":"臺北市","restaurant_id":2389,"category":"環保餐廳","name":"麥味登北市昆陽","phone":"02-27883965","mobile":"","address":"臺北市南港區昆陽街94號","district":"南港區"}},{"type":"Feature","geometry":{"type":"Point","coordinates":[121.58521177,25.0387554]},"properties":{"city":"臺北市","restaurant_id":2373,"category":"環保餐廳","name":"麥味登信義福德","phone":"02-27271825","mobile":"","address":"臺北市信義區福德街246號","district":"信義區"}},{"type":"Feature","geometry":{"type":"Point","coordinates":[121.57659451,25.03982146]},"properties":{"city":"臺北市","restaurant_id":2372,"category":"環保餐廳","name":"麥味登北市永春","phone":"02-27220602","mobile":"","address":"臺北市信義區忠孝東路五段372巷27弄77-1號","district":"信義區"}},{"type":"Feature","geometry":{"type":"Point","coordinates":[121.56904027,25.02524204]},"properties":{"city":"臺北市","restaurant_id":2369,"category":"環保餐廳","name":"麥味登北市松仁","phone":"02-27585197","mobile":"","address":"臺北市信義區松仁路232號","district":"信義區"}},{"type":"Feature","geometry":{"type":"Point","coordinates":[121.57479472,25.03555198]},"properties":{"city":"臺北市","restaurant_id":2368,"category":"環保餐廳","name":"麥味登北市松德","phone":"02-27260169","mobile":"","address":"臺北市信義區松德路193號","district":"信義區"}},{"type":"Feature","geometry":{"type":"Point","coordinates":[121.582126,25.04131982]},"properties":{"city":"臺北市","restaurant_id":2367,"category":"環保餐廳","name":"麥味登北市大道","phone":"02-27598668","mobile":"","address":"臺北市信義區大道路50號","district":"信義區"}},{"type":"Feature","geometry":{"type":"Point","coordinates":[121.56438954,25.02643132]},"properties":{"city":"臺北市","restaurant_id":2366,"category":"環保餐廳","name":"麥味登北市百勝","phone":"02-27584827","mobile":"","address":"臺北市信義區吳興街281巷14號","district":"信義區"}},{"type":"Feature","geometry":{"type":"Point","coordinates":[121.49187307,25.03160606]},"properties":{"city":"臺北市","restaurant_id":2365,"category":"環保餐廳","name":"麥味登萬華雙園","phone":"02-22123484","mobile":"","address":"臺北市萬華區雙園街148號","district":"萬華區"}},{"type":"Feature","geometry":{"type":"Point","coordinates":[121.52808374,25.0665107]},"properties":{"city":"臺北市","restaurant_id":2351,"category":"環保餐廳","name":"麥味登北市神通","phone":"02-25866260","mobile":"","address":"臺北市中山區新生北路三段69-1號","district":"中山區"}},{"type":"Feature","geometry":{"type":"Point","coordinates":[121.54068991,25.06445481]},"properties":{"city":"臺北市","restaurant_id":2349,"category":"環保餐廳","name":"麥味登北市榮星花園","phone":"02-25082251","mobile":"","address":"臺北市中山區五常街85號","district":"中山區"}},{"type":"Feature","geometry":{"type":"Point","coordinates":[121.52344764,25.05810014]},"properties":{"city":"臺北市","restaurant_id":2348,"category":"環保餐廳","name":"麥味登北市國王","phone":"02-25115091","mobile":"","address":"臺北市中山區民生東路一段5號","district":"中山區"}},{"type":"Feature","geometry":{"type":"Point","coordinates":[121.53232854,25.05499198]},"properties":{"city":"臺北市","restaurant_id":2347,"category":"環保餐廳","name":"麥味登北市國王二","phone":"02-25312636","mobile":"","address":"臺北市中山區長春路147-2號","district":"中山區"}},{"type":"Feature","geometry":{"type":"Point","coordinates":[121.53365587,25.04830374]},"properties":{"city":"臺北市","restaurant_id":2345,"category":"環保餐廳","name":"麥味登北市長安東","phone":"02-25065763","mobile":"","address":"臺北市中山區長安東路二段72號","district":"中山區"}},{"type":"Feature","geometry":{"type":"Point","coordinates":[121.5102674,25.05239182]},"properties":{"city":"臺北市","restaurant_id":2344,"category":"環保餐廳","name":"麥味登北門塔城","phone":"02-25522215","mobile":"","address":"臺北市大同區塔城街48號","district":"大同區"}},{"type":"Feature","geometry":{"type":"Point","coordinates":[121.5129743,25.06277196]},"properties":{"city":"臺北市","restaurant_id":2343,"category":"環保餐廳","name":"麥味登北市民權","phone":"02-25506676","mobile":"","address":"臺北市大同區民權西路234號","district":"大同區"}},{"type":"Feature","geometry":{"type":"Point","coordinates":[121.51703947,25.06595618]},"properties":{"city":"臺北市","restaurant_id":2342,"category":"環保餐廳","name":"麥味登北市昌吉","phone":"02-25996761","mobile":"","address":"臺北市大同區昌吉街27號","district":"大同區"}},{"type":"Feature","geometry":{"type":"Point","coordinates":[121.51410927,25.05139464]},"properties":{"city":"臺北市","restaurant_id":2341,"category":"環保餐廳","name":"麥味登北市重慶","phone":"02-25593866","mobile":"","address":"臺北市大同區重慶北路一段61號1F","district":"大同區"}},{"type":"Feature","geometry":{"type":"Point","coordinates":[121.5450243,25.04210739]},"properties":{"city":"臺北市","restaurant_id":1230,"category":"環保餐廳","name":"Lady nara台北忠孝SOGO店","phone":"02-27712585#","mobile":"","address":"臺北市大安區忠孝東路四段45號12樓","district":"大安區"}},{"type":"Feature","geometry":{"type":"Point","coordinates":[121.5679566,25.0367849]},"properties":{"city":"臺北市","restaurant_id":5728,"category":"環保餐廳","name":"咖哩樹-台北京站店","phone":"02-77290799#","mobile":"","address":"臺北市大同區承德路一段1號B3","district":"大同區"}},{"type":"Feature","geometry":{"type":"Point","coordinates":[121.4625315,25.0205687]},"properties":{"city":"臺北市","restaurant_id":5727,"category":"環保餐廳","name":"粵亮廣式料理","phone":"02-66156528#","mobile":"","address":"臺北市南港區忠孝東路七段359號8樓","district":"南港區"}},{"type":"Feature","geometry":{"type":"Point","coordinates":[121.5453255,25.04229243]},"properties":{"city":"臺北市","restaurant_id":1273,"category":"環保餐廳","name":"遠東SOGO忠孝店員工餐廳","phone":"02-27765555#1506","mobile":"","address":"臺北市大安區忠孝東路四段45號","district":"大安區"}},{"type":"Feature","geometry":{"type":"Point","coordinates":[121.607193,25.052592]},"properties":{"city":"臺北市","restaurant_id":1143,"category":"環保餐廳","name":"敘日全日餐廳","phone":"02-66156526#","mobile":"0266156526","address":"臺北市南港區忠孝東路七段359號7樓","district":"南港區"}},{"type":"Feature","geometry":{"type":"Point","coordinates":[121.543232,25.041063]},"properties":{"city":"臺北市","restaurant_id":1121,"category":"環保餐廳","name":"黑毛屋本家(復興SOGO店)","phone":"02-27315199#","mobile":"","address":"臺北市大安區忠孝東路三段300號11樓","district":"大安區"}},{"type":"Feature","geometry":{"type":"Point","coordinates":[121.528641,25.027393]},"properties":{"city":"臺北市","restaurant_id":1119,"category":"環保餐廳","name":"Camo咖啡","phone":"02-33433931#","mobile":"0909778712","address":"臺北市大安區和平東路一段129號","district":"大安區"}},{"type":"Feature","geometry":{"type":"Point","coordinates":[121.543221,25.041131]},"properties":{"city":"臺北市","restaurant_id":1118,"category":"環保餐廳","name":"老乾杯(復興SOGO店)","phone":"02-27316555#","mobile":"","address":"臺北市大安區忠孝東路三段300號11樓","district":"大安區"}},{"type":"Feature","geometry":{"type":"Point","coordinates":[121.524637,25.105524]},"properties":{"city":"臺北市","restaurant_id":1113,"category":"環保餐廳","name":"成真咖啡（天母SOGO店）","phone":"02-28368881#","mobile":"0958836913","address":"臺北市士林區士林區中山北路六段77號1樓","district":"士林區"}},{"type":"Feature","geometry":{"type":"Point","coordinates":[121.544883,25.041902]},"properties":{"city":"臺北市","restaurant_id":676,"category":"環保餐廳","name":"Nara Thai Cuisine 台北忠孝SOGO 店","phone":"02-27718939#","mobile":"","address":"臺北市大安區忠孝東路四段45號11樓","district":"大安區"}},{"type":"Feature","geometry":{"type":"Point","coordinates":[121.524278,25.105007]},"properties":{"city":"臺北市","restaurant_id":674,"category":"環保餐廳","name":"黑毛屋天母SOGO店","phone":"02-28366018#","mobile":"","address":"臺北市士林區中山北路6段77號8樓","district":"士林區"}},{"type":"Feature","geometry":{"type":"Point","coordinates":[121.543057,25.041212]},"properties":{"city":"臺北市","restaurant_id":669,"category":"環保餐廳","name":"點水樓(復興SOGO店)","phone":"02-87725089#","mobile":"","address":"臺北市大安區忠孝東路三段300號11樓","district":"大安區"}},{"type":"Feature","geometry":{"type":"Point","coordinates":[121.543057,25.041212]},"properties":{"city":"臺北市","restaurant_id":667,"category":"環保餐廳","name":"EN和食(復興SOGO店)","phone":"02-77450796#","mobile":"","address":"臺北市大安區忠孝東路三段300號11樓","district":"大安區"}},{"type":"Feature","geometry":{"type":"Point","coordinates":[121.543057,25.041212]},"properties":{"city":"臺北市","restaurant_id":666,"category":"環保餐廳","name":"新葡苑(復興SOGO店)","phone":"02-87720177#","mobile":"","address":"臺北市大安區忠孝東路三段300號10樓","district":"大安區"}},{"type":"Feature","geometry":{"type":"Point","coordinates":[121.53277114,25.05280532]},"properties":{"city":"臺北市","restaurant_id":1178,"category":"環保餐廳","name":"養心茶樓","phone":"02-25428828#","mobile":"","address":"臺北市中山區松江路128號2樓","district":"中山區"}},{"type":"Feature","geometry":{"type":"Point","coordinates":[121.5532095,25.0247386]},"properties":{"city":"臺北市","restaurant_id":5627,"category":"環保餐廳","name":"桃源二村","phone":"-#","mobile":"0938529729","address":"臺北市信義區基隆路二段193號","district":"信義區"}},{"type":"Feature","geometry":{"type":"Point","coordinates":[121.5681356,25.0368823]},"properties":{"city":"臺北市","restaurant_id":5625,"category":"環保餐廳","name":"新馬辣-信義遠百店","phone":"02-27202118#","mobile":"","address":"臺北市信義區松仁路58號14樓、遠東百貨櫃號-1402號","district":"信義區"}},{"type":"Feature","geometry":{"type":"Point","coordinates":[121.5681278,25.0368001]},"properties":{"city":"臺北市","restaurant_id":5624,"category":"環保餐廳","name":"Hooters","phone":"02-27290168#","mobile":"","address":"臺北市信義區松仁路58號14樓","district":"信義區"}},{"type":"Feature","geometry":{"type":"Point","coordinates":[121.5679505,25.0367556]},"properties":{"city":"臺北市","restaurant_id":5623,"category":"環保餐廳","name":"旭集 和食集錦SUNRISE 信義店","phone":"02-87803366#","mobile":"","address":"臺北市信義區松仁路58號9F","district":"信義區"}},{"type":"Feature","geometry":{"type":"Point","coordinates":[121.5679566,25.0367849]},"properties":{"city":"臺北市","restaurant_id":5621,"category":"環保餐廳","name":"朱記餡餅粥(信義A13店)","phone":"02-87864101#","mobile":"","address":"臺北市信義區松仁路58號4F","district":"信義區"}},{"type":"Feature","geometry":{"type":"Point","coordinates":[121.5679566,25.0367849]},"properties":{"city":"臺北市","restaurant_id":5606,"category":"環保餐廳","name":"春水堂人文茶館","phone":"02-87863356#","mobile":"","address":"臺北市信義區松仁路58號4樓","district":"信義區"}},{"type":"Feature","geometry":{"type":"Point","coordinates":[121.5679566,25.0367849]},"properties":{"city":"臺北市","restaurant_id":5605,"category":"環保餐廳","name":"忠青商行/遠百信義","phone":"02-27223700#","mobile":"","address":"臺北市信義區松仁路58號4樓","district":"信義區"}},{"type":"Feature","geometry":{"type":"Point","coordinates":[121.52426727,25.10498755]},"properties":{"city":"臺北市","restaurant_id":5597,"category":"環保餐廳","name":"燒肉LIKE","phone":"02-28353788#","mobile":"0958716753","address":"臺北市士林區中山北路六段77號6樓","district":"士林區"}},{"type":"Feature","geometry":{"type":"Point","coordinates":[121.5142493,25.071877]},"properties":{"city":"臺北市","restaurant_id":5575,"category":"環保餐廳","name":"尚品香精緻早午餐-台北酒泉店","phone":"02-25867600#","mobile":"","address":"臺北市大同區酒泉街106號","district":"大同區"}},{"type":"Feature","geometry":{"type":"Point","coordinates":[121.565242,25.039515]},"properties":{"city":"臺北市","restaurant_id":461,"category":"環保餐廳","name":"默爾Pasta Pizza(信義誠品店)","phone":"02-27224660#","mobile":"","address":"臺北市信義區松高路11號5樓","district":"信義區"}},{"type":"Feature","geometry":{"type":"Point","coordinates":[121.524278,25.105007]},"properties":{"city":"臺北市","restaurant_id":654,"category":"環保餐廳","name":"非常泰（天母sogo 店）","phone":"02-28310188#","mobile":"","address":"臺北市士林區中山北路六段77號8樓","district":"士林區"}},{"type":"Feature","geometry":{"type":"Point","coordinates":[121.524278,25.105007]},"properties":{"city":"臺北市","restaurant_id":647,"category":"環保餐廳","name":"新葡苑（天母SOGO店）","phone":"02-28366628#","mobile":"","address":"臺北市士林區中山北路6段77號8樓","district":"士林區"}},{"type":"Feature","geometry":{"type":"Point","coordinates":[121.548441,25.040146]},"properties":{"city":"臺北市","restaurant_id":645,"category":"環保餐廳","name":"紅豆食府(天母SOGO店)","phone":"02-28332208#","mobile":"","address":"臺北市士林區中山北路六段77號8F","district":"士林區"}},{"type":"Feature","geometry":{"type":"Point","coordinates":[121.524278,25.105007]},"properties":{"city":"臺北市","restaurant_id":644,"category":"環保餐廳","name":"朱記餡餅粥(天母SOGO店)","phone":"02-28353619#","mobile":"","address":"臺北市士林區中山北路6段77號8樓","district":"士林區"}},{"type":"Feature","geometry":{"type":"Point","coordinates":[121.55628,25.041155]},"properties":{"city":"臺北市","restaurant_id":582,"category":"環保餐廳","name":"晶湯匙泰式主題餐廳","phone":"02-87725006#","mobile":"","address":"臺北市大安區忠孝東路三段300號10樓","district":"大安區"}},{"type":"Feature","geometry":{"type":"Point","coordinates":[121.54990647,25.03560914]},"properties":{"city":"臺北市","restaurant_id":2318,"category":"環保餐廳","name":"洗心壽司割烹","phone":"-#","mobile":"0981295295","address":"臺北市大安區敦化南路一段295巷9號","district":"大安區"}},{"type":"Feature","geometry":{"type":"Point","coordinates":[121.5677823,25.03684216]},"properties":{"city":"臺北市","restaurant_id":2018,"category":"環保餐廳","name":"樂檸漢堡（信義遠百門市）","phone":"02-27255260#","mobile":"","address":"臺北市信義區松仁路58號B3（A13 信義遠百 B3）","district":"信義區"}},{"type":"Feature","geometry":{"type":"Point","coordinates":[121.5527883,25.042859]},"properties":{"city":"臺北市","restaurant_id":2017,"category":"環保餐廳","name":"樂檸漢堡（忠孝敦化門市）","phone":"02-87720607#","mobile":"","address":"臺北市大安區忠孝東路四段223巷47號","district":"大安區"}},{"type":"Feature","geometry":{"type":"Point","coordinates":[121.5624299,25.05046132]},"properties":{"city":"臺北市","restaurant_id":2016,"category":"環保餐廳","name":"樂檸漢堡（南京三民門市）","phone":"02-27620398#","mobile":"","address":"臺北市松山區光復北路11巷99-1號","district":"松山區"}},{"type":"Feature","geometry":{"type":"Point","coordinates":[121.54834234,25.05552462]},"properties":{"city":"臺北市","restaurant_id":2009,"category":"環保餐廳","name":"聚寶員工餐廳","phone":"02-27156888#1560","mobile":"","address":"臺北市松山區敦化北路158號","district":"松山區"}},{"type":"Feature","geometry":{"type":"Point","coordinates":[121.5068203,25.03634132]},"properties":{"city":"臺北市","restaurant_id":1972,"category":"環保餐廳","name":"PRIME ONE 牛排館","phone":"02-23143300#3368","mobile":"","address":"臺北市中正區中華路二段1號","district":"中正區"}},{"type":"Feature","geometry":{"type":"Point","coordinates":[121.52556,25.054131]},"properties":{"city":"臺北市","restaurant_id":323,"category":"環保餐廳","name":"古拉爵 義式屋-欣欣百貨店","phone":"02-25427680#","mobile":"","address":"臺北市中山區台北市中山區林森北路247號2樓","district":"中山區"}},{"type":"Feature","geometry":{"type":"Point","coordinates":[121.567967,25.036732]},"properties":{"city":"臺北市","restaurant_id":369,"category":"環保餐廳","name":"涮乃葉-南港中信店","phone":"02-26530155#","mobile":"","address":"臺北市南港區台北市南港區經貿二路188-1號2樓(中信總部C棟)","district":"南港區"}},{"type":"Feature","geometry":{"type":"Point","coordinates":[121.567967,25.036732]},"properties":{"city":"臺北市","restaurant_id":368,"category":"環保餐廳","name":"涮乃葉-信義遠百店","phone":"02-27230698#","mobile":"","address":"臺北市信義區台北市信義區松仁路58號7樓","district":"信義區"}},{"type":"Feature","geometry":{"type":"Point","coordinates":[121.565417,25.040865]},"properties":{"city":"臺北市","restaurant_id":360,"category":"環保餐廳","name":"涮乃葉-統一時代市府店","phone":"02-27230646#","mobile":"","address":"臺北市信義區台北市信義區忠孝東路5段8號3樓","district":"信義區"}},{"type":"Feature","geometry":{"type":"Point","coordinates":[121.513983,25.042784]},"properties":{"city":"臺北市","restaurant_id":374,"category":"環保餐廳","name":"SKYLARK加州風洋食館-和平公園店","phone":"02-23756364#","mobile":"","address":"臺北市中正區台北市中正區懷寧街90號","district":"中正區"}},{"type":"Feature","geometry":{"type":"Point","coordinates":[121.611273,25.070209]},"properties":{"city":"臺北市","restaurant_id":373,"category":"環保餐廳","name":"SKYLARK加州風洋食館-東湖康寧店","phone":"02-26332850#","mobile":"","address":"臺北市內湖區台北市內湖區康寧路3段72號","district":"內湖區"}},{"type":"Feature","geometry":{"type":"Point","coordinates":[121.527781,25.095191]},"properties":{"city":"臺北市","restaurant_id":372,"category":"環保餐廳","name":"SKYLARK加州風洋食館-士林中山北店","phone":"02-28837742#","mobile":"","address":"臺北市士林區台北市士林區中山北路5段565號","district":"士林區"}},{"type":"Feature","geometry":{"type":"Point","coordinates":[121.52556,25.054131]},"properties":{"city":"臺北市","restaurant_id":352,"category":"環保餐廳","name":"涮乃葉-欣欣百貨店","phone":"02-25416320#","mobile":"","address":"臺北市中山區台北市中山區林森北路247號2樓","district":"中山區"}},{"type":"Feature","geometry":{"type":"Point","coordinates":[121.616125,25.058395]},"properties":{"city":"臺北市","restaurant_id":341,"category":"環保餐廳","name":"古拉爵 義式屋-南港中信店","phone":"02-27892688#","mobile":"","address":"臺北市南港區台北市南港區經貿二路166號2樓(中信總部A棟)","district":"南港區"}},{"type":"Feature","geometry":{"type":"Point","coordinates":[121.547995,25.051963]},"properties":{"city":"臺北市","restaurant_id":304,"category":"環保餐廳","name":"橫濱牛排-微風南京店","phone":"02-87125575#","mobile":"","address":"臺北市松山區南京東路3段337號3樓","district":"松山區"}},{"type":"Feature","geometry":{"type":"Point","coordinates":[121.5309857,25.12293749]},"properties":{"city":"臺北市","restaurant_id":1602,"category":"環保餐廳","name":"藝食知選","phone":"02-28762882#","mobile":"","address":"臺北市士林區臺北市士林區天玉街81巷2號","district":"士林區"}},{"type":"Feature","geometry":{"type":"Point","coordinates":[121.53097674,25.11536129]},"properties":{"city":"臺北市","restaurant_id":1601,"category":"環保餐廳","name":"紅瓦厝懷舊風味餐坊","phone":"02-28767407#","mobile":"","address":"臺北市士林區天母東路8巷67號","district":"士林區"}},{"type":"Feature","geometry":{"type":"Point","coordinates":[121.5040002,25.04650392]},"properties":{"city":"臺北市","restaurant_id":1616,"category":"環保餐廳","name":"小小蔬房","phone":"02-23111168#","mobile":"0932040505","address":"臺北市萬華區漢口街二段125號","district":"萬華區"}},{"type":"Feature","geometry":{"type":"Point","coordinates":[121.5515736,25.08494323]},"properties":{"city":"臺北市","restaurant_id":1550,"category":"環保餐廳","name":"凱基證券總公司員工餐廳(自有)","phone":"02-21818888#","mobile":"","address":"臺北市中山區成功里明水路700號4樓","district":"中山區"}},{"type":"Feature","geometry":{"type":"Point","coordinates":[121.607208,25.052669]},"properties":{"city":"臺北市","restaurant_id":1414,"category":"環保餐廳","name":"藏壽司 南港CITYLINK店","phone":"02-26510266#","mobile":"0963723502","address":"臺北市南港區忠孝東路七段369號3樓","district":"南港區"}},{"type":"Feature","geometry":{"type":"Point","coordinates":[121.52096,25.061153]},"properties":{"city":"臺北市","restaurant_id":990,"category":"環保餐廳","name":"Q Burger中山天祥店","phone":"02-25311238","mobile":"","address":"臺北市中山區天祥路22號1樓","district":"中山區"}},{"type":"Feature","geometry":{"type":"Point","coordinates":[121.592371,25.084945]},"properties":{"city":"臺北市","restaurant_id":797,"category":"環保餐廳","name":"Q Burger內湖金龍店","phone":"02-27928292","mobile":"","address":"臺北市內湖區金龍路74號","district":"內湖區"}},{"type":"Feature","geometry":{"type":"Point","coordinates":[121.587649,25.039387]},"properties":{"city":"臺北市","restaurant_id":881,"category":"環保餐廳","name":"Q Burger南港福德店","phone":"02-26519876","mobile":"","address":"臺北市南港區福德街312號1樓","district":"南港區"}},{"type":"Feature","geometry":{"type":"Point","coordinates":[121.543057,25.041212]},"properties":{"city":"臺北市","restaurant_id":643,"category":"環保餐廳","name":"伊勢路勝勢日式豬排(復興 SOGO店)","phone":"02-87729822#","mobile":"","address":"臺北市大安區忠孝東路三段300號10樓","district":"大安區"}},{"type":"Feature","geometry":{"type":"Point","coordinates":[121.524278,25.105007]},"properties":{"city":"臺北市","restaurant_id":642,"category":"環保餐廳","name":"靜岡勝政日式豬排","phone":"02-28363899#","mobile":"","address":"臺北市士林區中山北路六段77號8F","district":"士林區"}},{"type":"Feature","geometry":{"type":"Point","coordinates":[121.524278,25.105007]},"properties":{"city":"臺北市","restaurant_id":640,"category":"環保餐廳","name":"omo cafe （天母SOGO店）","phone":"02-28341668#","mobile":"","address":"臺北市士林區中山北路六段77號5樓","district":"士林區"}},{"type":"Feature","geometry":{"type":"Point","coordinates":[121.524278,25.105007]},"properties":{"city":"臺北市","restaurant_id":639,"category":"環保餐廳","name":"漢來海港-天母店","phone":"07-4128068#2","mobile":"0922423032","address":"臺北市士林區中山北路六段77號7F","district":"士林區"}},{"type":"Feature","geometry":{"type":"Point","coordinates":[121.543057,25.041212]},"properties":{"city":"臺北市","restaurant_id":625,"category":"環保餐廳","name":"鰻將劍持屋","phone":"02-87728551#","mobile":"","address":"臺北市大安區忠孝東路三段300號B2","district":"大安區"}},{"type":"Feature","geometry":{"type":"Point","coordinates":[121.567277,25.038729]},"properties":{"city":"臺北市","restaurant_id":1397,"category":"環保餐廳","name":"藏壽司 微風松高店","phone":"02-27206900#","mobile":"0928391100","address":"臺北市信義區松高路16號B1","district":"信義區"}},{"type":"Feature","geometry":{"type":"Point","coordinates":[121.519354,25.053083]},"properties":{"city":"臺北市","restaurant_id":1408,"category":"環保餐廳","name":"藏壽司 中山南西店","phone":"02-25565289#","mobile":"0900671882","address":"臺北市大同區南京西路57號2樓","district":"大同區"}},{"type":"Feature","geometry":{"type":"Point","coordinates":[121.566021,25.035668]},"properties":{"city":"臺北市","restaurant_id":1403,"category":"環保餐廳","name":"藏壽司 信義ATT店","phone":"02-77340800#","mobile":"0900679195","address":"臺北市信義區松壽路12號4樓","district":"信義區"}},{"type":"Feature","geometry":{"type":"Point","coordinates":[121.514897,25.045615]},"properties":{"city":"臺北市","restaurant_id":1383,"category":"環保餐廳","name":"藏壽司 台北館前店","phone":"02-23316029#","mobile":"0905523271","address":"臺北市中正區館前路12號5樓","district":"中正區"}},{"type":"Feature","geometry":{"type":"Point","coordinates":[121.5662096,25.03445836]},"properties":{"city":"臺北市","restaurant_id":1338,"category":"環保餐廳","name":"金色三麥 UMAMI微風南山店","phone":"02-27291229","mobile":"","address":"臺北市信義區台北市信義區松智路17號7樓","district":"信義區"}},{"type":"Feature","geometry":{"type":"Point","coordinates":[121.5171935,25.04942462]},"properties":{"city":"臺北市","restaurant_id":1335,"category":"環保餐廳","name":"petit doux 微兜  京站店","phone":"02-77290009","mobile":"","address":"臺北市大同區台北市大同區承德路一段1號1樓","district":"大同區"}},{"type":"Feature","geometry":{"type":"Point","coordinates":[121.5306691,25.03282304]},"properties":{"city":"臺北市","restaurant_id":1334,"category":"環保餐廳","name":"petit doux 微兜  永康店","phone":"02-23951336","mobile":"","address":"臺北市大安區台北市大安區信義路二段 198 巷 7-3 號1樓","district":"大安區"}},{"type":"Feature","geometry":{"type":"Point","coordinates":[121.544594,25.04222659]},"properties":{"city":"臺北市","restaurant_id":1333,"category":"環保餐廳","name":"pd by petit doux 忠孝SOGO店","phone":"02-27213008","mobile":"","address":"臺北市大安區台北市大安區忠孝東路四段45號 11樓(忠孝SOGO百貨)","district":"大安區"}},{"type":"Feature","geometry":{"type":"Point","coordinates":[121.495161,25.024438]},"properties":{"city":"臺北市","restaurant_id":1019,"category":"環保餐廳","name":"Q Burger萬華寶興店","phone":"02-23010052","mobile":"","address":"臺北市萬華區寶興街149號1樓","district":"萬華區"}},{"type":"Feature","geometry":{"type":"Point","coordinates":[121.550182,25.001138]},"properties":{"city":"臺北市","restaurant_id":975,"category":"環保餐廳","name":"Q Burger文山興德店","phone":"02-29343805","mobile":"","address":"臺北市文山區興隆路二段215之2號1樓","district":"文山區"}},{"type":"Feature","geometry":{"type":"Point","coordinates":[121.562082,24.983037]},"properties":{"city":"臺北市","restaurant_id":955,"category":"環保餐廳","name":"Q Burger文山興隆店","phone":"02-29371568","mobile":"","address":"臺北市文山區興隆路四段112號","district":"文山區"}},{"type":"Feature","geometry":{"type":"Point","coordinates":[121.588763,25.081544]},"properties":{"city":"臺北市","restaurant_id":953,"category":"環保餐廳","name":"Q Burger內湖達人店","phone":"02-27909865","mobile":"","address":"臺北市內湖區內湖路二段326號","district":"內湖區"}},{"type":"Feature","geometry":{"type":"Point","coordinates":[121.544821,24.995334]},"properties":{"city":"臺北市","restaurant_id":950,"category":"環保餐廳","name":"Q Burger文山景興店","phone":"02-29320217","mobile":"","address":"臺北市文山區景興路99號","district":"文山區"}},{"type":"Feature","geometry":{"type":"Point","coordinates":[121.552522,25.058167]},"properties":{"city":"臺北市","restaurant_id":933,"category":"環保餐廳","name":"Q Burger松山民生店","phone":"02-25471072","mobile":"","address":"臺北市松山區民生東路四段103號1樓","district":"松山區"}},{"type":"Feature","geometry":{"type":"Point","coordinates":[121.542694,25.065888]},"properties":{"city":"臺北市","restaurant_id":931,"category":"環保餐廳","name":"Q Burger中山復興店","phone":"02-25090565","mobile":"","address":"臺北市中山區復興北路514巷34號一樓","district":"中山區"}},{"type":"Feature","geometry":{"type":"Point","coordinates":[121.568693,25.026309]},"properties":{"city":"臺北市","restaurant_id":927,"category":"環保餐廳","name":"Q Burger信義松仁店","phone":"02-27208119","mobile":"","address":"臺北市信義區松仁路227號1樓","district":"信義區"}},{"type":"Feature","geometry":{"type":"Point","coordinates":[121.539496,24.999628]},"properties":{"city":"臺北市","restaurant_id":891,"category":"環保餐廳","name":"Q Burger文山萬隆店","phone":"02-29331380","mobile":"","address":"臺北市文山區萬隆里景福街4號1樓","district":"文山區"}},{"type":"Feature","geometry":{"type":"Point","coordinates":[121.502456,25.021825]},"properties":{"city":"臺北市","restaurant_id":890,"category":"環保餐廳","name":"Q Burger萬華青年店","phone":"02-23070701","mobile":"","address":"臺北市萬華區青年路140號1樓","district":"萬華區"}},{"type":"Feature","geometry":{"type":"Point","coordinates":[121.555938,25.024214]},"properties":{"city":"臺北市","restaurant_id":888,"category":"環保餐廳","name":"Q Burger信義信安店","phone":"02-87321008","mobile":"","address":"臺北市信義區信安街127號","district":"信義區"}},{"type":"Feature","geometry":{"type":"Point","coordinates":[121.505611,25.02721]},"properties":{"city":"臺北市","restaurant_id":883,"category":"環保餐廳","name":"Q Burger萬華國興店","phone":"02-23056683","mobile":"","address":"臺北市萬華區國興路98號","district":"萬華區"}},{"type":"Feature","geometry":{"type":"Point","coordinates":[121.51003,25.083092]},"properties":{"city":"臺北市","restaurant_id":845,"category":"環保餐廳","name":"Q Burger士林延平店","phone":"02-28110658","mobile":"","address":"臺北市士林區延平北路五段179號","district":"士林區"}},{"type":"Feature","geometry":{"type":"Point","coordinates":[121.515206,25.109373]},"properties":{"city":"臺北市","restaurant_id":820,"category":"環保餐廳","name":"Q Burger北投致遠店","phone":"02-28250606","mobile":"","address":"臺北市北投區致遠一路一段95號","district":"北投區"}},{"type":"Feature","geometry":{"type":"Point","coordinates":[121.539379,24.993632]},"properties":{"city":"臺北市","restaurant_id":818,"category":"環保餐廳","name":"Q Burger文山景福店","phone":"02-89351881","mobile":"","address":"臺北市文山區景福街234號","district":"文山區"}},{"type":"Feature","geometry":{"type":"Point","coordinates":[121.498161,25.143566]},"properties":{"city":"臺北市","restaurant_id":1028,"category":"環保餐廳","name":"Q Burger北投中和店","phone":"02-28915262","mobile":"","address":"臺北市北投區中和街402號","district":"北投區"}},{"type":"Feature","geometry":{"type":"Point","coordinates":[121.567274,24.983356]},"properties":{"city":"臺北市","restaurant_id":1023,"category":"環保餐廳","name":"Q Burger文山木新店","phone":"02-29396817","mobile":"","address":"臺北市文山區木新路二段229號","district":"文山區"}},{"type":"Feature","geometry":{"type":"Point","coordinates":[121.55367,25.019635]},"properties":{"city":"臺北市","restaurant_id":986,"category":"環保餐廳","name":"Q Burger大安樂業店","phone":"02-27360209","mobile":"","address":"臺北市大安區樂業街153號","district":"大安區"}},{"type":"Feature","geometry":{"type":"Point","coordinates":[121.519605,25.111066]},"properties":{"city":"臺北市","restaurant_id":984,"category":"環保餐廳","name":"Q Burger北投懷德店","phone":"02-28202320","mobile":"","address":"臺北市北投區建民路161-5號1樓","district":"北投區"}},{"type":"Feature","geometry":{"type":"Point","coordinates":[121.514514,25.029555]},"properties":{"city":"臺北市","restaurant_id":982,"category":"環保餐廳","name":"Q Burger中正寧波店","phone":"02-23325085","mobile":"","address":"臺北市中正區寧波西街100號1樓","district":"中正區"}},{"type":"Feature","geometry":{"type":"Point","coordinates":[121.565777,25.026564]},"properties":{"city":"臺北市","restaurant_id":981,"category":"環保餐廳","name":"Q Burger信義吳興店","phone":"02-27200965","mobile":"","address":"臺北市信義區吳興街281巷59號","district":"信義區"}},{"type":"Feature","geometry":{"type":"Point","coordinates":[121.495014,25.029171]},"properties":{"city":"臺北市","restaurant_id":967,"category":"環保餐廳","name":"Q Burger萬華雙園店","phone":"02-23087655","mobile":"","address":"臺北市萬華區雙園街15號","district":"萬華區"}},{"type":"Feature","geometry":{"type":"Point","coordinates":[121.578491,25.039515]},"properties":{"city":"臺北市","restaurant_id":966,"category":"環保餐廳","name":"Q Burger信義松山店","phone":"02-27279620","mobile":"","address":"臺北市信義區松山路465巷2號","district":"信義區"}},{"type":"Feature","geometry":{"type":"Point","coordinates":[121.570415,25.045445]},"properties":{"city":"臺北市","restaurant_id":965,"category":"環保餐廳","name":"Q Burger信義永吉店","phone":"02-27653337","mobile":"","address":"臺北市信義區永吉路120巷1號1樓","district":"信義區"}},{"type":"Feature","geometry":{"type":"Point","coordinates":[121.539991,25.064385]},"properties":{"city":"臺北市","restaurant_id":961,"category":"環保餐廳","name":"Q Burger中山榮星店","phone":"02-25016190","mobile":"","address":"臺北市中山區行仁里五常街63號","district":"中山區"}},{"type":"Feature","geometry":{"type":"Point","coordinates":[121.530364,25.060113]},"properties":{"city":"臺北市","restaurant_id":945,"category":"環保餐廳","name":"Q Burger中山錦州店","phone":"02-25222997","mobile":"","address":"臺北市中山區吉林路205號","district":"中山區"}},{"type":"Feature","geometry":{"type":"Point","coordinates":[121.590517,25.077784]},"properties":{"city":"臺北市","restaurant_id":942,"category":"環保餐廳","name":"Q Burger內湖星雲店","phone":"02-27922009","mobile":"","address":"臺北市內湖區星雲街14號","district":"內湖區"}},{"type":"Feature","geometry":{"type":"Point","coordinates":[121.532664,25.107074]},"properties":{"city":"臺北市","restaurant_id":926,"category":"環保餐廳","name":"Q Burger士林忠義店","phone":"02-28343148","mobile":"","address":"臺北市士林區忠義街113-1號一樓","district":"士林區"}},{"type":"Feature","geometry":{"type":"Point","coordinates":[121.53152,25.065967]},"properties":{"city":"臺北市","restaurant_id":925,"category":"環保餐廳","name":"Q Burger中山吉林店","phone":"02-25910182","mobile":"","address":"臺北市中山區吉林路397號","district":"中山區"}},{"type":"Feature","geometry":{"type":"Point","coordinates":[121.577796,25.035875]},"properties":{"city":"臺北市","restaurant_id":922,"category":"環保餐廳","name":"Q Burger信義虎林店","phone":"02-27279868","mobile":"","address":"臺北市信義區信義路六段106號1樓","district":"信義區"}},{"type":"Feature","geometry":{"type":"Point","coordinates":[121.52894,25.056967]},"properties":{"city":"臺北市","restaurant_id":917,"category":"環保餐廳","name":"Q Burger中山中原店","phone":"02-25232521","mobile":"","address":"臺北市中山區中原街41號1樓","district":"中山區"}},{"type":"Feature","geometry":{"type":"Point","coordinates":[121.565931,25.062742]},"properties":{"city":"臺北市","restaurant_id":904,"category":"環保餐廳","name":"Q Burger松山撫遠店","phone":"02-27533262","mobile":"","address":"臺北市松山區撫遠街352號","district":"松山區"}},{"type":"Feature","geometry":{"type":"Point","coordinates":[121.516423,25.067933]},"properties":{"city":"臺北市","restaurant_id":860,"category":"環保餐廳","name":"Q Burger大同大龍店","phone":"02-25996128","mobile":"","address":"臺北市信義區大龍街150號","district":"信義區"}},{"type":"Feature","geometry":{"type":"Point","coordinates":[121.513987,25.062866]},"properties":{"city":"臺北市","restaurant_id":853,"category":"環保餐廳","name":"Q Burger大橋頭店","phone":"02-25500147","mobile":"","address":"臺北市信義區民權西路226號","district":"信義區"}},{"type":"Feature","geometry":{"type":"Point","coordinates":[121.521261,25.080739]},"properties":{"city":"臺北市","restaurant_id":792,"category":"環保餐廳","name":"Q Burger士林通河店","phone":"02-28853848","mobile":"","address":"臺北市士林區通河街125號","district":"士林區"}},{"type":"Feature","geometry":{"type":"Point","coordinates":[121.509812,25.115293]},"properties":{"city":"臺北市","restaurant_id":790,"category":"環保餐廳","name":"Q Burger北投實踐店","phone":"02-28250909","mobile":"","address":"臺北市北投區實踐街61號","district":"北投區"}},{"type":"Feature","geometry":{"type":"Point","coordinates":[121.547276,25.048052]},"properties":{"city":"臺北市","restaurant_id":516,"category":"環保餐廳","name":"基督復臨安息日會醫療財團法人臺安醫院 嗎哪天然之味餐廳","phone":"02-27718151#3120","mobile":"","address":"臺北市松山區八德路二段424號B1","district":"松山區"}},{"type":"Feature","geometry":{"type":"Point","coordinates":[121.544883,25.041902]},"properties":{"city":"臺北市","restaurant_id":681,"category":"環保餐廳","name":"神樂家（忠孝SOGO店）","phone":"02-89785666#","mobile":"","address":"臺北市大安區忠孝東路四段45號11樓","district":"大安區"}},{"type":"Feature","geometry":{"type":"Point","coordinates":[121.543057,25.041212]},"properties":{"city":"臺北市","restaurant_id":664,"category":"環保餐廳","name":"Aunt Stella 詩特莉","phone":"02-87721638#","mobile":"","address":"臺北市大安區忠孝東路三段300號B3","district":"大安區"}},{"type":"Feature","geometry":{"type":"Point","coordinates":[121.543057,25.041212]},"properties":{"city":"臺北市","restaurant_id":660,"category":"環保餐廳","name":"成真咖啡台北sogo復興店","phone":"02-87723722#","mobile":"0988327993","address":"臺北市大安區忠孝東路三段300號9樓","district":"大安區"}},{"type":"Feature","geometry":{"type":"Point","coordinates":[121.545865,25.055993]},"properties":{"city":"臺北市","restaurant_id":595,"category":"環保餐廳","name":"十八廚","phone":"02-27547890#","mobile":"","address":"臺北市松山區興安街212號1樓","district":"松山區"}},{"type":"Feature","geometry":{"type":"Point","coordinates":[121.513108,25.045572]},"properties":{"city":"臺北市","restaurant_id":593,"category":"環保餐廳","name":"第一銀行總行大樓員工餐廳","phone":"02-23481520#","mobile":"","address":"臺北市中正區重慶南路一段30號21樓","district":"中正區"}},{"type":"Feature","geometry":{"type":"Point","coordinates":[121.543057,25.041212]},"properties":{"city":"臺北市","restaurant_id":590,"category":"環保餐廳","name":"泰迪農園咖哩","phone":"02-87726099#","mobile":"","address":"臺北市大安區忠孝東路三段300號7樓","district":"大安區"}},{"type":"Feature","geometry":{"type":"Point","coordinates":[121.544883,25.041902]},"properties":{"city":"臺北市","restaurant_id":536,"category":"環保餐廳","name":"詩特莉 Aunt Stella (忠孝SOGO店)","phone":"02-27403072#","mobile":"","address":"臺北市大安區忠孝東路四段45號B1","district":"大安區"}},{"type":"Feature","geometry":{"type":"Point","coordinates":[121.544634,25.042096]},"properties":{"city":"臺北市","restaurant_id":535,"category":"環保餐廳","name":"荷李活茶街 (忠孝SOGO店)","phone":"02-27780369#","mobile":"","address":"臺北市大安區忠孝東路四段45號2F","district":"大安區"}},{"type":"Feature","geometry":{"type":"Point","coordinates":[121.544883,25.041902]},"properties":{"city":"臺北市","restaurant_id":533,"category":"環保餐廳","name":"漢來蔬食 (忠孝SOGO店)","phone":"02-27311128#","mobile":"","address":"臺北市大安區忠孝東路四段45號11F","district":"大安區"}},{"type":"Feature","geometry":{"type":"Point","coordinates":[121.544883,25.041902]},"properties":{"city":"臺北市","restaurant_id":532,"category":"環保餐廳","name":"聚 北海道鍋物 (忠孝SOGO店)","phone":"02-27218787#","mobile":"","address":"臺北市大安區忠孝東路四段45號11F","district":"大安區"}},{"type":"Feature","geometry":{"type":"Point","coordinates":[121.544883,25.041902]},"properties":{"city":"臺北市","restaurant_id":529,"category":"環保餐廳","name":"金澤美味壽司 (忠孝SOGO店)","phone":"02-87717770#","mobile":"","address":"臺北市大安區忠孝東路四段45號11F","district":"大安區"}},{"type":"Feature","geometry":{"type":"Point","coordinates":[121.544883,25.041902]},"properties":{"city":"臺北市","restaurant_id":527,"category":"環保餐廳","name":"吉 天婦羅 (忠孝SOGO店)","phone":"02-27312518#","mobile":"","address":"臺北市大安區忠孝東路四段45號11F","district":"大安區"}},{"type":"Feature","geometry":{"type":"Point","coordinates":[121.544883,25.041902]},"properties":{"city":"臺北市","restaurant_id":526,"category":"環保餐廳","name":"三合院 (忠孝SOGO店)","phone":"02-27816667#","mobile":"","address":"臺北市大安區忠孝東路四段45號11F","district":"大安區"}},{"type":"Feature","geometry":{"type":"Point","coordinates":[121.544883,25.041902]},"properties":{"city":"臺北市","restaurant_id":525,"category":"環保餐廳","name":"莆田 (忠孝SOGO店)","phone":"02-87710767#","mobile":"","address":"臺北市大安區忠孝東路四段45號12F","district":"大安區"}},{"type":"Feature","geometry":{"type":"Point","coordinates":[121.574811,25.14111]},"properties":{"city":"臺北市","restaurant_id":524,"category":"環保餐廳","name":"梅居休閒農場","phone":"-#","mobile":"0963083276","address":"臺北市士林區平菁街43巷99號","district":"士林區"}},{"type":"Feature","geometry":{"type":"Point","coordinates":[121.56017,25.14448]},"properties":{"city":"臺北市","restaurant_id":62,"category":"環保餐廳","name":"陽明山春天書食創作料理士林店","phone":"02-28620178#","mobile":"","address":"臺北市士林區寈山路119-1號","district":"士林區"}},{"type":"Feature","geometry":{"type":"Point","coordinates":[121.544189,25.03675]},"properties":{"city":"臺北市","restaurant_id":58,"category":"環保餐廳","name":"Plants","phone":"02-27845677#","mobile":"","address":"臺北市大安區復興南路1段253巷10號1樓","district":"大安區"}},{"type":"Feature","geometry":{"type":"Point","coordinates":[121.544883,25.041902]},"properties":{"city":"臺北市","restaurant_id":538,"category":"環保餐廳","name":"皇家哥本哈根咖啡輕食複合店 (忠孝SOGO店)","phone":"02-27113362#","mobile":"","address":"臺北市大安區忠孝東路四段45號4F","district":"大安區"}},{"type":"Feature","geometry":{"type":"Point","coordinates":[121.544883,25.041902]},"properties":{"city":"臺北市","restaurant_id":537,"category":"環保餐廳","name":"UCC Café Mercado (忠孝SOGO店)","phone":"02-27416800#","mobile":"","address":"臺北市大安區忠孝東路四段45號B2","district":"大安區"}},{"type":"Feature","geometry":{"type":"Point","coordinates":[121.519166,25.119181]},"properties":{"city":"臺北市","restaurant_id":494,"category":"環保餐廳","name":"義美見學餐廳(北榮美食街)","phone":"02-28749302#","mobile":"","address":"臺北市北投區石牌路二段201號生活廣場","district":"北投區"}},{"type":"Feature","geometry":{"type":"Point","coordinates":[121.519166,25.119181]},"properties":{"city":"臺北市","restaurant_id":493,"category":"環保餐廳","name":"紅豆食府(北榮美食街)","phone":"02-28713068#","mobile":"","address":"臺北市北投區石牌路二段201號生活廣場","district":"北投區"}},{"type":"Feature","geometry":{"type":"Point","coordinates":[121.519166,25.119181]},"properties":{"city":"臺北市","restaurant_id":492,"category":"環保餐廳","name":"皇家傳承(北榮美食街)","phone":"02-28747328#","mobile":"","address":"臺北市北投區石牌路二段201號生活廣場","district":"北投區"}},{"type":"Feature","geometry":{"type":"Point","coordinates":[121.519166,25.119181]},"properties":{"city":"臺北市","restaurant_id":491,"category":"環保餐廳","name":"洪祖師擔仔麵(北榮美食街)","phone":"-#","mobile":"0920283013","address":"臺北市北投區石牌路二段201號生活廣場","district":"北投區"}},{"type":"Feature","geometry":{"type":"Point","coordinates":[121.519166,25.119181]},"properties":{"city":"臺北市","restaurant_id":487,"category":"環保餐廳","name":"西雅圖極品咖啡(北榮美食街)","phone":"02-28760276#","mobile":"","address":"臺北市北投區石牌路二段201號生活廣場","district":"北投區"}},{"type":"Feature","geometry":{"type":"Point","coordinates":[121.519166,25.119181]},"properties":{"city":"臺北市","restaurant_id":484,"category":"環保餐廳","name":"甲大鴻港式燒臘(北榮美食街)","phone":"-#","mobile":"0976698108","address":"臺北市北投區石牌路二段201號生活廣場","district":"北投區"}},{"type":"Feature","geometry":{"type":"Point","coordinates":[121.519166,25.119181]},"properties":{"city":"臺北市","restaurant_id":483,"category":"環保餐廳","name":"小南門/小南門點心世界(北榮美食街)","phone":"02-28751220#","mobile":"","address":"臺北市北投區石牌路二段201號生活廣場","district":"北投區"}},{"type":"Feature","geometry":{"type":"Point","coordinates":[121.519166,25.119181]},"properties":{"city":"臺北市","restaurant_id":482,"category":"環保餐廳","name":"十勝石燒(北榮美食街)","phone":"-#","mobile":"0919329057","address":"臺北市北投區石牌路二段201號生活廣場","district":"北投區"}},{"type":"Feature","geometry":{"type":"Point","coordinates":[121.519166,25.119181]},"properties":{"city":"臺北市","restaurant_id":481,"category":"環保餐廳","name":"Mos摩斯漢堡(北榮美食街)","phone":"02-28710185#","mobile":"","address":"臺北市北投區石牌路二段201號生活廣場","district":"北投區"}},{"type":"Feature","geometry":{"type":"Point","coordinates":[121.5679505,25.0367556]},"properties":{"city":"新北市","restaurant_id":5790,"category":"環保餐廳","name":"瓦城泰國料理板橋遠百店","phone":"02-29589133#","mobile":"","address":"新北市板橋區中山路一段152號13樓","district":"板橋區"}},{"type":"Feature","geometry":{"type":"Point","coordinates":[121.483954,25.159494]},"properties":{"city":"新北市","restaurant_id":5789,"category":"環保餐廳","name":"北投國華高爾夫俱樂部餐廳","phone":"02-86261281#","mobile":"","address":"新北市淡水區坪頂里小坪頂23-1號","district":"淡水區"}},{"type":"Feature","geometry":{"type":"Point","coordinates":[121.4483639,24.9912453]},"properties":{"city":"新北市","restaurant_id":5635,"category":"環保餐廳","name":"海霸王餐廳股份有限公司海山分公司","phone":"02-22664835#","mobile":"0916236928","address":"新北市土城區中央路一段22號","district":"土城區"}},{"type":"Feature","geometry":{"type":"Point","coordinates":[121.4214111,24.966259]},"properties":{"city":"新北市","restaurant_id":5415,"category":"環保餐廳","name":"鴻海精密虎躍廠員工餐廳","phone":"02-22683466#501011040","mobile":"0955634906","address":"新北市土城區自由街2號","district":"土城區"}},{"type":"Feature","geometry":{"type":"Point","coordinates":[121.4775087,25.0324074]},"properties":{"city":"新北市","restaurant_id":4925,"category":"環保餐廳","name":"沙巴家 新北板橋店","phone":"-#","mobile":"0926656376","address":"新北市板橋區懷德街65號","district":"板橋區"}},{"type":"Feature","geometry":{"type":"Point","coordinates":[121.44494,25.046919]},"properties":{"city":"新北市","restaurant_id":4910,"category":"環保餐廳","name":"星馬快餐 新北新莊門市","phone":"-#","mobile":"0926656376","address":"新北市新莊區中平路138號1F","district":"新莊區"}},{"type":"Feature","geometry":{"type":"Point","coordinates":[121.42302122,25.04329274]},"properties":{"city":"新北市","restaurant_id":4689,"category":"環保餐廳","name":"明志科技大學學生餐廳","phone":"02-29083309#","mobile":"","address":"新北市泰山區工專路84號","district":"泰山區"}},{"type":"Feature","geometry":{"type":"Point","coordinates":[121.8205249,25.1342685]},"properties":{"city":"新北市","restaurant_id":4440,"category":"環保餐廳","name":"友信海鮮餐廳","phone":"02-24977777#","mobile":"","address":"新北市瑞芳區深澳路189之7號","district":"瑞芳區"}},{"type":"Feature","geometry":{"type":"Point","coordinates":[121.4129442,25.0223036]},"properties":{"city":"新北市","restaurant_id":3781,"category":"環保餐廳","name":"米炭火燒肉小酒館 迴龍店","phone":"02-29088787","mobile":"0935126657","address":"新北市新莊區新北市新莊區中正路891-17號","district":"新莊區"}},{"type":"Feature","geometry":{"type":"Point","coordinates":[121.4237188,25.0234582]},"properties":{"city":"新北市","restaurant_id":3684,"category":"環保餐廳","name":"頑童茶館","phone":"02-82015788#","mobile":"0913710204","address":"新北市新莊區四維路97巷16號1樓","district":"新莊區"}},{"type":"Feature","geometry":{"type":"Point","coordinates":[121.4938367,25.0666573]},"properties":{"city":"新北市","restaurant_id":3680,"category":"環保餐廳","name":"大吃一斤活蝦餐廳","phone":"-#","mobile":"0975147848","address":"新北市三重區自強路一段222號","district":"三重區"}},{"type":"Feature","geometry":{"type":"Point","coordinates":[121.4288653,25.0210285]},"properties":{"city":"新北市","restaurant_id":3675,"category":"環保餐廳","name":"紫緹麵食館","phone":"02-22029635#","mobile":"0935231481","address":"新北市新莊區民安東路37號","district":"新莊區"}},{"type":"Feature","geometry":{"type":"Point","coordinates":[121.4274724,24.9902473]},"properties":{"city":"新北市","restaurant_id":3433,"category":"環保餐廳","name":"豬豬的拉麵屋","phone":"-#","mobile":"0937528511","address":"新北市板橋區溪北路41號1樓","district":"板橋區"}},{"type":"Feature","geometry":{"type":"Point","coordinates":[121.456703,25.16156839]},"properties":{"city":"新北市","restaurant_id":1646,"category":"環保餐廳","name":"閑恬Mydeli手作美味坊","phone":"02-86263159#","mobile":"","address":"新北市淡水區坪頂路22號","district":"淡水區"}},{"type":"Feature","geometry":{"type":"Point","coordinates":[121.63004427,25.0629986]},"properties":{"city":"新北市","restaurant_id":1627,"category":"環保餐廳","name":"食家安飲食文化股份有限公司","phone":"02-27925757#","mobile":"","address":"新北市汐止區福德一路328巷1號","district":"汐止區"}},{"type":"Feature","geometry":{"type":"Point","coordinates":[121.4616265,25.01075113]},"properties":{"city":"新北市","restaurant_id":1619,"category":"環保餐廳","name":"麵食主義 Kirin pasta新板店","phone":"02-29643968#","mobile":"0965173933","address":"新北市板橋區縣民大道1段310號","district":"板橋區"}},{"type":"Feature","geometry":{"type":"Point","coordinates":[121.363547,25.071241]},"properties":{"city":"新北市","restaurant_id":1379,"category":"環保餐廳","name":"藏壽司 林口三井Outlet店","phone":"02-26069852#","mobile":"0905685233","address":"新北市林口區文化三路一段356號B1","district":"林口區"}},{"type":"Feature","geometry":{"type":"Point","coordinates":[121.4675853,25.01373563]},"properties":{"city":"新北市","restaurant_id":1198,"category":"環保餐廳","name":"板大八番小雞","phone":"02-77054168#","mobile":"0988307261","address":"新北市板橋區新站路28號","district":"板橋區"}},{"type":"Feature","geometry":{"type":"Point","coordinates":[121.6395118,25.03352299]},"properties":{"city":"新北市","restaurant_id":1197,"category":"環保餐廳","name":"天然茶莊","phone":"02-26603762#","mobile":"","address":"新北市汐止區汐碇路380巷30號","district":"汐止區"}},{"type":"Feature","geometry":{"type":"Point","coordinates":[121.4564032,24.9992921]},"properties":{"city":"新北市","restaurant_id":5921,"category":"環保餐廳","name":"藏壽司 板橋遠科店","phone":"02-29640432","mobile":"978305587","address":"新北市板橋區遠東路62之3號","district":"板橋區"}},{"type":"Feature","geometry":{"type":"Point","coordinates":[121.4966324,25.0578043]},"properties":{"city":"新北市","restaurant_id":5573,"category":"環保餐廳","name":"哪次不吃早午餐店","phone":"02-29750970#","mobile":"","address":"新北市三重區大同南路152號1樓","district":"三重區"}},{"type":"Feature","geometry":{"type":"Point","coordinates":[121.5144408,25.0047738]},"properties":{"city":"新北市","restaurant_id":5566,"category":"環保餐廳","name":"恩典早午餐","phone":"02-29288688#","mobile":"","address":"新北市永和區安樂路294號","district":"永和區"}},{"type":"Feature","geometry":{"type":"Point","coordinates":[121.5078174,24.9861947]},"properties":{"city":"新北市","restaurant_id":5565,"category":"環保餐廳","name":"喬MAMA","phone":"02-29400048#","mobile":"","address":"新北市中和區興南路二段6號","district":"中和區"}},{"type":"Feature","geometry":{"type":"Point","coordinates":[121.3899016,24.9575311]},"properties":{"city":"新北市","restaurant_id":5564,"category":"環保餐廳","name":"多米葉漢堡","phone":"02-26802008#","mobile":"","address":"新北市樹林區佳園路2段104號","district":"樹林區"}},{"type":"Feature","geometry":{"type":"Point","coordinates":[121.4098229,24.9786918]},"properties":{"city":"新北市","restaurant_id":5563,"category":"環保餐廳","name":"吉得堡東興店","phone":"02-86845389#","mobile":"","address":"新北市樹林區東興街12之1號","district":"樹林區"}},{"type":"Feature","geometry":{"type":"Point","coordinates":[121.4474577,25.0472943]},"properties":{"city":"新北市","restaurant_id":5562,"category":"環保餐廳","name":"美津素食漢堡","phone":"02-29907859#","mobile":"","address":"新北市新莊區中和街63號","district":"新莊區"}},{"type":"Feature","geometry":{"type":"Point","coordinates":[121.411948,25.0283302]},"properties":{"city":"新北市","restaurant_id":5560,"category":"環保餐廳","name":"順哥㕑坊早餐店","phone":"02-29088861#","mobile":"","address":"新北市新莊區新北大道7段630號","district":"新莊區"}},{"type":"Feature","geometry":{"type":"Point","coordinates":[121.432982,25.0202973]},"properties":{"city":"新北市","restaurant_id":5559,"category":"環保餐廳","name":"妞蛋吐司早午餐","phone":"02-22027707#","mobile":"","address":"新北市新莊區民安東路176號1樓","district":"新莊區"}},{"type":"Feature","geometry":{"type":"Point","coordinates":[121.4257868,24.9986001]},"properties":{"city":"新北市","restaurant_id":5555,"category":"環保餐廳","name":"仨食三餐","phone":"02-26823823#","mobile":"","address":"新北市樹林區千歲街61巷36-1號1樓","district":"樹林區"}},{"type":"Feature","geometry":{"type":"Point","coordinates":[121.4334621,25.0033639]},"properties":{"city":"新北市","restaurant_id":5553,"category":"環保餐廳","name":"米可廚房","phone":"02-22076010#","mobile":"","address":"新北市新莊區新樹路625號一樓","district":"新莊區"}},{"type":"Feature","geometry":{"type":"Point","coordinates":[121.48091,25.0683357]},"properties":{"city":"新北市","restaurant_id":5516,"category":"環保餐廳","name":"早饗食","phone":"02-29800660#","mobile":"","address":"新北市三重區中正北路272號","district":"三重區"}},{"type":"Feature","geometry":{"type":"Point","coordinates":[121.4141413,25.0209547]},"properties":{"city":"新北市","restaurant_id":5515,"category":"環保餐廳","name":"萬佳鄉-新展店","phone":"02-29063230#","mobile":"","address":"新北市新莊區龍安路66-42號","district":"新莊區"}},{"type":"Feature","geometry":{"type":"Point","coordinates":[121.4455272,25.0363249]},"properties":{"city":"新北市","restaurant_id":5514,"category":"環保餐廳","name":"饗爍早午餐","phone":"02-29909839#","mobile":"","address":"新北市新莊區建中街125號1樓","district":"新莊區"}},{"type":"Feature","geometry":{"type":"Point","coordinates":[121.5255889,24.9630091]},"properties":{"city":"新北市","restaurant_id":5510,"category":"環保餐廳","name":"三合院。早午餐","phone":"02-86666087#","mobile":"","address":"新北市新店區安康路一段227號","district":"新店區"}},{"type":"Feature","geometry":{"type":"Point","coordinates":[121.4611621,24.9944408]},"properties":{"city":"新北市","restaurant_id":5452,"category":"環保餐廳","name":"吉得堡早餐店-和平店","phone":"-#","mobile":"0920388655","address":"新北市板橋區和平路66號","district":"板橋區"}},{"type":"Feature","geometry":{"type":"Point","coordinates":[121.4603242,25.0098794]},"properties":{"city":"新北市","restaurant_id":5427,"category":"環保餐廳","name":"BarAku","phone":"02-29698058#","mobile":"0986295171","address":"新北市板橋區縣民大道一段269號2樓","district":"板橋區"}},{"type":"Feature","geometry":{"type":"Point","coordinates":[121.4905542,25.0690026]},"properties":{"city":"新北市","restaurant_id":5353,"category":"環保餐廳","name":"豚將拉麵重陽店","phone":"02-89832058","mobile":"0930999269","address":"新北市三重區重陽路四段8號1樓","district":"三重區"}},{"type":"Feature","geometry":{"type":"Point","coordinates":[121.4854958,24.9981631]},"properties":{"city":"新北市","restaurant_id":5487,"category":"環保餐廳","name":"Apple203早午餐店-中和遠東","phone":"02-82261077#","mobile":"","address":"新北市中和區中正路738號","district":"中和區"}},{"type":"Feature","geometry":{"type":"Point","coordinates":[121.5486364,24.9512893]},"properties":{"city":"新北市","restaurant_id":5522,"category":"環保餐廳","name":"喔嗨呦早餐屋","phone":"02-22178530#","mobile":"","address":"新北市新店區北宜路2段36號","district":"新店區"}},{"type":"Feature","geometry":{"type":"Point","coordinates":[121.4248024,25.0099687]},"properties":{"city":"新北市","restaurant_id":5443,"category":"環保餐廳","name":"吉可堡早餐店","phone":"02-26763998#","mobile":"0909180406","address":"新北市樹林區俊英街113-1號","district":"樹林區"}},{"type":"Feature","geometry":{"type":"Point","coordinates":[121.491983,25.0735005]},"properties":{"city":"新北市","restaurant_id":5442,"category":"環保餐廳","name":"帕彼手作早餐坊","phone":"02-29881313#","mobile":"0920585626","address":"新北市三重區三和路三段188號","district":"三重區"}},{"type":"Feature","geometry":{"type":"Point","coordinates":[121.4874173,25.0515277]},"properties":{"city":"新北市","restaurant_id":5441,"category":"環保餐廳","name":"House.好食早餐店","phone":"02-29703375#","mobile":"0918827414","address":"新北市三重區福德里成功路106之1號","district":"三重區"}},{"type":"Feature","geometry":{"type":"Point","coordinates":[121.5076938,24.9863955]},"properties":{"city":"新北市","restaurant_id":5440,"category":"環保餐廳","name":"豆司苑咖啡","phone":"02-29497910#","mobile":"0970702370","address":"新北市中和區南山路320巷3號","district":"中和區"}},{"type":"Feature","geometry":{"type":"Point","coordinates":[121.4589781,25.0911037]},"properties":{"city":"新北市","restaurant_id":5505,"category":"環保餐廳","name":"可口188複合式早午餐","phone":"02-22833342#","mobile":"","address":"新北市蘆洲區永平街18巷8號1F","district":"蘆洲區"}},{"type":"Feature","geometry":{"type":"Point","coordinates":[121.4612458,25.0819372]},"properties":{"city":"新北市","restaurant_id":5504,"category":"環保餐廳","name":"早到甜早午餐","phone":"02-28472461#","mobile":"","address":"新北市蘆洲區長安街108巷5弄2號","district":"蘆洲區"}},{"type":"Feature","geometry":{"type":"Point","coordinates":[121.5001128,25.0618167]},"properties":{"city":"新北市","restaurant_id":5502,"category":"環保餐廳","name":"荳荳早午餐店","phone":"02-89731966#","mobile":"","address":"新北市三重區文化南路31之1號","district":"三重區"}},{"type":"Feature","geometry":{"type":"Point","coordinates":[121.4616022,24.9829835]},"properties":{"city":"新北市","restaurant_id":5486,"category":"環保餐廳","name":"鴻心堡早午餐","phone":"02-22655106#","mobile":"","address":"新北市土城區清水路256號","district":"土城區"}},{"type":"Feature","geometry":{"type":"Point","coordinates":[121.445329,24.987092]},"properties":{"city":"新北市","restaurant_id":5484,"category":"環保餐廳","name":"星誼美而美","phone":"02-82616104#","mobile":"","address":"新北市土城區日新街9巷1號","district":"土城區"}},{"type":"Feature","geometry":{"type":"Point","coordinates":[121.4652548,24.9963124]},"properties":{"city":"新北市","restaurant_id":5478,"category":"環保餐廳","name":"呷尚寶-華順店","phone":"021-29535252#","mobile":"","address":"新北市中和區華順街133號","district":"中和區"}},{"type":"Feature","geometry":{"type":"Point","coordinates":[121.4436012,25.0374156]},"properties":{"city":"新北市","restaurant_id":5471,"category":"環保餐廳","name":"弘爺漢堡-新莊信義店","phone":"02-29908418#","mobile":"","address":"新北市新莊區公園一路98號","district":"新莊區"}},{"type":"Feature","geometry":{"type":"Point","coordinates":[121.4800398,25.0853012]},"properties":{"city":"新北市","restaurant_id":5458,"category":"環保餐廳","name":"幸福時光-蘆洲店","phone":"-#","mobile":"0952176277","address":"新北市蘆洲區信義路222巷20號","district":"蘆洲區"}},{"type":"Feature","geometry":{"type":"Point","coordinates":[121.3909688,25.0766636]},"properties":{"city":"新北市","restaurant_id":4211,"category":"環保餐廳","name":"慕谷慕魚蔬食原住民人文餐廳","phone":"-#","mobile":"0912537590","address":"新北市林口區仁愛路一段338號","district":"林口區"}},{"type":"Feature","geometry":{"type":"Point","coordinates":[121.546478,24.978061]},"properties":{"city":"新北市","restaurant_id":4979,"category":"環保餐廳","name":"藏壽司 新店威秀裕隆店","phone":"02-89147904#","mobile":"0900671562","address":"新北市新店區中興路三段70號6樓","district":"新店區"}},{"type":"Feature","geometry":{"type":"Point","coordinates":[121.5365043,24.9559849]},"properties":{"city":"新北市","restaurant_id":4743,"category":"環保餐廳","name":"馬克廚房 Rocky Pizza","phone":"02-29127765#","mobile":"0988986276","address":"新北市新店區新店區碧潭風景區A01-03","district":"新店區"}},{"type":"Feature","geometry":{"type":"Point","coordinates":[121.4673332,25.0140651]},"properties":{"city":"新北市","restaurant_id":4741,"category":"環保餐廳","name":"山野居蔬食-板橋大遠百","phone":"-#","mobile":"0916970870","address":"新北市板橋區新站路28號","district":"板橋區"}},{"type":"Feature","geometry":{"type":"Point","coordinates":[121.4747789,25.0066724]},"properties":{"city":"新北市","restaurant_id":4739,"category":"環保餐廳","name":"貓樂貓咖啡-環球中和","phone":"02-22217108#","mobile":"","address":"新北市中和區中山路三段122號","district":"中和區"}},{"type":"Feature","geometry":{"type":"Point","coordinates":[121.4747789,25.0066724]},"properties":{"city":"新北市","restaurant_id":4732,"category":"環保餐廳","name":"九如-中和環球","phone":"02-22218223#","mobile":"0932397711","address":"新北市中和區中山路三段122號","district":"中和區"}},{"type":"Feature","geometry":{"type":"Point","coordinates":[121.4749549,25.0069668]},"properties":{"city":"新北市","restaurant_id":4731,"category":"環保餐廳","name":"欣葉小聚中和環球店","phone":"02-32345858#","mobile":"0939119803","address":"新北市中和區中山路三段122號4樓","district":"中和區"}},{"type":"Feature","geometry":{"type":"Point","coordinates":[121.4670443,25.0138151]},"properties":{"city":"新北市","restaurant_id":4728,"category":"環保餐廳","name":"橙易食堂-板橋大遠百","phone":"-#","mobile":"0983379801","address":"新北市板橋區新站路28號B1","district":"板橋區"}},{"type":"Feature","geometry":{"type":"Point","coordinates":[121.4329125,25.0320349]},"properties":{"city":"新北市","restaurant_id":4369,"category":"環保餐廳","name":"黑沃咖啡-新北輔大店","phone":"04-22624040#","mobile":"","address":"新北市新莊區新北市新莊區中正路595號","district":"新莊區"}},{"type":"Feature","geometry":{"type":"Point","coordinates":[121.4570988,25.0079334]},"properties":{"city":"新北市","restaurant_id":4364,"category":"環保餐廳","name":"黑沃咖啡-板橋南門店","phone":"04-22624040#","mobile":"","address":"新北市板橋區新北市板橋區南門街73號","district":"板橋區"}},{"type":"Feature","geometry":{"type":"Point","coordinates":[121.5168091,25.0037736]},"properties":{"city":"新北市","restaurant_id":4919,"category":"環保餐廳","name":"馬蹄圈圈","phone":"02-23611999#894","mobile":"0932013894","address":"新北市永和區秀朗路一段114號","district":"永和區"}},{"type":"Feature","geometry":{"type":"Point","coordinates":[121.5465116,24.9779832]},"properties":{"city":"新北市","restaurant_id":4914,"category":"環保餐廳","name":"星馬快餐 新北新店裕隆城百貨門市","phone":"-#","mobile":"0926656376","address":"新北市新店區中興路三段70號6F20櫃","district":"新店區"}},{"type":"Feature","geometry":{"type":"Point","coordinates":[121.42302122,25.04329274]},"properties":{"city":"新北市","restaurant_id":4688,"category":"環保餐廳","name":"明志科大第二餐廳","phone":"02-26890808#","mobile":"0958585280","address":"新北市泰山區工專路84號","district":"泰山區"}},{"type":"Feature","geometry":{"type":"Point","coordinates":[121.37868168,25.07575125]},"properties":{"city":"新北市","restaurant_id":4661,"category":"環保餐廳","name":"好好時光公益咖啡館","phone":"02-26012485#","mobile":"0919613154","address":"新北市林口區文化一路一段207之1號","district":"林口區"}},{"type":"Feature","geometry":{"type":"Point","coordinates":[121.4688298,25.050299]},"properties":{"city":"新北市","restaurant_id":4565,"category":"環保餐廳","name":"玉山銀行(希望大樓)員工餐廳","phone":"02-21751313#8181","mobile":"","address":"新北市三重區中興北街42巷17弄10號","district":"三重區"}},{"type":"Feature","geometry":{"type":"Point","coordinates":[121.4809911,25.1928559]},"properties":{"city":"新北市","restaurant_id":4046,"category":"環保餐廳","name":"天空小品","phone":"02-26257366#","mobile":"0932158546","address":"新北市淡水區忠寮里竹圍子8-17號","district":"淡水區"}},{"type":"Feature","geometry":{"type":"Point","coordinates":[121.4495726,25.0596783]},"properties":{"city":"新北市","restaurant_id":3969,"category":"環保餐廳","name":"海底撈","phone":"02-85219292#","mobile":"0903136118","address":"新北市新莊區新北市新北市新莊區新北大道四段3號9樓","district":"新莊區"}},{"type":"Feature","geometry":{"type":"Point","coordinates":[121.6079409,25.2802951]},"properties":{"city":"新北市","restaurant_id":3948,"category":"環保餐廳","name":"白日夢Tea & Cafe","phone":"02-26380045#","mobile":"","address":"新北市石門區阿里荖47-2號","district":"石門區"}},{"type":"Feature","geometry":{"type":"Point","coordinates":[121.466765,25.013651]},"properties":{"city":"新北市","restaurant_id":3810,"category":"環保餐廳","name":"老乾杯板橋大遠百店","phone":"02-29526466","mobile":"","address":"新北市板橋區新北市板橋區新站路28號11樓","district":"板橋區"}},{"type":"Feature","geometry":{"type":"Point","coordinates":[121.449286,25.0597532]},"properties":{"city":"新北市","restaurant_id":3833,"category":"環保餐廳","name":"黑毛屋 新莊宏匯店","phone":"02-85222611","mobile":"","address":"新北市新莊區新北市新莊區新北大道四段 3 號 7 樓","district":"新莊區"}},{"type":"Feature","geometry":{"type":"Point","coordinates":[121.4673332,25.0140651]},"properties":{"city":"新北市","restaurant_id":3838,"category":"環保餐廳","name":"黑毛屋本家 板橋大遠百店","phone":"02-29524088","mobile":"","address":"新北市板橋區新北市板橋區新站路 28 號","district":"板橋區"}},{"type":"Feature","geometry":{"type":"Point","coordinates":[121.449286,25.0597532]},"properties":{"city":"新北市","restaurant_id":3823,"category":"環保餐廳","name":"乾杯燒肉居酒屋 新莊宏匯店","phone":"02-85216277","mobile":"","address":"新北市新莊區新北市新莊區新北大道四段3號7樓","district":"新莊區"}},{"type":"Feature","geometry":{"type":"Point","coordinates":[121.364181,25.0707927]},"properties":{"city":"新北市","restaurant_id":3822,"category":"環保餐廳","name":"乾杯燒肉居酒屋 林口店","phone":"02-26068522","mobile":"","address":"新北市林口區新北市林口區文化三路一段356號2樓","district":"林口區"}},{"type":"Feature","geometry":{"type":"Point","coordinates":[121.4637592,25.0141259]},"properties":{"city":"新北市","restaurant_id":3821,"category":"環保餐廳","name":"乾杯列車 板橋站","phone":"02-89693333","mobile":"","address":"新北市板橋區新北市板橋區縣民大道2段7號2樓","district":"板橋區"}},{"type":"Feature","geometry":{"type":"Point","coordinates":[121.5467199,24.9761494]},"properties":{"city":"新北市","restaurant_id":4107,"category":"環保餐廳","name":"Mrs. Mapo麻婆豆腐 新店家樂福店","phone":"02-29115569#","mobile":"0973731304","address":"新北市新店區中興路三段1號1F","district":"新店區"}},{"type":"Feature","geometry":{"type":"Point","coordinates":[121.6882861,25.2038901]},"properties":{"city":"新北市","restaurant_id":4091,"category":"環保餐廳","name":"意芳飯店","phone":"-#","mobile":"0932500750","address":"新北市萬里區港東路155號","district":"萬里區"}},{"type":"Feature","geometry":{"type":"Point","coordinates":[121.4441505,25.1842185]},"properties":{"city":"新北市","restaurant_id":4379,"category":"環保餐廳","name":"黑沃咖啡-淡水新市店","phone":"04-22624040#","mobile":"","address":"新北市淡水區新北市淡水區中山北路二段163號","district":"淡水區"}},{"type":"Feature","geometry":{"type":"Point","coordinates":[121.3625153,25.071206]},"properties":{"city":"新北市","restaurant_id":4377,"category":"環保餐廳","name":"黑沃咖啡-林口文化店","phone":"04-22624040#","mobile":"","address":"新北市林口區新北市林口區文化三路一段225巷6號","district":"林口區"}},{"type":"Feature","geometry":{"type":"Point","coordinates":[121.3747071,24.9439922]},"properties":{"city":"新北市","restaurant_id":4376,"category":"環保餐廳","name":"黑沃咖啡-三峽大學店","phone":"04-22624040#","mobile":"","address":"新北市三峽區新北市三峽區大學路120號","district":"三峽區"}},{"type":"Feature","geometry":{"type":"Point","coordinates":[121.520265,25.009836]},"properties":{"city":"新北市","restaurant_id":4374,"category":"環保餐廳","name":"黑沃咖啡-永和竹林店","phone":"04-22624040#","mobile":"","address":"新北市永和區新北市永和區竹林路178號","district":"永和區"}},{"type":"Feature","geometry":{"type":"Point","coordinates":[121.6231943,25.0678719]},"properties":{"city":"新北市","restaurant_id":4360,"category":"環保餐廳","name":"黑沃咖啡-汐止白天鵝店","phone":"04-22624040#","mobile":"","address":"新北市汐止區新北市汐止區康寧街169巷8之1號1樓","district":"汐止區"}},{"type":"Feature","geometry":{"type":"Point","coordinates":[121.4668636,25.0136294]},"properties":{"city":"新北市","restaurant_id":3247,"category":"環保餐廳","name":"海底撈火鍋板橋店","phone":"02-29641328#","mobile":"","address":"新北市板橋區新站路28號5樓","district":"板橋區"}},{"type":"Feature","geometry":{"type":"Point","coordinates":[121.4740823,25.0163835]},"properties":{"city":"新北市","restaurant_id":3712,"category":"環保餐廳","name":"邑朵早午餐","phone":"02-29578182#","mobile":"","address":"新北市板橋區中山路二段89巷12號","district":"板橋區"}},{"type":"Feature","geometry":{"type":"Point","coordinates":[121.4451026,25.0417846]},"properties":{"city":"新北市","restaurant_id":3583,"category":"環保餐廳","name":"峰精緻鍋物餐酒","phone":"02-29940898#","mobile":"","address":"新北市新莊區新泰路322號","district":"新莊區"}},{"type":"Feature","geometry":{"type":"Point","coordinates":[121.4632481,24.9934481]},"properties":{"city":"新北市","restaurant_id":3581,"category":"環保餐廳","name":"肥熊早早午餐","phone":"02-29551057#","mobile":"","address":"新北市板橋區廣和街33之6號","district":"板橋區"}},{"type":"Feature","geometry":{"type":"Point","coordinates":[121.5139338,25.010285]},"properties":{"city":"新北市","restaurant_id":3578,"category":"環保餐廳","name":"文昌小老弟糟粕醋火鍋","phone":"02-29276999#","mobile":"","address":"新北市永和區中山路一段13號2樓","district":"永和區"}},{"type":"Feature","geometry":{"type":"Point","coordinates":[121.4426469,24.9996649]},"properties":{"city":"新北市","restaurant_id":3603,"category":"環保餐廳","name":"嗑厚班早午餐","phone":"02-89699525#","mobile":"0988533534","address":"新北市板橋區龍興街11號","district":"板橋區"}},{"type":"Feature","geometry":{"type":"Point","coordinates":[121.4277742,25.020805]},"properties":{"city":"新北市","restaurant_id":3692,"category":"環保餐廳","name":"侯黑鍋物 冠軍酸菜個人鍋物 (新莊民安店)","phone":"02-22068977#","mobile":"","address":"新北市新莊區民安東路6號","district":"新莊區"}},{"type":"Feature","geometry":{"type":"Point","coordinates":[121.4263142,25.0126864]},"properties":{"city":"新北市","restaurant_id":3691,"category":"環保餐廳","name":"早安公雞農場晨食(新莊民安店)","phone":"02-22042606#","mobile":"","address":"新北市新莊區民安西路277號","district":"新莊區"}},{"type":"Feature","geometry":{"type":"Point","coordinates":[121.4452345,24.9842658]},"properties":{"city":"新北市","restaurant_id":3690,"category":"環保餐廳","name":"早安公雞農場晨食(土城店)","phone":"02-82616068#","mobile":"","address":"新北市土城區明德路二段106號","district":"土城區"}},{"type":"Feature","geometry":{"type":"Point","coordinates":[121.4938741,25.0812528]},"properties":{"city":"新北市","restaurant_id":3666,"category":"環保餐廳","name":"悠樂間 Shalom Cafe","phone":"-#","mobile":"0925595853","address":"新北市三重區自強路五段39號","district":"三重區"}},{"type":"Feature","geometry":{"type":"Point","coordinates":[121.4611216,25.0511478]},"properties":{"city":"新北市","restaurant_id":3665,"category":"環保餐廳","name":"幸福讚精品飯店","phone":"02-29976688#","mobile":"","address":"新北市新莊區思源路332巷9號","district":"新莊區"}},{"type":"Feature","geometry":{"type":"Point","coordinates":[121.457424,25.0265625]},"properties":{"city":"新北市","restaurant_id":3646,"category":"環保餐廳","name":"鴨香飽 當歸豬腳當歸鴨(板橋店)","phone":"02-82570080#","mobile":"","address":"新北市板橋區新海路385巷28弄12號","district":"板橋區"}},{"type":"Feature","geometry":{"type":"Point","coordinates":[121.5142773,24.9960255]},"properties":{"city":"新北市","restaurant_id":3645,"category":"環保餐廳","name":"覓糖Mi Tang(永和中正店)","phone":"02-86681249#","mobile":"0931683167","address":"新北市永和區中正路39之1號","district":"永和區"}},{"type":"Feature","geometry":{"type":"Point","coordinates":[121.4665067,25.0113562]},"properties":{"city":"新北市","restaurant_id":3637,"category":"環保餐廳","name":"Kali Chimaek 韓式炸雞","phone":"02-29647777#","mobile":"","address":"新北市板橋區中山路一段158巷21號","district":"板橋區"}},{"type":"Feature","geometry":{"type":"Point","coordinates":[121.5166394,25.0118553]},"properties":{"city":"新北市","restaurant_id":3635,"category":"環保餐廳","name":"全 壽司丼飯煮物(永和店)","phone":"02-89215959#","mobile":"","address":"新北市永和區中興街55號","district":"永和區"}},{"type":"Feature","geometry":{"type":"Point","coordinates":[121.4293995,25.0266472]},"properties":{"city":"新北市","restaurant_id":3627,"category":"環保餐廳","name":"米勒卡早午餐","phone":"02-22084480#","mobile":"0928248089","address":"新北市新莊區建安街9巷12號","district":"新莊區"}},{"type":"Feature","geometry":{"type":"Point","coordinates":[121.5167477,24.9965613]},"properties":{"city":"新北市","restaurant_id":3620,"category":"環保餐廳","name":"泰雅田泰式小館(永和店)","phone":"02-86689228#","mobile":"","address":"新北市永和區民有街21巷2號1樓","district":"永和區"}},{"type":"Feature","geometry":{"type":"Point","coordinates":[121.4903192,25.06907483]},"properties":{"city":"新北市","restaurant_id":2213,"category":"環保餐廳","name":"Q Burger三重自強店","phone":"02-29882918","mobile":"","address":"新北市三重區自強路二段7號","district":"三重區"}},{"type":"Feature","geometry":{"type":"Point","coordinates":[121.51749027,24.99335855]},"properties":{"city":"新北市","restaurant_id":2212,"category":"環保餐廳","name":"Q Burger中和大仁店","phone":"02-86680138","mobile":"","address":"新北市中和區大仁街19巷6號1樓","district":"中和區"}},{"type":"Feature","geometry":{"type":"Point","coordinates":[121.54063767,24.97618263]},"properties":{"city":"新北市","restaurant_id":2211,"category":"環保餐廳","name":"Q Burger新店建興店","phone":"02-29115618","mobile":"","address":"新北市新店區建國路72號","district":"新店區"}},{"type":"Feature","geometry":{"type":"Point","coordinates":[121.4687488,25.06074392]},"properties":{"city":"新北市","restaurant_id":2210,"category":"環保餐廳","name":"Q Burger創英店","phone":"02-29999589","mobile":"","address":"新北市三重區中興北街236號","district":"三重區"}},{"type":"Feature","geometry":{"type":"Point","coordinates":[121.45483008,25.04159448]},"properties":{"city":"新北市","restaurant_id":2209,"category":"環保餐廳","name":"Q Burger新莊中美店","phone":"02-29961570","mobile":"","address":"新北市新莊區中港路179號","district":"新莊區"}},{"type":"Feature","geometry":{"type":"Point","coordinates":[121.5014259,25.06732098]},"properties":{"city":"新北市","restaurant_id":2208,"category":"環保餐廳","name":"Q Burger三重長安店","phone":"02-29762393","mobile":"","address":"新北市三重區長安街73號1樓","district":"三重區"}},{"type":"Feature","geometry":{"type":"Point","coordinates":[121.38380764,24.94949801]},"properties":{"city":"新北市","restaurant_id":2207,"category":"環保餐廳","name":"Q Burger樹林大有店","phone":"02-26800083","mobile":"","address":"新北市樹林區大有路118號","district":"樹林區"}},{"type":"Feature","geometry":{"type":"Point","coordinates":[121.4428054,25.17818065]},"properties":{"city":"新北市","restaurant_id":2206,"category":"環保餐廳","name":"Q Burger淡水中山北店","phone":"02-26201186","mobile":"","address":"新北市淡水區中山北路一段149巷28號","district":"淡水區"}},{"type":"Feature","geometry":{"type":"Point","coordinates":[121.4519317,25.03827926]},"properties":{"city":"新北市","restaurant_id":2205,"category":"環保餐廳","name":"Q Burger新莊中華店","phone":"02-29963313","mobile":"","address":"新北市新莊區中華路一段45巷2號","district":"新莊區"}},{"type":"Feature","geometry":{"type":"Point","coordinates":[121.44571097,25.09267915]},"properties":{"city":"新北市","restaurant_id":2204,"category":"環保餐廳","name":"Q Burger五股洲子洋店","phone":"02-22921599","mobile":"","address":"新北市五股區成泰路三段201號","district":"五股區"}},{"type":"Feature","geometry":{"type":"Point","coordinates":[121.4508688,25.05098148]},"properties":{"city":"新北市","restaurant_id":2203,"category":"環保餐廳","name":"Q Burger新莊中信店","phone":"02-29902295","mobile":"","address":"新北市新莊區中信街18號","district":"新莊區"}},{"type":"Feature","geometry":{"type":"Point","coordinates":[121.49375037,25.05955536]},"properties":{"city":"新北市","restaurant_id":2202,"category":"環保餐廳","name":"Q Burger三重中正南店","phone":"02-29746343","mobile":"","address":"新北市三重區中正南路49號","district":"三重區"}},{"type":"Feature","geometry":{"type":"Point","coordinates":[121.47184831,25.09166246]},"properties":{"city":"新北市","restaurant_id":2190,"category":"環保餐廳","name":"Q Burger蘆洲民族店","phone":"02-22888383","mobile":"","address":"新北市蘆洲區民族路357號","district":"蘆洲區"}},{"type":"Feature","geometry":{"type":"Point","coordinates":[121.51809565,24.99125973]},"properties":{"city":"新北市","restaurant_id":2189,"category":"環保餐廳","name":"Q Burger中和景德店","phone":"02-29402661","mobile":"","address":"新北市中和區景德街43號1樓","district":"中和區"}},{"type":"Feature","geometry":{"type":"Point","coordinates":[121.5217073,24.99637765]},"properties":{"city":"新北市","restaurant_id":2188,"category":"環保餐廳","name":"Q Burger中和秀福店","phone":"02-29430512","mobile":"","address":"新北市中和區更生街7號1樓","district":"中和區"}},{"type":"Feature","geometry":{"type":"Point","coordinates":[121.41786867,25.02240311]},"properties":{"city":"新北市","restaurant_id":2187,"category":"環保餐廳","name":"Q Burger新莊裕民店","phone":"02-29015532","mobile":"","address":"新北市新莊區裕民街128號","district":"新莊區"}},{"type":"Feature","geometry":{"type":"Point","coordinates":[121.4747789,25.0066821]},"properties":{"city":"新北市","restaurant_id":2267,"category":"環保餐廳","name":"日出茶太","phone":"02-82213316#","mobile":"","address":"新北市中和區中山路三段122號3F","district":"中和區"}},{"type":"Feature","geometry":{"type":"Point","coordinates":[121.5402377,24.96759793]},"properties":{"city":"新北市","restaurant_id":2201,"category":"環保餐廳","name":"Q Burger新店中華店","phone":"02-29120298","mobile":"","address":"新北市新店區中華路39號","district":"新店區"}},{"type":"Feature","geometry":{"type":"Point","coordinates":[121.50404467,24.9903134]},"properties":{"city":"新北市","restaurant_id":2200,"category":"環保餐廳","name":"Q Burger中和復興店","phone":"02-29462197","mobile":"","address":"新北市中和區復興路54號","district":"中和區"}},{"type":"Feature","geometry":{"type":"Point","coordinates":[121.3721358,24.94292681]},"properties":{"city":"新北市","restaurant_id":2199,"category":"環保餐廳","name":"Q Burger三峽北大店","phone":"02-26737288","mobile":"","address":"新北市三峽區國際二街37號","district":"三峽區"}},{"type":"Feature","geometry":{"type":"Point","coordinates":[121.48226112,25.0711568]},"properties":{"city":"新北市","restaurant_id":2198,"category":"環保餐廳","name":"Q Burger三重力行店","phone":"02-29879488","mobile":"","address":"新北市三重區力行路一段160號一樓及地下一樓","district":"三重區"}},{"type":"Feature","geometry":{"type":"Point","coordinates":[121.456762,25.02498796]},"properties":{"city":"新北市","restaurant_id":2197,"category":"環保餐廳","name":"Q Burger板橋龍泉店","phone":"02-22570118","mobile":"","address":"新北市板橋區龍泉街83號","district":"板橋區"}},{"type":"Feature","geometry":{"type":"Point","coordinates":[121.4763816,25.08748606]},"properties":{"city":"新北市","restaurant_id":2196,"category":"環保餐廳","name":"Q Burger蘆洲復興店","phone":"02-82859155","mobile":"","address":"新北市蘆洲區復興路83號","district":"蘆洲區"}},{"type":"Feature","geometry":{"type":"Point","coordinates":[121.39885894,25.14704405]},"properties":{"city":"新北市","restaurant_id":2195,"category":"環保餐廳","name":"Q Burger八里中山店","phone":"02-26194767","mobile":"","address":"新北市八里區中山路二段363號","district":"八里區"}},{"type":"Feature","geometry":{"type":"Point","coordinates":[121.49911441,24.99651625]},"properties":{"city":"新北市","restaurant_id":2194,"category":"環保餐廳","name":"Q Burger中和圓通店","phone":"02-22427298","mobile":"","address":"新北市中和區圓通路112號1樓","district":"中和區"}},{"type":"Feature","geometry":{"type":"Point","coordinates":[121.39084217,25.0789166]},"properties":{"city":"新北市","restaurant_id":2193,"category":"環保餐廳","name":"Q Burger林口國小店","phone":"02-26012712","mobile":"","address":"新北市林口區中山路156-1號一樓","district":"林口區"}},{"type":"Feature","geometry":{"type":"Point","coordinates":[121.511542,24.98703973]},"properties":{"city":"新北市","restaurant_id":2192,"category":"環保餐廳","name":"Q Burger中和仁愛店","phone":"02-29436889","mobile":"","address":"新北市中和區仁愛街102號","district":"中和區"}},{"type":"Feature","geometry":{"type":"Point","coordinates":[121.374572,24.93606769]},"properties":{"city":"新北市","restaurant_id":2191,"category":"環保餐廳","name":"Q Burger三峽復興店","phone":"02-86717069","mobile":"","address":"新北市三峽區復興路30號1樓","district":"三峽區"}},{"type":"Feature","geometry":{"type":"Point","coordinates":[121.4998209,25.2576183]},"properties":{"city":"新北市","restaurant_id":2601,"category":"環保餐廳","name":"麥味登三芝公正","phone":"02-26369969","mobile":"","address":"新北市三芝區公正街9號","district":"三芝區"}},{"type":"Feature","geometry":{"type":"Point","coordinates":[121.4628134,25.1355358]},"properties":{"city":"新北市","restaurant_id":2600,"category":"環保餐廳","name":"麥味登竹圍米路","phone":"02-28081276","mobile":"","address":"新北市淡水區民族路43號","district":"淡水區"}},{"type":"Feature","geometry":{"type":"Point","coordinates":[121.4478844,25.1692035]},"properties":{"city":"新北市","restaurant_id":2599,"category":"環保餐廳","name":"麥味登淡水宇峰","phone":"02-26235201","mobile":"","address":"新北市淡水區學府路45號","district":"淡水區"}},{"type":"Feature","geometry":{"type":"Point","coordinates":[121.4309137,25.1874613]},"properties":{"city":"新北市","restaurant_id":2598,"category":"環保餐廳","name":"麥味登淡水台北灣","phone":"02-26292238","mobile":"","address":"新北市淡水區新市一路一段99巷17號","district":"淡水區"}},{"type":"Feature","geometry":{"type":"Point","coordinates":[121.4452175,25.1722012]},"properties":{"city":"新北市","restaurant_id":2597,"category":"環保餐廳","name":"麥味登淡水水源","phone":"02-26234139","mobile":"","address":"新北市淡水區水源街一段78號","district":"淡水區"}},{"type":"Feature","geometry":{"type":"Point","coordinates":[121.4467044,25.1828161]},"properties":{"city":"新北市","restaurant_id":2596,"category":"環保餐廳","name":"麥味登淡水新市","phone":"02-86315511","mobile":"","address":"新北市淡水區新市一路三段108號","district":"淡水區"}},{"type":"Feature","geometry":{"type":"Point","coordinates":[121.4581777,25.1626604]},"properties":{"city":"新北市","restaurant_id":2595,"category":"環保餐廳","name":"麥味登淡水紅樹林","phone":"02-86263339","mobile":"","address":"新北市淡水區坪頂路51-1號","district":"淡水區"}},{"type":"Feature","geometry":{"type":"Point","coordinates":[121.44,25.1824621]},"properties":{"city":"新北市","restaurant_id":2594,"category":"環保餐廳","name":"麥味登淡水新春","phone":"02-26212553","mobile":"","address":"新北市淡水區新春街97號","district":"淡水區"}},{"type":"Feature","geometry":{"type":"Point","coordinates":[121.4371619,25.1789813]},"properties":{"city":"新北市","restaurant_id":2593,"category":"環保餐廳","name":"麥味登淡水真理","phone":"02-26205135","mobile":"","address":"新北市淡水區新民街180巷2號","district":"淡水區"}},{"type":"Feature","geometry":{"type":"Point","coordinates":[121.4485041,25.1773871]},"properties":{"city":"新北市","restaurant_id":2592,"category":"環保餐廳","name":"麥味登淡水淡江","phone":"02-26250018","mobile":"","address":"新北市淡水區北新路182巷37號","district":"淡水區"}},{"type":"Feature","geometry":{"type":"Point","coordinates":[121.4571687,25.0869188]},"properties":{"city":"新北市","restaurant_id":2580,"category":"環保餐廳","name":"麥味登蘆洲康佑","phone":"02-82868137","mobile":"","address":"新北市蘆洲區長安街343號","district":"蘆洲區"}},{"type":"Feature","geometry":{"type":"Point","coordinates":[121.4715653,25.0909954]},"properties":{"city":"新北市","restaurant_id":2579,"category":"環保餐廳","name":"麥味登蘆洲中心","phone":"02-82866513","mobile":"","address":"新北市蘆洲區民權路188-7號","district":"蘆洲區"}},{"type":"Feature","geometry":{"type":"Point","coordinates":[121.4683841,25.0807694]},"properties":{"city":"新北市","restaurant_id":2578,"category":"環保餐廳","name":"麥味登蘆洲正和","phone":"02-82867980","mobile":"","address":"新北市蘆洲區正和街79號","district":"蘆洲區"}},{"type":"Feature","geometry":{"type":"Point","coordinates":[121.479001,25.0894586]},"properties":{"city":"新北市","restaurant_id":2577,"category":"環保餐廳","name":"麥味登蘆洲復興","phone":"02-82827200","mobile":"","address":"新北市蘆洲區復興路181號","district":"蘆洲區"}},{"type":"Feature","geometry":{"type":"Point","coordinates":[121.4637507,25.0840096]},"properties":{"city":"新北市","restaurant_id":2576,"category":"環保餐廳","name":"麥味登蘆洲長興","phone":"02-22829933","mobile":"","address":"新北市蘆洲區長興路50巷3號","district":"蘆洲區"}},{"type":"Feature","geometry":{"type":"Point","coordinates":[121.3575484,25.0725389]},"properties":{"city":"新北市","restaurant_id":2575,"category":"環保餐廳","name":"麥味登林口源泉","phone":"02-26092339","mobile":"","address":"新北市林口區源泉街36號","district":"林口區"}},{"type":"Feature","geometry":{"type":"Point","coordinates":[121.3738252,25.0793289]},"properties":{"city":"新北市","restaurant_id":2574,"category":"環保餐廳","name":"麥味登林口文化","phone":"02-26018032","mobile":"","address":"新北市林口區文化三路二段36-1號","district":"林口區"}},{"type":"Feature","geometry":{"type":"Point","coordinates":[121.3694077,25.0764623]},"properties":{"city":"新北市","restaurant_id":2573,"category":"環保餐廳","name":"麥味登林口香悅","phone":"02-26082729","mobile":"","address":"新北市林口區文化三路一段555巷50號","district":"林口區"}},{"type":"Feature","geometry":{"type":"Point","coordinates":[121.3878135,25.0768451]},"properties":{"city":"新北市","restaurant_id":2572,"category":"環保餐廳","name":"麥味登林口仁愛","phone":"02-26011390","mobile":"","address":"新北市林口區仁愛路一段384號","district":"林口區"}},{"type":"Feature","geometry":{"type":"Point","coordinates":[121.3773839,25.0692827]},"properties":{"city":"新北市","restaurant_id":2571,"category":"環保餐廳","name":"麥味登林口歐園","phone":"02-26009889","mobile":"","address":"新北市林口區麗園二街2-4號","district":"林口區"}},{"type":"Feature","geometry":{"type":"Point","coordinates":[121.3608558,25.0759166]},"properties":{"city":"新北市","restaurant_id":2570,"category":"環保餐廳","name":"麥味登林口南勢","phone":"02-26000275","mobile":"","address":"新北市林口區南勢一街17巷51號","district":"林口區"}},{"type":"Feature","geometry":{"type":"Point","coordinates":[121.3642919,25.0739784]},"properties":{"city":"新北市","restaurant_id":2569,"category":"環保餐廳","name":"麥味登林口民族","phone":"-#","mobile":"0986811956","address":"新北市林口區民族路22號","district":"林口區"}},{"type":"Feature","geometry":{"type":"Point","coordinates":[121.3729436,25.0770384]},"properties":{"city":"新北市","restaurant_id":2568,"category":"環保餐廳","name":"麥味登林口民有","phone":"02-26081872","mobile":"","address":"新北市林口區民有街68號","district":"林口區"}},{"type":"Feature","geometry":{"type":"Point","coordinates":[121.414874,25.02792]},"properties":{"city":"新北市","restaurant_id":2556,"category":"環保餐廳","name":"麥味登新莊玥萱","phone":"02-29015928","mobile":"","address":"新北市新莊區雙鳳路88號","district":"新莊區"}},{"type":"Feature","geometry":{"type":"Point","coordinates":[121.4470889,25.0365779]},"properties":{"city":"新北市","restaurant_id":2555,"category":"環保餐廳","name":"麥味登新莊五工二","phone":"02-29922522","mobile":"","address":"新北市新莊區建中街85號","district":"新莊區"}},{"type":"Feature","geometry":{"type":"Point","coordinates":[121.4598634,25.066473]},"properties":{"city":"新北市","restaurant_id":2554,"category":"環保餐廳","name":"麥味登新莊五工","phone":"02-22993799","mobile":"","address":"新北市新莊區五工二路86巷2號","district":"新莊區"}},{"type":"Feature","geometry":{"type":"Point","coordinates":[121.4175311,25.0278075]},"properties":{"city":"新北市","restaurant_id":2553,"category":"環保餐廳","name":"麥味登新莊天祥","phone":"02-29084674","mobile":"","address":"新北市新莊區天祥街26-1號","district":"新莊區"}},{"type":"Feature","geometry":{"type":"Point","coordinates":[121.461815,25.052023]},"properties":{"city":"新北市","restaurant_id":2552,"category":"環保餐廳","name":"麥味登新莊頭前公園","phone":"02-29909163","mobile":"","address":"新北市新莊區頭成街163號","district":"新莊區"}},{"type":"Feature","geometry":{"type":"Point","coordinates":[121.4280961,25.0183584]},"properties":{"city":"新北市","restaurant_id":2551,"category":"環保餐廳","name":"麥味登新莊西盛","phone":"02-22010970","mobile":"","address":"新北市新莊區西盛街196號","district":"新莊區"}},{"type":"Feature","geometry":{"type":"Point","coordinates":[121.4490073,25.0529057]},"properties":{"city":"新北市","restaurant_id":2550,"category":"環保餐廳","name":"麥味登新莊星榮","phone":"02-29960669","mobile":"","address":"新北市新莊區中榮街60號","district":"新莊區"}},{"type":"Feature","geometry":{"type":"Point","coordinates":[121.448556,25.043157]},"properties":{"city":"新北市","restaurant_id":2549,"category":"環保餐廳","name":"麥味登新莊星品","phone":"02-89910985","mobile":"","address":"新北市新莊區中和街12號","district":"新莊區"}},{"type":"Feature","geometry":{"type":"Point","coordinates":[121.445154,25.049173]},"properties":{"city":"新北市","restaurant_id":2548,"category":"環保餐廳","name":"麥味登新莊幸福","phone":"02-22771234","mobile":"","address":"新北市新莊區幸福路834號","district":"新莊區"}},{"type":"Feature","geometry":{"type":"Point","coordinates":[121.4517652,25.0479308]},"properties":{"city":"新北市","restaurant_id":2547,"category":"環保餐廳","name":"麥味登新莊星誠","phone":"02-29931989","mobile":"","address":"新北市新莊區中誠街15號","district":"新莊區"}},{"type":"Feature","geometry":{"type":"Point","coordinates":[121.444267,25.0503544]},"properties":{"city":"新北市","restaurant_id":2546,"category":"環保餐廳","name":"麥味登新莊歐洲村","phone":"02-29966927","mobile":"","address":"新北市新莊區立信三街7巷1號","district":"新莊區"}},{"type":"Feature","geometry":{"type":"Point","coordinates":[121.4647192,25.054685]},"properties":{"city":"新北市","restaurant_id":2545,"category":"環保餐廳","name":"麥味登新莊米娜","phone":"02-85229700","mobile":"","address":"新北市新莊區中原東路30號","district":"新莊區"}},{"type":"Feature","geometry":{"type":"Point","coordinates":[121.4238066,25.0264584]},"properties":{"city":"新北市","restaurant_id":2544,"category":"環保餐廳","name":"麥味登新莊民安","phone":"02-22025530","mobile":"","address":"新北市新莊區民安路45號1樓","district":"新莊區"}},{"type":"Feature","geometry":{"type":"Point","coordinates":[121.4897717,25.0677893]},"properties":{"city":"新北市","restaurant_id":2532,"category":"環保餐廳","name":"麥味登三重美福","phone":"02-29801388","mobile":"","address":"新北市三重區重陽路三段162號","district":"三重區"}},{"type":"Feature","geometry":{"type":"Point","coordinates":[121.4789388,25.0751748]},"properties":{"city":"新北市","restaurant_id":2531,"category":"環保餐廳","name":"麥味登三重木澄找餐","phone":"02-22870179","mobile":"","address":"新北市三重區永福街179號","district":"三重區"}},{"type":"Feature","geometry":{"type":"Point","coordinates":[121.4841924,25.0566715]},"properties":{"city":"新北市","restaurant_id":2530,"category":"環保餐廳","name":"麥味登三重捷運","phone":"02-29877007","mobile":"","address":"新北市三重區捷運路37巷14號","district":"三重區"}},{"type":"Feature","geometry":{"type":"Point","coordinates":[121.498182,25.0598319]},"properties":{"city":"新北市","restaurant_id":2529,"category":"環保餐廳","name":"麥味登三重正義","phone":"02-89762827","mobile":"","address":"新北市三重區正義南路79號","district":"三重區"}},{"type":"Feature","geometry":{"type":"Point","coordinates":[121.4938392,25.0570072]},"properties":{"city":"新北市","restaurant_id":2528,"category":"環保餐廳","name":"麥味登三重忠孝橋","phone":"02-29749888","mobile":"","address":"新北市三重區中正南路131號","district":"三重區"}},{"type":"Feature","geometry":{"type":"Point","coordinates":[121.4889063,25.050383]},"properties":{"city":"新北市","restaurant_id":2527,"category":"環保餐廳","name":"麥味登三重中興橋","phone":"02-29768838","mobile":"","address":"新北市三重區成功路38號","district":"三重區"}},{"type":"Feature","geometry":{"type":"Point","coordinates":[121.4813875,25.0673445]},"properties":{"city":"新北市","restaurant_id":2526,"category":"環保餐廳","name":"麥味登三重忠孝","phone":"02-89850138","mobile":"","address":"新北市三重區忠孝路三段25號","district":"三重區"}},{"type":"Feature","geometry":{"type":"Point","coordinates":[121.478184,25.0689366]},"properties":{"city":"新北市","restaurant_id":2525,"category":"環保餐廳","name":"麥味登三重佳德","phone":"02-89825825","mobile":"","address":"新北市三重區三民街305號","district":"三重區"}},{"type":"Feature","geometry":{"type":"Point","coordinates":[121.4966797,25.0836525]},"properties":{"city":"新北市","restaurant_id":2524,"category":"環保餐廳","name":"麥味登三重進安","phone":"02-82879992","mobile":"","address":"新北市三重區自強路五段100號","district":"三重區"}},{"type":"Feature","geometry":{"type":"Point","coordinates":[121.496978,25.071069]},"properties":{"city":"新北市","restaurant_id":2523,"category":"環保餐廳","name":"麥味登三重國小","phone":"02-89762738","mobile":"","address":"新北市三重區仁愛街23號","district":"三重區"}},{"type":"Feature","geometry":{"type":"Point","coordinates":[121.4925465,25.0643761]},"properties":{"city":"新北市","restaurant_id":2522,"category":"環保餐廳","name":"麥味登三重國隆","phone":"02-29818809","mobile":"","address":"新北市三重區國隆路29號","district":"三重區"}},{"type":"Feature","geometry":{"type":"Point","coordinates":[121.4844281,25.0589149]},"properties":{"city":"新北市","restaurant_id":2521,"category":"環保餐廳","name":"麥味登三重感恩","phone":"02-29896559","mobile":"","address":"新北市三重區三陽路61號","district":"三重區"}},{"type":"Feature","geometry":{"type":"Point","coordinates":[121.494585,25.0637566]},"properties":{"city":"新北市","restaurant_id":2520,"category":"環保餐廳","name":"麥味登三重大同","phone":"02-89855749","mobile":"","address":"新北市三重區大同北路97號","district":"三重區"}},{"type":"Feature","geometry":{"type":"Point","coordinates":[121.3823322,24.9452355]},"properties":{"city":"新北市","restaurant_id":2508,"category":"環保餐廳","name":"麥味登北大大成","phone":"02-26689550","mobile":"","address":"新北市樹林區大成路11號","district":"樹林區"}},{"type":"Feature","geometry":{"type":"Point","coordinates":[121.362726,24.937461]},"properties":{"city":"新北市","restaurant_id":2507,"category":"環保餐廳","name":"麥味登三峽恩主公","phone":"02-86723234","mobile":"","address":"新北市三峽區中山路234號","district":"三峽區"}},{"type":"Feature","geometry":{"type":"Point","coordinates":[121.3710409,24.927137]},"properties":{"city":"新北市","restaurant_id":2506,"category":"環保餐廳","name":"麥味登三峽大同","phone":"02-86741909","mobile":"","address":"新北市三峽區大同路196-2號","district":"三峽區"}},{"type":"Feature","geometry":{"type":"Point","coordinates":[121.3757911,24.9453749]},"properties":{"city":"新北市","restaurant_id":2505,"category":"環保餐廳","name":"麥味登三峽北大","phone":"02-26724567","mobile":"","address":"新北市三峽區大德路190號","district":"三峽區"}},{"type":"Feature","geometry":{"type":"Point","coordinates":[121.4680779,24.9917972]},"properties":{"city":"新北市","restaurant_id":2504,"category":"環保餐廳","name":"麥味登土城延平","phone":"02-82610041","mobile":"","address":"新北市土城區延平街七號","district":"土城區"}},{"type":"Feature","geometry":{"type":"Point","coordinates":[121.455792,24.9829734]},"properties":{"city":"新北市","restaurant_id":2503,"category":"環保餐廳","name":"麥味登土城裕民","phone":"02-82601899","mobile":"","address":"新北市土城區裕民路259巷24號","district":"土城區"}},{"type":"Feature","geometry":{"type":"Point","coordinates":[121.4530779,24.9864719]},"properties":{"city":"新北市","restaurant_id":2502,"category":"環保餐廳","name":"麥味登土城學成","phone":"02-82732522","mobile":"","address":"新北市土城區學成路9號","district":"土城區"}},{"type":"Feature","geometry":{"type":"Point","coordinates":[121.443861,24.978263]},"properties":{"city":"新北市","restaurant_id":2501,"category":"環保餐廳","name":"麥味登土城日月光","phone":"02-22707168","mobile":"","address":"新北市土城區中央路二段61巷42號","district":"土城區"}},{"type":"Feature","geometry":{"type":"Point","coordinates":[121.4601706,24.9775566]},"properties":{"city":"新北市","restaurant_id":2500,"category":"環保餐廳","name":"麥味登土城明德","phone":"02-82620030","mobile":"","address":"新北市土城區明德路一段240巷2號","district":"土城區"}},{"type":"Feature","geometry":{"type":"Point","coordinates":[121.4468642,24.9834204]},"properties":{"city":"新北市","restaurant_id":2499,"category":"環保餐廳","name":"麥味登土城海山","phone":"02-82621058","mobile":"","address":"新北市土城區明德路二段199號","district":"土城區"}},{"type":"Feature","geometry":{"type":"Point","coordinates":[121.442426,24.973318]},"properties":{"city":"新北市","restaurant_id":2498,"category":"環保餐廳","name":"麥味登土城光明","phone":"02-22706879","mobile":"","address":"新北市土城區光明街63號","district":"土城區"}},{"type":"Feature","geometry":{"type":"Point","coordinates":[121.4593819,24.9819173]},"properties":{"city":"新北市","restaurant_id":2497,"category":"環保餐廳","name":"麥味登土城青雲","phone":"02-22660768","mobile":"","address":"新北市土城區青雲路215號","district":"土城區"}},{"type":"Feature","geometry":{"type":"Point","coordinates":[121.4656689,24.9835131]},"properties":{"city":"新北市","restaurant_id":2496,"category":"環保餐廳","name":"麥味登土城清高","phone":"02-22602220","mobile":"","address":"新北市土城區明德路一段73號","district":"土城區"}},{"type":"Feature","geometry":{"type":"Point","coordinates":[121.508198,24.9992265]},"properties":{"city":"新北市","restaurant_id":2484,"category":"環保餐廳","name":"麥味登中和景安","phone":"02-89432800","mobile":"","address":"新北市中和區景安路13號","district":"中和區"}},{"type":"Feature","geometry":{"type":"Point","coordinates":[121.5077128,24.9825129]},"properties":{"city":"新北市","restaurant_id":2483,"category":"環保餐廳","name":"麥味登中和華新","phone":"02-86680570","mobile":"","address":"新北市中和區華新街150號","district":"中和區"}},{"type":"Feature","geometry":{"type":"Point","coordinates":[121.5088215,24.9904649]},"properties":{"city":"新北市","restaurant_id":2482,"category":"環保餐廳","name":"麥味登中和和平","phone":"02-86680428","mobile":"","address":"新北市中和區和平街15-1號","district":"中和區"}},{"type":"Feature","geometry":{"type":"Point","coordinates":[121.504235,24.9902882]},"properties":{"city":"新北市","restaurant_id":2481,"category":"環保餐廳","name":"麥味登中和復興","phone":"02-29488698","mobile":"","address":"新北市中和區復興路50號","district":"中和區"}},{"type":"Feature","geometry":{"type":"Point","coordinates":[121.5092823,24.9975543]},"properties":{"city":"新北市","restaurant_id":2480,"category":"環保餐廳","name":"麥味登中和福澤","phone":"02-89419688","mobile":"","address":"新北市中和區保健路47號","district":"中和區"}},{"type":"Feature","geometry":{"type":"Point","coordinates":[121.4712742,25.0046247]},"properties":{"city":"新北市","restaurant_id":2479,"category":"環保餐廳","name":"麥味登中和德光","phone":"02-29620233","mobile":"","address":"新北市中和區德光路14號","district":"中和區"}},{"type":"Feature","geometry":{"type":"Point","coordinates":[121.5177867,25.0045452]},"properties":{"city":"新北市","restaurant_id":2478,"category":"環保餐廳","name":"麥味登永和選手","phone":"02-29229929","mobile":"","address":"新北市永和區永貞路152號","district":"永和區"}},{"type":"Feature","geometry":{"type":"Point","coordinates":[121.506583,25.0132654]},"properties":{"city":"新北市","restaurant_id":2477,"category":"環保餐廳","name":"麥味登永和仁愛公園","phone":"02-89213076","mobile":"","address":"新北市永和區永平路320號","district":"永和區"}},{"type":"Feature","geometry":{"type":"Point","coordinates":[121.5114616,25.0129159]},"properties":{"city":"新北市","restaurant_id":2476,"category":"環保餐廳","name":"麥味登永和仁愛","phone":"02-29250236","mobile":"","address":"新北市永和區仁愛路145號","district":"永和區"}},{"type":"Feature","geometry":{"type":"Point","coordinates":[121.5016722,25.0103272]},"properties":{"city":"新北市","restaurant_id":2475,"category":"環保餐廳","name":"麥味登永和環河","phone":"02-29233833","mobile":"","address":"新北市永和區環河西路2段213號","district":"永和區"}},{"type":"Feature","geometry":{"type":"Point","coordinates":[121.5155481,25.0071305]},"properties":{"city":"新北市","restaurant_id":2474,"category":"環保餐廳","name":"麥味登永和福和","phone":"02-29219297","mobile":"","address":"新北市永和區福和路343號","district":"永和區"}},{"type":"Feature","geometry":{"type":"Point","coordinates":[121.5231151,24.9992732]},"properties":{"city":"新北市","restaurant_id":2473,"category":"環保餐廳","name":"麥味登永和得和","phone":"02-29439796","mobile":"","address":"新北市永和區得和路328號","district":"永和區"}},{"type":"Feature","geometry":{"type":"Point","coordinates":[121.508775,25.005189]},"properties":{"city":"新北市","restaurant_id":2472,"category":"環保餐廳","name":"麥味登永和保平","phone":"02-29225899","mobile":"","address":"新北市永和區保平路266號","district":"永和區"}},{"type":"Feature","geometry":{"type":"Point","coordinates":[121.659453,25.063891]},"properties":{"city":"新北市","restaurant_id":2460,"category":"環保餐廳","name":"麥味登汐止仁愛","phone":"02-26492558","mobile":"","address":"新北市汐止區仁愛路23號","district":"汐止區"}},{"type":"Feature","geometry":{"type":"Point","coordinates":[121.662422,25.068118]},"properties":{"city":"新北市","restaurant_id":2459,"category":"環保餐廳","name":"麥味登汐止名城店","phone":"02-86910234","mobile":"","address":"新北市汐止區新昌路37-1號","district":"汐止區"}},{"type":"Feature","geometry":{"type":"Point","coordinates":[121.6412293,25.0691825]},"properties":{"city":"新北市","restaurant_id":2458,"category":"環保餐廳","name":"麥味登汐止玖達","phone":"02-26427171","mobile":"","address":"新北市汐止區樟樹二路296號","district":"汐止區"}},{"type":"Feature","geometry":{"type":"Point","coordinates":[121.6611892,25.0724517]},"properties":{"city":"新北市","restaurant_id":2457,"category":"環保餐廳","name":"麥味登汐止建成","phone":"02-86422575","mobile":"","address":"新北市汐止區建成路59巷49號","district":"汐止區"}},{"type":"Feature","geometry":{"type":"Point","coordinates":[121.6645007,25.0650601]},"properties":{"city":"新北市","restaurant_id":2456,"category":"環保餐廳","name":"麥味登汐止皇家","phone":"02-26433078","mobile":"","address":"新北市汐止區仁愛路166號","district":"汐止區"}},{"type":"Feature","geometry":{"type":"Point","coordinates":[121.6386265,25.0693531]},"properties":{"city":"新北市","restaurant_id":2455,"category":"環保餐廳","name":"麥味登汐止福德","phone":"02-26922316","mobile":"","address":"新北市汐止區福德一路20號","district":"汐止區"}},{"type":"Feature","geometry":{"type":"Point","coordinates":[121.6354522,25.0654564]},"properties":{"city":"新北市","restaurant_id":2454,"category":"環保餐廳","name":"麥味登汐止福氣","phone":"02-26925177","mobile":"","address":"新北市汐止區福德一路201巷6號","district":"汐止區"}},{"type":"Feature","geometry":{"type":"Point","coordinates":[121.6566387,25.0718399]},"properties":{"city":"新北市","restaurant_id":2453,"category":"環保餐廳","name":"麥味登汐止長江","phone":"02-26482088","mobile":"","address":"新北市汐止區長江街65號","district":"汐止區"}},{"type":"Feature","geometry":{"type":"Point","coordinates":[121.665977,25.070649]},"properties":{"city":"新北市","restaurant_id":2452,"category":"環保餐廳","name":"麥味登汐止茄苳","phone":"02-86477766","mobile":"","address":"新北市汐止區茄苳路42-1號","district":"汐止區"}},{"type":"Feature","geometry":{"type":"Point","coordinates":[121.4297676,24.9941843]},"properties":{"city":"新北市","restaurant_id":2451,"category":"環保餐廳","name":"麥味登樹林秀泰","phone":"02-26860822","mobile":"","address":"新北市板橋區大觀路三段160巷46號","district":"板橋區"}},{"type":"Feature","geometry":{"type":"Point","coordinates":[121.4610281,25.0228456]},"properties":{"city":"新北市","restaurant_id":2450,"category":"環保餐廳","name":"麥味登新北新海","phone":"02-22568688","mobile":"","address":"新北市板橋區新海路117號","district":"板橋區"}},{"type":"Feature","geometry":{"type":"Point","coordinates":[121.472637,25.026135]},"properties":{"city":"新北市","restaurant_id":2449,"category":"環保餐廳","name":"麥味登板橋藝文","phone":"02-82570520","mobile":"","address":"新北市板橋區莊敬路99號","district":"板橋區"}},{"type":"Feature","geometry":{"type":"Point","coordinates":[121.475779,25.0205948]},"properties":{"city":"新北市","restaurant_id":2448,"category":"環保餐廳","name":"麥味登板橋永豐","phone":"02-29512885","mobile":"","address":"新北市板橋區永豐街171號","district":"板橋區"}},{"type":"Feature","geometry":{"type":"Point","coordinates":[121.428018,24.985246]},"properties":{"city":"新北市","restaurant_id":2436,"category":"環保餐廳","name":"麥味登板橋金鑽","phone":"02-26860901","mobile":"","address":"新北市板橋區金門街324巷7號","district":"板橋區"}},{"type":"Feature","geometry":{"type":"Point","coordinates":[121.457572,25.0191]},"properties":{"city":"新北市","restaurant_id":2435,"category":"環保餐廳","name":"麥味登板橋中正","phone":"02-22720613","mobile":"","address":"新北市板橋區中正路216巷57號","district":"板橋區"}},{"type":"Feature","geometry":{"type":"Point","coordinates":[121.4713256,25.0225405]},"properties":{"city":"新北市","restaurant_id":2434,"category":"環保餐廳","name":"麥味登板橋莊敬","phone":"02-22581447","mobile":"","address":"新北市板橋區莊敬路162號","district":"板橋區"}},{"type":"Feature","geometry":{"type":"Point","coordinates":[121.4740143,25.0225634]},"properties":{"city":"新北市","restaurant_id":2433,"category":"環保餐廳","name":"麥味登板橋莒光","phone":"02-22566826","mobile":"","address":"新北市板橋區莒光路188號","district":"板橋區"}},{"type":"Feature","geometry":{"type":"Point","coordinates":[121.4801569,25.0304125]},"properties":{"city":"新北市","restaurant_id":2432,"category":"環保餐廳","name":"麥味登板橋懷德","phone":"02-22500350","mobile":"","address":"新北市板橋區懷德街181巷23號","district":"板橋區"}},{"type":"Feature","geometry":{"type":"Point","coordinates":[121.4479224,24.9986231]},"properties":{"city":"新北市","restaurant_id":2431,"category":"環保餐廳","name":"麥味登板橋合安","phone":"02-29691688","mobile":"","address":"新北市板橋區合宜路115號","district":"板橋區"}},{"type":"Feature","geometry":{"type":"Point","coordinates":[121.4674016,25.0257595]},"properties":{"city":"新北市","restaurant_id":2430,"category":"環保餐廳","name":"麥味登板橋光武","phone":"02-22541266","mobile":"","address":"新北市板橋區光武街63號","district":"板橋區"}},{"type":"Feature","geometry":{"type":"Point","coordinates":[121.455884,25.002512]},"properties":{"city":"新北市","restaurant_id":2429,"category":"環保餐廳","name":"麥味登板橋貴興","phone":"02-29649695","mobile":"","address":"新北市板橋區貴興路109號","district":"板橋區"}},{"type":"Feature","geometry":{"type":"Point","coordinates":[121.4814776,25.014772]},"properties":{"city":"新北市","restaurant_id":2428,"category":"環保餐廳","name":"麥味登板橋光環","phone":"02-29627677","mobile":"","address":"新北市板橋區光環路二段76號","district":"板橋區"}},{"type":"Feature","geometry":{"type":"Point","coordinates":[121.4622434,24.9942116]},"properties":{"city":"新北市","restaurant_id":2427,"category":"環保餐廳","name":"麥味登板橋廣和","phone":"02-29555560","mobile":"","address":"新北市板橋區廣和街52號","district":"板橋區"}},{"type":"Feature","geometry":{"type":"Point","coordinates":[121.46106,25.0186496]},"properties":{"city":"新北市","restaurant_id":2426,"category":"環保餐廳","name":"麥味登板橋國光","phone":"02-29682628","mobile":"","address":"新北市板橋區國光路187號","district":"板橋區"}},{"type":"Feature","geometry":{"type":"Point","coordinates":[121.4721187,25.0126561]},"properties":{"city":"新北市","restaurant_id":2425,"category":"環保餐廳","name":"麥味登板橋大崙","phone":"02-29581685","mobile":"","address":"新北市板橋區長安街331巷89號","district":"板橋區"}},{"type":"Feature","geometry":{"type":"Point","coordinates":[121.4609439,25.0301741]},"properties":{"city":"新北市","restaurant_id":2424,"category":"環保餐廳","name":"麥味登板橋長江","phone":"02-22597039","mobile":"","address":"新北市板橋區長江路一段150號","district":"板橋區"}},{"type":"Feature","geometry":{"type":"Point","coordinates":[121.51390447,24.99990523]},"properties":{"city":"新北市","restaurant_id":2336,"category":"環保餐廳","name":"豆韻","phone":"-#","mobile":"0968297838","address":"新北市中和區安平路218號","district":"中和區"}},{"type":"Feature","geometry":{"type":"Point","coordinates":[121.4233538,25.1811015]},"properties":{"city":"新北市","restaurant_id":2591,"category":"環保餐廳","name":"麥味登淡水淡海","phone":"02-28050511","mobile":"","address":"新北市淡水區淡海路72巷1號","district":"淡水區"}},{"type":"Feature","geometry":{"type":"Point","coordinates":[121.4508399,25.1739389]},"properties":{"city":"新北市","restaurant_id":2590,"category":"環保餐廳","name":"麥味登淡水淡大","phone":"02-26295836","mobile":"","address":"新北市淡水區水源街二段56號","district":"淡水區"}},{"type":"Feature","geometry":{"type":"Point","coordinates":[121.450073,25.1793258]},"properties":{"city":"新北市","restaurant_id":2589,"category":"環保餐廳","name":"麥味登淡水北新","phone":"02-26235211","mobile":"","address":"新北市淡水區北新路153號","district":"淡水區"}},{"type":"Feature","geometry":{"type":"Point","coordinates":[121.3973798,25.1464983]},"properties":{"city":"新北市","restaurant_id":2588,"category":"環保餐廳","name":"麥味登八里小麥","phone":"02-26195768","mobile":"","address":"新北市八里區中山路二段542號","district":"八里區"}},{"type":"Feature","geometry":{"type":"Point","coordinates":[121.4518804,25.1263368]},"properties":{"city":"新北市","restaurant_id":2587,"category":"環保餐廳","name":"麥味登八里禾渼","phone":"02-26188007","mobile":"","address":"新北市八里區頂寮五街7號","district":"八里區"}},{"type":"Feature","geometry":{"type":"Point","coordinates":[121.4329725,25.0732509]},"properties":{"city":"新北市","restaurant_id":2586,"category":"環保餐廳","name":"麥味登五股自強","phone":"02-22935789","mobile":"","address":"新北市五股區自強路72號","district":"五股區"}},{"type":"Feature","geometry":{"type":"Point","coordinates":[121.4679209,25.0744378]},"properties":{"city":"新北市","restaurant_id":2585,"category":"環保餐廳","name":"麥味登五股四維","phone":"02-29889279","mobile":"","address":"新北市五股區四維路116-1號","district":"五股區"}},{"type":"Feature","geometry":{"type":"Point","coordinates":[121.4451046,25.0919451]},"properties":{"city":"新北市","restaurant_id":2584,"category":"環保餐廳","name":"麥味登五股洲子洋","phone":"02-22930223","mobile":"","address":"新北市五股區成泰路三段165號","district":"五股區"}},{"type":"Feature","geometry":{"type":"Point","coordinates":[121.4382647,25.0831873]},"properties":{"city":"新北市","restaurant_id":2583,"category":"環保餐廳","name":"麥味登五股中興","phone":"02-22951720","mobile":"","address":"新北市五股區中興路四段48巷1號","district":"五股區"}},{"type":"Feature","geometry":{"type":"Point","coordinates":[121.4322642,25.0904618]},"properties":{"city":"新北市","restaurant_id":2582,"category":"環保餐廳","name":"麥味登五股福臨","phone":"02-22916863","mobile":"","address":"新北市五股區五福路93號","district":"五股區"}},{"type":"Feature","geometry":{"type":"Point","coordinates":[121.4767636,25.0839673]},"properties":{"city":"新北市","restaurant_id":2581,"category":"環保餐廳","name":"麥味登蘆洲鷺江99","phone":"02-22859299","mobile":"","address":"新北市蘆洲區鷺江街99號","district":"蘆洲區"}},{"type":"Feature","geometry":{"type":"Point","coordinates":[121.3796713,25.0799484]},"properties":{"city":"新北市","restaurant_id":2567,"category":"環保餐廳","name":"麥味登林口民視","phone":"02-26019062","mobile":"","address":"新北市林口區信義路154號","district":"林口區"}},{"type":"Feature","geometry":{"type":"Point","coordinates":[121.378655,25.0836254]},"properties":{"city":"新北市","restaurant_id":2566,"category":"環保餐廳","name":"麥味登林口中山","phone":"02-26020858","mobile":"","address":"新北市林口區中山路526號-1","district":"林口區"}},{"type":"Feature","geometry":{"type":"Point","coordinates":[121.3677024,25.0691869]},"properties":{"city":"新北市","restaurant_id":2565,"category":"環保餐廳","name":"麥味登林口公園","phone":"02-26080267","mobile":"","address":"新北市林口區公園路69號","district":"林口區"}},{"type":"Feature","geometry":{"type":"Point","coordinates":[121.3655515,25.0675626]},"properties":{"city":"新北市","restaurant_id":2564,"category":"環保餐廳","name":"麥味登林口感恩","phone":"02-26006228","mobile":"","address":"新北市林口區文化二路一段20巷23號","district":"林口區"}},{"type":"Feature","geometry":{"type":"Point","coordinates":[121.3837049,25.0748483]},"properties":{"city":"新北市","restaurant_id":2563,"category":"環保餐廳","name":"麥味登林口名巧園","phone":"02-26015862","mobile":"","address":"新北市林口區仁愛路二段121號","district":"林口區"}},{"type":"Feature","geometry":{"type":"Point","coordinates":[121.3620082,25.0712661]},"properties":{"city":"新北市","restaurant_id":2562,"category":"環保餐廳","name":"麥味登林口貳貳五","phone":"02-26099585","mobile":"","address":"新北市林口區文化三路一段225巷13號","district":"林口區"}},{"type":"Feature","geometry":{"type":"Point","coordinates":[121.4242518,25.063799]},"properties":{"city":"新北市","restaurant_id":2561,"category":"環保餐廳","name":"麥味登泰山泰林","phone":"02-29000565","mobile":"","address":"新北市泰山區泰林路二段513號","district":"泰山區"}},{"type":"Feature","geometry":{"type":"Point","coordinates":[121.4403474,25.0460557]},"properties":{"city":"新北市","restaurant_id":2560,"category":"環保餐廳","name":"麥味登泰山信華","phone":"02-29009091","mobile":"","address":"新北市泰山區信華三街171號","district":"泰山區"}},{"type":"Feature","geometry":{"type":"Point","coordinates":[121.432658,25.0547008]},"properties":{"city":"新北市","restaurant_id":2559,"category":"環保餐廳","name":"麥味登泰山仁義","phone":"02-22962828","mobile":"","address":"新北市泰山區仁義路143號","district":"泰山區"}},{"type":"Feature","geometry":{"type":"Point","coordinates":[121.4332053,25.057896]},"properties":{"city":"新北市","restaurant_id":2558,"category":"環保餐廳","name":"麥味登泰山全興","phone":"02-29000283","mobile":"","address":"新北市泰山區福興二街30號","district":"泰山區"}},{"type":"Feature","geometry":{"type":"Point","coordinates":[121.455663,25.0455706]},"properties":{"city":"新北市","restaurant_id":2557,"category":"環保餐廳","name":"麥味登新莊自立","phone":"02-29980115","mobile":"","address":"新北市新莊區自立街115號","district":"新莊區"}},{"type":"Feature","geometry":{"type":"Point","coordinates":[121.4147271,25.0214456]},"properties":{"city":"新北市","restaurant_id":2543,"category":"環保餐廳","name":"麥味登新莊龍安","phone":"02-29017665","mobile":"","address":"新北市新莊區中正路新建巷55號","district":"新莊區"}},{"type":"Feature","geometry":{"type":"Point","coordinates":[121.4552645,25.0546244]},"properties":{"city":"新北市","restaurant_id":2542,"category":"環保餐廳","name":"麥味登新莊中原","phone":"02-85212006","mobile":"","address":"新北市新莊區中原路138號","district":"新莊區"}},{"type":"Feature","geometry":{"type":"Point","coordinates":[121.4516349,25.0509198]},"properties":{"city":"新北市","restaurant_id":2541,"category":"環保餐廳","name":"麥味登新莊中信","phone":"02-89927177","mobile":"","address":"新北市新莊區中信街2號","district":"新莊區"}},{"type":"Feature","geometry":{"type":"Point","coordinates":[121.444635,25.046748]},"properties":{"city":"新北市","restaurant_id":2540,"category":"環保餐廳","name":"麥味登新莊中平","phone":"02-22771508","mobile":"","address":"新北市新莊區中平路121號","district":"新莊區"}},{"type":"Feature","geometry":{"type":"Point","coordinates":[121.4533016,25.051736]},"properties":{"city":"新北市","restaurant_id":2539,"category":"環保餐廳","name":"麥味登新莊中華","phone":"02-29900759","mobile":"","address":"新北市新莊區中華路二段172號","district":"新莊區"}},{"type":"Feature","geometry":{"type":"Point","coordinates":[121.427547,25.024919]},"properties":{"city":"新北市","restaurant_id":2538,"category":"環保餐廳","name":"麥味登新莊建安","phone":"02-22044018","mobile":"","address":"新北市新莊區建安街46號","district":"新莊區"}},{"type":"Feature","geometry":{"type":"Point","coordinates":[121.4575239,25.0407004]},"properties":{"city":"新北市","restaurant_id":2537,"category":"環保餐廳","name":"麥味登新莊福興","phone":"02-22761918","mobile":"","address":"新北市新莊區公園路238號","district":"新莊區"}},{"type":"Feature","geometry":{"type":"Point","coordinates":[121.4569958,25.0524164]},"properties":{"city":"新北市","restaurant_id":2536,"category":"環保餐廳","name":"麥味登新莊昌明","phone":"02-29905398","mobile":"","address":"新北市新莊區昌明街22號","district":"新莊區"}},{"type":"Feature","geometry":{"type":"Point","coordinates":[121.4880248,25.0887771]},"properties":{"city":"新北市","restaurant_id":2535,"category":"環保餐廳","name":"麥味登三重三賢101","phone":"02-28579101","mobile":"","address":"新北市三重區三賢街101號","district":"三重區"}},{"type":"Feature","geometry":{"type":"Point","coordinates":[121.4819935,25.0714218]},"properties":{"city":"新北市","restaurant_id":2534,"category":"環保餐廳","name":"麥味登三重善解","phone":"02-29850176","mobile":"","address":"新北市三重區力行路一段176號","district":"三重區"}},{"type":"Feature","geometry":{"type":"Point","coordinates":[121.4876549,25.0790783]},"properties":{"city":"新北市","restaurant_id":2533,"category":"環保餐廳","name":"麥味登三重三和","phone":"02-22800682","mobile":"","address":"新北市三重區三和路四段145巷153號","district":"三重區"}},{"type":"Feature","geometry":{"type":"Point","coordinates":[121.4845887,25.0741467]},"properties":{"city":"新北市","restaurant_id":2519,"category":"環保餐廳","name":"麥味登三重車路頭","phone":"02-22860136","mobile":"","address":"新北市三重區車路頭街87號","district":"三重區"}},{"type":"Feature","geometry":{"type":"Point","coordinates":[121.4822822,25.0803486]},"properties":{"city":"新北市","restaurant_id":2518,"category":"環保餐廳","name":"麥味登仁愛旗艦","phone":"02-22862203","mobile":"","address":"新北市三重區仁愛街660號","district":"三重區"}},{"type":"Feature","geometry":{"type":"Point","coordinates":[121.3469382,24.9488741]},"properties":{"city":"新北市","restaurant_id":2517,"category":"環保餐廳","name":"麥味登鶯歌天囍","phone":"02-86776850","mobile":"","address":"新北市鶯歌區尖山路136號","district":"鶯歌區"}},{"type":"Feature","geometry":{"type":"Point","coordinates":[121.4200263,24.9875511]},"properties":{"city":"新北市","restaurant_id":2516,"category":"環保餐廳","name":"麥味登樹林日新","phone":"02-26862525","mobile":"","address":"新北市樹林區日新街185號","district":"樹林區"}},{"type":"Feature","geometry":{"type":"Point","coordinates":[121.423834,24.9834202]},"properties":{"city":"新北市","restaurant_id":2515,"category":"環保餐廳","name":"麥味登樹林中華","phone":"02-86868651","mobile":"","address":"新北市樹林區中華路39號","district":"樹林區"}},{"type":"Feature","geometry":{"type":"Point","coordinates":[121.4222944,24.9797144]},"properties":{"city":"新北市","restaurant_id":2514,"category":"環保餐廳","name":"麥味登樹林會贏","phone":"02-86868732","mobile":"","address":"新北市樹林區國凱街102號","district":"樹林區"}},{"type":"Feature","geometry":{"type":"Point","coordinates":[121.4121584,25.0034764]},"properties":{"city":"新北市","restaurant_id":2513,"category":"環保餐廳","name":"麥味登樹林光榮","phone":"02-26888936","mobile":"","address":"新北市樹林區光榮街53號1樓","district":"樹林區"}},{"type":"Feature","geometry":{"type":"Point","coordinates":[121.4193157,24.9784881]},"properties":{"city":"新北市","restaurant_id":2512,"category":"環保餐廳","name":"麥味登樹林國凱","phone":"02-86853291","mobile":"","address":"新北市樹林區國凱街19號之1","district":"樹林區"}},{"type":"Feature","geometry":{"type":"Point","coordinates":[121.4220754,24.9936368]},"properties":{"city":"新北市","restaurant_id":2511,"category":"環保餐廳","name":"麥味登樹林復興","phone":"02-26851566","mobile":"","address":"新北市樹林區復興路37號","district":"樹林區"}},{"type":"Feature","geometry":{"type":"Point","coordinates":[121.415217,24.9820393]},"properties":{"city":"新北市","restaurant_id":2510,"category":"環保餐廳","name":"麥味登樹林東榮","phone":"02-86860063","mobile":"","address":"新北市樹林區東榮街121號","district":"樹林區"}},{"type":"Feature","geometry":{"type":"Point","coordinates":[121.378873,24.9493365]},"properties":{"city":"新北市","restaurant_id":2509,"category":"環保餐廳","name":"麥味登北大學林","phone":"02-26684881","mobile":"","address":"新北市樹林區學林路85號","district":"樹林區"}},{"type":"Feature","geometry":{"type":"Point","coordinates":[121.45202,25.0503308]},"properties":{"city":"新北市","restaurant_id":3357,"category":"環保餐廳","name":"雙醬咖哩(新莊中港店)","phone":"02-2770051#","mobile":"","address":"新北市新莊區中港路503號1樓","district":"新莊區"}},{"type":"Feature","geometry":{"type":"Point","coordinates":[121.3793371,24.9473531]},"properties":{"city":"新北市","restaurant_id":3356,"category":"環保餐廳","name":"私嚐の吃飯-北大店","phone":"02-26689700#","mobile":"","address":"新北市樹林區學勤路322號1樓","district":"樹林區"}},{"type":"Feature","geometry":{"type":"Point","coordinates":[121.44511617,25.05468078]},"properties":{"city":"新北市","restaurant_id":1984,"category":"環保餐廳","name":"勤誠興業-員工餐廳","phone":"02-82265500#","mobile":"","address":"新北市新莊區中原路558號18樓","district":"新莊區"}},{"type":"Feature","geometry":{"type":"Point","coordinates":[121.48722017,25.00798842]},"properties":{"city":"新北市","restaurant_id":1983,"category":"環保餐廳","name":"微星員工餐廳","phone":"02-32345599#1088","mobile":"0928715350","address":"新北市中和區立德街69號","district":"中和區"}},{"type":"Feature","geometry":{"type":"Point","coordinates":[121.4598398,25.0921337]},"properties":{"city":"新北市","restaurant_id":3439,"category":"環保餐廳","name":"鉦富咖哩屋","phone":"02-82853047#","mobile":"","address":"新北市蘆洲區永平街32巷22弄4號","district":"蘆洲區"}},{"type":"Feature","geometry":{"type":"Point","coordinates":[121.4663723,25.0271619]},"properties":{"city":"新北市","restaurant_id":3425,"category":"環保餐廳","name":"BinB書䏱 Bar in Book","phone":"02-82510325#","mobile":"0981933559","address":"新北市板橋區民生路三段140號","district":"板橋區"}},{"type":"Feature","geometry":{"type":"Point","coordinates":[121.4716915,25.0814222]},"properties":{"city":"新北市","restaurant_id":3418,"category":"環保餐廳","name":"小食聊聊 Brunch","phone":"02-82851231#","mobile":"","address":"新北市蘆洲區中山二路147號","district":"蘆洲區"}},{"type":"Feature","geometry":{"type":"Point","coordinates":[121.5173316,25.0054454]},"properties":{"city":"新北市","restaurant_id":3417,"category":"環保餐廳","name":"好味道 排骨大王(永和店)","phone":"02-29226166#","mobile":"","address":"新北市永和區中正路548之2號","district":"永和區"}},{"type":"Feature","geometry":{"type":"Point","coordinates":[121.4734633,25.0188134]},"properties":{"city":"新北市","restaurant_id":3617,"category":"環保餐廳","name":"鬼匠拉麵2（板橋永豐店）","phone":"02-29551196#","mobile":"","address":"新北市板橋區永豐街77號","district":"板橋區"}},{"type":"Feature","geometry":{"type":"Point","coordinates":[121.5104834,25.0101719]},"properties":{"city":"新北市","restaurant_id":3614,"category":"環保餐廳","name":"上環茶餐廳","phone":"02-29202088#","mobile":"","address":"新北市永和區中山路一段126號","district":"永和區"}},{"type":"Feature","geometry":{"type":"Point","coordinates":[121.375863,25.0825845]},"properties":{"city":"新北市","restaurant_id":3611,"category":"環保餐廳","name":"中環茶餐廳","phone":"02-26095308#","mobile":"","address":"新北市林口區文化三路二段185號","district":"林口區"}},{"type":"Feature","geometry":{"type":"Point","coordinates":[121.4697033,24.9990065]},"properties":{"city":"新北市","restaurant_id":3591,"category":"環保餐廳","name":"黃到即食鍋燒麵(中和店)","phone":"-#","mobile":"0909670810","address":"新北市中和區國光街107巷4弄30號","district":"中和區"}},{"type":"Feature","geometry":{"type":"Point","coordinates":[121.4510521,25.0483598]},"properties":{"city":"新北市","restaurant_id":3483,"category":"環保餐廳","name":"肆六巷","phone":"-#","mobile":"0918309905","address":"新北市新莊區中誠街46巷5號","district":"新莊區"}},{"type":"Feature","geometry":{"type":"Point","coordinates":[121.4741977,25.0821901]},"properties":{"city":"新北市","restaurant_id":3477,"category":"環保餐廳","name":"鑫丼","phone":"-#","mobile":"0983102512","address":"新北市蘆洲區中山二路42號","district":"蘆洲區"}},{"type":"Feature","geometry":{"type":"Point","coordinates":[121.452112,25.0125067]},"properties":{"city":"新北市","restaurant_id":3506,"category":"環保餐廳","name":"蒔朵日式舒芙蕾厚鬆餅","phone":"02-89697605#","mobile":"0981227584","address":"新北市板橋區南雅西路二段124號","district":"板橋區"}},{"type":"Feature","geometry":{"type":"Point","coordinates":[121.5111913,25.0051668]},"properties":{"city":"新北市","restaurant_id":3505,"category":"環保餐廳","name":"留香園","phone":"02-29228998#","mobile":"","address":"新北市永和區永貞路283號","district":"永和區"}},{"type":"Feature","geometry":{"type":"Point","coordinates":[121.5021537,24.9985263]},"properties":{"city":"新北市","restaurant_id":3504,"category":"環保餐廳","name":"粥太郎 粥品·麵食","phone":"02-22426628#","mobile":"","address":"新北市中和區南山路49號","district":"中和區"}},{"type":"Feature","geometry":{"type":"Point","coordinates":[121.4625539,25.0205688]},"properties":{"city":"新北市","restaurant_id":3503,"category":"環保餐廳","name":"楚門咖啡．餐館","phone":"-#","mobile":"0906381747","address":"新北市板橋區新海路5號","district":"板橋區"}},{"type":"Feature","geometry":{"type":"Point","coordinates":[121.4251823,25.0254523]},"properties":{"city":"新北市","restaurant_id":3501,"category":"環保餐廳","name":"美香早餐店","phone":"02-22019802#","mobile":"0927372303","address":"新北市新莊區後港一路28巷4弄8號","district":"新莊區"}},{"type":"Feature","geometry":{"type":"Point","coordinates":[121.5103069,25.0013751]},"properties":{"city":"新北市","restaurant_id":3496,"category":"環保餐廳","name":"樂犇牛排(中和店)","phone":"02-29220089#","mobile":"0909299569","address":"新北市中和區中和路350巷1號","district":"中和區"}},{"type":"Feature","geometry":{"type":"Point","coordinates":[121.3755596,24.9437575]},"properties":{"city":"新北市","restaurant_id":3658,"category":"環保餐廳","name":"号鳥食趣義大利洋食 X 烤泡芙專賣","phone":"02-86710208#","mobile":"","address":"新北市三峽區大觀路7號","district":"三峽區"}},{"type":"Feature","geometry":{"type":"Point","coordinates":[121.5206992,25.007961]},"properties":{"city":"新北市","restaurant_id":3697,"category":"環保餐廳","name":"Party創作美食茶房","phone":"02-89211103#","mobile":"0916365553","address":"新北市永和區竹林路222號2樓","district":"永和區"}},{"type":"Feature","geometry":{"type":"Point","coordinates":[121.46374847,25.01409671]},"properties":{"city":"新北市","restaurant_id":2121,"category":"環保餐廳","name":"YAYOI彌生軒-環球板橋車站店","phone":"02-89693056#","mobile":"0289693056","address":"新北市板橋區縣民大道二段7號2樓","district":"板橋區"}},{"type":"Feature","geometry":{"type":"Point","coordinates":[121.46361497,25.0141646]},"properties":{"city":"新北市","restaurant_id":2287,"category":"環保餐廳","name":"DRIP CAFE好滴咖啡-環球板橋車站店","phone":"02-29609288#","mobile":"0229609288","address":"新北市板橋區縣民大道二段七號2F","district":"板橋區"}},{"type":"Feature","geometry":{"type":"Point","coordinates":[121.46360424,25.01414516]},"properties":{"city":"新北市","restaurant_id":2286,"category":"環保餐廳","name":"一幻拉麵/胡同居酒屋-環球板橋車站店","phone":"02-89693132#","mobile":"0289693132","address":"新北市板橋區縣民大道二段7號2F","district":"板橋區"}},{"type":"Feature","geometry":{"type":"Point","coordinates":[121.46360424,25.01414516]},"properties":{"city":"新北市","restaurant_id":2285,"category":"環保餐廳","name":"京都勝牛-環球板橋車站店","phone":"02-29665589#","mobile":"0229665589","address":"新北市板橋區縣民大道二段7號2樓","district":"板橋區"}},{"type":"Feature","geometry":{"type":"Point","coordinates":[121.47877014,25.0685693]},"properties":{"city":"新北市","restaurant_id":1597,"category":"環保餐廳","name":"八方雲集三重三民店","phone":"02-29887158#","mobile":"","address":"新北市三重區三民街285號1樓","district":"三重區"}},{"type":"Feature","geometry":{"type":"Point","coordinates":[121.4587574,25.06389994]},"properties":{"city":"新北市","restaurant_id":1326,"category":"環保餐廳","name":"金色三麥 新莊晶冠店","phone":"02-85228989","mobile":"","address":"新北市新莊區新北市新莊區五工路66號1樓","district":"新莊區"}},{"type":"Feature","geometry":{"type":"Point","coordinates":[121.4466081,25.0393371]},"properties":{"city":"新北市","restaurant_id":5651,"category":"環保餐廳","name":"樂檸漢堡（新北新莊棒球場門市）","phone":"02-29946215#","mobile":"","address":"新北市新莊區新泰路232號","district":"新莊區"}},{"type":"Feature","geometry":{"type":"Point","coordinates":[121.5024702,25.0702315]},"properties":{"city":"新北市","restaurant_id":5670,"category":"環保餐廳","name":"娜咔泰式燒烤","phone":"02-29766633#","mobile":"","address":"新北市三重區河邊北街100巷35號","district":"三重區"}},{"type":"Feature","geometry":{"type":"Point","coordinates":[121.4671025,25.01365785]},"properties":{"city":"新北市","restaurant_id":1500,"category":"環保餐廳","name":"跳舞香水板橋大遠百","phone":"02-29612323#","mobile":"0902067695","address":"新北市板橋區新站路28號","district":"板橋區"}},{"type":"Feature","geometry":{"type":"Point","coordinates":[121.4671025,25.01365785]},"properties":{"city":"新北市","restaurant_id":1495,"category":"環保餐廳","name":"肉劇場大食代板橋店","phone":"02-29626262#","mobile":"0910974761","address":"新北市板橋區新站路28號","district":"板橋區"}},{"type":"Feature","geometry":{"type":"Point","coordinates":[121.4671025,25.01365785]},"properties":{"city":"新北市","restaurant_id":1493,"category":"環保餐廳","name":"惠比壽烏龍麵","phone":"02-77054168#","mobile":"0932013894","address":"新北市板橋區新站路28號","district":"板橋區"}},{"type":"Feature","geometry":{"type":"Point","coordinates":[121.4671025,25.01365785]},"properties":{"city":"新北市","restaurant_id":1488,"category":"環保餐廳","name":"韓本家","phone":"02-27512588#","mobile":"0930661223","address":"新北市板橋區新站路28號","district":"板橋區"}},{"type":"Feature","geometry":{"type":"Point","coordinates":[121.4451055,25.16929925]},"properties":{"city":"新北市","restaurant_id":1426,"category":"環保餐廳","name":"魔法咖哩","phone":"02-26206123#","mobile":"","address":"新北市淡水區中山路8號8樓","district":"淡水區"}},{"type":"Feature","geometry":{"type":"Point","coordinates":[121.503271,24.7805666]},"properties":{"city":"新北市","restaurant_id":1423,"category":"環保餐廳","name":"Psyaq  Cikay Ma食坊","phone":"-#","mobile":"0916127010","address":"新北市烏來區福山里卡拉模基26號","district":"烏來區"}},{"type":"Feature","geometry":{"type":"Point","coordinates":[121.46621,25.0077991]},"properties":{"city":"新北市","restaurant_id":5832,"category":"環保餐廳","name":"中華電信學院員工餐廳","phone":"02-29639318#","mobile":"0937008288","address":"新北市板橋區民族路168號","district":"板橋區"}},{"type":"Feature","geometry":{"type":"Point","coordinates":[121.4644519,25.0109757]},"properties":{"city":"新北市","restaurant_id":5824,"category":"環保餐廳","name":"新馬辣經典麻辣鍋板橋遠百店","phone":"02-29512456#","mobile":"","address":"新北市板橋區中山路一段152號、遠東百貨11F櫃號-1103號","district":"板橋區"}},{"type":"Feature","geometry":{"type":"Point","coordinates":[121.6012303,25.0044192]},"properties":{"city":"新北市","restaurant_id":1293,"category":"環保餐廳","name":"福園中餐廳","phone":"02-26620088#122","mobile":"0930659909","address":"新北市深坑區北深路三段236號","district":"深坑區"}},{"type":"Feature","geometry":{"type":"Point","coordinates":[121.4052317,24.97360355]},"properties":{"city":"新北市","restaurant_id":1283,"category":"環保餐廳","name":"南亞光電員工餐廳","phone":"02-26806311#5582","mobile":"","address":"新北市樹林區味王街55號","district":"樹林區"}},{"type":"Feature","geometry":{"type":"Point","coordinates":[121.5396257,24.9869019]},"properties":{"city":"新北市","restaurant_id":2471,"category":"環保餐廳","name":"麥味登新店順聯","phone":"02-29141418","mobile":"","address":"新北市新店區復興路16號","district":"新店區"}},{"type":"Feature","geometry":{"type":"Point","coordinates":[121.4747809,24.9558947]},"properties":{"city":"新北市","restaurant_id":2470,"category":"環保餐廳","name":"麥味登新店綠野香坡","phone":"02-22001700","mobile":"","address":"新北市新店區安祥路139號","district":"新店區"}},{"type":"Feature","geometry":{"type":"Point","coordinates":[121.516382,24.98603]},"properties":{"city":"新北市","restaurant_id":2469,"category":"環保餐廳","name":"麥味登新店佳燁","phone":"02-86683580","mobile":"","address":"新北市新店區安和路3段134號","district":"新店區"}},{"type":"Feature","geometry":{"type":"Point","coordinates":[121.5378263,24.9818028]},"properties":{"city":"新北市","restaurant_id":2468,"category":"環保餐廳","name":"麥味登新店建國","phone":"02-29118958","mobile":"","address":"新北市新店區建國路236號","district":"新店區"}},{"type":"Feature","geometry":{"type":"Point","coordinates":[121.517778,24.969076]},"properties":{"city":"新北市","restaurant_id":2467,"category":"環保餐廳","name":"麥味登新店光華","phone":"02-22119009","mobile":"","address":"新北市新店區光華街10號","district":"新店區"}},{"type":"Feature","geometry":{"type":"Point","coordinates":[121.5420747,24.9804975]},"properties":{"city":"新北市","restaurant_id":2466,"category":"環保餐廳","name":"麥味登新店大坪林","phone":"02-29129555","mobile":"","address":"新北市新店區北新路三段70號","district":"新店區"}},{"type":"Feature","geometry":{"type":"Point","coordinates":[121.5494433,24.9733453]},"properties":{"city":"新北市","restaurant_id":2465,"category":"環保餐廳","name":"麥味登新店寶興","phone":"02-89193100","mobile":"","address":"新北市新店區寶興路47-1號","district":"新店區"}},{"type":"Feature","geometry":{"type":"Point","coordinates":[121.493323,24.9531606]},"properties":{"city":"新北市","restaurant_id":2464,"category":"環保餐廳","name":"麥味登新店安康","phone":"02-22156557","mobile":"","address":"新北市新店區安康路三段25號","district":"新店區"}},{"type":"Feature","geometry":{"type":"Point","coordinates":[121.511564,24.9628293]},"properties":{"city":"新北市","restaurant_id":2463,"category":"環保餐廳","name":"麥味登新店安德","phone":"02-22124693","mobile":"","address":"新北市新店區安德街34號","district":"新店區"}},{"type":"Feature","geometry":{"type":"Point","coordinates":[121.944793,25.0168207]},"properties":{"city":"新北市","restaurant_id":2462,"category":"環保餐廳","name":"麥味登貢寮福隆","phone":"02-24991035","mobile":"","address":"新北市貢寮區興隆街20號","district":"貢寮區"}},{"type":"Feature","geometry":{"type":"Point","coordinates":[121.8051859,25.1083113]},"properties":{"city":"新北市","restaurant_id":2461,"category":"環保餐廳","name":"麥味登瑞芳明燈","phone":"02-24976263","mobile":"","address":"新北市瑞芳區明燈路三段81號","district":"瑞芳區"}},{"type":"Feature","geometry":{"type":"Point","coordinates":[121.4792161,25.026734]},"properties":{"city":"新北市","restaurant_id":2447,"category":"環保餐廳","name":"麥味登板橋文聖","phone":"02-22542777","mobile":"","address":"新北市板橋區文聖街182號","district":"板橋區"}},{"type":"Feature","geometry":{"type":"Point","coordinates":[121.452207,25.0116191]},"properties":{"city":"新北市","restaurant_id":2446,"category":"環保餐廳","name":"麥味登板橋體育館2","phone":"02-22727977","mobile":"","address":"新北市板橋區南雅西路二段143號","district":"板橋區"}},{"type":"Feature","geometry":{"type":"Point","coordinates":[121.456071,25.0124084]},"properties":{"city":"新北市","restaurant_id":2445,"category":"環保餐廳","name":"麥味登板橋體育館","phone":"02-22727177","mobile":"","address":"新北市板橋區中正路17號","district":"板橋區"}},{"type":"Feature","geometry":{"type":"Point","coordinates":[121.4788757,25.0138591]},"properties":{"city":"新北市","restaurant_id":2444,"category":"環保餐廳","name":"麥味登板橋三民","phone":"02-29630916","mobile":"","address":"新北市板橋區三民路二段202-13號","district":"板橋區"}},{"type":"Feature","geometry":{"type":"Point","coordinates":[121.4686857,25.0281414]},"properties":{"city":"新北市","restaurant_id":2443,"category":"環保餐廳","name":"麥味登板橋松江","phone":"02-22507050","mobile":"","address":"新北市板橋區松江街86號","district":"板橋區"}},{"type":"Feature","geometry":{"type":"Point","coordinates":[121.4634138,25.0073404]},"properties":{"city":"新北市","restaurant_id":2442,"category":"環保餐廳","name":"麥味登板橋實踐","phone":"02-29597877","mobile":"","address":"新北市板橋區實踐路38號","district":"板橋區"}},{"type":"Feature","geometry":{"type":"Point","coordinates":[121.4620592,25.0032558]},"properties":{"city":"新北市","restaurant_id":2441,"category":"環保餐廳","name":"麥味登板橋校前","phone":"02-29615889","mobile":"","address":"新北市板橋區校前街76號","district":"板橋區"}},{"type":"Feature","geometry":{"type":"Point","coordinates":[121.4569564,25.0242767]},"properties":{"city":"新北市","restaurant_id":2440,"category":"環保餐廳","name":"麥味登板橋龍泉","phone":"02-22542268","mobile":"","address":"新北市板橋區龍泉街120號","district":"板橋區"}},{"type":"Feature","geometry":{"type":"Point","coordinates":[121.4641454,25.0315288]},"properties":{"city":"新北市","restaurant_id":2439,"category":"環保餐廳","name":"麥味登板橋金世紀錄","phone":"02-22541831","mobile":"","address":"新北市板橋區長江路二段47號","district":"板橋區"}},{"type":"Feature","geometry":{"type":"Point","coordinates":[121.4328506,24.9907555]},"properties":{"city":"新北市","restaurant_id":2438,"category":"環保餐廳","name":"麥味登板橋金門","phone":"02-86871568","mobile":"","address":"新北市板橋區金門街147號","district":"板橋區"}},{"type":"Feature","geometry":{"type":"Point","coordinates":[121.4657649,25.0205923]},"properties":{"city":"新北市","restaurant_id":2437,"category":"環保餐廳","name":"麥味登板橋致理","phone":"02-22566222","mobile":"","address":"新北市板橋區文化路一段311-2號","district":"板橋區"}},{"type":"Feature","geometry":{"type":"Point","coordinates":[121.4636854,24.9977394]},"properties":{"city":"新北市","restaurant_id":2423,"category":"環保餐廳","name":"麥味登板橋重慶","phone":"02-29558858","mobile":"","address":"新北市板橋區重慶路308巷14號","district":"板橋區"}},{"type":"Feature","geometry":{"type":"Point","coordinates":[121.4749108,25.0124701]},"properties":{"city":"新北市","restaurant_id":2422,"category":"環保餐廳","name":"麥味登板橋長安","phone":"02-29519353","mobile":"","address":"新北市板橋區長安街349號","district":"板橋區"}},{"type":"Feature","geometry":{"type":"Point","coordinates":[121.4187721,25.1818096]},"properties":{"city":"新北市","restaurant_id":1229,"category":"環保餐廳","name":"海角阿鄉海產店","phone":"02-28053411#","mobile":"","address":"新北市淡水區觀海路26號","district":"淡水區"}},{"type":"Feature","geometry":{"type":"Point","coordinates":[121.4440473,25.05685897]},"properties":{"city":"新北市","restaurant_id":1225,"category":"環保餐廳","name":"樂玩精品咖啡新北新莊店","phone":"02-85214396#","mobile":"0984396861","address":"新北市新莊區中平路439號","district":"新莊區"}},{"type":"Feature","geometry":{"type":"Point","coordinates":[121.5515247,24.8491161]},"properties":{"city":"新北市","restaurant_id":1159,"category":"環保餐廳","name":"雲仙樂園中餐廳","phone":"02-26616510#","mobile":"","address":"新北市烏來區瀑布路1-1","district":"烏來區"}},{"type":"Feature","geometry":{"type":"Point","coordinates":[121.4625315,25.0205687]},"properties":{"city":"新北市","restaurant_id":5726,"category":"環保餐廳","name":"咖哩樹-板橋環球店","phone":"02-29602727#","mobile":"","address":"新北市板橋區縣民大道二段七號B1","district":"板橋區"}},{"type":"Feature","geometry":{"type":"Point","coordinates":[121.4791994,24.9443041]},"properties":{"city":"新北市","restaurant_id":5590,"category":"環保餐廳","name":"吉得堡-錦秀店","phone":"02-22154682#","mobile":"","address":"新北市新店區錦秀路22號1樓","district":"新店區"}},{"type":"Feature","geometry":{"type":"Point","coordinates":[121.425865,24.9986804]},"properties":{"city":"新北市","restaurant_id":5589,"category":"環保餐廳","name":"文林早餐店","phone":"02-26873339#","mobile":"","address":"新北市樹林區千歲街61巷40弄2號","district":"樹林區"}},{"type":"Feature","geometry":{"type":"Point","coordinates":[121.466503,25.0809969]},"properties":{"city":"新北市","restaurant_id":5588,"category":"環保餐廳","name":"31早午餐","phone":"02-82861790#","mobile":"","address":"新北市蘆洲區和平路171號","district":"蘆洲區"}},{"type":"Feature","geometry":{"type":"Point","coordinates":[121.4869496,24.99670497]},"properties":{"city":"新北市","restaurant_id":1269,"category":"環保餐廳","name":"威剛科技(股)公司員工餐廳","phone":"02-82280886#12952","mobile":"","address":"新北市中和區258號2樓","district":"中和區"}},{"type":"Feature","geometry":{"type":"Point","coordinates":[121.6036781,25.00296163]},"properties":{"city":"新北市","restaurant_id":1237,"category":"環保餐廳","name":"金寶電子深坑廠員工餐廳","phone":"02-26622660#","mobile":"","address":"新北市深坑區北深路3段147號","district":"深坑區"}},{"type":"Feature","geometry":{"type":"Point","coordinates":[121.4582778,25.18239155]},"properties":{"city":"新北市","restaurant_id":1236,"category":"環保餐廳","name":"富群休閒農園","phone":"02-26282899#","mobile":"0933709906","address":"新北市淡水區北新路一段129-1號","district":"淡水區"}},{"type":"Feature","geometry":{"type":"Point","coordinates":[121.4090879,25.01630251]},"properties":{"city":"新北市","restaurant_id":1139,"category":"環保餐廳","name":"雙翼食品","phone":"02-26895506#","mobile":"0962013518","address":"新北市樹林區忠愛街三號4樓","district":"樹林區"}},{"type":"Feature","geometry":{"type":"Point","coordinates":[121.4674029,25.01362869]},"properties":{"city":"新北市","restaurant_id":1212,"category":"環保餐廳","name":"金色三麥","phone":"02-77054168#","mobile":"","address":"新北市板橋區新站路28號","district":"板橋區"}},{"type":"Feature","geometry":{"type":"Point","coordinates":[121.5333208,25.28792148]},"properties":{"city":"新北市","restaurant_id":1123,"category":"環保餐廳","name":"主悅海鮮料理","phone":"02-26381749#","mobile":"0980012230","address":"新北市石門區崁子腳41之2號","district":"石門區"}},{"type":"Feature","geometry":{"type":"Point","coordinates":[121.5129897,25.2864619]},"properties":{"city":"新北市","restaurant_id":1122,"category":"環保餐廳","name":"伊莎貝拉海灘咖啡館","phone":"02-86352262#","mobile":"","address":"新北市石門區15號","district":"石門區"}},{"type":"Feature","geometry":{"type":"Point","coordinates":[121.5031719,24.77907441]},"properties":{"city":"新北市","restaurant_id":1116,"category":"環保餐廳","name":"馬岸泰雅美食","phone":"02-26616105#","mobile":"0989535269","address":"新北市烏來區福山村大羅蘭25號","district":"烏來區"}},{"type":"Feature","geometry":{"type":"Point","coordinates":[121.5175827,24.99288579]},"properties":{"city":"新北市","restaurant_id":1206,"category":"環保餐廳","name":"港都熱炒","phone":"02-29406751#","mobile":"0952320718","address":"新北市中和區大勇街10號","district":"中和區"}},{"type":"Feature","geometry":{"type":"Point","coordinates":[121.4674029,25.01362869]},"properties":{"city":"新北市","restaurant_id":1203,"category":"環保餐廳","name":"河內老街河粉","phone":"02-77054168#","mobile":"","address":"新北市板橋區新站路28號","district":"板橋區"}},{"type":"Feature","geometry":{"type":"Point","coordinates":[121.4674673,25.01370647]},"properties":{"city":"新北市","restaurant_id":1201,"category":"環保餐廳","name":"本田食堂","phone":"02-77054168#","mobile":"0903702607","address":"新北市板橋區新站路28號","district":"板橋區"}},{"type":"Feature","geometry":{"type":"Point","coordinates":[121.454361,25.065225]},"properties":{"city":"新北市","restaurant_id":1187,"category":"環保餐廳","name":"明緯員工餐廳","phone":"02-22996100#118","mobile":"0910161718","address":"新北市五股區五權三路28號","district":"五股區"}},{"type":"Feature","geometry":{"type":"Point","coordinates":[121.4670443,25.0138151]},"properties":{"city":"新北市","restaurant_id":5585,"category":"環保餐廳","name":"添好運板橋遠百店","phone":"02-29557978#","mobile":"","address":"新北市板橋區新站路28號Ｂ1","district":"板橋區"}},{"type":"Feature","geometry":{"type":"Point","coordinates":[121.4670443,25.0138151]},"properties":{"city":"新北市","restaurant_id":5578,"category":"環保餐廳","name":"鼎泰豐板橋店","phone":"02-22267890#5105","mobile":"","address":"新北市板橋區新站路28號B1","district":"板橋區"}},{"type":"Feature","geometry":{"type":"Point","coordinates":[121.499643,25.000084]},"properties":{"city":"新北市","restaurant_id":5576,"category":"環保餐廳","name":"璐璐早餐店","phone":"02-22460928#","mobile":"","address":"新北市中和區泰和街23號","district":"中和區"}},{"type":"Feature","geometry":{"type":"Point","coordinates":[121.4945844,24.992224]},"properties":{"city":"新北市","restaurant_id":2495,"category":"環保餐廳","name":"麥味登雙和圓通","phone":"02-22421165","mobile":"","address":"新北市中和區圓通路242號","district":"中和區"}},{"type":"Feature","geometry":{"type":"Point","coordinates":[121.5065617,24.9848762]},"properties":{"city":"新北市","restaurant_id":2494,"category":"環保餐廳","name":"麥味登中和英雄","phone":"02-89434686","mobile":"","address":"新北市中和區興南路二段79號","district":"中和區"}},{"type":"Feature","geometry":{"type":"Point","coordinates":[121.5019721,25.0069094]},"properties":{"city":"新北市","restaurant_id":2493,"category":"環保餐廳","name":"麥味登中和陽光","phone":"02-82453053","mobile":"","address":"新北市中和區中山路二段2巷45弄12號","district":"中和區"}},{"type":"Feature","geometry":{"type":"Point","coordinates":[121.4874531,24.9966654]},"properties":{"city":"新北市","restaurant_id":2492,"category":"環保餐廳","name":"麥味登中和遠東世紀","phone":"02-82271800","mobile":"","address":"新北市中和區建一路188號1樓","district":"中和區"}},{"type":"Feature","geometry":{"type":"Point","coordinates":[121.4833073,25.0011213]},"properties":{"city":"新北市","restaurant_id":2491,"category":"環保餐廳","name":"麥味登中和新生","phone":"02-22229635","mobile":"","address":"新北市中和區民樂路54號","district":"中和區"}},{"type":"Feature","geometry":{"type":"Point","coordinates":[121.5245649,24.9929073]},"properties":{"city":"新北市","restaurant_id":2490,"category":"環保餐廳","name":"麥味登中和秀朗","phone":"02-29435788","mobile":"","address":"新北市中和區秀朗路３段128巷2號","district":"中和區"}},{"type":"Feature","geometry":{"type":"Point","coordinates":[121.4658654,24.9953283]},"properties":{"city":"新北市","restaurant_id":2489,"category":"環保餐廳","name":"麥味登中和壽德","phone":"02-29526863","mobile":"","address":"新北市中和區壽德街21號","district":"中和區"}},{"type":"Feature","geometry":{"type":"Point","coordinates":[121.4973121,24.9993813]},"properties":{"city":"新北市","restaurant_id":2488,"category":"環保餐廳","name":"麥味登中和泉日青","phone":"02-82458368","mobile":"","address":"新北市中和區連城路89巷7-2號","district":"中和區"}},{"type":"Feature","geometry":{"type":"Point","coordinates":[121.4687492,24.9999074]},"properties":{"city":"新北市","restaurant_id":2487,"category":"環保餐廳","name":"麥味登中和民德","phone":"02-29628388","mobile":"","address":"新北市中和區民德路155號","district":"中和區"}},{"type":"Feature","geometry":{"type":"Point","coordinates":[121.503992,24.999171]},"properties":{"city":"新北市","restaurant_id":2486,"category":"環保餐廳","name":"麥味登中和景新","phone":"02-22450559","mobile":"","address":"新北市中和區景新街35號","district":"中和區"}},{"type":"Feature","geometry":{"type":"Point","coordinates":[121.5176526,24.9931383]},"properties":{"city":"新北市","restaurant_id":2485,"category":"環保餐廳","name":"麥味登中和吉仁","phone":"02-86680256","mobile":"","address":"新北市中和區大仁街19巷1號","district":"中和區"}},{"type":"Feature","geometry":{"type":"Point","coordinates":[121.9512839,25.02019692]},"properties":{"city":"新北市","restaurant_id":1131,"category":"環保餐廳","name":"富士海鮮餐廳","phone":"02-24991001#","mobile":"0932013894","address":"新北市貢寮區東興街8號","district":"貢寮區"}},{"type":"Feature","geometry":{"type":"Point","coordinates":[121.9497149,25.01839494]},"properties":{"city":"新北市","restaurant_id":1127,"category":"環保餐廳","name":"魚佳餚餐廳","phone":"02-24992265#","mobile":"0989653060","address":"新北市貢寮區東興街36號","district":"貢寮區"}},{"type":"Feature","geometry":{"type":"Point","coordinates":[121.8668928,25.03745522]},"properties":{"city":"新北市","restaurant_id":1126,"category":"環保餐廳","name":"蘇義興餐廳","phone":"02-24931027#","mobile":"0988098298","address":"新北市雙溪區中華路77號","district":"雙溪區"}},{"type":"Feature","geometry":{"type":"Point","coordinates":[121.8590462,25.11093511]},"properties":{"city":"新北市","restaurant_id":1125,"category":"環保餐廳","name":"老礦工食堂","phone":"02-29314996#","mobile":"0988127359","address":"新北市瑞芳區金瓜石祈堂路72-1號","district":"瑞芳區"}},{"type":"Feature","geometry":{"type":"Point","coordinates":[121.675031,25.01333653]},"properties":{"city":"新北市","restaurant_id":2008,"category":"環保餐廳","name":"三才靈芝生態農場民宿","phone":"02-26633995#","mobile":"0922189238","address":"新北市石碇區中民村十八重溪52-1號","district":"石碇區"}},{"type":"Feature","geometry":{"type":"Point","coordinates":[121.407965,25.124798]},"properties":{"city":"新北市","restaurant_id":1111,"category":"環保餐廳","name":"桃樂絲森林餐廳","phone":"02-86303356#","mobile":"","address":"新北市八里區荖阡村荖阡坑路34之5號","district":"八里區"}},{"type":"Feature","geometry":{"type":"Point","coordinates":[121.503253,24.78059]},"properties":{"city":"新北市","restaurant_id":1085,"category":"環保餐廳","name":"食在森林","phone":"-#","mobile":"0955658845","address":"新北市烏來區福山里3鄰卡拉模基21號","district":"烏來區"}},{"type":"Feature","geometry":{"type":"Point","coordinates":[121.503,24.996019]},"properties":{"city":"新北市","restaurant_id":296,"category":"環保餐廳","name":"布拉德施維根廚房 Brother Su Vegan Kitchen","phone":"-","mobile":"","address":"新北市中和區南華路29號","district":"中和區"}},{"type":"Feature","geometry":{"type":"Point","coordinates":[121.462638,25.011662]},"properties":{"city":"新北市","restaurant_id":290,"category":"環保餐廳","name":"板橋凱撒大飯店(家宴中餐廳)","phone":"02-89539777#","mobile":"","address":"新北市板橋區縣民大道二段8號","district":"板橋區"}},{"type":"Feature","geometry":{"type":"Point","coordinates":[121.462638,25.011662]},"properties":{"city":"新北市","restaurant_id":288,"category":"環保餐廳","name":"板橋凱撒大飯店(卡拉拉餐廳)","phone":"02-89539777#","mobile":"","address":"新北市板橋區縣民大道二段8號","district":"板橋區"}},{"type":"Feature","geometry":{"type":"Point","coordinates":[121.467123,25.04307]},"properties":{"city":"新北市","restaurant_id":328,"category":"環保餐廳","name":"古拉爵 義式屋-家樂福重新店","phone":"02-85124712#","mobile":"","address":"新北市三重區重新路5段654號B1","district":"三重區"}},{"type":"Feature","geometry":{"type":"Point","coordinates":[121.546235,24.975878]},"properties":{"city":"新北市","restaurant_id":324,"category":"環保餐廳","name":"古拉爵 義式屋-新店家樂福店","phone":"02-29144822#","mobile":"","address":"新北市新店區中興路3段1號7樓","district":"新店區"}},{"type":"Feature","geometry":{"type":"Point","coordinates":[121.648248,25.06162]},"properties":{"city":"新北市","restaurant_id":355,"category":"環保餐廳","name":"涮乃葉-汐止遠雄店","phone":"-","mobile":"","address":"新北市汐止區新台五路一段99號B1","district":"汐止區"}},{"type":"Feature","geometry":{"type":"Point","coordinates":[121.352018,24.950641]},"properties":{"city":"新北市","restaurant_id":382,"category":"環保餐廳","name":"TINA廚房－鶯歌店","phone":"02-26772859#","mobile":"","address":"新北市鶯歌區尖山路5號","district":"鶯歌區"}},{"type":"Feature","geometry":{"type":"Point","coordinates":[121.546235,24.975878]},"properties":{"city":"新北市","restaurant_id":376,"category":"環保餐廳","name":"SKYLARK加州風洋食館-新店家樂福店","phone":"-","mobile":"","address":"新北市新店區中興路3段1號7樓","district":"新店區"}},{"type":"Feature","geometry":{"type":"Point","coordinates":[121.464344,25.011113]},"properties":{"city":"新北市","restaurant_id":351,"category":"環保餐廳","name":"涮乃葉-板橋遠百中山店","phone":"-","mobile":"","address":"新北市板橋區中山路1段152號10樓","district":"板橋區"}},{"type":"Feature","geometry":{"type":"Point","coordinates":[121.456215,25.002668]},"properties":{"city":"新北市","restaurant_id":344,"category":"環保餐廳","name":"古拉爵 義式屋-板橋愛買店","phone":"02-29644886#","mobile":"","address":"新北市板橋區貴興路101號3樓","district":"板橋區"}},{"type":"Feature","geometry":{"type":"Point","coordinates":[121.363547,25.071241]},"properties":{"city":"新北市","restaurant_id":343,"category":"環保餐廳","name":"古拉爵 義式屋-林口三井店","phone":"02-26069130#","mobile":"","address":"新北市林口區文化三路1段356號2樓","district":"林口區"}},{"type":"Feature","geometry":{"type":"Point","coordinates":[121.46077,25.00719]},"properties":{"city":"新北市","restaurant_id":308,"category":"環保餐廳","name":"燒肉哦爺-日韓燒肉吃到飽(板橋府中店)","phone":"02-89538153#","mobile":"","address":"新北市板橋區館前東路48號2.3樓","district":"板橋區"}},{"type":"Feature","geometry":{"type":"Point","coordinates":[121.466684,25.012256]},"properties":{"city":"新北市","restaurant_id":306,"category":"環保餐廳","name":"鹿兒島燒肉專賣店-新莊中華店","phone":"02-29909950#","mobile":"","address":"新北市新莊區中華路二段65號1樓","district":"新莊區"}},{"type":"Feature","geometry":{"type":"Point","coordinates":[121.466684,25.012256]},"properties":{"city":"新北市","restaurant_id":305,"category":"環保餐廳","name":"鹿兒島燒肉專賣店-板橋新板店","phone":"02-29625099#","mobile":"","address":"新北市板橋區中山路一段164-1號","district":"板橋區"}},{"type":"Feature","geometry":{"type":"Point","coordinates":[121.463475,25.010767]},"properties":{"city":"新北市","restaurant_id":279,"category":"環保餐廳","name":"鍋賣局(板橋新板店)","phone":"-","mobile":"","address":"新北市板橋區中山路一段130號","district":"板橋區"}},{"type":"Feature","geometry":{"type":"Point","coordinates":[121.465624,25.01208]},"properties":{"city":"新北市","restaurant_id":278,"category":"環保餐廳","name":"彭園婚宴會館(新板店)","phone":"02-29527666#","mobile":"","address":"新北市板橋區中山路一段161號","district":"板橋區"}},{"type":"Feature","geometry":{"type":"Point","coordinates":[121.514173,25.00023915]},"properties":{"city":"新北市","restaurant_id":1634,"category":"環保餐廳","name":"蘿蔔蹲 Farmers Tasty","phone":"02-29427711#","mobile":"","address":"新北市永和區安樂路136號","district":"永和區"}},{"type":"Feature","geometry":{"type":"Point","coordinates":[121.4464753,25.19216449]},"properties":{"city":"新北市","restaurant_id":1604,"category":"環保餐廳","name":"義利不窯-碳烤牛排-窯烤披薩-義式料理","phone":"02-26206699#","mobile":"","address":"新北市淡水區淡金路二段608之2號","district":"淡水區"}},{"type":"Feature","geometry":{"type":"Point","coordinates":[121.48814854,25.0772517]},"properties":{"city":"新北市","restaurant_id":1598,"category":"環保餐廳","name":"法華素食餐廳","phone":"02-22860768#","mobile":"","address":"新北市三重區仁美街24號","district":"三重區"}},{"type":"Feature","geometry":{"type":"Point","coordinates":[121.4680017,25.01970552]},"properties":{"city":"新北市","restaurant_id":1617,"category":"環保餐廳","name":"零居Zero Living","phone":"02-22565109#","mobile":"","address":"新北市板橋區文化路一段188巷7弄27號","district":"板橋區"}},{"type":"Feature","geometry":{"type":"Point","coordinates":[121.551278,24.84891]},"properties":{"city":"新北市","restaurant_id":420,"category":"環保餐廳","name":"雲仙大飯店","phone":"02-26616383#","mobile":"","address":"新北市烏來區烏來里瀑布路1-1號","district":"烏來區"}},{"type":"Feature","geometry":{"type":"Point","coordinates":[121.429453,25.177109]},"properties":{"city":"新北市","restaurant_id":419,"category":"環保餐廳","name":"將捷金鬱金香酒店","phone":"02-26210333#","mobile":"0910765921","address":"新北市淡水區中正路一段2-1號","district":"淡水區"}},{"type":"Feature","geometry":{"type":"Point","coordinates":[121.460267,25.048065]},"properties":{"city":"新北市","restaurant_id":1415,"category":"環保餐廳","name":"藏壽司 新莊思源路店","phone":"02-29901755#","mobile":"0963723277","address":"新北市新莊區思源路168號","district":"新莊區"}},{"type":"Feature","geometry":{"type":"Point","coordinates":[121.499584,25.00067]},"properties":{"city":"新北市","restaurant_id":1001,"category":"環保餐廳","name":"Q Burger中和泰和店","phone":"02-22466060","mobile":"","address":"新北市中和區泰和街22號","district":"中和區"}},{"type":"Feature","geometry":{"type":"Point","coordinates":[121.500435,25.067153]},"properties":{"city":"新北市","restaurant_id":1000,"category":"環保餐廳","name":"Q Burger蘆洲長安店","phone":"02-22882985","mobile":"","address":"新北市蘆洲區長安街53號","district":"蘆洲區"}},{"type":"Feature","geometry":{"type":"Point","coordinates":[121.4345,25.03236]},"properties":{"city":"新北市","restaurant_id":999,"category":"環保餐廳","name":"Q Burger新莊輔大店","phone":"02-29015291","mobile":"","address":"新北市新莊區福營路93號","district":"新莊區"}},{"type":"Feature","geometry":{"type":"Point","coordinates":[121.465514,24.988858]},"properties":{"city":"新北市","restaurant_id":996,"category":"環保餐廳","name":"Q Burger土城立德店","phone":"02-22632929","mobile":"","address":"新北市土城區延和路54號","district":"土城區"}},{"type":"Feature","geometry":{"type":"Point","coordinates":[121.492759,25.067778]},"properties":{"city":"新北市","restaurant_id":995,"category":"環保餐廳","name":"Q Burger三重大智店","phone":"02-29883200","mobile":"","address":"新北市三重區大智街55號","district":"三重區"}},{"type":"Feature","geometry":{"type":"Point","coordinates":[121.517427,25.006084]},"properties":{"city":"新北市","restaurant_id":993,"category":"環保餐廳","name":"Q Burger永和永利店","phone":"02-22320310","mobile":"","address":"新北市永和區永利路3號1樓","district":"永和區"}},{"type":"Feature","geometry":{"type":"Point","coordinates":[121.458972,24.980546]},"properties":{"city":"新北市","restaurant_id":992,"category":"環保餐廳","name":"Q Burger土城青雲店","phone":"02-22730363","mobile":"","address":"新北市土城區青雲路238號1樓","district":"土城區"}},{"type":"Feature","geometry":{"type":"Point","coordinates":[121.346571,24.954121]},"properties":{"city":"新北市","restaurant_id":991,"category":"環保餐廳","name":"Q Burger鶯歌南雅店","phone":"02-86776886","mobile":"","address":"新北市鶯歌區南雅路447號1樓","district":"鶯歌區"}},{"type":"Feature","geometry":{"type":"Point","coordinates":[121.437873,25.083213]},"properties":{"city":"新北市","restaurant_id":804,"category":"環保餐廳","name":"Q Burger五股國小店","phone":"02-82922183","mobile":"","address":"新北市五股區成泰路二段108號","district":"五股區"}},{"type":"Feature","geometry":{"type":"Point","coordinates":[121.483656,24.995229]},"properties":{"city":"新北市","restaurant_id":803,"category":"環保餐廳","name":"Q Burger中和連城店","phone":"02-22219606","mobile":"","address":"新北市中和區連城路469巷17號","district":"中和區"}},{"type":"Feature","geometry":{"type":"Point","coordinates":[121.470937,25.023523]},"properties":{"city":"新北市","restaurant_id":802,"category":"環保餐廳","name":"Q Burger板橋莊敬店","phone":"02-22555663","mobile":"","address":"新北市板橋區莊敬路134號","district":"板橋區"}},{"type":"Feature","geometry":{"type":"Point","coordinates":[121.4592,25.066718]},"properties":{"city":"新北市","restaurant_id":801,"category":"環保餐廳","name":"Q Burger新北五工店","phone":"02-22981080","mobile":"","address":"新北市新莊區五工二路95號","district":"新莊區"}},{"type":"Feature","geometry":{"type":"Point","coordinates":[121.425139,24.995757]},"properties":{"city":"新北市","restaurant_id":800,"category":"環保餐廳","name":"Q Burger樹林千歲店","phone":"02-26851910","mobile":"","address":"新北市樹林區千歲街12號","district":"樹林區"}},{"type":"Feature","geometry":{"type":"Point","coordinates":[121.466409,25.084284]},"properties":{"city":"新北市","restaurant_id":799,"category":"環保餐廳","name":"Q Burger蘆洲光華店","phone":"02-22853131","mobile":"","address":"新北市蘆洲區中正路185巷31弄1號","district":"蘆洲區"}},{"type":"Feature","geometry":{"type":"Point","coordinates":[121.462558,25.029782]},"properties":{"city":"新北市","restaurant_id":798,"category":"環保餐廳","name":"Q Burger板橋四維店","phone":"02-22551055","mobile":"","address":"新北市板橋區四維路308號","district":"板橋區"}},{"type":"Feature","geometry":{"type":"Point","coordinates":[121.428102,25.019691]},"properties":{"city":"新北市","restaurant_id":796,"category":"環保餐廳","name":"Q Burger新莊民本店","phone":"02-22081229","mobile":"","address":"新北市新莊區民本街22號","district":"新莊區"}},{"type":"Feature","geometry":{"type":"Point","coordinates":[121.48183,25.090017]},"properties":{"city":"新北市","restaurant_id":795,"category":"環保餐廳","name":"Q Burger蘆洲中興店","phone":"02-82857757","mobile":"","address":"新北市蘆洲區中興街181號","district":"蘆洲區"}},{"type":"Feature","geometry":{"type":"Point","coordinates":[121.471063,25.049164]},"properties":{"city":"新北市","restaurant_id":882,"category":"環保餐廳","name":"Q Burger三重光復店","phone":"02-29990935","mobile":"","address":"新北市三重區光復路一段68巷22號","district":"三重區"}},{"type":"Feature","geometry":{"type":"Point","coordinates":[121.465085,24.996559]},"properties":{"city":"新北市","restaurant_id":880,"category":"環保餐廳","name":"Q Burger中和華順店","phone":"02-29620685","mobile":"","address":"新北市中和區華順街120號1樓","district":"中和區"}},{"type":"Feature","geometry":{"type":"Point","coordinates":[121.485193,25.070457]},"properties":{"city":"新北市","restaurant_id":876,"category":"環保餐廳","name":"Q Burger三重忠孝店","phone":"02-29846788","mobile":"","address":"新北市三重區忠孝路二段46號","district":"三重區"}},{"type":"Feature","geometry":{"type":"Point","coordinates":[121.415484,25.001532]},"properties":{"city":"新北市","restaurant_id":875,"category":"環保餐廳","name":"Q Burger樹林保安店","phone":"02-26889990","mobile":"","address":"新北市樹林區保安街二段115號1樓","district":"樹林區"}},{"type":"Feature","geometry":{"type":"Point","coordinates":[121.492152,25.079754]},"properties":{"city":"新北市","restaurant_id":874,"category":"環保餐廳","name":"Q Burger三重仁政店","phone":"02-29886667","mobile":"","address":"新北市三重區溪美里仁愛街349號","district":"三重區"}},{"type":"Feature","geometry":{"type":"Point","coordinates":[121.487959,25.058091]},"properties":{"city":"新北市","restaurant_id":873,"category":"環保餐廳","name":"Q Burger三重重陽店","phone":"02-89881667","mobile":"","address":"新北市三重區重陽路43巷31號1樓","district":"三重區"}},{"type":"Feature","geometry":{"type":"Point","coordinates":[121.486425,25.056729]},"properties":{"city":"新北市","restaurant_id":1398,"category":"環保餐廳","name":"藏壽司 三重捷運路店","phone":"02-29886680#","mobile":"0928391110","address":"新北市三重區重明里18鄰捷運路1號","district":"三重區"}},{"type":"Feature","geometry":{"type":"Point","coordinates":[121.378305,24.944205]},"properties":{"city":"新北市","restaurant_id":1395,"category":"環保餐廳","name":"藏壽司 三峽學成店","phone":"02-26717262#","mobile":"0928391002","address":"新北市三峽區學成路398號4樓","district":"三峽區"}},{"type":"Feature","geometry":{"type":"Point","coordinates":[121.507645,25.007836]},"properties":{"city":"新北市","restaurant_id":1394,"category":"環保餐廳","name":"藏壽司 永和比漾店","phone":"02-22311881#","mobile":"0928390963","address":"新北市永和區中山路一段238號4樓","district":"永和區"}},{"type":"Feature","geometry":{"type":"Point","coordinates":[121.45334,24.980435]},"properties":{"city":"新北市","restaurant_id":1392,"category":"環保餐廳","name":"藏壽司 土城金城路店","phone":"02-22607775#","mobile":"0928390929","address":"新北市土城區金城路二段80號","district":"土城區"}},{"type":"Feature","geometry":{"type":"Point","coordinates":[121.488175,25.005189]},"properties":{"city":"新北市","restaurant_id":1410,"category":"環保餐廳","name":"藏壽司 中和橋和店","phone":"02-82266313#","mobile":"0937456590","address":"新北市中和區橋和路5號","district":"中和區"}},{"type":"Feature","geometry":{"type":"Point","coordinates":[121.464344,25.011113]},"properties":{"city":"新北市","restaurant_id":1409,"category":"環保餐廳","name":"藏壽司 板橋中山遠百店","phone":"02-29582868#","mobile":"0937456614","address":"新北市板橋區中山路一段152號5樓","district":"板橋區"}},{"type":"Feature","geometry":{"type":"Point","coordinates":[121.449451,25.059944]},"properties":{"city":"新北市","restaurant_id":1402,"category":"環保餐廳","name":"藏壽司 新莊宏匯店","phone":"02-85213102#","mobile":"0900675632","address":"新北市新莊區新北大道四段3號7樓","district":"新莊區"}},{"type":"Feature","geometry":{"type":"Point","coordinates":[121.445145,25.1691]},"properties":{"city":"新北市","restaurant_id":1390,"category":"環保餐廳","name":"藏壽司 淡水站前店","phone":"02-26263577#","mobile":"0905915872","address":"新北市淡水區中山路8號5樓","district":"淡水區"}},{"type":"Feature","geometry":{"type":"Point","coordinates":[121.490758,25.089071]},"properties":{"city":"新北市","restaurant_id":1387,"category":"環保餐廳","name":"藏壽司 三重集賢路店","phone":"02-82877177#","mobile":"0905915917","address":"新北市三重區集賢路99號","district":"三重區"}},{"type":"Feature","geometry":{"type":"Point","coordinates":[121.5304806,24.97259783]},"properties":{"city":"新北市","restaurant_id":1336,"category":"環保餐廳","name":"petit doux 微兜  小碧潭店","phone":"02-29115998","mobile":"","address":"新北市新店區新北市新店區中央路157號5樓","district":"新店區"}},{"type":"Feature","geometry":{"type":"Point","coordinates":[121.553494,24.84974]},"properties":{"city":"新北市","restaurant_id":1044,"category":"環保餐廳","name":"加納富魚食坊","phone":"02-26616560#","mobile":"0907354496","address":"新北市烏來區信賢里信福路12號之3","district":"烏來區"}},{"type":"Feature","geometry":{"type":"Point","coordinates":[121.479648,25.033014]},"properties":{"city":"新北市","restaurant_id":1022,"category":"環保餐廳","name":"Q Burger板橋民治店","phone":"02-22502901","mobile":"","address":"新北市板橋區民治街63號1樓","district":"板橋區"}},{"type":"Feature","geometry":{"type":"Point","coordinates":[121.47889,25.03066]},"properties":{"city":"新北市","restaurant_id":1020,"category":"環保餐廳","name":"Q Burger板橋懷德店","phone":"02-22563030","mobile":"","address":"新北市板橋區懷德街160號","district":"板橋區"}},{"type":"Feature","geometry":{"type":"Point","coordinates":[121.461892,24.996223]},"properties":{"city":"新北市","restaurant_id":1017,"category":"環保餐廳","name":"Q Burger板橋國慶店","phone":"02-29511321","mobile":"","address":"新北市板橋區國慶路161之5號","district":"板橋區"}},{"type":"Feature","geometry":{"type":"Point","coordinates":[121.449141,25.052856]},"properties":{"city":"新北市","restaurant_id":1015,"category":"環保餐廳","name":"Q Burger新莊中榮店","phone":"02-29918006","mobile":"","address":"新北市新莊區中榮街58號1樓","district":"新莊區"}},{"type":"Feature","geometry":{"type":"Point","coordinates":[121.418002,24.979223]},"properties":{"city":"新北市","restaurant_id":1013,"category":"環保餐廳","name":"Q Burger樹林太順店","phone":"02-86860151","mobile":"","address":"新北市樹林區太順街47號","district":"樹林區"}},{"type":"Feature","geometry":{"type":"Point","coordinates":[121.468065,25.089117]},"properties":{"city":"新北市","restaurant_id":1012,"category":"環保餐廳","name":"Q Burger蘆洲三民店","phone":"02-28480213","mobile":"","address":"新北市蘆洲區民族路429號","district":"蘆洲區"}},{"type":"Feature","geometry":{"type":"Point","coordinates":[121.473945,25.004702]},"properties":{"city":"新北市","restaurant_id":979,"category":"環保餐廳","name":"Q Burger中和環球店","phone":"02-82215555","mobile":"","address":"新北市中和區民享街6號","district":"中和區"}},{"type":"Feature","geometry":{"type":"Point","coordinates":[121.508551,25.011265]},"properties":{"city":"新北市","restaurant_id":978,"category":"環保餐廳","name":"Q Burger永和永平店","phone":"02-29295009","mobile":"","address":"新北市永和區永平路250號","district":"永和區"}},{"type":"Feature","geometry":{"type":"Point","coordinates":[121.537998,24.979685]},"properties":{"city":"新北市","restaurant_id":977,"category":"環保餐廳","name":"Q Burger新店建國店","phone":"02-22188372","mobile":"","address":"新北市新店區建國路189號1樓","district":"新店區"}},{"type":"Feature","geometry":{"type":"Point","coordinates":[121.477416,25.066399]},"properties":{"city":"新北市","restaurant_id":974,"category":"環保餐廳","name":"Q Burger三重頂崁店","phone":"02-29843557","mobile":"","address":"新北市三重區頂崁街188號","district":"三重區"}},{"type":"Feature","geometry":{"type":"Point","coordinates":[121.494542,24.997451]},"properties":{"city":"新北市","restaurant_id":973,"category":"環保餐廳","name":"Q Burger中和板南店","phone":"02-22466351","mobile":"","address":"新北市中和區連城路219巷1號","district":"中和區"}},{"type":"Feature","geometry":{"type":"Point","coordinates":[121.396536,25.078023]},"properties":{"city":"新北市","restaurant_id":972,"category":"環保餐廳","name":"Q Burger林口中山店","phone":"02-26026033","mobile":"","address":"新北市林口區中山路3號1樓","district":"林口區"}},{"type":"Feature","geometry":{"type":"Point","coordinates":[121.46092,25.018519]},"properties":{"city":"新北市","restaurant_id":971,"category":"環保餐廳","name":"Q Burger板橋國光店","phone":"02-29684685","mobile":"","address":"新北市板橋區國光路183號","district":"板橋區"}},{"type":"Feature","geometry":{"type":"Point","coordinates":[121.526366,24.995584]},"properties":{"city":"新北市","restaurant_id":970,"category":"環保餐廳","name":"Q Burger中和秀朗店","phone":"02-29222380","mobile":"","address":"新北市中和區秀朗路三段48號1樓","district":"中和區"}},{"type":"Feature","geometry":{"type":"Point","coordinates":[121.442999,24.977884]},"properties":{"city":"新北市","restaurant_id":954,"category":"環保餐廳","name":"Q Burger土城員林店","phone":"02-82610003","mobile":"","address":"新北市土城區員林街10之2號一樓","district":"土城區"}},{"type":"Feature","geometry":{"type":"Point","coordinates":[121.46588,25.05574]},"properties":{"city":"新北市","restaurant_id":952,"category":"環保餐廳","name":"Q Burger新莊頭前店","phone":"02-85213381","mobile":"","address":"新北市新莊區頭前里化成路319號","district":"新莊區"}},{"type":"Feature","geometry":{"type":"Point","coordinates":[121.508985,25.007586]},"properties":{"city":"新北市","restaurant_id":948,"category":"環保餐廳","name":"Q Burger永和永貞店","phone":"02-29262971","mobile":"","address":"新北市永和區永貞路355巷2號","district":"永和區"}},{"type":"Feature","geometry":{"type":"Point","coordinates":[121.43087,25.056481]},"properties":{"city":"新北市","restaurant_id":937,"category":"環保餐廳","name":"Q Burger泰山泰高店","phone":"02-22960737","mobile":"","address":"新北市泰山區明志路一段433號一樓","district":"泰山區"}},{"type":"Feature","geometry":{"type":"Point","coordinates":[121.452222,24.98748]},"properties":{"city":"新北市","restaurant_id":936,"category":"環保餐廳","name":"Q Burger土城學成店","phone":"02-82731862","mobile":"","address":"新北市土城區學成路47號","district":"土城區"}},{"type":"Feature","geometry":{"type":"Point","coordinates":[121.462661,24.992666]},"properties":{"city":"新北市","restaurant_id":934,"category":"環保餐廳","name":"Q Burger板橋廣和店","phone":"02-29646679","mobile":"","address":"新北市板橋區廣和街73號1樓","district":"板橋區"}},{"type":"Feature","geometry":{"type":"Point","coordinates":[121.447089,25.011759]},"properties":{"city":"新北市","restaurant_id":930,"category":"環保餐廳","name":"Q Burger板橋僑中店","phone":"02-82752908","mobile":"","address":"新北市板橋區僑中一街90號1樓","district":"板橋區"}},{"type":"Feature","geometry":{"type":"Point","coordinates":[121.540926,24.980433]},"properties":{"city":"新北市","restaurant_id":928,"category":"環保餐廳","name":"Q Burger新店大豐店","phone":"02-89146488","mobile":"","address":"新北市新店區大豐路16巷2號","district":"新店區"}},{"type":"Feature","geometry":{"type":"Point","coordinates":[121.463911,24.984055]},"properties":{"city":"新北市","restaurant_id":916,"category":"環保餐廳","name":"Q Burger土城延吉店","phone":"02-82610582","mobile":"","address":"新北市土城區延吉街312號","district":"土城區"}},{"type":"Feature","geometry":{"type":"Point","coordinates":[121.45553,25.016953]},"properties":{"city":"新北市","restaurant_id":915,"category":"環保餐廳","name":"Q Burger板橋大仁店","phone":"02-29666587","mobile":"","address":"新北市板橋區大仁街26號1樓","district":"板橋區"}},{"type":"Feature","geometry":{"type":"Point","coordinates":[121.500044,24.990794]},"properties":{"city":"新北市","restaurant_id":914,"category":"環保餐廳","name":"Q Burger中和中興店","phone":"02-22429011","mobile":"","address":"新北市中和區中興街163號1樓+地下室","district":"中和區"}},{"type":"Feature","geometry":{"type":"Point","coordinates":[121.450931,25.103012]},"properties":{"city":"新北市","restaurant_id":913,"category":"環保餐廳","name":"Q Burger五股成洲店","phone":"02-22918228","mobile":"","address":"新北市五股區成泰路三段577巷43號1樓","district":"五股區"}},{"type":"Feature","geometry":{"type":"Point","coordinates":[121.659974,25.062892]},"properties":{"city":"新北市","restaurant_id":911,"category":"環保餐廳","name":"Q Burger汐止秀峰店","phone":"02-26430098","mobile":"","address":"新北市汐止區仁愛路26號1樓","district":"汐止區"}},{"type":"Feature","geometry":{"type":"Point","coordinates":[121.467594,25.020258]},"properties":{"city":"新北市","restaurant_id":909,"category":"環保餐廳","name":"Q Burger板橋介壽店","phone":"02-22553597","mobile":"","address":"新北市板橋區介壽街17號1樓","district":"板橋區"}},{"type":"Feature","geometry":{"type":"Point","coordinates":[121.381934,25.074358]},"properties":{"city":"新北市","restaurant_id":907,"category":"環保餐廳","name":"Q Burger林口仁愛店","phone":"02-26016558","mobile":"","address":"新北市林口區西林里仁愛路二段150號","district":"林口區"}},{"type":"Feature","geometry":{"type":"Point","coordinates":[121.416634,25.026983]},"properties":{"city":"新北市","restaurant_id":894,"category":"環保餐廳","name":"Q Burger新莊雙鳳店","phone":"02-29081680","mobile":"","address":"新北市新莊區雙鳳路23號1樓","district":"新莊區"}},{"type":"Feature","geometry":{"type":"Point","coordinates":[121.433637,25.087052]},"properties":{"city":"新北市","restaurant_id":893,"category":"環保餐廳","name":"Q Burger五股工商店","phone":"02-22941002","mobile":"","address":"新北市五股區工商路193號1樓","district":"五股區"}},{"type":"Feature","geometry":{"type":"Point","coordinates":[121.366108,24.935783]},"properties":{"city":"新北市","restaurant_id":892,"category":"環保餐廳","name":"Q Burger三峽文化店","phone":"02-26738182","mobile":"","address":"新北市三峽區文化路266之13號1樓","district":"三峽區"}},{"type":"Feature","geometry":{"type":"Point","coordinates":[121.479027,25.084298]},"properties":{"city":"新北市","restaurant_id":886,"category":"環保餐廳","name":"Q Burger蘆洲信義店","phone":"02-28487578","mobile":"","address":"新北市蘆洲區信義路245號","district":"蘆洲區"}},{"type":"Feature","geometry":{"type":"Point","coordinates":[121.470293,25.011917]},"properties":{"city":"新北市","restaurant_id":884,"category":"環保餐廳","name":"Q Burger板橋海山店","phone":"02-29546666","mobile":"","address":"新北市板橋區漢生東路193巷7號1樓","district":"板橋區"}},{"type":"Feature","geometry":{"type":"Point","coordinates":[121.455327,24.991516]},"properties":{"city":"新北市","restaurant_id":872,"category":"環保餐廳","name":"Q Burger土城廣興店","phone":"02-89661116","mobile":"","address":"新北市土城區廣興街33號1樓","district":"土城區"}},{"type":"Feature","geometry":{"type":"Point","coordinates":[121.519721,24.999991]},"properties":{"city":"新北市","restaurant_id":871,"category":"環保餐廳","name":"Q Burger永和得和店","phone":"02-86681921","mobile":"","address":"新北市永和區得和路172號1樓","district":"永和區"}},{"type":"Feature","geometry":{"type":"Point","coordinates":[121.405839,25.016078]},"properties":{"city":"新北市","restaurant_id":870,"category":"環保餐廳","name":"Q Burger樹林三福店","phone":"02-26880015","mobile":"","address":"新北市樹林區三福街144號","district":"樹林區"}},{"type":"Feature","geometry":{"type":"Point","coordinates":[121.478472,25.027913]},"properties":{"city":"新北市","restaurant_id":869,"category":"環保餐廳","name":"Q Burger板橋文聖店","phone":"02-22500123","mobile":"","address":"新北市板橋區文聖街142號","district":"板橋區"}},{"type":"Feature","geometry":{"type":"Point","coordinates":[121.49675,25.004674]},"properties":{"city":"新北市","restaurant_id":868,"category":"環保餐廳","name":"Q Burger中和福美店","phone":"02-22490131","mobile":"","address":"新北市中和區福善里福美路313號","district":"中和區"}},{"type":"Feature","geometry":{"type":"Point","coordinates":[121.378178,24.929621]},"properties":{"city":"新北市","restaurant_id":866,"category":"環保餐廳","name":"Q Burger三峽大同店","phone":"02-26740031","mobile":"","address":"新北市三峽區介壽里大同路1-4號1樓","district":"三峽區"}},{"type":"Feature","geometry":{"type":"Point","coordinates":[121.449134,25.097723]},"properties":{"city":"新北市","restaurant_id":865,"category":"環保餐廳","name":"Q Burger五股西雲店","phone":"02-22935777","mobile":"","address":"新北市五股區西雲路241號1樓","district":"五股區"}},{"type":"Feature","geometry":{"type":"Point","coordinates":[121.506791,24.99555]},"properties":{"city":"新北市","restaurant_id":864,"category":"環保餐廳","name":"Q Burger中和景安店","phone":"02-86682175","mobile":"","address":"新北市中和區景新街175號1樓","district":"中和區"}},{"type":"Feature","geometry":{"type":"Point","coordinates":[121.428731,25.025538]},"properties":{"city":"新北市","restaurant_id":863,"category":"環保餐廳","name":"Q Burger新莊建安店","phone":"02-22012300","mobile":"","address":"新北市新莊區建安街45號1樓","district":"新莊區"}},{"type":"Feature","geometry":{"type":"Point","coordinates":[121.467247,24.983343]},"properties":{"city":"新北市","restaurant_id":862,"category":"環保餐廳","name":"Q Burger土城永豐店","phone":"02-22707050","mobile":"","address":"新北市土城區永豐路135巷10號1樓","district":"土城區"}},{"type":"Feature","geometry":{"type":"Point","coordinates":[121.432574,24.990117]},"properties":{"city":"新北市","restaurant_id":848,"category":"環保餐廳","name":"Q Burger板橋金園店","phone":"02-26818787","mobile":"","address":"新北市板橋區金門街171號","district":"板橋區"}},{"type":"Feature","geometry":{"type":"Point","coordinates":[121.476828,25.083825]},"properties":{"city":"新北市","restaurant_id":847,"category":"環保餐廳","name":"Q Burger蘆洲鷺江店","phone":"02-22880500","mobile":"","address":"新北市蘆洲區鷺江街95號","district":"蘆洲區"}},{"type":"Feature","geometry":{"type":"Point","coordinates":[121.448081,25.03417]},"properties":{"city":"新北市","restaurant_id":844,"category":"環保餐廳","name":"Q Burger新莊新豐店","phone":"02-22010220","mobile":"","address":"新北市新莊區新豐街25號1樓","district":"新莊區"}},{"type":"Feature","geometry":{"type":"Point","coordinates":[121.474348,25.000854]},"properties":{"city":"新北市","restaurant_id":843,"category":"環保餐廳","name":"Q Burger中和民享店","phone":"02-82282005","mobile":"","address":"新北市中和區民享街86巷3號1樓","district":"中和區"}},{"type":"Feature","geometry":{"type":"Point","coordinates":[121.533676,24.9865]},"properties":{"city":"新北市","restaurant_id":841,"category":"環保餐廳","name":"Q Burger新店中正店","phone":"02-86673625","mobile":"","address":"新北市新店區中正路546號1樓","district":"新店區"}},{"type":"Feature","geometry":{"type":"Point","coordinates":[121.504919,24.991284]},"properties":{"city":"新北市","restaurant_id":839,"category":"環保餐廳","name":"Q Burger中和南勢角店","phone":"02-29470520","mobile":"","address":"新北市中和區南山路174-2號","district":"中和區"}},{"type":"Feature","geometry":{"type":"Point","coordinates":[121.488978,25.052773]},"properties":{"city":"新北市","restaurant_id":828,"category":"環保餐廳","name":"Q Burger三重集成店","phone":"02-29776785","mobile":"","address":"新北市三重區集成路42號","district":"三重區"}},{"type":"Feature","geometry":{"type":"Point","coordinates":[121.506857,24.985071]},"properties":{"city":"新北市","restaurant_id":826,"category":"環保餐廳","name":"Q Burger中和興南店","phone":"02-86683877","mobile":"","address":"新北市中和區興南路二段69號","district":"中和區"}},{"type":"Feature","geometry":{"type":"Point","coordinates":[121.41918,24.989501]},"properties":{"city":"新北市","restaurant_id":825,"category":"環保餐廳","name":"Q Burger樹林育英店","phone":"02-26851719","mobile":"","address":"新北市樹林區育英街146號","district":"樹林區"}},{"type":"Feature","geometry":{"type":"Point","coordinates":[121.5234,25.004807]},"properties":{"city":"新北市","restaurant_id":824,"category":"環保餐廳","name":"Q Burger永和永亨店","phone":"02-29202227","mobile":"","address":"新北市永和區永亨路107號","district":"永和區"}},{"type":"Feature","geometry":{"type":"Point","coordinates":[121.475419,25.015885]},"properties":{"city":"新北市","restaurant_id":821,"category":"環保餐廳","name":"Q Burger板橋中山店","phone":"02-29552958","mobile":"","address":"新北市板橋區東丘里中山路２段９０巷１２號","district":"板橋區"}},{"type":"Feature","geometry":{"type":"Point","coordinates":[121.477968,25.068933]},"properties":{"city":"新北市","restaurant_id":817,"category":"環保餐廳","name":"Q Burger三重三民店","phone":"02-29869285","mobile":"","address":"新北市三重區三民街298號","district":"三重區"}},{"type":"Feature","geometry":{"type":"Point","coordinates":[121.465074,25.043993]},"properties":{"city":"新北市","restaurant_id":784,"category":"環保餐廳","name":"Q Burger新莊化成店","phone":"02-29906004","mobile":"","address":"新北市新莊區化成路31號","district":"新莊區"}},{"type":"Feature","geometry":{"type":"Point","coordinates":[121.425445,25.044391]},"properties":{"city":"新北市","restaurant_id":783,"category":"環保餐廳","name":"Q Burger泰山明志店","phone":"02-29081667","mobile":"","address":"新北市泰山區明志路2段353號","district":"泰山區"}},{"type":"Feature","geometry":{"type":"Point","coordinates":[121.469076,25.004567]},"properties":{"city":"新北市","restaurant_id":782,"category":"環保餐廳","name":"Q Burger中和民生店","phone":"02-29550810","mobile":"","address":"新北市中和區民生街85巷1弄2號","district":"中和區"}},{"type":"Feature","geometry":{"type":"Point","coordinates":[121.495962,25.072444]},"properties":{"city":"新北市","restaurant_id":781,"category":"環保餐廳","name":"Q Burger三重龍門店","phone":"02-29772611","mobile":"","address":"新北市三重區龍門路40號","district":"三重區"}},{"type":"Feature","geometry":{"type":"Point","coordinates":[121.423613,25.026793]},"properties":{"city":"新北市","restaurant_id":780,"category":"環保餐廳","name":"Q Burger新莊民安店","phone":"02-22020252","mobile":"","address":"新北市新莊區民安路35號","district":"新莊區"}},{"type":"Feature","geometry":{"type":"Point","coordinates":[121.485859,25.079187]},"properties":{"city":"新北市","restaurant_id":779,"category":"環保餐廳","name":"Q Burger三重慈愛店","phone":"02-22808853","mobile":"","address":"新北市三重區慈愛街46號","district":"三重區"}},{"type":"Feature","geometry":{"type":"Point","coordinates":[121.487657,25.082346]},"properties":{"city":"新北市","restaurant_id":778,"category":"環保餐廳","name":"Q Burger三重仁愛店","phone":"02-29860322","mobile":"","address":"新北市三重區溪尾街269號","district":"三重區"}},{"type":"Feature","geometry":{"type":"Point","coordinates":[121.480903,25.074468]},"properties":{"city":"新北市","restaurant_id":777,"category":"環保餐廳","name":"Q Burger三重永福店","phone":"02-82878666","mobile":"","address":"新北市三重區永福街172號","district":"三重區"}},{"type":"Feature","geometry":{"type":"Point","coordinates":[121.49248,25.064229]},"properties":{"city":"新北市","restaurant_id":776,"category":"環保餐廳","name":"Q Burger國隆總店店","phone":"02-89837007","mobile":"","address":"新北市三重區國隆路26號","district":"三重區"}},{"type":"Feature","geometry":{"type":"Point","coordinates":[121.467613,25.051435]},"properties":{"city":"新北市","restaurant_id":775,"category":"環保餐廳","name":"Q Burger（總店）","phone":"02-89913667","mobile":"","address":"新北市新莊區頭前路24號","district":"新莊區"}},{"type":"Feature","geometry":{"type":"Point","coordinates":[121.654075,25.062799]},"properties":{"city":"新北市","restaurant_id":1031,"category":"環保餐廳","name":"Q Burger汐止連興店","phone":"02-26919516","mobile":"","address":"新北市汐止區連興街73號1樓","district":"汐止區"}},{"type":"Feature","geometry":{"type":"Point","coordinates":[121.467982,24.990404]},"properties":{"city":"新北市","restaurant_id":1030,"category":"環保餐廳","name":"Q Burger土城延和店","phone":"02-22631515","mobile":"","address":"新北市土城區延和路115號1樓","district":"土城區"}},{"type":"Feature","geometry":{"type":"Point","coordinates":[121.642194,25.064547]},"properties":{"city":"新北市","restaurant_id":1029,"category":"環保餐廳","name":"Q Burger汐止樟樹店","phone":"02-86916631","mobile":"","address":"新北市汐止區樟樹一路130號","district":"汐止區"}},{"type":"Feature","geometry":{"type":"Point","coordinates":[121.512274,25.013874]},"properties":{"city":"新北市","restaurant_id":1027,"category":"環保餐廳","name":"Q Burger永和信義店","phone":"02-29214352","mobile":"","address":"新北市永和區信義路93號1樓","district":"永和區"}},{"type":"Feature","geometry":{"type":"Point","coordinates":[121.524045,24.99125]},"properties":{"city":"新北市","restaurant_id":1026,"category":"環保餐廳","name":"Q Burger中和自立店","phone":"02-29488588","mobile":"","address":"新北市中和區自立路76號一樓","district":"中和區"}},{"type":"Feature","geometry":{"type":"Point","coordinates":[121.458966,25.091411]},"properties":{"city":"新北市","restaurant_id":1025,"category":"環保餐廳","name":"Q Burger蘆洲永平店","phone":"02-82828616","mobile":"","address":"新北市蘆洲區永平街32巷15號一樓","district":"蘆洲區"}},{"type":"Feature","geometry":{"type":"Point","coordinates":[121.48595,25.062768]},"properties":{"city":"新北市","restaurant_id":1008,"category":"環保餐廳","name":"Q Burger三重田安店","phone":"02-29840181","mobile":"","address":"新北市三重區三民街71號1樓","district":"三重區"}},{"type":"Feature","geometry":{"type":"Point","coordinates":[121.498454,25.059256]},"properties":{"city":"新北市","restaurant_id":1005,"category":"環保餐廳","name":"Q Burger三重光興店","phone":"02-29740006","mobile":"","address":"新北市三重區正義南路103號","district":"三重區"}},{"type":"Feature","geometry":{"type":"Point","coordinates":[121.534754,24.972241]},"properties":{"city":"新北市","restaurant_id":1004,"category":"環保餐廳","name":"Q Burger新店三民店","phone":"02-89110352","mobile":"","address":"新北市新店區三民路121號1樓","district":"新店區"}},{"type":"Feature","geometry":{"type":"Point","coordinates":[121.425952,25.013456]},"properties":{"city":"新北市","restaurant_id":1002,"category":"環保餐廳","name":"Q Burger新莊光明店","phone":"02-22035686","mobile":"","address":"新北市新莊區民安西路256號1樓","district":"新莊區"}},{"type":"Feature","geometry":{"type":"Point","coordinates":[121.491574,25.060117]},"properties":{"city":"新北市","restaurant_id":985,"category":"環保餐廳","name":"Q Burger三重菜寮店","phone":"02-29880901","mobile":"","address":"新北市三重區重新路三段93號1樓","district":"三重區"}},{"type":"Feature","geometry":{"type":"Point","coordinates":[121.517709,24.973704]},"properties":{"city":"新北市","restaurant_id":980,"category":"環保餐廳","name":"Q Burger新店安民店","phone":"02-22120652","mobile":"","address":"新北市新店區安民街300號一樓","district":"新店區"}},{"type":"Feature","geometry":{"type":"Point","coordinates":[121.474633,25.011994]},"properties":{"city":"新北市","restaurant_id":964,"category":"環保餐廳","name":"Q Burger板橋長安店","phone":"02-29590700","mobile":"","address":"新北市板橋區長安街210之1號","district":"板橋區"}},{"type":"Feature","geometry":{"type":"Point","coordinates":[121.63056,25.070912]},"properties":{"city":"新北市","restaurant_id":963,"category":"環保餐廳","name":"Q Burger汐止明峰店","phone":"02-26932023","mobile":"","address":"新北市汐止區明峰街125-3號1樓","district":"汐止區"}},{"type":"Feature","geometry":{"type":"Point","coordinates":[121.507414,24.998704]},"properties":{"city":"新北市","restaurant_id":946,"category":"環保餐廳","name":"Q Burger中和保健店","phone":"02-22460690","mobile":"","address":"新北市中和區景安路22號1樓","district":"中和區"}},{"type":"Feature","geometry":{"type":"Point","coordinates":[121.488259,24.999276]},"properties":{"city":"新北市","restaurant_id":944,"category":"環保餐廳","name":"Q Burger中和建一店","phone":"02-82282132","mobile":"","address":"新北市中和區建一路157號1樓","district":"中和區"}},{"type":"Feature","geometry":{"type":"Point","coordinates":[121.474303,25.019642]},"properties":{"city":"新北市","restaurant_id":940,"category":"環保餐廳","name":"Q Burger板橋永豐店","phone":"02-29580337","mobile":"","address":"新北市板橋區永豐街115號","district":"板橋區"}},{"type":"Feature","geometry":{"type":"Point","coordinates":[121.481103,25.002981]},"properties":{"city":"新北市","restaurant_id":939,"category":"環保餐廳","name":"Q Burger中和員山店","phone":"02-82286062","mobile":"","address":"新北市中和區員山路395號","district":"中和區"}},{"type":"Feature","geometry":{"type":"Point","coordinates":[121.493039,24.953208]},"properties":{"city":"新北市","restaurant_id":938,"category":"環保餐廳","name":"Q Burger新店玫瑰店","phone":"02-22126673","mobile":"","address":"新北市新店區安康路三段30號一樓","district":"新店區"}},{"type":"Feature","geometry":{"type":"Point","coordinates":[121.471045,25.080931]},"properties":{"city":"新北市","restaurant_id":923,"category":"環保餐廳","name":"Q Burger蘆洲中山店","phone":"02-22885811","mobile":"","address":"新北市蘆洲區中山二路179號1樓","district":"蘆洲區"}},{"type":"Feature","geometry":{"type":"Point","coordinates":[121.512828,24.995901]},"properties":{"city":"新北市","restaurant_id":921,"category":"環保餐廳","name":"Q Burger中和宜安店","phone":"02-29470125","mobile":"","address":"新北市中和區宜安路25號","district":"中和區"}},{"type":"Feature","geometry":{"type":"Point","coordinates":[121.664168,25.064955]},"properties":{"city":"新北市","restaurant_id":918,"category":"環保餐廳","name":"Q Burger汐止綠多店","phone":"02-26430058","mobile":"","address":"新北市汐止區仁愛路162號1樓","district":"汐止區"}},{"type":"Feature","geometry":{"type":"Point","coordinates":[121.45743,25.086818]},"properties":{"city":"新北市","restaurant_id":901,"category":"環保餐廳","name":"Q Burger蘆洲成功店","phone":"02-22880695","mobile":"","address":"新北市蘆洲區長安街268號","district":"蘆洲區"}},{"type":"Feature","geometry":{"type":"Point","coordinates":[121.371979,24.93046]},"properties":{"city":"新北市","restaurant_id":900,"category":"環保餐廳","name":"Q Burger三峽中華店","phone":"02-86719007","mobile":"","address":"新北市三峽區安溪里中華路46-2號","district":"三峽區"}},{"type":"Feature","geometry":{"type":"Point","coordinates":[121.455434,25.03843]},"properties":{"city":"新北市","restaurant_id":899,"category":"環保餐廳","name":"Q Burger新莊國小店","phone":"02-22771516","mobile":"","address":"新北市新莊區中港路50號","district":"新莊區"}},{"type":"Feature","geometry":{"type":"Point","coordinates":[121.42516,25.063874]},"properties":{"city":"新北市","restaurant_id":898,"category":"環保餐廳","name":"Q Burger泰山泰林店","phone":"02-29090097","mobile":"","address":"新北市泰山區泰林路二段475號1樓","district":"泰山區"}},{"type":"Feature","geometry":{"type":"Point","coordinates":[121.51275,24.962167]},"properties":{"city":"新北市","restaurant_id":896,"category":"環保餐廳","name":"Q Burger新店安康店","phone":"02-86663040","mobile":"","address":"新北市新店區安康路二段107巷1號","district":"新店區"}},{"type":"Feature","geometry":{"type":"Point","coordinates":[121.444413,25.050886]},"properties":{"city":"新北市","restaurant_id":858,"category":"環保餐廳","name":"Q Burger新莊立信店","phone":"02-22777909","mobile":"","address":"新北市新莊區立信三街12巷12號 1樓","district":"新莊區"}},{"type":"Feature","geometry":{"type":"Point","coordinates":[121.422163,24.991036]},"properties":{"city":"新北市","restaurant_id":856,"category":"環保餐廳","name":"Q Burger樹林日新店","phone":"02-26852697","mobile":"","address":"新北市樹林區日新街67號","district":"樹林區"}},{"type":"Feature","geometry":{"type":"Point","coordinates":[121.458476,25.004763]},"properties":{"city":"新北市","restaurant_id":852,"category":"環保餐廳","name":"Q Burger板橋華興店","phone":"02-29522710","mobile":"","address":"新北市板橋區華興街40號","district":"板橋區"}},{"type":"Feature","geometry":{"type":"Point","coordinates":[121.433775,25.056958]},"properties":{"city":"新北市","restaurant_id":851,"category":"環保餐廳","name":"Q Burger泰山全興店","phone":"02-22970930","mobile":"","address":"新北市泰山區全興路105號","district":"泰山區"}},{"type":"Feature","geometry":{"type":"Point","coordinates":[121.460258,25.088034]},"properties":{"city":"新北市","restaurant_id":838,"category":"環保餐廳","name":"Q Burger蘆洲長興店","phone":"02-22882835","mobile":"","address":"新北市蘆洲區長興路265號","district":"蘆洲區"}},{"type":"Feature","geometry":{"type":"Point","coordinates":[121.480071,25.006186]},"properties":{"city":"新北市","restaurant_id":837,"category":"環保餐廳","name":"Q Burger中和中山店","phone":"02-82211126","mobile":"","address":"新北市中和區員山路454號","district":"中和區"}},{"type":"Feature","geometry":{"type":"Point","coordinates":[121.460201,25.082886]},"properties":{"city":"新北市","restaurant_id":836,"category":"環保餐廳","name":"Q Burger蘆洲中原店","phone":"02-22831717","mobile":"","address":"新北市蘆洲區中原路24號","district":"蘆洲區"}},{"type":"Feature","geometry":{"type":"Point","coordinates":[121.438419,25.176348]},"properties":{"city":"新北市","restaurant_id":835,"category":"環保餐廳","name":"Q Burger淡水新民店","phone":"02-26262060","mobile":"","address":"新北市淡水區新民街65號","district":"淡水區"}},{"type":"Feature","geometry":{"type":"Point","coordinates":[121.514947,24.989908]},"properties":{"city":"新北市","restaurant_id":834,"category":"環保餐廳","name":"Q Burger中和景新店","phone":"02-86689008","mobile":"","address":"新北市中和區景平路111巷61弄21號","district":"中和區"}},{"type":"Feature","geometry":{"type":"Point","coordinates":[121.502847,25.001566]},"properties":{"city":"新北市","restaurant_id":833,"category":"環保餐廳","name":"Q Burger中和廣福店","phone":"02-82458286","mobile":"","address":"新北市中和區廣福路82號","district":"中和區"}},{"type":"Feature","geometry":{"type":"Point","coordinates":[121.467433,25.030823]},"properties":{"city":"新北市","restaurant_id":832,"category":"環保餐廳","name":"Q Burger板橋吳鳳店","phone":"02-22572358","mobile":"","address":"新北市板橋區吳鳳路68號","district":"板橋區"}},{"type":"Feature","geometry":{"type":"Point","coordinates":[121.462013,25.005483]},"properties":{"city":"新北市","restaurant_id":830,"category":"環保餐廳","name":"Q Burger板橋重慶店","phone":"02-89523866","mobile":"","address":"新北市板橋區重慶路108號","district":"板橋區"}},{"type":"Feature","geometry":{"type":"Point","coordinates":[121.483204,25.066839]},"properties":{"city":"新北市","restaurant_id":829,"category":"環保餐廳","name":"Q Burger三重中正店","phone":"02-29856668","mobile":"","address":"新北市三重區中正北路180號","district":"三重區"}},{"type":"Feature","geometry":{"type":"Point","coordinates":[121.422681,25.019451]},"properties":{"city":"新北市","restaurant_id":816,"category":"環保餐廳","name":"Q Burger新莊成德店","phone":"02-22080936","mobile":"","address":"新北市新莊區成德街8號","district":"新莊區"}},{"type":"Feature","geometry":{"type":"Point","coordinates":[121.452215,25.04756]},"properties":{"city":"新北市","restaurant_id":815,"category":"環保餐廳","name":"Q Burger新莊中港店","phone":"02-22791117","mobile":"","address":"新北市新莊區中港路419號","district":"新莊區"}},{"type":"Feature","geometry":{"type":"Point","coordinates":[121.522893,25.002853]},"properties":{"city":"新北市","restaurant_id":814,"category":"環保餐廳","name":"Q Burger永和永元店","phone":"02-29265857","mobile":"","address":"新北市永和區永元路124號","district":"永和區"}},{"type":"Feature","geometry":{"type":"Point","coordinates":[121.630733,25.065238]},"properties":{"city":"新北市","restaurant_id":813,"category":"環保餐廳","name":"Q Burger汐止福德店","phone":"02-26957300","mobile":"","address":"新北市汐止區福德二路140號","district":"汐止區"}},{"type":"Feature","geometry":{"type":"Point","coordinates":[121.502992,25.062595]},"properties":{"city":"新北市","restaurant_id":812,"category":"環保餐廳","name":"Q Burger三重福德南店","phone":"02-29755550","mobile":"","address":"新北市三重區福德南路40號","district":"三重區"}},{"type":"Feature","geometry":{"type":"Point","coordinates":[121.448553,25.170221]},"properties":{"city":"新北市","restaurant_id":809,"category":"環保餐廳","name":"Q Burger淡水學府店","phone":"02-86315056","mobile":"","address":"新北市淡水區學府路85號","district":"淡水區"}},{"type":"Feature","geometry":{"type":"Point","coordinates":[121.502754,24.995435]},"properties":{"city":"新北市","restaurant_id":808,"category":"環保餐廳","name":"Q Burger中和南山店","phone":"02-22439007","mobile":"","address":"新北市中和區南山路161號1樓","district":"中和區"}},{"type":"Feature","geometry":{"type":"Point","coordinates":[121.428359,25.051845]},"properties":{"city":"新北市","restaurant_id":807,"category":"環保餐廳","name":"Q Burger泰山義學店","phone":"02-29002131","mobile":"","address":"新北市泰山區明志路2段101號","district":"泰山區"}},{"type":"Feature","geometry":{"type":"Point","coordinates":[121.445344,25.044785]},"properties":{"city":"新北市","restaurant_id":793,"category":"環保餐廳","name":"Q Burger新莊中平店","phone":"02-29979188","mobile":"","address":"新北市新莊區中平路82巷10號","district":"新莊區"}},{"type":"Feature","geometry":{"type":"Point","coordinates":[121.456872,25.052391]},"properties":{"city":"新北市","restaurant_id":791,"category":"環保餐廳","name":"Q Burger新莊昌明店","phone":"02-89921802","mobile":"","address":"新北市新莊區昌明街28號","district":"新莊區"}},{"type":"Feature","geometry":{"type":"Point","coordinates":[121.434134,25.067298]},"properties":{"city":"新北市","restaurant_id":789,"category":"環保餐廳","name":"Q Burger五股成泰店","phone":"02-29096663","mobile":"","address":"新北市五股區成泰路一段47號","district":"五股區"}},{"type":"Feature","geometry":{"type":"Point","coordinates":[121.460494,25.024557]},"properties":{"city":"新北市","restaurant_id":788,"category":"環保餐廳","name":"Q Burger板橋英士店","phone":"02-22580533","mobile":"","address":"新北市板橋區英士路70號","district":"板橋區"}},{"type":"Feature","geometry":{"type":"Point","coordinates":[121.447069,25.036814]},"properties":{"city":"新北市","restaurant_id":787,"category":"環保餐廳","name":"Q Burger新莊建中店","phone":"02-29922626","mobile":"","address":"新北市新莊區建中街86號","district":"新莊區"}},{"type":"Feature","geometry":{"type":"Point","coordinates":[121.456374,25.04537]},"properties":{"city":"新北市","restaurant_id":786,"category":"環保餐廳","name":"Q Burger新莊自立店","phone":"02-29927886","mobile":"","address":"新北市新莊區自立街190號","district":"新莊區"}},{"type":"Feature","geometry":{"type":"Point","coordinates":[121.462638,25.011662]},"properties":{"city":"新北市","restaurant_id":175,"category":"環保餐廳","name":"板橋凱撒大飯店(大廳酒吧)","phone":"02-89539777#","mobile":"","address":"新北市板橋區縣民大道二段8號","district":"板橋區"}},{"type":"Feature","geometry":{"type":"Point","coordinates":[121.541535,24.984587]},"properties":{"city":"新北市","restaurant_id":174,"category":"環保餐廳","name":"哩賀涼麵","phone":"-#","mobile":"0985177944","address":"新北市永和區秀朗路一段169號","district":"永和區"}},{"type":"Feature","geometry":{"type":"Point","coordinates":[121.513109,25.005939]},"properties":{"city":"新北市","restaurant_id":191,"category":"環保餐廳","name":"猛港海鮮餐廳","phone":"02-29286383#","mobile":"","address":"新北市永和區永和路一段62號","district":"永和區"}},{"type":"Feature","geometry":{"type":"Point","coordinates":[121.853995,25.114868]},"properties":{"city":"新北市","restaurant_id":187,"category":"環保餐廳","name":"雲山水小築民宿","phone":"02-24962201#","mobile":"","address":"新北市瑞芳區金瓜石石山里山尖路72-1號","district":"瑞芳區"}},{"type":"Feature","geometry":{"type":"Point","coordinates":[121.425567,25.161778]},"properties":{"city":"新北市","restaurant_id":186,"category":"環保餐廳","name":"芭達桑原住民主題餐廳","phone":"02-26105300#","mobile":"","address":"新北市八里區觀海大道111號","district":"八里區"}},{"type":"Feature","geometry":{"type":"Point","coordinates":[121.8535,25.037272]},"properties":{"city":"新北市","restaurant_id":405,"category":"環保餐廳","name":"雙溪平林休閒農場","phone":"02-4934016#","mobile":"0921931032","address":"新北市雙溪區平林里外平林35號","district":"雙溪區"}},{"type":"Feature","geometry":{"type":"Point","coordinates":[121.475129,25.084123]},"properties":{"city":"新北市","restaurant_id":404,"category":"環保餐廳","name":"魚缸珈琲館","phone":"02-82828350#","mobile":"","address":"新北市蘆洲區三民路78號","district":"蘆洲區"}}]}