{"type":"FeatureCollection","features":[{"type":"Feature","properties":{"level":1,"label":"良好","min":40,"max":44,"level_min":0,"level_max":50,"color":"#359658","metric":"AQI","source":"IDW interpolation from MOENV AQX_P_432 stations","aqi":"40-45"},"geometry":{"type":"Polygon","coordinates":[[[121.52304091477157,25.18297255483871],[121.52437743566294,25.178926677419355],[121.52564274860335,25.17766283197869],[121.5296919944134,25.176262140691396],[121.53374124022346,25.17755352893369],[121.53521151568582,25.178926677419355],[121.53658949745297,25.18297255483871],[121.53524001860724,25.187018432258064],[121.53374124022346,25.18851560561323],[121.5296919944134,25.18980661537356],[121.52564274860335,25.18839047591071],[121.52436169704224,25.187018432258064],[121.52304091477157,25.18297255483871]]]}},{"type":"Feature","properties":{"level":1,"label":"良好","min":45,"max":49,"level_min":0,"level_max":50,"color":"#288d4f","metric":"AQI","source":"IDW interpolation from MOENV AQX_P_432 stations","aqi":"45-50"},"geometry":{"type":"MultiPolygon","coordinates":[[[[121.51135585178135,25.18297255483871],[121.51215704451609,25.178926677419355],[121.51391560475774,25.1748808],[121.51754425698323,25.17032232174719],[121.5215935027933,25.167433821263163],[121.52564274860335,25.165796505406497],[121.5296919944134,25.16511878568161],[121.53374124022346,25.16526955847582],[121.53904474119923,25.16678904516129],[121.54183973184357,25.16826811706986],[121.54588897765363,25.171634943572304],[121.54841736641632,25.1748808],[121.55028233046944,25.178926677419355],[121.55119768414966,25.18297255483871],[121.55124087592242,25.187018432258064],[121.55042452634233,25.19106430967742],[121.54864660408161,25.195110187096773],[121.54555857230723,25.199156064516128],[121.54183973184357,25.202125610940264],[121.53779048603351,25.20405927327937],[121.53374124022346,25.205006903197944],[121.5296919944134,25.20509987611046],[121.52564274860335,25.20434691026647],[121.5215935027933,25.20263263611996],[121.51707404804769,25.199156064516128],[121.5139985760908,25.195110187096773],[121.512219869034,25.19106430967742],[121.51137879535187,25.187018432258064],[121.51135585178135,25.18297255483871]],[[121.52304091477157,25.18297255483871],[121.52436169704224,25.187018432258064],[121.52564274860335,25.18839047591071],[121.5296919944134,25.18980661537356],[121.53374124022346,25.18851560561323],[121.53524001860724,25.187018432258064],[121.53658949745297,25.18297255483871],[121.53521151568582,25.178926677419355],[121.53374124022346,25.17755352893369],[121.5296919944134,25.176262140691396],[121.52564274860335,25.17766283197869],[121.52437743566294,25.178926677419355],[121.52304091477157,25.18297255483871]]],[[[121.57326189060447,25.0494586],[121.57423369832402,25.04678760848915],[121.57557219468129,25.045412722580647],[121.57828294413407,25.044132339979825],[121.58233218994413,25.044998430073367],[121.58285909801315,25.045412722580647],[121.58485262512745,25.0494586],[121.58366574010192,25.053504477419356],[121.58233218994413,25.05470431174908],[121.57828294413407,25.055653069945112],[121.57423369832402,25.053553250071005],[121.57326189060447,25.0494586]]]]}},{"type":"Feature","properties":{"level":1,"label":"良好","min":50,"max":50,"level_min":0,"level_max":50,"color":"#21884b","metric":"AQI","source":"IDW interpolation from MOENV AQX_P_432 stations","aqi":"50-50.5"},"geometry":{"type":"MultiPolygon","coordinates":[[[[121.5103635287412,25.187018432258064],[121.51039248481135,25.18297255483871],[121.51119978281018,25.178926677419355],[121.51288736028398,25.1748808],[121.51583510507349,25.170834922580646],[121.51754425698323,25.16918777544406],[121.5215935027933,25.166428544432435],[121.52564274860335,25.16488297071436],[121.5296919944134,25.164209122937855],[121.53374124022346,25.164318673943562],[121.53779048603351,25.165213650854376],[121.54183973184357,25.166984680560304],[121.54588897765363,25.169987030595895],[121.54985436035416,25.1748808],[121.55171670372172,25.178926677419355],[121.55262012681104,25.18297255483871],[121.55272136098117,25.187018432258064],[121.55203323451232,25.19106430967742],[121.55044731704804,25.195110187096773],[121.5477180079564,25.199156064516128],[121.54588897765363,25.201051481500972],[121.54183973184357,25.203988575093558],[121.53779048603351,25.20572400951927],[121.53374124022346,25.20654641844358],[121.5296919944134,25.206587598447694],[121.52564274860335,25.205853843013177],[121.5215935027933,25.20421006731356],[121.51754425698323,25.201390622336014],[121.51543778394908,25.199156064516128],[121.51268863281771,25.195110187096773],[121.51110696961756,25.19106430967742],[121.5103635287412,25.187018432258064]],[[121.51135585178135,25.18297255483871],[121.51137879535187,25.187018432258064],[121.512219869034,25.19106430967742],[121.5139985760908,25.195110187096773],[121.51707404804769,25.199156064516128],[121.5215935027933,25.20263263611996],[121.52564274860335,25.20434691026647],[121.5296919944134,25.20509987611046],[121.53374124022346,25.205006903197944],[121.53779048603351,25.20405927327937],[121.54183973184357,25.202125610940264],[121.54555857230723,25.199156064516128],[121.54864660408161,25.195110187096773],[121.55042452634233,25.19106430967742],[121.55124087592242,25.187018432258064],[121.55119768414966,25.18297255483871],[121.55028233046944,25.178926677419355],[121.54841736641632,25.1748808],[121.54588897765363,25.171634943572304],[121.54183973184357,25.16826811706986],[121.53904474119923,25.16678904516129],[121.53374124022346,25.16526955847582],[121.5296919944134,25.16511878568161],[121.52564274860335,25.165796505406497],[121.5215935027933,25.167433821263163],[121.51754425698323,25.17032232174719],[121.51391560475774,25.1748808],[121.51215704451609,25.178926677419355],[121.51135585178135,25.18297255483871]]],[[[121.5719900765798,25.0494586],[121.57339646979597,25.045412722580647],[121.57423369832402,25.044417387391533],[121.57828294413407,25.04252496689899],[121.58233218994413,25.043164416457202],[121.58519164459818,25.045412722580647],[121.58679918710631,25.0494586],[121.58583869632105,25.053504477419356],[121.58233218994413,25.056659384419934],[121.57828294413407,25.05735640698415],[121.57423369832402,25.05524198373233],[121.57290634841547,25.053504477419356],[121.5719900765798,25.0494586]],[[121.57326189060447,25.0494586],[121.57419643896316,25.053504477419356],[121.57828294413407,25.055653069945112],[121.58233218994413,25.05470431174908],[121.58350096726822,25.053652728387892],[121.58485262512745,25.0494586],[121.58285909801315,25.045412722580647],[121.58233218994413,25.044998430073367],[121.57828294413407,25.044132339979825],[121.57557219468129,25.045412722580647],[121.57423369832402,25.04678760848915],[121.57326189060447,25.0494586]]]]}},{"type":"Feature","properties":{"level":2,"label":"普通","min":51,"max":55,"level_min":51,"level_max":100,"color":"#fdee99","metric":"AQI","source":"IDW interpolation from MOENV AQX_P_432 stations","aqi":"50.5-55.5"},"geometry":{"type":"MultiPolygon","coordinates":[[[[121.49999993195681,25.19106430967742],[121.500527240695,25.18297255483871],[121.50275421510608,25.1748808],[121.50539651955307,25.169696552722318],[121.50944576536313,25.16438496935499],[121.51349501117318,25.160783617979888],[121.51754425698323,25.158257335668033],[121.5215935027933,25.156419985351963],[121.52564274860335,25.15523249948451],[121.53374124022346,25.15424246347002],[121.54183973184357,25.154977183841616],[121.54993822346368,25.15747045310044],[121.55398746927374,25.159528063675538],[121.5580367150838,25.16222470884004],[121.56208596089385,25.165800937729564],[121.5661352067039,25.170641303356636],[121.56878386771264,25.1748808],[121.57051772689739,25.178926677419355],[121.57181389373045,25.18297255483871],[121.57283350403516,25.19106430967742],[121.57201975702502,25.199156064516128],[121.57018445251396,25.2048683677241],[121.56689552185131,25.21129369677419],[121.56208596089385,25.21716877014172],[121.5580367150838,25.220637053553126],[121.55398746927374,25.22318611576618],[121.54993822346368,25.2251440527935],[121.54588897765363,25.226475134901474],[121.53779048603351,25.227656982797004],[121.5296919944134,25.22708698399646],[121.52564274860335,25.22613544778496],[121.5215935027933,25.224595057555472],[121.51754425698323,25.222441975961424],[121.51349501117318,25.219486419663223],[121.50927190028737,25.21533957419355],[121.50624539535372,25.21129369677419],[121.50395627157489,25.207247819354837],[121.5010880136194,25.199156064516128],[121.49999993195681,25.19106430967742]],[[121.5103635287412,25.187018432258064],[121.51110696961756,25.19106430967742],[121.51268863281771,25.195110187096773],[121.51543778394908,25.199156064516128],[121.51754425698323,25.201390622336014],[121.5215935027933,25.20421006731356],[121.52564274860335,25.205853843013177],[121.5296919944134,25.206587598447694],[121.53374124022346,25.20654641844358],[121.53779048603351,25.20572400951927],[121.54183973184357,25.203988575093558],[121.54588897765363,25.201051481500972],[121.5477180079564,25.199156064516128],[121.55044731704804,25.195110187096773],[121.55203323451232,25.19106430967742],[121.55272136098117,25.187018432258064],[121.55262012681104,25.18297255483871],[121.55171670372172,25.178926677419355],[121.54993822346368,25.175062672415535],[121.54588897765363,25.169987030595895],[121.54183973184357,25.166984680560304],[121.53779048603351,25.165213650854376],[121.53374124022346,25.164318673943562],[121.5296919944134,25.164209122937855],[121.52564274860335,25.16488297071436],[121.5215935027933,25.166428544432435],[121.51754425698323,25.16918777544406],[121.51583510507349,25.170834922580646],[121.51288736028398,25.1748808],[121.51119978281018,25.178926677419355],[121.51039248481135,25.18297255483871],[121.5103635287412,25.187018432258064]]],[[[121.5068028230261,25.01709158064516],[121.5070890966439,25.013045703225806],[121.50944576536313,25.008399602744163],[121.51349501117318,25.00516021140516],[121.51754425698323,25.003595018134643],[121.5215935027933,25.003056922753384],[121.5296919944134,25.003530921818705],[121.53374124022346,25.004839365431085],[121.53779048603351,25.007107983699242],[121.53961523496133,25.008999825806452],[121.54183973184357,25.012407850552304],[121.54317092052553,25.01709158064516],[121.54271674561194,25.021137458064516],[121.54067142596806,25.02518333548387],[121.53779048603351,25.027708526475767],[121.53513500881458,25.029229212903225],[121.53374124022346,25.029740282384253],[121.5296919944134,25.030179805973436],[121.52564274860335,25.029441769935776],[121.5215935027933,25.027803802252183],[121.51349501117318,25.02554833481677],[121.50944576536313,25.022565725236287],[121.50825214169588,25.021137458064516],[121.5068028230261,25.01709158064516]]],[[[121.52691796342465,24.97663280645161],[121.52774435821584,24.972586929032257],[121.5296919944134,24.969188772925477],[121.53374124022346,24.966011302253758],[121.53779048603351,24.96488049504665],[121.54183973184357,24.965241500346195],[121.54588897765363,24.96722833734756],[121.54737948895942,24.968541051612902],[121.54993822346368,24.972511894804832],[121.55076036446602,24.97663280645161],[121.54993822346368,24.981056167936476],[121.54782037529769,24.98472456129032],[121.54588897765363,24.98661693807489],[121.54183973184357,24.98872474156097],[121.53779048603351,24.98926943852279],[121.53374124022346,24.98815944769477],[121.5296919944134,24.984921332633174],[121.52748593215011,24.980678683870966],[121.52691796342465,24.97663280645161]]],[[[121.56233683668106,25.0494586],[121.56242191590341,25.045412722580647],[121.56319689023468,25.04136684516129],[121.56480740090633,25.037320967741934],[121.56757222968662,25.03327509032258],[121.57018445251396,25.030540013105583],[121.57423369832402,25.02790577563561],[121.57828294413407,25.026365038167945],[121.58233218994413,25.02569288863557],[121.58624210664625,25.025670656838408],[121.59043068156424,25.026278256396424],[121.5944799273743,25.02759529456479],[121.59774667249425,25.029229212903225],[121.60355860334839,25.03327509032258],[121.61067691061452,25.040239038739255],[121.61472615642458,25.042281173149934],[121.61877540223463,25.04172265260222],[121.62970772073193,25.037320967741934],[121.63497238547485,25.035765533687062],[121.64307087709497,25.034846162777846],[121.65116936871507,25.035789221926198],[121.65521861452514,25.037067503948514],[121.65926786033519,25.038931549987606],[121.66302051912653,25.04136684516129],[121.66736635195531,25.045293035028557],[121.67059454052144,25.0494586],[121.67281029831443,25.053504477419356],[121.67430349755382,25.05755035483871],[121.6751686441669,25.061596232258065],[121.67548601875993,25.06564210967742],[121.67527944785402,25.069687987096774],[121.67453259545988,25.07373386451613],[121.67317041661671,25.077779741935483],[121.67107945311952,25.081825619354838],[121.66826069078641,25.08568537633769],[121.66445451979361,25.08935656525432],[121.6619425990001,25.089349066000068],[121.66091058300003,25.090885548000074],[121.66031116200008,25.09078900800006],[121.65833593500008,25.09160809800005],[121.65756725100005,25.092812627000058],[121.65580979900005,25.093383308000057],[121.65597315800005,25.09415749900006],[121.65521861452514,25.094603227896958],[121.65116936871507,25.095706910385754],[121.64712012290502,25.096220064270526],[121.64307087709497,25.096184583649926],[121.63902163128492,25.09560158689752],[121.63497238547485,25.09442550031198],[121.6309231396648,25.092658877300096],[121.62687389385475,25.090134834763866],[121.62282464804468,25.086726128328902],[121.61852063104773,25.081825619354838],[121.61070809583731,25.069687987096774],[121.60662766480446,25.066955809599474],[121.60257841899441,25.067546818907935],[121.5944799273743,25.070246647994995],[121.59043068156424,25.071138489165712],[121.58638143575419,25.071483438531732],[121.58233218994413,25.07121756946155],[121.57828294413407,25.070227826592863],[121.57423369832402,25.06849951349397],[121.57025562862023,25.06564210967742],[121.5661352067039,25.060893901560156],[121.56429729754038,25.05755035483871],[121.56292932629295,25.053504477419356],[121.56233683668106,25.0494586]],[[121.5719900765798,25.0494586],[121.57290634841547,25.053504477419356],[121.57423369832402,25.05524198373233],[121.57828294413407,25.05735640698415],[121.58233218994413,25.056659384419934],[121.58583869632105,25.053504477419356],[121.58679918710631,25.0494586],[121.58519164459818,25.045412722580647],[121.58233218994413,25.043164416457202],[121.57828294413407,25.04252496689899],[121.57423369832402,25.044417387391533],[121.57339646979597,25.045412722580647],[121.5719900765798,25.0494586]]]]}},{"type":"Feature","properties":{"level":2,"label":"普通","min":56,"max":60,"level_min":51,"level_max":100,"color":"#f9e489","metric":"AQI","source":"IDW interpolation from MOENV AQX_P_432 stations","aqi":"55.5-60.5"},"geometry":{"type":"MultiPolygon","coordinates":[[[[121.47546662483711,25.26293517770777],[121.47923568185296,25.25175247096774],[121.48181596640134,25.239614838709677],[121.48452034588115,25.207247819354837],[121.48622153416692,25.195110187096773],[121.48781493210645,25.187018432258064],[121.48984780270062,25.178926677419355],[121.49245949368452,25.170834922580646],[121.49611065108465,25.162743167741937],[121.4986078028274,25.158697290322582],[121.5018100452717,25.154651412903224],[121.50539651955307,25.151101345075823],[121.50944576536313,25.147946916860693],[121.51349501117318,25.14548195326567],[121.5215935027933,25.141848514574843],[121.5296919944134,25.13930963949297],[121.53779048603351,25.137512591273893],[121.56208596089385,25.133395561676554],[121.57097643314896,25.130376148387096],[121.57623223498403,25.126330270967742],[121.57863386683321,25.122284393548387],[121.57959019998898,25.118238516129033],[121.57962301213581,25.114192638709678],[121.57898734529861,25.110146761290324],[121.57624781419959,25.102055006451614],[121.57201853124708,25.0939632516129],[121.5661352067039,25.08466691122201],[121.55995241585705,25.07373386451613],[121.55628173870011,25.06564210967742],[121.55010720606003,25.0494586],[121.54734839330979,25.045412722580647],[121.54588897765363,25.043967493789378],[121.54022544292458,25.04136684516129],[121.5215935027933,25.03820367478067],[121.51349501117318,25.036332286468483],[121.50944576536313,25.034834018540796],[121.50539651955307,25.0320766223657],[121.50134727374301,25.02807560368729],[121.49928827362582,25.02518333548387],[121.49747957220337,25.021137458064516],[121.4964906349151,25.01709158064516],[121.49618433756822,25.013045703225806],[121.49709298016116,25.004953948387097],[121.502994138354,24.98472456129032],[121.50569507492315,24.968541051612902],[121.5075989400707,24.960449296774193],[121.51060229170774,24.952357541935484],[121.51349501117318,24.946737660051294],[121.51754425698323,24.94079750878345],[121.52158368125352,24.936174032258066],[121.5296919944134,24.92914664074139],[121.53374124022346,24.926468806681726],[121.54183973184357,24.922301599541452],[121.55398746927374,24.918255541942177],[121.56208596089385,24.916687512434223],[121.57018445251396,24.915815456635883],[121.58233218994413,24.915488502771677],[121.59852917318436,24.91630526225942],[121.64712012290502,24.920848313165965],[121.66736635195531,24.923276631876572],[121.68356333519553,24.92601769443352],[121.69976031843575,24.929845427468464],[121.71595730167597,24.935071814373572],[121.7283385708018,24.94021990967742],[121.74377129626662,24.94831166451613],[121.75608616994734,24.95640341935484],[121.76631516354725,24.964495174193548],[121.77669598882682,24.974344245271247],[121.78580112854097,24.98472456129032],[121.79182070970893,24.992816316129034],[121.79694221787709,25.00076083074774],[121.80156018750377,25.008999825806452],[121.80717945400467,25.021137458064516],[121.81020877691306,25.029229212903225],[121.81271239403793,25.037320967741934],[121.81557240338581,25.0494586],[121.8168780999884,25.05755035483871],[121.81802787364998,25.069687987096774],[121.8181997949335,25.081825619354838],[121.8174049708072,25.0939632516129],[121.81567991952952,25.10610088387097],[121.81296825462303,25.118238516129033],[121.80928805343584,25.130376148387096],[121.80784732083175,25.13442202580645],[121.80684676700002,25.13561818200003],[121.80396497700008,25.136254827000073],[121.80320187300003,25.135745608000036],[121.80252658000006,25.134329425000033],[121.80391881100002,25.13354593100007],[121.80530700100007,25.131287876000044],[121.8054519960001,25.13037459000003],[121.80507028200009,25.13000494100004],[121.80527738500007,25.129059848000054],[121.80424201300002,25.128477075000035],[121.80381055900011,25.12766288200004],[121.80499236500009,25.125791132000074],[121.80497094700002,25.12523833000006],[121.80361480700003,25.12383867400007],[121.80280756900004,25.121864626000047],[121.80236914500006,25.121766322000042],[121.80122575900009,25.12283105800003],[121.79963170300005,25.12328418100003],[121.79910937400007,25.124347579000073],[121.7981949120001,25.12425307600006],[121.7972990610001,25.125254193000046],[121.79453131500009,25.126198745000067],[121.79432847900011,25.123230833000036],[121.79707693600005,25.121282421000046],[121.79760421100002,25.11986865600005],[121.79888117500002,25.119086997000068],[121.798730954,25.11842635000005],[121.79757843300001,25.11742375500006],[121.79787527200006,25.11681776300003],[121.79855666200001,25.11675450100006],[121.79789211900004,25.115943017000063],[121.7976027740001,25.114213019000033],[121.79561273600007,25.11369317900005],[121.7947742990001,25.112615960000028],[121.79237443700003,25.11286663800007],[121.79023126100003,25.11222792700005],[121.78567710100003,25.11825428700007],[121.78338280300011,25.116614068000047],[121.78080512100007,25.11761565100005],[121.77939634800009,25.11757069300006],[121.77686314800007,25.118690678000064],[121.7758437650001,25.118708536000042],[121.77499887600004,25.11982369800006],[121.77353166700004,25.12027318400004],[121.77186648700001,25.11893511900007],[121.77141537700004,25.11749366400005],[121.77048856100009,25.116802094000036],[121.76962010500006,25.11484900100004],[121.76781923700003,25.11375694000003],[121.76701846200001,25.11261505300007],[121.76520175900009,25.11329283400005],[121.76328547900005,25.113442117000034],[121.76125386500007,25.112359080000033],[121.75926066000011,25.112510216000032],[121.75757707700006,25.11099105900007],[121.75721890500006,25.11016965400006],[121.75200382800006,25.110985335000066],[121.75011241900006,25.10979266700008],[121.75072916500005,25.107923904000074],[121.75271286700001,25.106858204000048],[121.75389684200002,25.108673530000033],[121.75605770900006,25.108406440000067],[121.75752067300004,25.106400371000063],[121.75743006100004,25.104318499000044],[121.75802947800003,25.103807896000035],[121.75730435100002,25.10258386000004],[121.75674539200008,25.10279209500004],[121.75680266200004,25.101817269000037],[121.75986579700009,25.100645375000056],[121.75935389900008,25.099045813000032],[121.75946694700008,25.096361788000024],[121.75843403800002,25.094965710000054],[121.75836106800011,25.09412720800003],[121.75982100600004,25.09023974100006],[121.75916059100007,25.088402532000032],[121.75955465200002,25.087022070000046],[121.7591296380001,25.08447595800004],[121.75987859700001,25.081392641000036],[121.76145827000005,25.078560905000074],[121.76695358600011,25.078771820000043],[121.76874360300008,25.078296975000058],[121.77131489900012,25.07613813300003],[121.77208689500003,25.074240673000077],[121.77364469000008,25.07306546600006],[121.77568254000005,25.070058392000078],[121.77313328800005,25.06691556100003],[121.7716323520001,25.063134297000033],[121.76984393600003,25.06342737600005],[121.76734926600011,25.061824192000074],[121.76667528000007,25.060731451000038],[121.76481308200005,25.059542540000052],[121.76460944700011,25.058396412000036],[121.76371230900008,25.057328061000078],[121.76233728400007,25.056979863000038],[121.76183517400011,25.057766478000076],[121.76037170900008,25.05813525900004],[121.75912623400006,25.059507884000027],[121.75790200400002,25.05901622300007],[121.7570518340001,25.05934979700004],[121.75485572200012,25.05808096900006],[121.75107716600007,25.057206002000044],[121.74935842200011,25.05555329500004],[121.74824169100009,25.05510835800004],[121.74767406,25.053766193000058],[121.74604889900002,25.05304775600007],[121.74362548700003,25.053084571000056],[121.74311662100001,25.052469833000032],[121.74211225500005,25.052985652000075],[121.73979585600011,25.053058285000077],[121.73759892600003,25.05474893300004],[121.73488713900008,25.054178299000057],[121.73220809800011,25.052724520000027],[121.73014219100003,25.05334381800003],[121.72714317900011,25.05608250800003],[121.72603432500011,25.058261189000063],[121.7224037850001,25.058641515000033],[121.72191492800005,25.060146687000042],[121.71905158600009,25.061575530000027],[121.71782363800003,25.063815099000067],[121.71462553900005,25.066684192000025],[121.71230592500001,25.068042715000047],[121.70942117800007,25.067729651000036],[121.70661416900009,25.066553832000068],[121.70525580300011,25.066924563000043],[121.70435551300011,25.067850434000036],[121.69935878000001,25.067447110000046],[121.696535444,25.070093583000073],[121.6919536580001,25.070348833000025],[121.69007143200008,25.071749929000077],[121.68842052200011,25.07173841100007],[121.68480371200008,25.074538199000074],[121.68398558600006,25.074780264000026],[121.68163038700004,25.07694988000003],[121.6802027540001,25.07719776400006],[121.68021801900011,25.07796879800003],[121.67918038000005,25.078617465000036],[121.67896915400001,25.079582634000076],[121.67986085200005,25.080222912000067],[121.6805090150001,25.082015183000067],[121.67993237700011,25.08432573400006],[121.68156606600007,25.084496286000046],[121.68177182600004,25.086309739000058],[121.681473965,25.08775408500003],[121.68037033900009,25.08821892000003],[121.67865455600008,25.087271353000062],[121.6741130470001,25.082932662000076],[121.6684479920001,25.085670046000075],[121.67107945311952,25.081825619354838],[121.67317041661671,25.077779741935483],[121.67453259545988,25.07373386451613],[121.67527944785402,25.069687987096774],[121.67548601875993,25.06564210967742],[121.6751686441669,25.061596232258065],[121.67430349755382,25.05755035483871],[121.67281029831443,25.053504477419356],[121.67059454052144,25.0494586],[121.66747884687392,25.045412722580647],[121.66331710614524,25.041586031560442],[121.65926786033519,25.038931549987606],[121.65521861452514,25.037067503948514],[121.65116936871507,25.035789221926198],[121.64712012290502,25.035070137380128],[121.63902163128492,25.03508137646592],[121.6309231396648,25.036897422001825],[121.61877540223463,25.04172265260222],[121.61472615642458,25.042281173149934],[121.61067691061452,25.040239038739255],[121.60257841899441,25.03255232301645],[121.59852917318436,25.029683931890006],[121.5944799273743,25.02759529456479],[121.59043068156424,25.026278256396424],[121.58638143575419,25.025669864612716],[121.58233218994413,25.02569288863557],[121.57828294413407,25.026365038167945],[121.57423369832402,25.02790577563561],[121.57018445251396,25.030540013105583],[121.5661352067039,25.03504185781872],[121.56319689023468,25.04136684516129],[121.56242191590341,25.045412722580647],[121.56233683668106,25.0494586],[121.56292932629295,25.053504477419356],[121.56429729754038,25.05755035483871],[121.56662022910687,25.061596232258065],[121.57018445251396,25.06559108087896],[121.57423369832402,25.06849951349397],[121.57828294413407,25.070227826592863],[121.58233218994413,25.07121756946155],[121.58638143575419,25.071483438531732],[121.59043068156424,25.071138489165712],[121.5944799273743,25.070246647994995],[121.60257841899441,25.067546818907935],[121.60662766480446,25.066955809599474],[121.61067691061452,25.069629410774958],[121.61570725324238,25.077779741935483],[121.62196390649132,25.085871496774192],[121.62687389385475,25.090134834763866],[121.6309231396648,25.092658877300096],[121.63497238547485,25.09442550031198],[121.63902163128492,25.09560158689752],[121.64307087709497,25.096184583649926],[121.64712012290502,25.096220064270526],[121.65116936871507,25.095706910385754],[121.65602923792385,25.094270663970065],[121.65610865300005,25.094794059000037],[121.65552034600012,25.095515042000045],[121.65357254300011,25.096238458000073],[121.65243125000006,25.09775264600006],[121.65065234500003,25.09853656200005],[121.65075359900004,25.099727433000055],[121.65038195500006,25.10054011400007],[121.64892535000001,25.101858501000038],[121.65023552800005,25.103359444000034],[121.65182395700003,25.103464503000055],[121.65222466900002,25.104738631000032],[121.65049614300005,25.108027348000064],[121.65031121800007,25.109422693000056],[121.64623773900007,25.113625119000062],[121.6457500790001,25.11540390300007],[121.64606450400004,25.116031767000038],[121.64570796100008,25.118949632000067],[121.6462587850001,25.12003948800003],[121.6462256310001,25.12093751200007],[121.6447660340001,25.122039182000037],[121.64487756100004,25.123409347000063],[121.64317912900003,25.127681670000072],[121.64181944800009,25.12808166600007],[121.6407759760001,25.129591923000078],[121.6383049960001,25.130743240000072],[121.63476731100002,25.130451915000037],[121.63326781500007,25.130932148000056],[121.63240717100007,25.132475141000043],[121.62851594400001,25.134845083000073],[121.6267976690001,25.139704793000078],[121.62919192900006,25.141720359000033],[121.63100959300004,25.142565950000062],[121.63220639200006,25.142670964000047],[121.63433119700005,25.143838221000067],[121.63659433600003,25.143580917000065],[121.63867816600009,25.144238361000077],[121.63981821900006,25.145843136000053],[121.64220080200005,25.14492997800005],[121.64388643300003,25.145725192000043],[121.64512430200011,25.145814518000066],[121.64967301400009,25.14491349700006],[121.65145686000005,25.14796242400007],[121.65222653800004,25.148468027000035],[121.65281723600003,25.148237787000028],[121.65569005300006,25.149152109000056],[121.65812797000001,25.152152517000047],[121.66068554500009,25.152086668000038],[121.66232358200011,25.15259908300004],[121.66438510600005,25.152254309000057],[121.66596392200006,25.15291452500003],[121.669120399,25.153347646000043],[121.66968610300012,25.15464565800005],[121.67131789200005,25.155508737000048],[121.6775869270001,25.155730422000033],[121.67852195800003,25.157526114000063],[121.68088475200011,25.15910137700007],[121.68271953300007,25.159356898000055],[121.68313292800008,25.16056190000006],[121.68472052100003,25.16009557700005],[121.68748559800008,25.161748981000073],[121.68882881500008,25.164069152000025],[121.69091175800008,25.16456911800003],[121.69116846800011,25.166249222000033],[121.69479294300004,25.166656242000045],[121.69546513600005,25.166425961000073],[121.69653873800007,25.167168154000024],[121.69762288700008,25.166775852000058],[121.69902904600008,25.167313397000044],[121.69902023400005,25.16876219900007],[121.70055486400008,25.168936349000035],[121.700957775,25.169345582000062],[121.70109649500012,25.170864660000063],[121.70214430500005,25.172329426000033],[121.70224800500011,25.173517450000077],[121.70399256700011,25.17406111100007],[121.7064039930001,25.173899359000075],[121.70888919100003,25.175496046000035],[121.7096579250001,25.176562356000034],[121.70718775800003,25.176039351000043],[121.70712025500006,25.176653524000074],[121.70658006800011,25.176960648000033],[121.70462186800012,25.176837981000062],[121.70354148800004,25.178741940000066],[121.70347403300002,25.179970223000055],[121.70273132500006,25.18058446300006],[121.69907329900002,25.180930346000025],[121.69799520700008,25.181327338000074],[121.69668898300006,25.18278523400005],[121.69639056200003,25.182687979000036],[121.69715237300011,25.18181121300006],[121.69704486900002,25.18135271400007],[121.69466263900006,25.181638962000022],[121.6936561220001,25.180407096000067],[121.6925828300001,25.18027783200006],[121.6903038690001,25.182124375000058],[121.68770159500002,25.18562433200003],[121.68575436300011,25.189931003000027],[121.68646784200007,25.19084448800004],[121.68593586000009,25.192394827000044],[121.68672841700004,25.19256110400005],[121.68760629300004,25.193482026000027],[121.68753882200008,25.193973318000076],[121.6887395760001,25.195345907000046],[121.6891719780001,25.195472748000043],[121.6893551280001,25.19457860500006],[121.69023987500009,25.19698185900006],[121.69233315200006,25.197841308000022],[121.69334314900004,25.199862821000067],[121.69449396700008,25.19999021800004],[121.69469658300011,25.200420003000033],[121.6940213790001,25.20177097000004],[121.69483167700002,25.202139276000025],[121.69600450400003,25.203917183000044],[121.69422744700012,25.203393035000033],[121.69395277500007,25.204438555000024],[121.6927267210001,25.203306061000035],[121.69217352900012,25.203990412000053],[121.69323848600004,25.204394493000052],[121.69191135100004,25.204349723000064],[121.69184591400006,25.20470610800004],[121.69225908800001,25.20504119700007],[121.69261020200008,25.204721902000074],[121.69277304900004,25.206678950000025],[121.69378300200003,25.207438884000055],[121.69337579900002,25.207655689000035],[121.69889735400011,25.212346559000025],[121.69909154000004,25.21298629000006],[121.70096283400005,25.21416838400006],[121.70129834800002,25.214644147000058],[121.7009459840001,25.215343533000066],[121.70252993100007,25.216260198000043],[121.7017522320001,25.216503180000075],[121.70238107700004,25.217141106000042],[121.70149101000004,25.217029525000044],[121.70165221500008,25.21736542900004],[121.70131452800001,25.217488219000074],[121.6965202450001,25.21466448600006],[121.69611502200007,25.21300678500006],[121.69537226800003,25.212147379000044],[121.69435940400001,25.211779034000074],[121.69456197600005,25.211226434000025],[121.69402167100009,25.209875801000067],[121.6929413470001,25.209384707000027],[121.69267120400002,25.208156760000065],[121.6924010680001,25.208586525000044],[121.69037536200005,25.20821834900005],[121.6896496490001,25.20755484800003],[121.68848652200006,25.208319078000045],[121.68930053100007,25.207256650000033],[121.688352828,25.206573243000037],[121.6892542060001,25.205884281000067],[121.68913960000009,25.20536911100004],[121.68747536500007,25.205026374000056],[121.6872645850001,25.20777472000003],[121.68605379000007,25.207789072000025],[121.68600949800009,25.208104925000043],[121.68416310700002,25.207175238000048],[121.68247495900005,25.20557903300005],[121.68139458700011,25.205640508000045],[121.68146207400002,25.204289716000062],[121.6786757540001,25.202674193000064],[121.67779576500004,25.204633761000025],[121.67808587700006,25.20594784900004],[121.67489517700005,25.20400434800007],[121.67408748600008,25.20420822400007],[121.67393769300008,25.20398166900003],[121.67529401700006,25.20309577200004],[121.67444311200006,25.20235883600003],[121.67403151600001,25.202643309000052],[121.67404524300002,25.20341526900006],[121.67347522900002,25.20294534800007],[121.67350171800001,25.20356748000006],[121.67310294600009,25.20220401800003],[121.67245744200011,25.20214622800006],[121.6700611340001,25.20296542500006],[121.66960630000005,25.203953142000046],[121.66878949500006,25.204002648000028],[121.66523488500002,25.20649462600005],[121.66610751000007,25.20798043600007],[121.66497616100003,25.206781635000027],[121.66428067700008,25.20703605700004],[121.66433255100003,25.20915011200003],[121.66284368600009,25.207480909000026],[121.66235597400009,25.207653206000032],[121.66213332000007,25.207906456000046],[121.66373435300011,25.209673486000042],[121.6619863310001,25.208166798000036],[121.66094350800006,25.208156529000064],[121.66209702900005,25.208371422000027],[121.66096120500004,25.208737519000067],[121.65758884600007,25.21167915600006],[121.65363530400009,25.216030216000036],[121.65001683700007,25.222998818000065],[121.65080705000003,25.223387222000042],[121.65114477700001,25.22479914400003],[121.65209727000001,25.225117762000025],[121.65174994200004,25.22586840300005],[121.6537762590001,25.229331184000046],[121.653035767,25.230017058000044],[121.65134771600003,25.230508357000076],[121.65155031900008,25.231490566000048],[121.65236062200006,25.23192023000007],[121.65263077300006,25.232779623000056],[121.65215815700003,25.233270727000047],[121.65128030300002,25.23333225300007],[121.6485117530001,25.23271863000008],[121.64786401300012,25.232236945000068],[121.64716044600004,25.23307052100006],[121.64690565700005,25.23291138600007],[121.64773706500011,25.231962950000025],[121.64776889100006,25.23093852100004],[121.64868923100005,25.230106600000056],[121.64607588400008,25.230109708000043],[121.64625869100007,25.23080869300003],[121.64724337500002,25.23102690500008],[121.64639675300009,25.231481624000025],[121.64560273100005,25.230285516000038],[121.64315243500005,25.230722203000028],[121.6409805080001,25.232121551000034],[121.63812011100003,25.234745174000068],[121.63760200500008,25.235537170000043],[121.63815561400008,25.235963065000078],[121.63800414400009,25.236779108000064],[121.63734178700008,25.236125893000064],[121.63626196500002,25.236510185000043],[121.63415348500007,25.239553425000054],[121.63389363300007,25.240517270000055],[121.63514279600008,25.245181152000043],[121.635885959,25.250091446000056],[121.63507622300006,25.256658832000028],[121.63413119600011,25.26003458400004],[121.62974261600004,25.266785921000064],[121.626366705,25.270468410000035],[121.62312586500002,25.273905289000027],[121.6178594490001,25.278140067000038],[121.61569873300004,25.279244831000028],[121.60793375700007,25.281454738000036],[121.60395034300007,25.28648671800005],[121.60239741900011,25.287714057000073],[121.59761086200001,25.289950687000044],[121.59734820100005,25.291307871000072],[121.59800316000008,25.291307876000076],[121.59779279800011,25.291502473000037],[121.59558462500001,25.29138701100004],[121.59375467100006,25.29207124100003],[121.59064859700004,25.29207156800004],[121.58869042300012,25.292623982000066],[121.58666477700001,25.293421770000066],[121.58261352500006,25.296305895000046],[121.5773401140001,25.298983931000066],[121.57492799900001,25.299129606000065],[121.57230709200007,25.298424331000035],[121.56931140200004,25.298454564000053],[121.56739884100011,25.297050868000042],[121.56676735100007,25.295708082000033],[121.56624908300012,25.29593112300006],[121.56680717600011,25.295131914000024],[121.56543253300003,25.294033530000036],[121.56594463500005,25.293665888000078],[121.5655889190001,25.293240049000076],[121.56341175900002,25.293434629000046],[121.56005804900008,25.292006162000064],[121.55333671100004,25.292976467000074],[121.55182180300005,25.291952769000034],[121.550393729,25.29163051300003],[121.54789569400009,25.291980915000067],[121.54748297900005,25.291732008000054],[121.54674101800003,25.292380147000074],[121.54534401300009,25.292498867000063],[121.54134332300009,25.294533385000022],[121.54072114400003,25.29784679000005],[121.5393622680001,25.29921022700006],[121.537185711,25.300285665000047],[121.53594451700008,25.29948739500003],[121.53376471800004,25.29706361600006],[121.53342585300004,25.296043089000023],[121.53359896400002,25.29498775600007],[121.53482417700002,25.29252688200006],[121.53480471400007,25.291695899000047],[121.53334072700011,25.289871602000062],[121.53149979700004,25.289534638000077],[121.52944106000007,25.28759733800007],[121.52594211000007,25.286014434000037],[121.5242669370001,25.286793173000035],[121.52169563500001,25.28686514000003],[121.52074890900008,25.28640206400007],[121.52084468700002,25.285542806000024],[121.51859767200006,25.284776376000025],[121.51690950400007,25.284899136000035],[121.51437960100009,25.286281966000047],[121.51378177900006,25.287235939000027],[121.51362015100005,25.289358684000035],[121.51277865100008,25.290938367000024],[121.51185555200004,25.29180228000007],[121.51071526800001,25.291999814000064],[121.5093033920001,25.291308784000023],[121.50863940600004,25.289685655000028],[121.50837686000011,25.289817119000077],[121.50844935200007,25.286926520000065],[121.50935608500004,25.285487725000053],[121.50926750200006,25.283212813000034],[121.50605607000011,25.28227460200003],[121.50650623000001,25.281647088000057],[121.50576588000001,25.28107414400006],[121.50450996500001,25.281490874000042],[121.50379878500007,25.28131290600004],[121.50301815500006,25.280859717000055],[121.50249226400001,25.279696256000022],[121.50125645300011,25.279863614000078],[121.50129599800005,25.28043580800005],[121.49898784100003,25.279179525000075],[121.49872682400007,25.27868383200007],[121.49744307100002,25.278885530000025],[121.494948786,25.277625363000027],[121.49377608700001,25.276375742000027],[121.49191991300006,25.275784504000057],[121.49105236700007,25.274783843000023],[121.48664855400011,25.272731924000027],[121.4856117600001,25.272747809000066],[121.48094594600002,25.270875880000062],[121.47796389000007,25.267668576000062],[121.47546662483711,25.26293517770777]],[[121.49999993195681,25.19106430967742],[121.5010880136194,25.199156064516128],[121.50395627157489,25.207247819354837],[121.50624539535372,25.21129369677419],[121.50927190028737,25.21533957419355],[121.5133886382302,25.219385451612904],[121.51754425698323,25.222441975961424],[121.5215935027933,25.224595057555472],[121.52564274860335,25.22613544778496],[121.5296919944134,25.22708698399646],[121.53779048603351,25.227656982797004],[121.54588897765363,25.226475134901474],[121.54993822346368,25.2251440527935],[121.55398746927374,25.22318611576618],[121.5580367150838,25.220637053553126],[121.56208596089385,25.21716877014172],[121.56689552185131,25.21129369677419],[121.57018445251396,25.2048683677241],[121.57201975702502,25.199156064516128],[121.57283350403516,25.19106430967742],[121.57181389373045,25.18297255483871],[121.57051772689739,25.178926677419355],[121.56878386771264,25.1748808],[121.5662901800406,25.170834922580646],[121.56208596089385,25.165800937729564],[121.5580367150838,25.16222470884004],[121.55398746927374,25.159528063675538],[121.54993822346368,25.15747045310044],[121.54183973184357,25.154977183841616],[121.53374124022346,25.15424246347002],[121.52564274860335,25.15523249948451],[121.5215935027933,25.156419985351963],[121.51754425698323,25.158257335668033],[121.51349501117318,25.160783617979888],[121.50944576536313,25.16438496935499],[121.50539651955307,25.169696552722318],[121.50275421510608,25.1748808],[121.500527240695,25.18297255483871],[121.49999993195681,25.19106430967742]],[[121.5068028230261,25.01709158064516],[121.50825214169588,25.021137458064516],[121.50944576536313,25.022565725236287],[121.51349501117318,25.02554833481677],[121.5215935027933,25.027803802252183],[121.52564274860335,25.029441769935776],[121.5296919944134,25.030179805973436],[121.53374124022346,25.029740282384253],[121.53513500881458,25.029229212903225],[121.53779048603351,25.027708526475767],[121.54067142596806,25.02518333548387],[121.54271674561194,25.021137458064516],[121.54317092052553,25.01709158064516],[121.54183973184357,25.012407850552304],[121.53961523496133,25.008999825806452],[121.53779048603351,25.007107983699242],[121.53393113265203,25.004953948387097],[121.5296919944134,25.003530921818705],[121.5215935027933,25.003056922753384],[121.51754425698323,25.003595018134643],[121.51349501117318,25.00516021140516],[121.50944576536313,25.008399602744163],[121.5070890966439,25.013045703225806],[121.5068028230261,25.01709158064516]],[[121.52691796342465,24.97663280645161],[121.52748593215011,24.980678683870966],[121.52955235319575,24.98472456129032],[121.53374124022346,24.98815944769477],[121.53779048603351,24.98926943852279],[121.54183973184357,24.98872474156097],[121.54588897765363,24.98661693807489],[121.54782037529769,24.98472456129032],[121.54993822346368,24.981056167936476],[121.55076036446602,24.97663280645161],[121.54997748927124,24.972586929032257],[121.54737948895942,24.968541051612902],[121.54588897765363,24.96722833734756],[121.54183973184357,24.965241500346195],[121.53779048603351,24.96488049504665],[121.53374124022346,24.966011302253758],[121.5296919944134,24.969188772925477],[121.52774435821584,24.972586929032257],[121.52691796342465,24.97663280645161]]],[[[121.505349970399,25.045412722580647],[121.50944576536313,25.043773880899238],[121.51036485369595,25.045412722580647],[121.50951200655827,25.04685849455497],[121.505349970399,25.045412722580647]]],[[[121.66445451979361,25.08935656525432],[121.6647534526645,25.089082339856855],[121.66466789100002,25.089220260000047],[121.66445451979361,25.08935656525432]]],[[[121.6653323071236,25.088551329019374],[121.66648354299731,25.087495245377248],[121.66632711900002,25.088016700000026],[121.6653323071236,25.088551329019374]]]]}},{"type":"Feature","properties":{"level":2,"label":"普通","min":61,"max":65,"level_min":51,"level_max":100,"color":"#f4db79","metric":"AQI","source":"IDW interpolation from MOENV AQX_P_432 stations","aqi":"60.5-65.5"},"geometry":{"type":"Polygon","coordinates":[[[121.40594878539243,24.84213320396332],[121.40864260900003,24.84073439200006],[121.41016110600003,24.838825015000054],[121.41171656600011,24.83812294100005],[121.41282862900005,24.836870545000068],[121.41564529400011,24.835496556000066],[121.41388454300011,24.83175969900003],[121.41608255400001,24.82874302700003],[121.41620548100002,24.826918067000065],[121.41707065900005,24.825450208000063],[121.42383381700006,24.82530116600003],[121.42503916900012,24.822802196000055],[121.42524872400008,24.820203595000066],[121.42690883600005,24.81913167400006],[121.42787099200007,24.817126531000042],[121.42865966300008,24.816668677000052],[121.42956998400007,24.815276436000033],[121.43207115300004,24.813581288000023],[121.43656605400008,24.812053071000037],[121.43650548500011,24.810425788000032],[121.43729546100008,24.807835529000045],[121.43695724600002,24.805559063000032],[121.4377726140001,24.804614508000043],[121.43801404800001,24.803209431000028],[121.43805317300007,24.80109768500006],[121.43709544300009,24.798179549000054],[121.43815707200008,24.79549574200007],[121.44155511600002,24.793425485000057],[121.44295267900009,24.791799508000054],[121.44570821500008,24.79013290900008],[121.4475187810001,24.790097897000066],[121.4496749650001,24.79105673500004],[121.4504883410001,24.790633511000067],[121.45021121200011,24.789571266000053],[121.44884278000006,24.788244098000064],[121.4495246670001,24.785935839000047],[121.44753640300007,24.784204827000053],[121.4461093650001,24.781853691000038],[121.44426668900007,24.780718084000057],[121.44249101500009,24.78052153400006],[121.44069745900003,24.779239351000058],[121.4380994930001,24.77488991900003],[121.43639373200006,24.77336508700006],[121.4347862940001,24.772646458000054],[121.43164693400001,24.772033539000063],[121.42673390400012,24.768261180000025],[121.42523499700008,24.76668042600005],[121.42330061700011,24.762691405000055],[121.42344760200001,24.761735575000046],[121.42511645900004,24.76121098400006],[121.42587729200011,24.760473115000025],[121.42556690900005,24.758398601000067],[121.42700743500006,24.75533652200005],[121.42802040100003,24.754506417000073],[121.42848742400008,24.753454262000048],[121.42847986000004,24.751519685000062],[121.42919413400011,24.750086133000025],[121.42865277200008,24.748808505000056],[121.42874855900004,24.74789542700006],[121.43020555100009,24.74538860000007],[121.4303672100001,24.743457883000076],[121.43198911000002,24.742240606000053],[121.43274869600009,24.740752176000058],[121.43308688900004,24.739191289000075],[121.43291847100011,24.736963626000033],[121.43525214500005,24.733663664000062],[121.43531617700012,24.732796866000058],[121.4342059390001,24.730130410000072],[121.43678873400006,24.728365654000072],[121.43831990400008,24.726590630000032],[121.44096237200006,24.726082905000055],[121.44153476200006,24.723139669000034],[121.44489689200009,24.715152244000024],[121.44873103100008,24.712301651000075],[121.44911841300006,24.70854812500005],[121.45022470800006,24.70567526800005],[121.45651067600011,24.703249438000057],[121.45986181500007,24.70275833200003],[121.46184512600007,24.701984438000068],[121.46377937600005,24.700916122000024],[121.4667924690001,24.697891895000055],[121.46958675000008,24.696139318000064],[121.47096276400009,24.696785990000024],[121.47423559200001,24.696102093000036],[121.47481039500008,24.693686611000032],[121.4746574720001,24.69281849500004],[121.47304036600008,24.689802229000065],[121.47394534800003,24.685333237000066],[121.4754569480001,24.683512637000035],[121.47546763300011,24.680879752000067],[121.47590395500004,24.67938663800004],[121.4778755210001,24.677312501000074],[121.47999616100003,24.67384909200007],[121.48181486700003,24.67433944900006],[121.4832796720001,24.67380182100004],[121.48473525000009,24.673826550000058],[121.48665148700002,24.675059950000048],[121.48791601700009,24.67519201400006],[121.48859407700002,24.675051558000064],[121.48948770600009,24.674163381000028],[121.49300912100011,24.673243394000053],[121.49635662800006,24.675132536000035],[121.49727120700004,24.676500833000034],[121.49902889200007,24.677947157000062],[121.50256884900011,24.67932249100005],[121.50500048800006,24.67948509400003],[121.50730397400002,24.682337603000065],[121.51014811100003,24.68322547500003],[121.5117422080001,24.684353604000023],[121.51368806000005,24.684303557000078],[121.51471463100006,24.683276474000024],[121.52402634500004,24.683356205000052],[121.52494438200006,24.684491594000065],[121.52695387300002,24.68525467300003],[121.52715994400012,24.68828942400006],[121.52788073300007,24.688968915000032],[121.52949845700005,24.68757330300008],[121.53204351200009,24.687714925000023],[121.53346286200008,24.688423854000064],[121.53656290000004,24.68832764800004],[121.53760143000011,24.690111229000024],[121.5375081950001,24.69380781900003],[121.53887934400007,24.694886118000056],[121.53848475400002,24.696408545000054],[121.53864746500005,24.698021564000044],[121.53798235900001,24.699127747000034],[121.53796371500005,24.700045760000023],[121.540835205,24.702305971000044],[121.54293260300005,24.704668249000065],[121.54320708300008,24.705643863000034],[121.5468841280001,24.70626416500005],[121.54984833500009,24.70569499800007],[121.55094683300001,24.705848382000056],[121.55425932300011,24.70820738200007],[121.55627747900007,24.711146726000038],[121.55824130000008,24.71092799300004],[121.56254306200003,24.712839315000053],[121.56548860900011,24.711709418000055],[121.56777952000004,24.711563201000047],[121.56948783500002,24.71265922300006],[121.57053125300001,24.713887016000058],[121.5721609410001,24.71058262100007],[121.57460952500003,24.71003987200004],[121.57563041800006,24.71104679900003],[121.5772827940001,24.71487373000008],[121.57756599900006,24.72076577300004],[121.5783065710001,24.72235960200004],[121.57965382800012,24.722323575000075],[121.58402941500003,24.720410411000046],[121.58737910100001,24.720190116000026],[121.59057250400008,24.723564344000067],[121.59218646600004,24.72429094100005],[121.59392988500008,24.72583961500004],[121.59754922400009,24.727674428000057],[121.59783927400008,24.729280180000046],[121.59446304700009,24.729227027000036],[121.59377131000008,24.729537484000048],[121.5937271030001,24.730468744000063],[121.59505300300009,24.732771628000023],[121.5941683740001,24.735000008000043],[121.5948968030001,24.736694530000022],[121.59530705800012,24.73963186800006],[121.59493173600004,24.740841484000043],[121.59428650400002,24.74109773300006],[121.59288656800004,24.742859379000038],[121.59197600300001,24.74326895100006],[121.59169087700002,24.744712164000077],[121.59251516600011,24.74585521700004],[121.59466900300004,24.746431406000056],[121.59613331900005,24.74830200100007],[121.59518306200005,24.74880691100003],[121.5945914670001,24.750192033000076],[121.59225676800008,24.75030588000004],[121.59032819300012,24.751244577000023],[121.58897432100002,24.75515226600004],[121.58950270300011,24.757359073000032],[121.59076355700006,24.758703740000044],[121.59045463900009,24.76034247900003],[121.59077870100009,24.761344579000024],[121.59333896400005,24.76470884200006],[121.59618988900002,24.76680641100006],[121.59558848100005,24.76930075300004],[121.59759722100011,24.772419419000073],[121.59446515400009,24.778810793000048],[121.59437444200012,24.78086193300004],[121.59325903500007,24.78210703900004],[121.59338114800005,24.78502527300003],[121.59208411700001,24.78773403400004],[121.59366109300004,24.78729749200005],[121.59899128900008,24.787734991000036],[121.60293216500008,24.789439367000057],[121.60564373500006,24.789126114000055],[121.60715863500002,24.79039597600007],[121.60963679000008,24.79376568600003],[121.61333525100008,24.793198104000055],[121.61681071500004,24.793887900000072],[121.62096116900011,24.792503170000032],[121.62345682400007,24.794331154000076],[121.62547147300006,24.795060170000056],[121.62601328300002,24.79666844700006],[121.6248152600001,24.80161005800005],[121.62611946100003,24.803351674000055],[121.62643171200011,24.80553913400007],[121.62572066900009,24.80834023700004],[121.62599613100008,24.808813323000038],[121.62866437600007,24.807960093000077],[121.63041059600005,24.809018929000047],[121.63742740400005,24.80951692800005],[121.63880284000004,24.81072537400007],[121.64004411000008,24.810323459000074],[121.64203147300009,24.81043922200007],[121.64414869000007,24.809252469000057],[121.64503658000001,24.809289337000052],[121.6462118930001,24.81031329900003],[121.64726974500002,24.813803393000057],[121.64883851800005,24.812581764000072],[121.65051893800012,24.812968311000077],[121.6515903830001,24.811814705000074],[121.65289874900009,24.81132264000007],[121.66069020900011,24.810828607000076],[121.6610017590001,24.811885844000074],[121.66315036900005,24.812748931000044],[121.66492671200001,24.814485881000053],[121.66869607900003,24.816855661000034],[121.66899928100008,24.81799672300008],[121.67435501400007,24.814123281000036],[121.67543051300004,24.814666636000027],[121.67715642400003,24.814091604000055],[121.67890053800011,24.815326845000072],[121.68053512300003,24.817370654000058],[121.68133383500003,24.817618904000028],[121.68298623200008,24.81691896800004],[121.68601939400003,24.817551666000043],[121.68721743700007,24.816257163000046],[121.68844599400006,24.816193734000024],[121.68932914700008,24.81732783500007],[121.68895045300007,24.819328039000027],[121.6900907590001,24.82135343300007],[121.68967857100006,24.822712814000056],[121.68775784500008,24.824191604000077],[121.68773901400004,24.825064519000023],[121.68904635600006,24.826274084000033],[121.69093261500007,24.82716028300007],[121.69229306200009,24.827279856000075],[121.69433782600004,24.829073507000032],[121.696059665,24.829782614000067],[121.6964018750001,24.830596123000078],[121.6961272640001,24.83188113500006],[121.69671079800003,24.833728602000065],[121.69639538100012,24.834494423000024],[121.69803940700001,24.834200719000023],[121.69916435900006,24.83557656100004],[121.70039806000011,24.834600205000072],[121.70197020700004,24.834451114000046],[121.706663036,24.837721678000037],[121.70732948900002,24.838770878000048],[121.70831984800009,24.839027377000036],[121.7089776900001,24.84057686500006],[121.71159070100009,24.84148821100007],[121.71426741000005,24.84178305100005],[121.71522402200003,24.84291412700003],[121.71566222000001,24.84438970700006],[121.71865175300002,24.845654095000043],[121.71982002900006,24.84576737900005],[121.71954348800011,24.846473613000057],[121.72060153100006,24.848535019000053],[121.72181250200003,24.849708935000024],[121.72528106800007,24.85087102700004],[121.72710752500006,24.853081209000038],[121.73030817800009,24.855174202000057],[121.733072676,24.855874148000055],[121.73672454300004,24.855672732000073],[121.73842709500002,24.85523787900007],[121.7419172650001,24.852496159000054],[121.74578333600004,24.852853346000074],[121.74735498500002,24.853671956000028],[121.74784257400006,24.854906951000032],[121.7491480440001,24.85502437400004],[121.75053075900007,24.85449542400005],[121.75132994000012,24.85493046700003],[121.753555548,24.855032553000058],[121.75349535500004,24.85581654200007],[121.754212101,24.856355175000033],[121.76104740900007,24.85675213600007],[121.76104898800008,24.85779902400003],[121.76183827000011,24.858117126000025],[121.76207071200008,24.858652036000024],[121.76208898100003,24.85930348100004],[121.76151503400001,24.86001340000007],[121.76278935100004,24.86125521200006],[121.76342853300002,24.859946080000043],[121.76430743100002,24.859860140000023],[121.76622956500012,24.86264608600004],[121.76786608800012,24.863706984000032],[121.76751245800006,24.865140374000077],[121.76848841300011,24.865783375000035],[121.76910893000002,24.865934939000056],[121.77115215800006,24.864869052000074],[121.77542665100009,24.865083491000064],[121.7757343830001,24.865868297000077],[121.7752342660001,24.866808675000073],[121.77730010500011,24.869715131000078],[121.77738535600008,24.87081305600003],[121.78076377400009,24.872275252000065],[121.78321742300011,24.874216227000034],[121.784398957,24.873625110000035],[121.78517286300007,24.87413570600006],[121.78464395800006,24.874942950000047],[121.78490879600008,24.875819412000055],[121.7843617850001,24.877434754000035],[121.78224085700003,24.879184353000028],[121.78194010700008,24.884584602000075],[121.78230077100011,24.886799968000048],[121.7816848110001,24.889465878000067],[121.78298646500002,24.89038140400004],[121.78550270100004,24.89054515400005],[121.78572776200008,24.892429573000072],[121.79001026300011,24.893454227000063],[121.79058173500005,24.89458748000004],[121.79293794600005,24.896157147000054],[121.79306964600005,24.89698733000006],[121.79201467300004,24.897825802000057],[121.79191435200005,24.899810384000034],[121.79518415200005,24.89975261400008],[121.79725702300004,24.901618950000056],[121.79753489600012,24.901145409000037],[121.79888989300002,24.900865002000046],[121.79990451900005,24.901193729000056],[121.80209354300007,24.900980636000043],[121.80347181600007,24.90180810000004],[121.80462333900005,24.901189380000062],[121.80600542000002,24.902021415000036],[121.80620947600005,24.902565223000067],[121.81050246600012,24.903664750000075],[121.810556786,24.90534196400006],[121.811207738,24.90632597700005],[121.81175226800008,24.90650355500003],[121.81537836400003,24.904691513000046],[121.81744713700004,24.90300063600006],[121.8185893540001,24.902733918000024],[121.81974140300008,24.90288361200004],[121.82230772500009,24.90449414400007],[121.82551476300011,24.90526221500005],[121.82696029800002,24.904621276000057],[121.8282655590001,24.905360512000073],[121.831708423,24.904880130000038],[121.83327083100005,24.90657688700003],[121.8345753100001,24.90691103000006],[121.8359580020001,24.907956692000027],[121.83808782300002,24.91014029200005],[121.83965483400004,24.91276255500003],[121.84227789900001,24.91514858100004],[121.84395222100011,24.915966103000073],[121.84531571100001,24.918033774000037],[121.84577352800011,24.91951223800004],[121.84978775600007,24.92208008600005],[121.8508482740001,24.923423435000075],[121.852123774,24.923736028000064],[121.85396617200001,24.925833170000033],[121.85386843200001,24.927750160000073],[121.8516497170001,24.929263595000066],[121.84914500800005,24.930327740000052],[121.8493641770001,24.931213297000056],[121.84789161800006,24.933820996000065],[121.84785335400011,24.93542449000006],[121.84673627500001,24.937714566000068],[121.84570278300009,24.938394136000056],[121.84240917500006,24.939414063000072],[121.84170884500008,24.94077804500006],[121.83998245400005,24.941901028000075],[121.83904781600006,24.944635945000073],[121.839246763,24.946424841000066],[121.84075653000002,24.94800990500005],[121.84171454000011,24.951038969000024],[121.84125886100003,24.952660778000052],[121.84140651700011,24.954219114000068],[121.84286446200008,24.95503399200004],[121.84347901100011,24.956898825000053],[121.84509053400006,24.957672839000054],[121.8456093310001,24.959320130000037],[121.84677278000004,24.960195931000044],[121.84866119500009,24.960026842000048],[121.85043492400007,24.961151075000032],[121.85179781600004,24.959920875000023],[121.85397985300006,24.959955696000065],[121.85431184600009,24.96153612300003],[121.85859549400004,24.963341188000072],[121.8611218960001,24.96366511800005],[121.86362884300001,24.96213399800007],[121.86575781700003,24.96216477400003],[121.87155157000007,24.960719311000048],[121.873136466,24.961537863000046],[121.87605702200005,24.96145656300007],[121.87773007800001,24.962651136000034],[121.87925861500003,24.96273981400003],[121.88231360700001,24.964131630000054],[121.88397405,24.964375163000057],[121.88686001500002,24.963974885000027],[121.88850509500003,24.96317512400003],[121.8894477340001,24.96469259500003],[121.89181616500002,24.965128470000025],[121.89582992300006,24.96697707800007],[121.89720398300005,24.96706701000005],[121.89944534000006,24.969420185000047],[121.89944876100003,24.97029698700004],[121.90012804500009,24.971555549000072],[121.90282820300001,24.97437903200006],[121.90403853900011,24.97467560700005],[121.90548831900003,24.973477367000044],[121.90624169400007,24.974261092000063],[121.90654191100009,24.975341541000034],[121.90826466300007,24.975863227000048],[121.91032722200009,24.974773716000072],[121.91092406500002,24.97688388000006],[121.91241541000011,24.978257342000063],[121.91413330000012,24.97868660900008],[121.91481726200004,24.97933135900007],[121.91625051400001,24.979473308000024],[121.9173239380001,24.978796516000045],[121.91818729500005,24.979026039000075],[121.91905747300007,24.978656525000076],[121.92069292600002,24.979688085000078],[121.92176147000009,24.978798951000044],[121.92274368900007,24.97860054800003],[121.92671608800003,24.980079201000024],[121.92841202900001,24.97966475000004],[121.92900523300011,24.980378169000062],[121.9305339340001,24.981007817000034],[121.93341409700008,24.98088693400007],[121.93392423900002,24.98124882600007],[121.9346111210001,24.983246103000056],[121.93596966500002,24.983387875000062],[121.93740966000007,24.983017139000026],[121.9385581890001,24.984782494000058],[121.94042034600011,24.984445251000068],[121.941074447,24.985645359000046],[121.94310557300003,24.98647021200003],[121.94379931100002,24.987829889000068],[121.94464081900003,24.98817837200005],[121.94581117300004,24.98778860400006],[121.94645461000005,24.98694514600004],[121.94770723700003,24.986673508000024],[121.95057662200009,24.98834181500007],[121.95298306600012,24.987997393000057],[121.95525327700011,24.988335629000062],[121.95803526800012,24.987304479000045],[121.95986505500002,24.988408811000056],[121.96114567100005,24.988257258000033],[121.9629055800001,24.987704303000044],[121.96598638800003,24.98314643300006],[121.96669669100004,24.98253180100005],[121.96723658500002,24.982676498000046],[121.96759600500002,24.98312686500003],[121.96766583500005,24.98468632500004],[121.97041326400006,24.985075374000075],[121.97094119100007,24.984612381000034],[121.97172162400011,24.985074844000053],[121.97196487700012,24.984593283000038],[121.97221645400009,24.985361536000028],[121.97474712100006,24.98529198400007],[121.97607525600006,24.98880856100004],[121.97754351800006,24.990067714000077],[121.98092363400008,24.991079957000068],[121.98388441400004,24.99055517100004],[121.98599164200004,24.992119467000066],[121.98929934800003,24.993747390000067],[121.99065826900005,24.995725023000034],[121.99486965800008,24.99948461100007],[121.99606304200006,24.999499686000036],[121.99573460700003,24.99992298500007],[121.99668131200008,25.00076097500005],[122.00358806100007,25.001998143000037],[122.00516143000004,25.001547406000043],[122.00599431800003,25.00332185700006],[122.00531494800009,25.004491072000064],[122.00574669200012,25.007917079000038],[122.00694890000011,25.00802165600004],[122.0070617780001,25.00863775700003],[122.00584406700011,25.00863774100003],[122.00750061700012,25.011734800000056],[122.00663430100008,25.011012721000043],[122.00597633900009,25.011714721000033],[122.00587526200002,25.012542176000068],[122.00528573500003,25.01289727900007],[122.0051357320001,25.01346621400006],[122.00559147700005,25.014238814000066],[122.00531206300002,25.01430930600003],[122.0062777280001,25.015157040000076],[122.00544453200007,25.014832201000047],[122.00500310500001,25.01566500200005],[122.0041369920001,25.015494224000065],[122.00310558100011,25.01443772700003],[122.00260198400008,25.014880444000028],[122.00276957200003,25.014523497000027],[122.00181919800002,25.014805616000046],[122.00159627900007,25.015101989000073],[122.00212578800006,25.015275857000063],[122.00144595900008,25.01523030900006],[121.9999086140001,25.01842276600007],[121.99919876100012,25.01895344600007],[121.99911531300006,25.019613123000056],[121.99792523300005,25.019800107000037],[121.99776832600003,25.02075760200006],[121.99763554700007,25.01955630200007],[121.99634440200009,25.018784503000063],[121.99393453900007,25.016019632000052],[121.99319435100006,25.01428171200007],[121.99192133300005,25.013670036000065],[121.99163198200006,25.01287694100006],[121.9911832040001,25.012953969000023],[121.9914545470001,25.014969852000036],[121.99228615900006,25.01647074600004],[121.99016814800007,25.021060033000026],[121.9830208410001,25.02491732900006],[121.97788958900003,25.026612844000056],[121.97365109300006,25.02656150100006],[121.96993315500004,25.025482658000044],[121.96839046200012,25.02424785900007],[121.96692588200006,25.023922234000054],[121.96486619300003,25.024682578000068],[121.96088318400007,25.022989367000037],[121.95870766300004,25.022963951000065],[121.95600455300007,25.022359523000034],[121.955061322,25.022648059000062],[121.95465675700007,25.022318705000032],[121.95085449700002,25.021882912000024],[121.95021179800005,25.02234603200003],[121.94996126900003,25.02221363500007],[121.95062393900002,25.021829644000036],[121.94973645800007,25.02164642400004],[121.94996553900012,25.020459350000067],[121.94718818500007,25.021045530000038],[121.94224929200004,25.024636647000023],[121.9345559090001,25.032358704000046],[121.93205785700002,25.035855285000025],[121.93075673900012,25.038594938000074],[121.92896291600005,25.04099535200004],[121.92905132300007,25.041309926000054],[121.93019975100003,25.04143577800005],[121.92952751400003,25.041613496000025],[121.93026834400007,25.041712378000057],[121.9299986420001,25.041895269000065],[121.92940815800011,25.041964946000064],[121.9303332720001,25.04206817200003],[121.92910443900007,25.042157085000042],[121.92895845900011,25.04318480200004],[121.93011813600003,25.04324864800003],[121.929496459,25.043511297000066],[121.93034912600001,25.044050809000055],[121.93030483700011,25.04552963200007],[121.92895358300007,25.046235379000052],[121.92976071900011,25.05134750700006],[121.93040452200012,25.052814527000066],[121.9315728040001,25.05410841500003],[121.93070629700003,25.055909730000053],[121.93132922500001,25.056323258000077],[121.93066361300009,25.05988413500006],[121.93121147200009,25.06002440800006],[121.93072400200003,25.060919874000035],[121.93162547700001,25.060911262000047],[121.93136701900005,25.061685578000038],[121.93165727200005,25.06214704300004],[121.93125570500001,25.06286175400004],[121.9316471190001,25.063271658000076],[121.93016184800001,25.066279832000077],[121.92814736100001,25.06881660700003],[121.92845616000011,25.070865602000026],[121.92448812200007,25.072658352000076],[121.91985277800006,25.07629881300005],[121.91666336100002,25.075969994000047],[121.91554354700008,25.076640489000056],[121.91546047800011,25.07857560000008],[121.91605997900001,25.079237344000035],[121.91662963800002,25.07909670300006],[121.91618278600004,25.079686761000062],[121.91687414500007,25.081401674000062],[121.9144161690001,25.085477222000065],[121.91450665900004,25.08877341300007],[121.91484196100009,25.088822621000077],[121.9144343910001,25.08974765800008],[121.91580148100002,25.091507705000026],[121.916006465,25.09254039800004],[121.9175174180001,25.09427381200004],[121.91959454900007,25.094851325000036],[121.9197192150001,25.097686226000064],[121.91934939600003,25.098917461000042],[121.91872111700002,25.099222603000044],[121.9185642540001,25.100221754000074],[121.91914244800012,25.10024581600004],[121.91897226000003,25.101099975000068],[121.91927318600005,25.101133511000057],[121.91944920700007,25.102236977000075],[121.91991910100012,25.10252633600004],[121.91976116100011,25.10279201800006],[121.92071188000011,25.102911135000056],[121.9206313520001,25.10347155200003],[121.92182077500001,25.104008891000035],[121.92409333100011,25.10362776200003],[121.92329709300009,25.104478271000062],[121.92343908900011,25.105221241000038],[121.92545611800006,25.10610048500007],[121.92655249100005,25.108145556000068],[121.92319876800002,25.113282535000053],[121.9211770600001,25.114144512000053],[121.92126585900007,25.113692513000046],[121.92004931500003,25.11299854400005],[121.918282395,25.112584989000027],[121.916037361,25.113857774000053],[121.91607939900007,25.114916377000043],[121.91694738000001,25.116176617000065],[121.92081603200006,25.117459042000064],[121.92120760400007,25.121316832000048],[121.92293827800006,25.122573542000055],[121.92414473400004,25.124037324000028],[121.92679068100006,25.12884207700006],[121.92604406800001,25.129664668000032],[121.9240205640001,25.130116788000066],[121.92225531300005,25.129543226000067],[121.92120064100004,25.128488821000076],[121.91970030800007,25.12785165100007],[121.91647749600008,25.127262849000033],[121.91554103300007,25.126413247000073],[121.91475536400003,25.124240472000054],[121.91378004100011,25.124155422000058],[121.91354543600005,25.124745775000065],[121.91188172300008,25.12419375500008],[121.91077994700004,25.12335696200006],[121.9045297450001,25.124320754000053],[121.9040057420001,25.122830020000038],[121.90311541800008,25.122755943000072],[121.9017557300001,25.121298773000035],[121.89707350300012,25.119694438000067],[121.8961792770001,25.120097944000065],[121.89601063200007,25.120886580000047],[121.89566326300007,25.120957461000046],[121.89504073300009,25.120811220000064],[121.89461822500004,25.120155413000077],[121.89350444800004,25.120090291000054],[121.89317177800001,25.120649141000058],[121.89284157600002,25.119894635000037],[121.89283295900009,25.12029092800003],[121.89230017400007,25.120299528000032],[121.89214209300007,25.119738012000028],[121.89164470000003,25.119566548000023],[121.89126016500006,25.120159750000028],[121.88996217200008,25.119851117000053],[121.88897766500008,25.120617245000062],[121.88971161000006,25.12171993000004],[121.88836957800004,25.122546580000062],[121.88730195500011,25.12249428000007],[121.88787359600008,25.123134622000066],[121.88629721600012,25.12248185800007],[121.88446895700008,25.123297824000076],[121.88451782900006,25.123934618000078],[121.8834241510001,25.123330805000023],[121.88309623000009,25.123912365000024],[121.88053311500005,25.123446242000057],[121.88068389000011,25.123972067000068],[121.8799800910001,25.123075192000044],[121.87932460200011,25.12307903800007],[121.87847631400007,25.12338458000005],[121.87843909100002,25.123907522000025],[121.8779587890001,25.12362121900003],[121.87741529300001,25.12504395600007],[121.87599229500006,25.12556183600003],[121.87475431100006,25.124854493000043],[121.8743947050001,25.12551628700004],[121.87348610000004,25.124828582000077],[121.87270333700008,25.125255025000058],[121.87151111500009,25.12380022700006],[121.87068919400008,25.124219577000076],[121.87028257100008,25.125309039000058],[121.86971018400004,25.125246205000053],[121.86914397500004,25.12402297700004],[121.86829330600006,25.123720862000027],[121.86860029400009,25.12329746000006],[121.86504269700004,25.12314441500007],[121.86421083800008,25.124045220000028],[121.86263210600009,25.124301657000046],[121.86293467400003,25.124750327000072],[121.86248449100003,25.126329333000058],[121.86163998500001,25.125276505000045],[121.86134123600004,25.12510215900005],[121.86113607300001,25.12547038400004],[121.86053295500005,25.124602348000053],[121.85632040000007,25.124816502000044],[121.84894821900002,25.127251345000047],[121.84571113800007,25.12711164700005],[121.84286990700002,25.12782091500003],[121.84297561200003,25.128440646000058],[121.8418605920001,25.12885616400007],[121.84206304000008,25.128139631000067],[121.84129978700003,25.128654647000076],[121.84157325700005,25.128098051000052],[121.84070273700002,25.128597515000024],[121.8403471360001,25.128197084000078],[121.83977923200007,25.128503522000074],[121.83945452500006,25.128064064000057],[121.8390232480001,25.128584069000055],[121.83885343700001,25.128257113000075],[121.83823275300006,25.128577647000043],[121.83704920000002,25.12796295100003],[121.83669789500004,25.12843068500007],[121.83606240300003,25.128264311000066],[121.83655806000002,25.128216483000074],[121.83630645200003,25.128001486000073],[121.83419274300002,25.128440993000027],[121.83428516100003,25.12754847000008],[121.83335282000007,25.126995586000078],[121.83177466100005,25.127723983000067],[121.83192413300003,25.12738385800003],[121.83147544000008,25.127149003000056],[121.83028061300001,25.127793379000025],[121.82871781500012,25.12759089000008],[121.82856114100002,25.126991892000035],[121.82955928000001,25.124397826000063],[121.82815205500003,25.12276207900004],[121.8273800290001,25.124421312000038],[121.82772849100002,25.12521811700003],[121.82639171700009,25.124169282000025],[121.82693264500006,25.124031340000045],[121.82727295000007,25.124467046000063],[121.82797481400007,25.122194726000032],[121.82730434900009,25.122632691000035],[121.82564859000001,25.122545038000055],[121.8253299270001,25.12192781600004],[121.82268365000004,25.12151071100004],[121.82106833500006,25.122400025000047],[121.81991296500007,25.124169486000028],[121.82029731400007,25.124461144000065],[121.81975415300008,25.12443378200004],[121.81964267700005,25.124770777000037],[121.82045218300004,25.12530614900004],[121.81961145600008,25.12514189700005],[121.81942164100008,25.125601765000056],[121.81909930600011,25.12681348600006],[121.81946138600006,25.126744245000054],[121.81942187800007,25.128633887000035],[121.81988792600009,25.129430865000074],[121.82174265600008,25.13067862200006],[121.8219389950001,25.132589169000028],[121.82412550200002,25.13197652200006],[121.82341364000001,25.132656650000058],[121.82663213700005,25.13584174700003],[121.82269520200009,25.13626940000006],[121.81807748300002,25.134252137000033],[121.81542276300002,25.134758256000055],[121.81042554300006,25.13309950300004],[121.80782523009408,25.134479185748635],[121.81186228435212,25.122284393548387],[121.81488830501219,25.110146761290324],[121.81693261468621,25.098009129032256],[121.81804225421965,25.085871496774192],[121.8181931841783,25.07373386451613],[121.81736661453931,25.061596232258065],[121.81557240338581,25.0494586],[121.81271239403793,25.037320967741934],[121.81020877691306,25.029229212903225],[121.8054450429206,25.01709158064516],[121.79939084718013,25.004953948387097],[121.7945283319063,24.996862193548388],[121.78580112854097,24.98472456129032],[121.77886391876768,24.97663280645161],[121.77082447990762,24.968541051612902],[121.76142087436536,24.960449296774193],[121.75240051396648,24.953805649808466],[121.74377129626662,24.94831166451613],[121.73215428491619,24.94202438860585],[121.72405579329609,24.938307414213646],[121.71190805586592,24.93361580968978],[121.69976031843575,24.929845427468464],[121.68761258100558,24.92686290669642],[121.67566638097847,24.92457220545615],[121.65926786033519,24.922200445850237],[121.64307087709497,24.920443285830505],[121.60257841899441,24.916632730480185],[121.58233218994413,24.915488502771677],[121.57018445251396,24.915815456635883],[121.56208596089385,24.916687512434223],[121.55398746927374,24.918255541942177],[121.54183973184357,24.922301599541452],[121.53374124022346,24.926468806681726],[121.5296919944134,24.92914664074139],[121.5215935027933,24.936162749223374],[121.51754425698323,24.94079750878345],[121.51509622175128,24.944265787096775],[121.51060229170774,24.952357541935484],[121.50893941480582,24.95640341935484],[121.50653329714775,24.964495174193548],[121.502994138354,24.98472456129032],[121.49709298016116,25.004953948387097],[121.49618433756822,25.013045703225806],[121.4964906349151,25.01709158064516],[121.49747957220337,25.021137458064516],[121.49928827362582,25.02518333548387],[121.50134727374301,25.02807560368729],[121.50539651955307,25.0320766223657],[121.50944576536313,25.034834018540796],[121.51349501117318,25.036332286468483],[121.5215935027933,25.03820367478067],[121.54022544292458,25.04136684516129],[121.54588897765363,25.043967493789378],[121.54734839330979,25.045412722580647],[121.55010720606003,25.0494586],[121.55628173870011,25.06564210967742],[121.55995241585705,25.07373386451613],[121.5661352067039,25.08466691122201],[121.57201853124708,25.0939632516129],[121.57624781419959,25.102055006451614],[121.57898734529861,25.110146761290324],[121.57962301213581,25.114192638709678],[121.57959019998898,25.118238516129033],[121.57863386683321,25.122284393548387],[121.57623223498403,25.126330270967742],[121.57097643314896,25.130376148387096],[121.56208596089385,25.133395561676554],[121.53779048603351,25.137512591273893],[121.5296919944134,25.13930963949297],[121.5215935027933,25.141848514574843],[121.51349501117318,25.14548195326567],[121.50944576536313,25.147946916860693],[121.50539651955307,25.151101345075823],[121.5018100452717,25.154651412903224],[121.4986078028274,25.158697290322582],[121.49611065108465,25.162743167741937],[121.49245949368452,25.170834922580646],[121.48984780270062,25.178926677419355],[121.48781493210645,25.187018432258064],[121.48622153416692,25.195110187096773],[121.48452034588115,25.207247819354837],[121.48181596640134,25.239614838709677],[121.47923568185296,25.25175247096774],[121.47546662483711,25.26293517770777],[121.47488728100006,25.260613013000068],[121.47287881300008,25.25732036000005],[121.471574959,25.255991495000046],[121.46735348900006,25.253304998000033],[121.46251234200008,25.252048910000042],[121.45618347000004,25.253158351000025],[121.452687136,25.252810160000024],[121.45075579900004,25.250788104000037],[121.44762921600011,25.246662753000066],[121.4458161010001,25.24256000300005],[121.4461193940001,25.240362531000073],[121.445368142,25.237967627000046],[121.4434127510001,25.234230524000054],[121.4435264650001,25.232524716000057],[121.44229102200006,25.229706375000035],[121.44088823100003,25.228424439000037],[121.44028458500009,25.226265178000062],[121.43731314500008,25.219671386000073],[121.43764055800011,25.218018482000048],[121.43710422000004,25.217493887000046],[121.4337813076703,25.21666810167299],[121.44465783240223,25.2121521512841],[121.45275632402235,25.207383662825535],[121.46085481564245,25.20088749626431],[121.46490406145251,25.196591912902583],[121.46895330726257,25.191235282177615],[121.47361870093769,25.18297255483871],[121.47678835918313,25.1748808],[121.47792714422967,25.170834922580646],[121.47999987672966,25.158697290322582],[121.48136291781287,25.14251378064516],[121.48323261900491,25.13442202580645],[121.48489502690927,25.130376148387096],[121.4932487821229,25.114589314142766],[121.49925777173883,25.102055006451614],[121.50213766875609,25.098009129032256],[121.50606632342696,25.0939632516129],[121.50944576536313,25.09141398694108],[121.51349501117318,25.089263691748616],[121.51754425698323,25.087832241247096],[121.52632077322463,25.085871496774192],[121.5296919944134,25.08451312834909],[121.53353196745488,25.081825619354838],[121.53633776178967,25.077779741935483],[121.53779048603351,25.074192460766437],[121.53867470703933,25.069687987096774],[121.53876301832216,25.06564210967742],[121.53806398970023,25.061596232258065],[121.53603728680606,25.05755035483871],[121.53374124022346,25.055126565691943],[121.53152474992345,25.053504477419356],[121.5296919944134,25.052617355059095],[121.52564274860335,25.05156727440233],[121.5215935027933,25.0512754366918],[121.51754425698323,25.05178982845483],[121.50944576536313,25.054388134362725],[121.50539651955307,25.054924861640483],[121.50134727374301,25.05393232114417],[121.49560052589833,25.0494586],[121.48993080086015,25.04136684516129],[121.48575548915683,25.03327509032258],[121.48456762284087,25.029229212903225],[121.48364457041679,25.021137458064516],[121.48289297384817,25.000908070967743],[121.48067341029267,24.97663280645161],[121.47820197715018,24.964495174193548],[121.47300255307262,24.949859719285154],[121.46895330726257,24.941127980532872],[121.44870707821228,24.900861658827846],[121.43663868695323,24.879531748387098],[121.42846084916201,24.867503565542208],[121.42036235754189,24.857228432285197],[121.41226386592179,24.848302740791876],[121.40594878539243,24.84213320396332]],[[121.505349970399,25.045412722580647],[121.50944576536313,25.04697078861008],[121.51036485369595,25.045412722580647],[121.50944576536313,25.043773880899238],[121.505349970399,25.045412722580647]]]}},{"type":"Feature","properties":{"level":2,"label":"普通","min":66,"max":70,"level_min":51,"level_max":100,"color":"#efd168","metric":"AQI","source":"IDW interpolation from MOENV AQX_P_432 stations","aqi":"65.5-70.5"},"geometry":{"type":"Polygon","coordinates":[[[121.28268808500002,25.11006304700004],[121.28308320000008,25.109272831000055],[121.28520355600006,25.10859597800004],[121.28696405300002,25.106898219000072],[121.29028793900011,25.10682261200003],[121.29162030300006,25.10263855000005],[121.29539482300004,25.10299900700005],[121.29807496600006,25.104526933000045],[121.29905356600011,25.104090432000078],[121.29984405800008,25.10350242800007],[121.30010503500012,25.10219447700007],[121.30129371300006,25.10154859000005],[121.30151043900003,25.098188168000036],[121.30278558600003,25.096790455000075],[121.30457544400008,25.096370342000057],[121.30534192400012,25.096746241000062],[121.30707373100006,25.09676309200006],[121.30936164800005,25.096216518000062],[121.3103843350001,25.09655101800007],[121.31566929700011,25.094245442000044],[121.31711371100005,25.09396422900005],[121.31832897700008,25.09299410400007],[121.32494796700007,25.09257124900006],[121.32805294800005,25.090984],[121.3300751810001,25.088335863000054],[121.33264213300004,25.08671984500006],[121.33637844600003,25.085201191000067],[121.33793427191652,25.083959533701783],[121.34019845119283,25.089917374193547],[121.3428836472852,25.0939632516129],[121.34747593296089,25.09843865832423],[121.35152517877094,25.100990721986566],[121.355574424581,25.102680211110325],[121.35962367039106,25.10365409596627],[121.36367291620111,25.1040010003127],[121.36772216201116,25.103754226312542],[121.37177140782123,25.102908882026654],[121.37582065363128,25.101432111652755],[121.37986989944133,25.099262618394288],[121.38652410518094,25.0939632516129],[121.39606688268155,25.083748635937905],[121.40011612849162,25.08151122842855],[121.40416537430167,25.080751394270685],[121.42441160335196,25.081055494498774],[121.43251009497206,25.080264726605414],[121.44465783240223,25.077945194683405],[121.44870707821228,25.077610050954668],[121.45275632402235,25.078355340126443],[121.4568055698324,25.080651580881238],[121.46405164373846,25.085871496774192],[121.46895330726257,25.08824486770339],[121.47300255307262,25.089474199486908],[121.47705179888267,25.090089855151994],[121.48515029050279,25.089784383341392],[121.4932487821229,25.087754270233745],[121.49719135120999,25.085871496774192],[121.50246773790221,25.081825619354838],[121.50530080767585,25.077779741935483],[121.50738896145188,25.07373386451613],[121.50944576536313,25.0714954997528],[121.51349501117318,25.07084120828475],[121.51754425698323,25.06729879661069],[121.51820047838086,25.06564210967742],[121.51801601809862,25.061596232258065],[121.51754425698323,25.06088077315395],[121.51349501117318,25.058601293170682],[121.50944576536313,25.060147632035637],[121.50706876203729,25.061596232258065],[121.50539651955307,25.064820420289738],[121.50134727374301,25.06406384188109],[121.48515029050279,25.05553456160107],[121.48110104469274,25.054079462662884],[121.47705179888267,25.053244294075277],[121.46895330726257,25.052333528130102],[121.46490406145251,25.050252756316187],[121.46309573180763,25.045412722580647],[121.46251779693239,25.037320967741934],[121.46281810333885,25.03327509032258],[121.46393590466825,25.029229212903225],[121.46895330726257,25.019797812942187],[121.46981476895046,25.01709158064516],[121.47024291313356,25.013045703225806],[121.46960437564782,25.008999825806452],[121.46746424644834,25.004953948387097],[121.46490406145251,25.002250881481316],[121.46085481564245,25.000249995426287],[121.4568055698324,24.999682532273862],[121.45275632402235,25.00002904683653],[121.44465783240223,25.001636111321947],[121.44060858659218,25.002029095315162],[121.42441160335196,25.001144932326717],[121.41631311173184,25.001831860617852],[121.41226386592179,25.002779645810225],[121.40416537430167,25.00607034729636],[121.39929940450826,25.008999825806452],[121.39246186903672,25.014661824678303],[121.39265758500005,25.013855015000047],[121.39216946200008,25.01265176100003],[121.39117631200008,25.01214696100004],[121.39382860600006,25.009705833000055],[121.39951801600012,25.00697040600005],[121.39980834800008,25.005824735000033],[121.4003541290001,25.00554052900003],[121.40018738700007,25.004314735000037],[121.40206890900004,25.00246876800003],[121.40190631500002,25.00116384100005],[121.40326664000008,25.000249117000067],[121.40326661800009,24.999464554000042],[121.40271105500005,24.998899961000063],[121.40158952000002,24.999165428000026],[121.39998321600001,24.998291977000065],[121.39870134900002,24.99835479500007],[121.39694716300005,24.997326653000073],[121.39650475200006,24.995615950000058],[121.39402375000009,24.99342376100003],[121.39060909800003,24.99326278500007],[121.38997649500004,24.99458827600006],[121.38784216600004,24.99643167100004],[121.38411790700002,24.99566879400004],[121.38360276800006,24.993295243000034],[121.38432314200008,24.991684073000044],[121.38345681300007,24.988664116000052],[121.38558775600006,24.986341391000053],[121.38242538500003,24.984010785000066],[121.38095435800005,24.984288811000056],[121.37880568100002,24.98323105700007],[121.37672756300003,24.98124586700004],[121.37545554500002,24.98113300600005],[121.3724040300001,24.979939486000035],[121.37105026400002,24.978100109000025],[121.36904040500008,24.976799175000053],[121.36590445500008,24.97858952000007],[121.36466772900008,24.978734521000035],[121.36371932700001,24.97958811600006],[121.36134302000005,24.978706497000076],[121.36115299200003,24.977800742000056],[121.35854480800003,24.978204066000046],[121.35761653600002,24.977816833000077],[121.35420338300003,24.97778310700005],[121.35338507600011,24.978460663000078],[121.35297869900012,24.980328803000077],[121.35223947200006,24.980828303000067],[121.34846629900005,24.979735745000028],[121.34701863100008,24.97888906000003],[121.34258990300009,24.982171683000047],[121.34211006200007,24.981008704000033],[121.34113292000006,24.980267854000033],[121.34005969100008,24.98010792900004],[121.33890745300005,24.98069213900004],[121.33671059400001,24.980659051000032],[121.33579018300009,24.979880180000066],[121.33473723400004,24.979777565000063],[121.3346668580001,24.979139522000025],[121.33397400600006,24.978725220000058],[121.33172734200002,24.978609257000073],[121.33083901300006,24.97935431800005],[121.32864186300003,24.978466766000054],[121.32749439100007,24.978492046000042],[121.3271212090001,24.978093256000022],[121.32724085100006,24.977534845000037],[121.32859617600002,24.976347908000037],[121.32742817000008,24.975429044000066],[121.3274385090001,24.97474651700003],[121.323691327,24.972827946000052],[121.32381415100008,24.97143639500007],[121.32455580500005,24.971107243000063],[121.32786195800008,24.972812169000065],[121.32849127500003,24.972042069000054],[121.3283301030001,24.970932705000052],[121.32890143200007,24.969600915000058],[121.32853494400001,24.968356312000026],[121.32710307700006,24.966738561000057],[121.32885195100005,24.967884067000057],[121.32980553200002,24.966892905000066],[121.32812830000012,24.96557120400007],[121.32871297200006,24.964101949000053],[121.3291536160001,24.960576245000027],[121.32809394800006,24.955185735000043],[121.32799512100007,24.949187675000076],[121.32986059100006,24.946755280000048],[121.33162879200006,24.94564175800008],[121.33049470500009,24.944581517000074],[121.3241436080001,24.943291724000062],[121.3157813140001,24.938472929000056],[121.31800407800006,24.934976294000023],[121.3196534120001,24.93429141300004],[121.32010686500007,24.933561057000077],[121.32064985300008,24.933676366000043],[121.32122627600006,24.932064080000032],[121.3219749320001,24.93229003600004],[121.323249744,24.931194272000027],[121.32206643200004,24.92818739300003],[121.33348776100001,24.92982980100004],[121.33756680800002,24.928597655000033],[121.33958191600004,24.92848648900008],[121.33834735900007,24.927043986000058],[121.33518048100007,24.924919851000027],[121.32817669500002,24.92476507300006],[121.3249074790001,24.92351671600005],[121.31758531300011,24.916359361000048],[121.31946996800002,24.915034649000063],[121.32029362500009,24.913544547000072],[121.32152117200008,24.913228067000034],[121.32256017300006,24.912446506000038],[121.323703281,24.909825029000046],[121.3262062230001,24.909180888000037],[121.32612845100005,24.907116957000028],[121.32367095400002,24.904416284000035],[121.32180606100007,24.903489663000073],[121.32189932300003,24.902317572000072],[121.32036256600009,24.900281473000064],[121.32147957300003,24.899781671000028],[121.32244679000007,24.898556592000034],[121.32556369300005,24.897253532000036],[121.32680545800008,24.895926874000054],[121.3280677680001,24.896031062000077],[121.32909861600001,24.897308426000052],[121.33056478900005,24.897775616000047],[121.33179029100006,24.89981221100004],[121.33337874500012,24.899336436000056],[121.3337229770001,24.89890962100003],[121.33327487500003,24.89825928700003],[121.33337880200008,24.896238915000026],[121.33280342100011,24.895645467000065],[121.33208245700007,24.893460150000067],[121.33329501300011,24.893101498000078],[121.33351305700012,24.891586137000047],[121.33525650900003,24.891773085000068],[121.33568486100012,24.89232288000005],[121.3365498820001,24.892295880000063],[121.33837493900012,24.893330651000042],[121.34069087000012,24.892331643000034],[121.34212574300011,24.89259061200005],[121.34178039400001,24.891365155000074],[121.34205318700003,24.890885758000024],[121.34159968800009,24.89030384600005],[121.34114041100008,24.887993031000065],[121.34467567100012,24.88585084600004],[121.34574101400005,24.87987997600004],[121.3474490110001,24.878655614000024],[121.35049576500012,24.878611308000075],[121.3519804870001,24.876863655000022],[121.35336831400002,24.876576406000027],[121.35340371500001,24.874979431000042],[121.354448606,24.87346561000004],[121.35300499400012,24.871024428000055],[121.35067762400001,24.870124909000026],[121.34923682300007,24.86871704600003],[121.34567224200009,24.86803560000004],[121.34513065200008,24.867078260000028],[121.34634265200009,24.86559736600003],[121.34740590700005,24.861967778000064],[121.34826026700011,24.861326313000063],[121.34831892900002,24.860778287000073],[121.34939090900002,24.859744188000036],[121.35347238000008,24.858607320000033],[121.35406543400006,24.85696361300006],[121.35502496900006,24.855746718000034],[121.3561006110001,24.85472174800003],[121.3578379810001,24.854453789000047],[121.35814683400008,24.85385388900005],[121.35775631800004,24.853136837000022],[121.3564806820001,24.853570442000034],[121.35479418000011,24.853352270000073],[121.35362703500004,24.85171261100004],[121.3533449040001,24.850589918000026],[121.35284984200007,24.850279623000063],[121.3519863780001,24.85069745900006],[121.35183272600011,24.850469817000032],[121.35281522600008,24.84915551000006],[121.34980445700012,24.84963331800003],[121.35033810300001,24.848736033000023],[121.34882950000008,24.848346392000053],[121.34811287900004,24.849771764000025],[121.34820926200007,24.850833008000052],[121.3478633310001,24.850945315000047],[121.34769097500009,24.850036333000048],[121.34612915000002,24.85008459000005],[121.34268462900002,24.848711835000074],[121.34041971800002,24.848971945000073],[121.33727233800005,24.848409837000077],[121.33620758400002,24.847004054000024],[121.33576607000009,24.844457637000062],[121.33599616000004,24.84392764200004],[121.3401648900001,24.843423072000064],[121.34248986500006,24.844667085000026],[121.34665425300011,24.845883342000036],[121.35475148000012,24.843987850000076],[121.35538000500003,24.842407432000073],[121.3561556630001,24.841956710000034],[121.35779106600012,24.839519478000057],[121.3601771320001,24.83811047200004],[121.36416015000009,24.838133938000055],[121.36730722700008,24.83676364100006],[121.37012249200006,24.836224295000022],[121.37083149900002,24.835373294000078],[121.37287207200006,24.834903706000034],[121.37287559800006,24.83366322300003],[121.37350025500007,24.83328527200007],[121.37801520900007,24.834542920000047],[121.38091653400011,24.836489098000072],[121.38334670100005,24.836984891000043],[121.38454830800003,24.838018393000027],[121.38448531000006,24.838978531000066],[121.38521912100009,24.84096459500006],[121.387901069,24.84229920300004],[121.39041270500002,24.842473359000053],[121.39341379400003,24.84391408500005],[121.39721890200008,24.843745658000046],[121.39711615100009,24.842674979000037],[121.39812706900011,24.841716361000067],[121.40098837300002,24.84183576600003],[121.40270378100001,24.843572875000064],[121.40594878539243,24.84213320396332],[121.41226386592179,24.848302740791876],[121.42036235754189,24.857228432285197],[121.42837634344626,24.86739411612903],[121.43655934078211,24.87939993588588],[121.44060858659218,24.88604578930847],[121.44870707821228,24.900861658827846],[121.46895330726257,24.941127980532872],[121.47300255307262,24.949859719285154],[121.47701665979172,24.960449296774193],[121.48003008774457,24.972586929032257],[121.4811663553239,24.980678683870966],[121.48289297384817,25.000908070967743],[121.48392488948295,25.02518333548387],[121.4851105285331,25.031149571341707],[121.48756726080931,25.037320967741934],[121.4925701688871,25.045412722580647],[121.49560052589833,25.0494586],[121.50134727374301,25.05393232114417],[121.50539651955307,25.054924861640483],[121.50944576536313,25.054388134362725],[121.51754425698323,25.05178982845483],[121.5215935027933,25.0512754366918],[121.52564274860335,25.05156727440233],[121.5296919944134,25.052617355059095],[121.53374124022346,25.055126565691943],[121.53603728680606,25.05755035483871],[121.53779048603351,25.060980971835],[121.53876301832216,25.06564210967742],[121.53867470703933,25.069687987096774],[121.53793399955906,25.07373386451613],[121.53633776178967,25.077779741935483],[121.53353196745488,25.081825619354838],[121.52975652204225,25.08446796694274],[121.52632077322463,25.085871496774192],[121.51754425698323,25.087832241247096],[121.51349501117318,25.089263691748616],[121.50944576536313,25.09141398694108],[121.50606632342696,25.0939632516129],[121.50213766875609,25.098009129032256],[121.49925777173883,25.102055006451614],[121.49714020016867,25.10610088387097],[121.4932487821229,25.114589314142766],[121.48489502690927,25.130376148387096],[121.48323261900491,25.13442202580645],[121.48136291781287,25.14251378064516],[121.47999987672966,25.158697290322582],[121.47792714422967,25.170834922580646],[121.47533984027709,25.178926677419355],[121.47150239161952,25.187018432258064],[121.46905788641266,25.19106430967742],[121.46490406145251,25.196591912902583],[121.46085481564245,25.20088749626431],[121.4568055698324,25.204433209545396],[121.44870707821228,25.20997701494806],[121.44465783240223,25.2121521512841],[121.4337813076703,25.21666810167299],[121.43086784500008,25.215886929000078],[121.43004909400008,25.21501508600005],[121.42867768600001,25.212266988000067],[121.42467142200007,25.207917291000058],[121.4189360790001,25.199269005000076],[121.41817205000007,25.19626000900007],[121.41868994300012,25.195061241000076],[121.41776017400002,25.194260582000027],[121.41868382400003,25.192769001000045],[121.41918370300004,25.192575697000052],[121.41880769900001,25.191605582000022],[121.41673419000006,25.191547111000034],[121.41592864800009,25.190708966000045],[121.41421553400005,25.190113944000075],[121.41223631600008,25.189943921000065],[121.41183899900011,25.19066670500007],[121.41090200300005,25.190705754000078],[121.40485662100002,25.189834003000044],[121.40490273800003,25.18906058600004],[121.40443259500012,25.18870520300004],[121.40390830100011,25.186975843000027],[121.4044549140001,25.186807189000035],[121.40460200400003,25.186077470000043],[121.40396865200012,25.183918213000027],[121.40430128700007,25.183094251000057],[121.41636593300007,25.18065658300003],[121.41774017500006,25.179416698000068],[121.41884802200002,25.177408799000034],[121.413362204,25.170481660000064],[121.4125322320001,25.168484620000072],[121.40893901200002,25.164972823000028],[121.40556405900008,25.167996935000076],[121.408871599,25.164899181000067],[121.40553153300004,25.16042519000007],[121.40257374300006,25.15883222000008],[121.39148770800011,25.167887975000042],[121.38800039600005,25.152037562000032],[121.38976887800004,25.147738434000075],[121.38891346100002,25.147250977000056],[121.38873291200002,25.147519791000036],[121.38749861100007,25.146512431000076],[121.387126265,25.14687745200007],[121.38638444600008,25.145915512000045],[121.38604303900001,25.145799879000037],[121.38572171500005,25.14631851100006],[121.38577626600011,25.145801232000053],[121.38463089200002,25.14530178600006],[121.3844193970001,25.145757187000072],[121.3842047280001,25.14513517000006],[121.37953416200003,25.143039053000052],[121.37742925100008,25.142866310000045],[121.37535930000001,25.14195889800004],[121.37199590300008,25.141983287000073],[121.37166247700009,25.141000116000043],[121.36911905600005,25.139589354000066],[121.3673333800001,25.139120252000055],[121.36627372200007,25.13927500500006],[121.36526726000011,25.14016779800005],[121.36399078600004,25.13717754700008],[121.3599374800001,25.13474701000007],[121.35579992900011,25.13330062700004],[121.35259582200001,25.131179416000066],[121.34689051200007,25.12987983100004],[121.34503366100012,25.128422675000024],[121.34107216500001,25.128559374000076],[121.33862459500006,25.12696464800007],[121.33552949200009,25.126085853000063],[121.33171138500006,25.125321952000036],[121.33067669700006,25.125476332000062],[121.32686076100003,25.124223467000036],[121.32354736400009,25.124258043000054],[121.32014045200003,25.123418817000072],[121.31764173500005,25.12412156000005],[121.31346307400008,25.12345491600007],[121.31038060300011,25.12375849500006],[121.30998151100005,25.125535039000056],[121.30951932300002,25.12589463000006],[121.30494456300005,25.126108315000067],[121.30444135900007,25.125875920000055],[121.30416961900005,25.124352028000033],[121.30063202200006,25.125212186000056],[121.29896229300005,25.124320221000062],[121.29769919800003,25.12574628400006],[121.29674809100004,25.12616846900005],[121.29643739100004,25.12459759500007],[121.29675021600008,25.123191193000025],[121.29648241200005,25.12316849800004],[121.29683195500002,25.12276339300007],[121.29617941000004,25.122833564000075],[121.29552688900003,25.12213993000006],[121.29473935400006,25.122133518000055],[121.29491097700009,25.12082031700004],[121.29259837000006,25.119098131000044],[121.28767060400003,25.117898765000064],[121.28338726100003,25.11780901000003],[121.28391987300006,25.11265697300007],[121.28268808500002,25.11006304700004]],[[121.43315532060136,25.162743167741937],[121.43324835350492,25.16678904516129],[121.43457052505966,25.170834922580646],[121.43655934078211,25.173694227943052],[121.44060858659218,25.17699036952768],[121.44465783240223,25.178493957357595],[121.44870707821228,25.178705561142213],[121.45275632402235,25.17766700688464],[121.4568055698324,25.175208338726442],[121.46011395174426,25.170834922580646],[121.46147411256423,25.16678904516129],[121.46157282920824,25.162743167741937],[121.46085481564245,25.15979196973097],[121.46049046553549,25.158697290322582],[121.45773379148416,25.154651412903224],[121.4568055698324,25.15368302950213],[121.45275632402235,25.151191413243488],[121.44870707821228,25.15018890543619],[121.44397067897381,25.15060553548387],[121.44060858659218,25.15188467349913],[121.43695575310336,25.154651412903224],[121.4342626806608,25.158697290322582],[121.43315532060136,25.162743167741937]]]}},{"type":"Feature","properties":{"level":2,"label":"普通","min":71,"max":75,"level_min":51,"level_max":100,"color":"#ebc758","metric":"AQI","source":"IDW interpolation from MOENV AQX_P_432 stations","aqi":"70.5-75.5"},"geometry":{"type":"MultiPolygon","coordinates":[[[[121.33793427191652,25.083959533701783],[121.33877939500007,25.08362942900004],[121.34151132400007,25.084060178000072],[121.34312025500003,25.08387097600007],[121.34366849500009,25.084190629000034],[121.34436026600008,25.08358982200008],[121.346560898,25.08356553400006],[121.348061432,25.082406691000074],[121.34920202600006,25.082404981000025],[121.34999695300007,25.08184002400003],[121.350240815,25.081354587000078],[121.34936604300003,25.08074133300005],[121.3487971080001,25.08120040700004],[121.34247107400006,25.08009295000005],[121.34596311200005,25.079192411000065],[121.3463740840001,25.079478305000066],[121.34767174700005,25.079268409000065],[121.34798974500006,25.07884630600006],[121.34660540400012,25.07835282900004],[121.34524607300011,25.078544141000066],[121.34546212500004,25.077457587000026],[121.34638193300009,25.077185585000052],[121.34626134200005,25.076768817000072],[121.3450060030001,25.07711878200007],[121.3442205020001,25.077843159000054],[121.34396644600008,25.077398386000027],[121.34454910800002,25.076026419000073],[121.34610675400006,25.075711935000072],[121.34585190200005,25.07546671800003],[121.34371613200005,25.075071498000057],[121.34265479800001,25.07544278000006],[121.34166374200004,25.07651393100008],[121.3412081670001,25.07635746300008],[121.34121056900005,25.075759916000038],[121.34061091400008,25.076333531000046],[121.34057004100009,25.073963810000066],[121.34101301900012,25.073489420000044],[121.34254390400008,25.07355450600005],[121.34189202100004,25.072757971000044],[121.34218147900003,25.07271121200006],[121.34803485400005,25.073819357000048],[121.348948371,25.074493526000026],[121.34996983000008,25.07655933800004],[121.35040653500005,25.075432259000024],[121.34989730500001,25.073537979000037],[121.35092978000011,25.073768679000068],[121.35168329500004,25.074435407000067],[121.35343658300008,25.073389749000057],[121.35172199500005,25.073565013000064],[121.35046241100008,25.07271401400004],[121.35042261500007,25.071848664000072],[121.34985263200008,25.071301709000068],[121.34908546400004,25.07156229000003],[121.3489625850001,25.072371876000034],[121.34810598000001,25.070947709000052],[121.34657890300002,25.070378380000022],[121.3498059420001,25.06960076000007],[121.35207511200008,25.067938711000068],[121.35253412100008,25.068776396000032],[121.35377373200004,25.068583236000052],[121.3538576300001,25.06779440500003],[121.35503770200012,25.06717901500008],[121.35488769200003,25.065147765000063],[121.3641632340001,25.064959609000027],[121.37686917600001,25.066068667000025],[121.38218104700002,25.064249524000047],[121.38290789500002,25.06293345000006],[121.38390421500003,25.062731573000065],[121.38640917600003,25.063267710000048],[121.38741875900007,25.062569035000024],[121.38820454200004,25.063045611000064],[121.38795562500002,25.06221034500004],[121.38830364300009,25.061508393000054],[121.39107838000007,25.061516204000043],[121.39063456100007,25.060741681000025],[121.38882023500003,25.060582873000044],[121.38768404400003,25.05971799300005],[121.3896783020001,25.059106926000027],[121.38944652900011,25.058566489000043],[121.38854299500008,25.058370572000058],[121.38865069300005,25.056984770000042],[121.38577065600009,25.058149221000065],[121.3857324820001,25.05680207200004],[121.38732851000009,25.055449513000042],[121.38743699200006,25.054914110000027],[121.38591563200009,25.05317221300004],[121.3846699720001,25.052499555000054],[121.38607026600005,25.052566570000067],[121.38772017100007,25.05320718200005],[121.3881841220001,25.05287873700007],[121.38949860700006,25.053478690000077],[121.38974525600008,25.053433737000034],[121.38931889700007,25.05299422300004],[121.39005155100006,25.052898429000038],[121.39082288700001,25.053299336000066],[121.39111053800002,25.054639360000067],[121.39275138900007,25.05505386300007],[121.39103293000005,25.05361263700007],[121.39291145900006,25.05396272400003],[121.39637995300006,25.05246558300007],[121.39770186900012,25.051401394000038],[121.40070422200006,25.051385984000035],[121.40018478000002,25.050972285000057],[121.40024936800012,25.04956494700008],[121.39969994400008,25.049369443000046],[121.39814614300008,25.051148758000068],[121.39749460300004,25.05039720800005],[121.39853389400002,25.049280606000025],[121.39852956800007,25.04847268700007],[121.39681715900008,25.04954251600003],[121.39530024400005,25.04954852900005],[121.39473335500008,25.050293004000025],[121.39402055000005,25.050340513000037],[121.39429427900006,25.049653876000036],[121.39396527000008,25.049080711000045],[121.3945062680001,25.048601486000052],[121.39433300700011,25.04773594900007],[121.39474418000009,25.047573261000025],[121.3958922270001,25.04851676900006],[121.39858042100002,25.048119773000053],[121.3994293180001,25.047814906000042],[121.39771255000005,25.046344503000057],[121.39837402900002,25.046332015000075],[121.39878481800008,25.045873302000075],[121.39948885600006,25.04603845400004],[121.39994136000007,25.04491746900004],[121.40105619300004,25.045542933000036],[121.40271789400003,25.045708958000034],[121.40295064600002,25.045415192000064],[121.39829755700009,25.044106484000054],[121.40066848300012,25.043325861000028],[121.40007197700004,25.04300529900007],[121.39942387500002,25.042925942000068],[121.3977609640001,25.043682347000072],[121.39675973900012,25.04308726900007],[121.39602669300007,25.043604944000037],[121.39445212400005,25.04346706900003],[121.39394472400011,25.043774795000047],[121.39272562000008,25.04342977500005],[121.3906724850001,25.04194493700004],[121.39106819900007,25.041489770000055],[121.39274089800006,25.04206662400003],[121.39363587700007,25.041896953000048],[121.39363569000011,25.04139899200004],[121.394407698,25.040862770000047],[121.39436460700006,25.040122929000063],[121.39703638200001,25.03929613100007],[121.39753748700002,25.038536372000067],[121.398971791,25.03861180800004],[121.39949892000004,25.03754556800004],[121.40074977100005,25.03794546900008],[121.40107365200004,25.03772813200004],[121.40103641600001,25.036227573000076],[121.39961027000004,25.035795276000044],[121.39994961200011,25.034952583000063],[121.40120083600004,25.034509166000078],[121.40039418800006,25.03422981800003],[121.398624616,25.03481120300006],[121.3982402470001,25.03249549900005],[121.39878628600002,25.031434929000056],[121.39802595800006,25.031326281000077],[121.39852661300006,25.030721435000032],[121.39826280200009,25.030172024000024],[121.40089709200004,25.028993168000056],[121.40143502300009,25.02829862300007],[121.4010657880001,25.026907608000045],[121.40129620300002,25.026424587000065],[121.4037717760001,25.02527518100004],[121.40443442100002,25.023903114000063],[121.40880494900011,25.020808918000057],[121.410671922,25.021000486000048],[121.41067962000011,25.019902127000023],[121.4112990860001,25.019304504000047],[121.41211035000003,25.019452129000058],[121.4121765650001,25.01917300100007],[121.41126651600007,25.017985767000027],[121.40925599000002,25.018401251000057],[121.40754939500005,25.017506553000032],[121.40431798400004,25.017230102000042],[121.40150827500008,25.015758047000077],[121.39740990300004,25.016240238000023],[121.39488800700008,25.014694810000037],[121.39277755100011,25.015602595000075],[121.39235633200008,25.014888272000064],[121.39410121216737,25.013045703225806],[121.39929940450826,25.008999825806452],[121.40416537430167,25.00607034729636],[121.41226386592179,25.002779645810225],[121.42036235754189,25.001308332491146],[121.42846084916201,25.001270119475247],[121.44060858659218,25.002029095315162],[121.4568055698324,24.999682532273862],[121.46085481564245,25.000249995426287],[121.46490406145251,25.002250881481316],[121.46746424644834,25.004953948387097],[121.46895330726257,25.00743927471993],[121.46960437564782,25.008999825806452],[121.47024291313356,25.013045703225806],[121.46981476895046,25.01709158064516],[121.46895330726257,25.019797812942187],[121.46393590466825,25.029229212903225],[121.46281810333885,25.03327509032258],[121.46262453274403,25.04136684516129],[121.46309573180763,25.045412722580647],[121.46490406145251,25.050252756316187],[121.46895330726257,25.052333528130102],[121.47705179888267,25.053244294075277],[121.48110104469274,25.054079462662884],[121.48515029050279,25.05553456160107],[121.50134727374301,25.06406384188109],[121.50539651955307,25.064820420289738],[121.50706876203729,25.061596232258065],[121.50944576536313,25.060147632035637],[121.51349501117318,25.058601293170682],[121.51754425698323,25.06088077315395],[121.51801601809862,25.061596232258065],[121.51820047838086,25.06564210967742],[121.51754425698323,25.06729879661069],[121.51349501117318,25.07084120828475],[121.50944576536313,25.0714954997528],[121.50738896145188,25.07373386451613],[121.50530080767585,25.077779741935483],[121.50134727374301,25.082868610136423],[121.49729802793296,25.08582569825685],[121.4932487821229,25.087754270233745],[121.48535284270703,25.0897449294087],[121.48110104469274,25.090175651231572],[121.47705179888267,25.090089855151994],[121.47300255307262,25.089474199486908],[121.46895330726257,25.08824486770339],[121.46405164373846,25.085871496774192],[121.4568055698324,25.080651580881238],[121.45275632402235,25.078355340126443],[121.44870707821228,25.077610050954668],[121.44465783240223,25.077945194683405],[121.43251009497206,25.080264726605414],[121.42441160335196,25.081055494498774],[121.40416537430167,25.080751394270685],[121.40011612849162,25.08151122842855],[121.39606688268155,25.083748635937905],[121.38652410518094,25.0939632516129],[121.37986989944133,25.099262618394288],[121.37582065363128,25.101432111652755],[121.37177140782123,25.102908882026654],[121.36772216201116,25.103754226312542],[121.36367291620111,25.1040010003127],[121.35962367039106,25.10365409596627],[121.355574424581,25.102680211110325],[121.35152517877094,25.100990721986566],[121.34747593296089,25.09843865832423],[121.3428836472852,25.0939632516129],[121.34019845119283,25.089917374193547],[121.33793427191652,25.083959533701783]],[[121.41368755449433,25.037320967741934],[121.41390749451918,25.04136684516129],[121.41521028292269,25.045412722580647],[121.41788970066297,25.0494586],[121.42036235754189,25.051743227436404],[121.42335653559667,25.053504477419356],[121.42846084916201,25.05507302857261],[121.43251009497206,25.05504411026161],[121.43655934078211,25.0539104612383],[121.44060858659218,25.05154045339332],[121.44268745470943,25.0494586],[121.44465783240223,25.046658577673384],[121.44659890054852,25.04136684516129],[121.44671284712868,25.037320967741934],[121.44569889480803,25.03327509032258],[121.44333927051206,25.029229212903225],[121.44060858659218,25.026360874434893],[121.43655934078211,25.023751786132248],[121.43251009497206,25.022527046664766],[121.42846084916201,25.02237616204102],[121.42441160335196,25.02326082592532],[121.42036235754189,25.025430301590564],[121.41660583002505,25.029229212903225],[121.41449926062738,25.03327509032258],[121.41368755449433,25.037320967741934]]],[[[121.43315532060136,25.162743167741937],[121.4342626806608,25.158697290322582],[121.43695575310336,25.154651412903224],[121.44060858659218,25.15188467349913],[121.44397067897381,25.15060553548387],[121.44870707821228,25.15018890543619],[121.45275632402235,25.151191413243488],[121.4568055698324,25.15368302950213],[121.45773379148416,25.154651412903224],[121.46049046553549,25.158697290322582],[121.46085481564245,25.15979196973097],[121.46157282920824,25.162743167741937],[121.46147411256423,25.16678904516129],[121.46011395174426,25.170834922580646],[121.4568055698324,25.175208338726442],[121.45275632402235,25.17766700688464],[121.44870707821228,25.178705561142213],[121.44465783240223,25.178493957357595],[121.44060858659218,25.17699036952768],[121.43655934078211,25.173694227943052],[121.43457052505966,25.170834922580646],[121.43324835350492,25.16678904516129],[121.43315532060136,25.162743167741937]]]]}},{"type":"Feature","properties":{"level":2,"label":"普通","min":76,"max":80,"level_min":51,"level_max":100,"color":"#e6be48","metric":"AQI","source":"IDW interpolation from MOENV AQX_P_432 stations","aqi":"75.5-80.5"},"geometry":{"type":"Polygon","coordinates":[[[121.41368755449433,25.037320967741934],[121.41449926062738,25.03327509032258],[121.41660583002505,25.029229212903225],[121.42036235754189,25.025430301590564],[121.42441160335196,25.02326082592532],[121.42846084916201,25.02237616204102],[121.43251009497206,25.022527046664766],[121.43655934078211,25.023751786132248],[121.44060858659218,25.026360874434893],[121.44333927051206,25.029229212903225],[121.44569889480803,25.03327509032258],[121.44671284712868,25.037320967741934],[121.44659890054852,25.04136684516129],[121.44465783240223,25.046658577673384],[121.44268745470943,25.0494586],[121.44060858659218,25.05154045339332],[121.43655934078211,25.0539104612383],[121.43251009497206,25.05504411026161],[121.42846084916201,25.05507302857261],[121.42335653559667,25.053504477419356],[121.42036235754189,25.051743227436404],[121.41788970066297,25.0494586],[121.41521028292269,25.045412722580647],[121.41390749451918,25.04136684516129],[121.41368755449433,25.037320967741934]],[[121.42878800589732,25.037320967741934],[121.43154142241033,25.04136684516129],[121.43251009497206,25.041719703503595],[121.43326519269844,25.04136684516129],[121.43566476058584,25.037320967741934],[121.43251009497206,25.034790485562812],[121.42878800589732,25.037320967741934]]]}},{"type":"Feature","properties":{"level":2,"label":"普通","min":81,"max":85,"level_min":51,"level_max":100,"color":"#e2b438","metric":"AQI","source":"IDW interpolation from MOENV AQX_P_432 stations","aqi":"80.5-85.5"},"geometry":{"type":"Polygon","coordinates":[[[121.42878800589732,25.037320967741934],[121.43251009497206,25.034790485562812],[121.43566476058584,25.037320967741934],[121.43326519269844,25.04136684516129],[121.43251009497206,25.041719703503595],[121.43154142241033,25.04136684516129],[121.42878800589732,25.037320967741934]]]}}]}