{"type":"FeatureCollection","features":[{"type":"Feature","geometry":{"type":"MultiPolygon","coordinates":[[[[121.52258883232791,25.17489389845385],[121.52258719984246,25.174895952707924],[121.52255656484506,25.174934502542417],[121.5224077804616,25.175070888744024],[121.52231716655878,25.175224917678978],[121.52231345115027,25.175267957785934],[121.52232303581887,25.17547077194911],[121.52231522996792,25.175689997017557],[121.52232173991713,25.175851067964253],[121.5222700709444,25.17598336466082],[121.52215779080953,25.1762029583637],[121.52204271593605,25.176448950400843],[121.52200224514347,25.176499288301034],[121.52199663551816,25.176549503231378],[121.52227805377201,25.177174441932664],[121.52235884966059,25.17772614075898],[121.52238366281806,25.178101063174122],[121.52233771681006,25.1782332223007],[121.52212696306135,25.178516557411317],[121.5218207542205,25.178887420320734],[121.52178024730173,25.178927150498918],[121.52169070642574,25.179035773919892],[121.52234915877074,25.17957218204328],[121.52262303917574,25.179793111751366],[121.52280932847475,25.179898062061383],[121.52294906259185,25.17999004107271],[121.52310070458773,25.180145317587975],[121.52333713433481,25.180440325819962],[121.52342481606641,25.180556177649063],[121.52354971654806,25.18058482367358],[121.52364030629545,25.18067997313991],[121.52365165606467,25.180679969087098],[121.52381555224825,25.180835201467413],[121.52401881518871,25.18101343275027],[121.52416342728803,25.18115980442828],[121.52436306858026,25.181400286358414],[121.52451693348739,25.181575721788942],[121.52465576062721,25.181710007058204],[121.52490399305312,25.181930797610235],[121.5253026778023,25.18234491866646],[121.52545845169941,25.182499898108603],[121.5255992026542,25.18262885818902],[121.52574969415352,25.1827595529866],[121.52588252820848,25.182858396783246],[121.52598790111605,25.182911223606187],[121.52641593617392,25.183017331915323],[121.52661073300601,25.183036138995085],[121.52674709877343,25.183051614909584],[121.52701501413092,25.183046941400587],[121.52720768340339,25.183023197792792],[121.52732249965602,25.183008605830253],[121.52749346028668,25.18299975028804],[121.52754317019446,25.182997175341065],[121.52768718890925,25.182978921987214],[121.52787608120225,25.182983574668963],[121.52804550812667,25.182988287549897],[121.52811261717115,25.18300928163635],[121.52813519878177,25.183016342097115],[121.52823658199866,25.183047902807452],[121.52828529576979,25.183054815782178],[121.52843344604791,25.183095074760324],[121.5285288580348,25.183094733976183],[121.52864169137278,25.183071282686672],[121.52882784695346,25.183021099500642],[121.52893092449764,25.182992356404515],[121.52910029788173,25.18298466394849],[121.53009535844822,25.18323036237104],[121.53052023509504,25.183508767287396],[121.53075217543086,25.183561136813054],[121.53143890151414,25.18358372424207],[121.53288043051984,25.183618803969566],[121.53350271915805,25.183632576954857],[121.53383667610105,25.183927116872034],[121.53398326553888,25.18405249979518],[121.53424436871676,25.1842462435397],[121.53439081347673,25.184333727514765],[121.53482161940481,25.184578650145607],[121.53516598588047,25.184988137445224],[121.53533178247503,25.185555445507095],[121.53540080634825,25.185761979336565],[121.5354931506951,25.18595140213984],[121.53558306192615,25.186053994513465],[121.53584852874927,25.186356893630172],[121.53606524748605,25.18656807410756],[121.53612231188538,25.186623677676465],[121.53627665302531,25.186764314317543],[121.53643786031036,25.186825661129202],[121.53665052768528,25.18692242705748],[121.53677543887801,25.186987588522356],[121.53683588663306,25.18700686940923],[121.5370381063551,25.18694052088922],[121.53735444096247,25.186859809594985],[121.53744595876282,25.18685770770293],[121.53756669097494,25.18685903853386],[121.53761531122598,25.18684644853328],[121.53771820297331,25.186775142579794],[121.53783843824358,25.186744660759615],[121.53792022084025,25.186744363429554],[121.5381307721635,25.186867378946946],[121.53822815490959,25.18687234212084],[121.53829061975836,25.186905815921854],[121.5384866129297,25.18690159084445],[121.53852934469873,25.18687660864797],[121.53884886646395,25.186916233176966],[121.53890089608589,25.186947939149285],[121.53908802949998,25.18699336274713],[121.53916396070679,25.186991316585154],[121.5392809443613,25.18702458224103],[121.53934918870289,25.18704561216711],[121.53939998201237,25.187082666969765],[121.53946596126774,25.187071475587576],[121.53955735418,25.18704099823386],[121.53965472147254,25.187042412567727],[121.53972663514868,25.187081060372563],[121.53987670147649,25.18711065690538],[121.5399896768786,25.187119118997558],[121.54019928817318,25.18708461662044],[121.54037248501565,25.187060926930478],[121.54064666762886,25.18707397259506],[121.54075007442061,25.18711970002233],[121.54084183621993,25.187195307067338],[121.5409614464851,25.187382848128735],[121.54110150839449,25.187505864302988],[121.54126578759525,25.187666636579337],[121.54134785292605,25.18773018142247],[121.54150802193534,25.187843093653743],[121.54159395320487,25.187901297761115],[121.54170300410647,25.188069873168622],[121.54176177524144,25.18814946434058],[121.54188512019905,25.188301520420378],[121.54196974291021,25.188516823066244],[121.54199952491336,25.188646164589915],[121.54198811190106,25.188708273010235],[121.54206472911139,25.188865492514964],[121.54225720796381,25.188797403102583],[121.54254854856632,25.188785627875507],[121.5426419808514,25.188776419825356],[121.54284043457413,25.188740221261092],[121.54293622806132,25.18882499350708],[121.54295041851465,25.18895085311579],[121.54275736328962,25.18932991951078],[121.5427113708065,25.189423064771397],[121.54266086631608,25.18952534769815],[121.5427541611015,25.189952926391772],[121.54271049819351,25.190206679386105],[121.5427074938387,25.19040416598168],[121.54260552338724,25.19068119000519],[121.54254814018076,25.19091082566009],[121.54256078446889,25.191128910602355],[121.5426221958074,25.191362768899022],[121.5426549750721,25.191444946684236],[121.54270094826143,25.19156017221343],[121.54271518597507,25.191696666450348],[121.54275839227097,25.191780819165643],[121.5427511694693,25.191908526770106],[121.54273204071174,25.191984855333942],[121.54279112093842,25.192133598336085],[121.5429260335144,25.19225724540003],[121.54300018042103,25.192290665230804],[121.543014184001,25.192410061504006],[121.54308103779913,25.19255523691542],[121.54308743027141,25.192681125070123],[121.54310348950813,25.19278746851602],[121.54315658659999,25.192965077337934],[121.54309756628585,25.193268539988583],[121.54309448488077,25.193452981524594],[121.54326912039872,25.19377181824892],[121.54329855112282,25.1938213633981],[121.54336765767205,25.194035692817792],[121.54354351096187,25.19416804518363],[121.5437591603025,25.19426411251137],[121.54393974158914,25.1945872869708],[121.54403863520469,25.194696395107712],[121.5441725171226,25.194794838943068],[121.54425550455953,25.19497065813894],[121.54433890104221,25.195236203676693],[121.54437576675717,25.195310836735498],[121.54444724667484,25.195362077580924],[121.54453884859812,25.19541989784441],[121.54457554478184,25.19550768506463],[121.5446207054984,25.195624637203714],[121.54465515029106,25.195647928636447],[121.54483925531561,25.19573625624225],[121.54498893256473,25.195802854026343],[121.54506966841888,25.195813489258978],[121.54516091106667,25.19586624582085],[121.54523868673822,25.19598307754029],[121.54528517535131,25.196012571701985],[121.54546741179793,25.196066554397976],[121.54557918371377,25.196103616790015],[121.54561191720106,25.196130245586186],[121.54571765182948,25.19633547398763],[121.54577966679948,25.19641562017606],[121.5458788636565,25.196538628795892],[121.54598815675365,25.196620469159615],[121.5461015844418,25.196706040734313],[121.54617586649232,25.196771182295127],[121.54623526049605,25.196844214981088],[121.54624008192279,25.19684846735064],[121.54626928936086,25.196874215258813],[121.54642775973868,25.196849588697987],[121.54643331803088,25.196847753563862],[121.54672247806056,25.196752343882856],[121.54699592823934,25.19682745571152],[121.5470373259343,25.196845520816407],[121.54728724341325,25.196954582620982],[121.54741517179336,25.196994174812907],[121.54747306026842,25.19713419021494],[121.54744459631657,25.197663138256416],[121.54758609049998,25.197782811303497],[121.54771412739191,25.19784644399224],[121.54826528008566,25.197956581994916],[121.54844615593889,25.198016009790084],[121.5485039482675,25.198131974905223],[121.54854374970789,25.198167893560743],[121.54876389867394,25.19814303571106],[121.54886482078156,25.198054513265713],[121.54912812627335,25.19782917570251],[121.54934712402205,25.197547912208474],[121.5495005157487,25.197371064543145],[121.54972819842719,25.19724327782579],[121.54983628377998,25.19718583808031],[121.54994396309999,25.197040233760347],[121.55014843292135,25.196863150361487],[121.55022461393901,25.196833697985433],[121.55080086842067,25.19661089435498],[121.55100226490218,25.19653845404155],[121.55103182940678,25.196539716133316],[121.55103454177681,25.196626490768484],[121.55107335086889,25.19671524343252],[121.55120874300263,25.196830033608453],[121.55122870373464,25.196846958661673],[121.55135595456325,25.19693855940582],[121.55145593160073,25.19697570642596],[121.55167520175836,25.197053719910546],[121.55181483436137,25.19711846134977],[121.55192485917824,25.197194354205266],[121.5519877708307,25.197210495946045],[121.55201142354974,25.197216564663492],[121.55204253867083,25.197238196621253],[121.55203066327853,25.197276004442482],[121.55199270674746,25.19735013836606],[121.55201553242877,25.197458865850834],[121.55201730653118,25.197498031069866],[121.55202604942522,25.19766774909665],[121.55202059823745,25.19787378496847],[121.55201228693899,25.197960447231612],[121.55201107385412,25.197999497207338],[121.55203896450197,25.198040966352586],[121.55221125305184,25.198165015827232],[121.55222802069949,25.198197697228206],[121.55223652459871,25.19824175748912],[121.55223686547336,25.198317328337687],[121.55223397937756,25.19836602630166],[121.55221363651931,25.198524053495895],[121.55222956336723,25.198555103993282],[121.55238487306491,25.198566494929644],[121.55253516236894,25.198632938219976],[121.5525698176715,25.198730932423622],[121.55264408570551,25.198862280943242],[121.55257863493748,25.198936716351763],[121.55251332448938,25.199042261169946],[121.55250856241348,25.199152364531955],[121.55258313224648,25.199348333274376],[121.55258417016714,25.199406811789345],[121.55245063158861,25.19966191401955],[121.55244035676925,25.19972679942424],[121.55244341889843,25.199820469950875],[121.55250001297591,25.20007005001733],[121.55259194150213,25.200438214199306],[121.5526552570363,25.200697284411714],[121.5526797620583,25.200863404493287],[121.55264524316628,25.200910081062123],[121.55255968846838,25.200986857571696],[121.55247252184935,25.201111045268732],[121.55229148068624,25.201280334555594],[121.55224510919602,25.201343603336102],[121.55221080748503,25.201427491770353],[121.55218619862362,25.201541803952857],[121.5521337309054,25.201577903592426],[121.55206820381491,25.201635800044627],[121.55200794314402,25.201684332990787],[121.5519455075448,25.201725868422646],[121.55183808298239,25.20175225146266],[121.55171888018008,25.20177867836765],[121.55162839233009,25.20183556635147],[121.55158310167198,25.201852545134006],[121.55150270583117,25.20191397251704],[121.5513991443278,25.202053441676735],[121.55133384733841,25.202246276147086],[121.55132680652329,25.20226708449535],[121.5512581014442,25.20241268892481],[121.55126146373215,25.20248945820949],[121.5513099649418,25.202544130583636],[121.55142496259697,25.202636941392356],[121.55156731909358,25.202776269852304],[121.55164674444728,25.20300359260881],[121.55164112920967,25.20309411768724],[121.55160966819382,25.203313124136187],[121.5515150620641,25.203511159688976],[121.55151408465504,25.203571722105497],[121.55160590411784,25.203594238126577],[121.55177581809346,25.20365873107126],[121.55186385153182,25.203677830477215],[121.55201713204121,25.20372190104098],[121.55218267632172,25.203765718009745],[121.55238284775706,25.203905353348986],[121.55242819633634,25.203942839070223],[121.55254124618457,25.203966385613693],[121.55272612354965,25.204054718232918],[121.55298285979444,25.204214679636248],[121.5532091403889,25.204299435250572],[121.55323636217382,25.20449107570896],[121.55319993731074,25.204761695099364],[121.55316337308335,25.205001512005545],[121.55331099184306,25.20517557617599],[121.55352053875998,25.20534691670024],[121.55354346864385,25.205410007680285],[121.55389462179012,25.205649862391468],[121.5539962008577,25.20574980821454],[121.55407986588705,25.20595431831404],[121.5542736081804,25.206108257106443],[121.55434782015428,25.206254284030702],[121.55436192508478,25.20632528925481],[121.55433588266445,25.206663984934142],[121.55441932168632,25.20681833698995],[121.5544290217108,25.206931157598813],[121.55441095620797,25.207002292463034],[121.55435623923363,25.20709863504299],[121.55441211132086,25.207257270329123],[121.55452318399256,25.207424058353165],[121.55465762898875,25.207650549963414],[121.55466677870027,25.20766597129348],[121.55474369091553,25.207713412911946],[121.5547445888985,25.207911507320855],[121.55479572356677,25.208152241277425],[121.55487365675711,25.20845978894287],[121.55530951121847,25.208503661918616],[121.55544230399852,25.208575439949996],[121.55560710183678,25.208566795019568],[121.55572806738786,25.208627910224823],[121.5557989880615,25.208686532195788],[121.55617287375026,25.208695833251525],[121.55656997852695,25.20863276913583],[121.55687717330167,25.208619009581888],[121.55701145494731,25.208629598966972],[121.55705441698107,25.208684922161513],[121.5571259750488,25.20876788011822],[121.55716480129509,25.208808422247067],[121.55720966301352,25.20883415403221],[121.55722203699207,25.208871094422076],[121.55725471842275,25.20890241518523],[121.55726523502253,25.208978200299843],[121.55732851318557,25.20902975445183],[121.55740382846666,25.209044267146062],[121.55750743804012,25.209017975654472],[121.55754601169207,25.209003033585084],[121.55761762931135,25.209098946005426],[121.55764859687433,25.209200545773033],[121.55767107496486,25.209222660425514],[121.5577097497939,25.2092299083381],[121.55784830157329,25.20928672138991],[121.55792789643105,25.209347458210896],[121.55819237175564,25.209588071750503],[121.55827616633543,25.209614387464214],[121.5583349343789,25.20965600953347],[121.55849844030293,25.209731487552066],[121.558569761483,25.209773071133437],[121.55871856134232,25.20983338354325],[121.55879187098655,25.209854032994674],[121.55893449388631,25.209937199906605],[121.55902032184213,25.209950191458592],[121.5590730348333,25.2100412995901],[121.55919296014771,25.210191132300732],[121.55938884007654,25.210167262012693],[121.55959916494811,25.21011006022186],[121.5596496448381,25.210081657188052],[121.55988304017312,25.210071872091373],[121.55996827325198,25.210061086046828],[121.55998450048746,25.21005725998197],[121.56263279952142,25.20943335868596],[121.56261143885163,25.209352315934495],[121.56258210041614,25.20924982633844],[121.56258952968348,25.209151963526143],[121.56261290669886,25.209101770141352],[121.56265974631228,25.209015692138212],[121.56269333677001,25.20890342065508],[121.56274491092064,25.208707555272873],[121.56275755755789,25.20860490589729],[121.56278324581432,25.20848550540113],[121.56280360881797,25.20824390645845],[121.5627899456896,25.208114725131193],[121.56278901661545,25.20791270396433],[121.56280503284627,25.2076235719846],[121.56280585879016,25.207619759097714],[121.56282681806034,25.20752294614984],[121.56284419518443,25.207408912711955],[121.56285728418558,25.20733560206794],[121.5629061943348,25.207266217576564],[121.56297724752449,25.20714384569234],[121.5630307639539,25.20710294447273],[121.56308435523913,25.20707832012179],[121.5631108512307,25.207000886847055],[121.56313304042291,25.206960095866158],[121.56318647300174,25.206898846187105],[121.56322639472994,25.20682135272572],[121.56322165723428,25.206764396151378],[121.56326165385349,25.206703188595856],[121.56326142907005,25.206654348904188],[121.56329253128422,25.206605389872934],[121.56331449554321,25.20651575917276],[121.56333213437924,25.2064587083232],[121.56334980186392,25.20640572891259],[121.56334938971635,25.206316192484607],[121.56338492959938,25.206259073425155],[121.5633620473736,25.206149264855828],[121.56335268469134,25.206059762526042],[121.56345473508101,25.205868074003167],[121.56347218639606,25.205770326397435],[121.56355247859254,25.205713036752346],[121.5636237176772,25.20563136129599],[121.56364755893573,25.2055507692701],[121.56378139189552,25.205423652788017],[121.5638432943813,25.205314270306992],[121.56395262044254,25.205078100667166],[121.56408138835316,25.20489425430086],[121.56416291365552,25.204876474432805],[121.5641867762507,25.204845824187437],[121.56428703936346,25.20472756524352],[121.56436806128895,25.20460064975935],[121.56447295541714,25.204443083903072],[121.56455827618339,25.204207005448243],[121.56460992768325,25.20395796514792],[121.56462846374696,25.20381382826575],[121.56459456307616,25.20374846982701],[121.56461842534775,25.20371781951305],[121.56468032624726,25.203608436684483],[121.5647182037325,25.203494785132396],[121.56475610126809,25.20338549393525],[121.56475063394974,25.203241448699764],[121.56476490078678,25.20321083500721],[121.5648465616699,25.203027023427325],[121.56486908003846,25.20290087278597],[121.56487498435142,25.202814905283976],[121.56487216679055,25.202660206109197],[121.56484235156366,25.202570547243337],[121.56485035066304,25.20248265783702],[121.5648268441,25.202396793640748],[121.56484351211257,25.202366170767487],[121.56488324306319,25.20231883053147],[121.5649730677625,25.202194797068923],[121.56402769469987,25.199015182414193],[121.56397968755415,25.198739113698224],[121.56401752338375,25.198498124785043],[121.56415530217737,25.19809207788234],[121.5642750198603,25.197709427682383],[121.56428748653744,25.197566063196824],[121.56425870148097,25.19679313729182],[121.56426166109004,25.196780812028887],[121.56428689649788,25.19667591157313],[121.56427471543174,25.196573356657844],[121.56428374718014,25.196453306109525],[121.56429831029806,25.196381623673147],[121.5643370889465,25.19635407622606],[121.56452234617657,25.196254360948505],[121.56469506216136,25.19621293191246],[121.56486835827272,25.196224150816025],[121.56496399588518,25.196206081944645],[121.56510458523499,25.19614147429337],[121.56520647703533,25.196018775805655],[121.56546123887463,25.19571492709514],[121.5655889372266,25.195632899404732],[121.56583761066227,25.195398975890683],[121.56646300185763,25.194924805321104],[121.56662269027619,25.19483683127726],[121.56682755682472,25.194824400420693],[121.56706441482126,25.19480601465252],[121.5673463704939,25.1948457031424],[121.56754489120794,25.194844941544147],[121.56765984180416,25.194774615938716],[121.5678516548233,25.194617634888278],[121.56796931304125,25.19464126941189],[121.56821110123641,25.19473822058646],[121.56849476354557,25.194722306908936],[121.56887685963956,25.194833550387415],[121.56901393021195,25.194853787167997],[121.56915768508132,25.19490959485761],[121.5692196759748,25.194915287595002],[121.56940876754405,25.19499281305972],[121.56955496856723,25.195007019702633],[121.56969280297976,25.194969574068054],[121.56984266695844,25.194898850499833],[121.57030911660132,25.194823214068407],[121.57083908697057,25.19444091730414],[121.57133340207018,25.194041269475555],[121.57126623068312,25.193924663590142],[121.57222068628019,25.193475152766965],[121.57271177116375,25.193668027709283],[121.57325102105791,25.193986237329504],[121.57353594783986,25.193855285496287],[121.5729697728911,25.19324311757403],[121.57255747687402,25.193255276610113],[121.57210376560924,25.19310384781188],[121.57204412818504,25.192771294386922],[121.57183317954579,25.192370660206574],[121.57162294731333,25.19212320725414],[121.57147541939086,25.191621964936758],[121.57100309029757,25.191338238385885],[121.57038573299482,25.191020104738353],[121.56998304413058,25.19096310231682],[121.56986975962425,25.190831768414878],[121.56886939152666,25.190323198478673],[121.56848066791098,25.189804959908642],[121.56782842501279,25.18960777804197],[121.5677633558182,25.18958810333644],[121.56761740436441,25.189354417946024],[121.5673018385632,25.18898961250052],[121.5670422266044,25.18854407252461],[121.56703370578215,25.188441621078155],[121.56723304036666,25.18803824207352],[121.56732771961656,25.18716779322442],[121.56763115625286,25.187001591248322],[121.5678153611442,25.18678976818303],[121.56783023370382,25.186772666526416],[121.56799165254574,25.186478362005733],[121.56817576690909,25.186195986216],[121.56822493622342,25.18598170197612],[121.56818572578182,25.185932379959077],[121.56800019648684,25.18577899600823],[121.56781059514833,25.185667408325866],[121.56781014848357,25.185665225300756],[121.56777111645198,25.18547452637347],[121.5677577164548,25.185081487195106],[121.5678072671883,25.18504360577055],[121.5679192110035,25.184958025444995],[121.56803427250182,25.184806656156827],[121.56817362312208,25.184461004466424],[121.56815037011646,25.184025184029874],[121.5680791558119,25.18371093619224],[121.56801200398323,25.183620157154774],[121.56780221847961,25.183513359406952],[121.56780016254748,25.183510740191984],[121.56769847449463,25.18338132794072],[121.56765399872438,25.183139687576098],[121.56730899811635,25.18232818806268],[121.56695772061374,25.181951601430967],[121.56692195989822,25.1818605300412],[121.56673436200333,25.181766573576663],[121.56638239492186,25.181755164873657],[121.5663484314128,25.18171796469402],[121.56623839579233,25.181413172093457],[121.56601805597647,25.181269099972944],[121.56612122627408,25.180609969730455],[121.56610639221668,25.180523638925436],[121.56608586432509,25.180370920987418],[121.56585828911574,25.179978709496062],[121.56587071693487,25.179402269375245],[121.5655982675264,25.179211180094434],[121.56544543874345,25.178786335329903],[121.56523339269688,25.178608736863666],[121.56503695286354,25.178540866297055],[121.56452531819208,25.178831015360217],[121.56422308222803,25.1787223802302],[121.56358798121153,25.178409159272654],[121.56357219747758,25.178258255483414],[121.56308764935775,25.177875838090284],[121.56257381751344,25.17768566136498],[121.56245230360692,25.177507714616954],[121.5621806191631,25.177481302254126],[121.56204351319158,25.177193626527785],[121.56204078428519,25.177180120494313],[121.56193545369906,25.176658810893233],[121.56116138139981,25.17564620340741],[121.56100901234358,25.175317417388676],[121.56085757618041,25.175194472073382],[121.56086469743218,25.175126880521614],[121.56088649819227,25.174919888190537],[121.56070395283844,25.174591216163055],[121.56070275995219,25.174330468741015],[121.56104874124459,25.174109581744442],[121.56116723364882,25.173628804724625],[121.56181968631206,25.1722889137417],[121.56183240646037,25.172005859766596],[121.56293016208198,25.171034650318543],[121.56303387382766,25.170884492492092],[121.5631666860004,25.17007670594049],[121.56308563140388,25.169701725662197],[121.56308463805041,25.169697116198247],[121.5626696550681,25.16924092693003],[121.56282665570694,25.1692007337931],[121.56285730439643,25.169029033493167],[121.56281578189451,25.168938993892816],[121.56276588707956,25.168604809204698],[121.56267137616025,25.168561166632184],[121.56263957640623,25.168482094993212],[121.56250636795097,25.168438599396175],[121.5624774830975,25.168359146499505],[121.56235456221873,25.168350305793478],[121.56211870152599,25.168276676542078],[121.5621067178134,25.168148818479672],[121.56204645098008,25.16750580781318],[121.56182234250775,25.166803341818557],[121.56164178027245,25.16656540213527],[121.56155727196742,25.166201502032152],[121.56149918283798,25.165573761200484],[121.56135963529086,25.16524775203973],[121.56105332848007,25.164683749881984],[121.56103200757835,25.164292797058604],[121.56102319378412,25.164131258472572],[121.56119892287857,25.163314237218643],[121.5611424939973,25.16305071056236],[121.56073886936863,25.16233636483763],[121.56035130529327,25.16211176497174],[121.55979824058299,25.161925463291062],[121.55976451045153,25.161924688034745],[121.55932881641199,25.16191467968432],[121.55913491663424,25.16177725835533],[121.55854926913466,25.161083427890873],[121.55837529734373,25.161021710430184],[121.55796126240128,25.161007680164065],[121.55689231148742,25.16079486384541],[121.55666722594633,25.16068729436763],[121.55628527708814,25.160355131324103],[121.55609780983134,25.160455909718106],[121.55571743151425,25.16046985055519],[121.5555217921421,25.159778371156094],[121.55509063522148,25.158912768830636],[121.55508421226777,25.15889848369894],[121.55474488913163,25.158143588018497],[121.55390025062432,25.15674409486541],[121.55372625328138,25.156249892268136],[121.55369824562382,25.156170342042977],[121.55339653627988,25.155541692721812],[121.55340765728552,25.155465121660608],[121.55320341831674,25.155107630667825],[121.55327705778102,25.15491287945585],[121.55334697995869,25.154727958602706],[121.55330008558668,25.154502048121657],[121.55309865777711,25.15418902687744],[121.55300111620778,25.15389452185304],[121.55296118998987,25.153864615962092],[121.55246249601517,25.153491080126297],[121.55214729466807,25.153220416502165],[121.55189800229839,25.15290560651121],[121.55179078845717,25.152770214690293],[121.55178763795077,25.152766624295385],[121.551067373661,25.151945880035512],[121.55093805327273,25.15184003050901],[121.55080295271051,25.15178328708829],[121.55079650972813,25.15178230418003],[121.55061104179157,25.151754010018436],[121.55048783747208,25.151678128054428],[121.55029932344036,25.15173608364027],[121.55010988246696,25.151589560341566],[121.55001285285586,25.151336371954574],[121.54991687222923,25.151314916955503],[121.54989569893334,25.151271372725283],[121.54989691091976,25.151231497532976],[121.54989693938855,25.151230560889847],[121.54990091995425,25.151099597396502],[121.5498032414091,25.150699193154804],[121.54982071282357,25.150571843813484],[121.54980337265171,25.1503942479742],[121.54988555948695,25.15027048619621],[121.5498834540811,25.150187074980586],[121.54988153147644,25.150110905778888],[121.54973837123907,25.14992173378168],[121.54961566165417,25.149864979345924],[121.54955428902974,25.14980651563293],[121.54943618232589,25.149694006663744],[121.54936622538864,25.149591880643705],[121.54926917283147,25.148818801447508],[121.54926214583062,25.148447717156266],[121.54911376863112,25.148087259191044],[121.54908812993266,25.14799765881352],[121.54906148406266,25.147904538491645],[121.54902320698869,25.147753408679215],[121.54899868726993,25.14758241159172],[121.5489802536938,25.14744381117329],[121.54895375435653,25.147271476247912],[121.54894346926218,25.147185072096562],[121.5489310957821,25.147075257275407],[121.54894652436818,25.14698335913038],[121.54898326418153,25.146788725589015],[121.54902637004083,25.14669131712743],[121.54909504433188,25.146555995937987],[121.54910283010666,25.146527149973444],[121.54913409595821,25.14643698964745],[121.54917735469576,25.14637379636842],[121.54924835887753,25.146315907916087],[121.54913755068864,25.14632465153144],[121.54908211182938,25.146321254916728],[121.54906218806923,25.146290706087687],[121.54905208830763,25.14624572131692],[121.54893025708537,25.146003051129295],[121.54876819271416,25.14561286027847],[121.54866586938992,25.14530528809928],[121.54862291918333,25.14516901731764],[121.54865802632979,25.145119441387372],[121.54876909593428,25.14492395769039],[121.54881710263919,25.14483946515831],[121.54884403485504,25.14478497217429],[121.54884387086905,25.14474830321314],[121.54884369209068,25.14470832643399],[121.54881063935628,25.144609557100505],[121.54875869654651,25.144540523474213],[121.54858459490072,25.14449666072551],[121.54842654562749,25.144398345137837],[121.54827645042207,25.14425550133076],[121.54824908622756,25.144211104006946],[121.54824328668242,25.144129531151858],[121.54825630115333,25.144003390055317],[121.54825037901774,25.143892151913374],[121.54817055487783,25.14366498893243],[121.54810765329593,25.14357374179323],[121.54808822215504,25.14348233379068],[121.54792328652086,25.143322933125976],[121.5477391481062,25.143209799137573],[121.54756863405078,25.14316926222184],[121.54724625285316,25.143090547421163],[121.54686787672563,25.142987816729796],[121.54675335852689,25.142971294046585],[121.5465455611077,25.142923626072484],[121.54636964643511,25.142866153254328],[121.54627167067162,25.14280036701053],[121.54615019092437,25.142681465815972],[121.54613306720911,25.14266470090151],[121.54604453242112,25.142518368689316],[121.54604462408521,25.142396292791837],[121.5460600413615,25.14227695905605],[121.54605949614445,25.142154407022627],[121.54603479017386,25.141950638537523],[121.54600225427185,25.141763086042904],[121.54593821040055,25.14159059082867],[121.54584306313515,25.14154055660381],[121.54562130102295,25.14147659820015],[121.54531274436371,25.14146334382357],[121.54498068807868,25.141500551072145],[121.54468054685178,25.14160241559385],[121.5445066568911,25.141631844900473],[121.54429291038494,25.14164201041186],[121.54415517454295,25.141672182174943],[121.54380494124936,25.141808697544647],[121.54380399145889,25.141809224650878],[121.54370493726572,25.141864441907362],[121.54356915870827,25.141926835638046],[121.54348706616004,25.14198252315927],[121.54345149805869,25.14203803093791],[121.54343050190613,25.14214561249068],[121.54336282606448,25.142227310675676],[121.54323788438872,25.142309209814517],[121.54308070948844,25.142391227022316],[121.54298424183469,25.142437189725438],[121.54282319814028,25.142454075337348],[121.54272660068202,25.14247071564931],[121.54263009952275,25.142506901003706],[121.54257302990273,25.142555978200278],[121.54251938217507,25.142569201980425],[121.54243343930818,25.1425662666517],[121.54235952716418,25.142528511103944],[121.54232578395836,25.142511274495128],[121.54226108847749,25.142452874954806],[121.54213541643612,25.142371884985],[121.54200966276409,25.142274617853687],[121.54194124335739,25.142183650007993],[121.54190161505478,25.142128408650077],[121.54189042819525,25.142027463188285],[121.54188993919941,25.14191670134733],[121.54188241899186,25.14183528793029],[121.54180658487329,25.141688960803705],[121.54165597659996,25.1416341342578],[121.54151965554911,25.141575996249234],[121.54147656228609,25.141546831060406],[121.54146199666599,25.14149149796469],[121.5414366138371,25.14141666796774],[121.54132135394806,25.141260716446812],[121.54120656834542,25.141212267664155],[121.54109560729674,25.141219191160978],[121.54092051190297,25.141294753379412],[121.54074192655276,25.141393141706672],[121.54058485152409,25.14149796046483],[121.540477786085,25.14157654200973],[121.54033467340683,25.14159986862306],[121.54021520708454,25.14160309319745],[121.54019506490006,25.141603636855567],[121.54010906533627,25.14158765501819],[121.53982206608275,25.14145839199341],[121.53962468559274,25.141351606530666],[121.53952416456464,25.141290077173633],[121.53942706644904,25.141192694401763],[121.53934052338876,25.141052932144053],[121.53928266590597,25.14092283363025],[121.53926458819245,25.1408805403884],[121.53926388694684,25.14072092010403],[121.53926309980271,25.140541745631054],[121.53923413266143,25.14047017832954],[121.5391479579596,25.14041185556122],[121.53904405789322,25.140395938234924],[121.5389043978896,25.140389937200112],[121.53881861383579,25.14042282200581],[121.5387685326338,25.14043278139723],[121.53871838982661,25.14042644557978],[121.53861800301229,25.14039748787328],[121.5385390079094,25.140345656809004],[121.53842754294563,25.140235298269772],[121.5382477285752,25.140053515232474],[121.53816141615869,25.139965869652983],[121.53805377924965,25.13991413333465],[121.53793205966284,25.139914575355903],[121.53761710919667,25.13994178226804],[121.537563333668,25.139925691015115],[121.53741960465884,25.139805671511738],[121.53736581494805,25.139786321153206],[121.53722252270704,25.139770554444993],[121.5370610496499,25.13968643982508],[121.53685249187944,25.139478695594086],[121.53678417197924,25.13941378854872],[121.53673014041546,25.139339061480804],[121.53664368281726,25.139215574613107],[121.53656826955601,25.13916372949458],[121.53645361587097,25.139144599220863],[121.53636419481808,25.139164468467058],[121.53627127885919,25.13920389579004],[121.53618898978264,25.1392172209457],[121.5360994505344,25.139207776755025],[121.53595953593226,25.139143128375864],[121.53585910383957,25.13910114162541],[121.53585778389113,25.13910093875712],[121.53575520526644,25.139085221964248],[121.53564424574904,25.139092141353036],[121.53554054621608,25.139121838981644],[121.53542630048479,25.139193924700923],[121.53535853125757,25.139252806052458],[121.53530481311883,25.13924974107473],[121.53522600473177,25.1392402485539],[121.53515081923952,25.13924052015922],[121.53508999740998,25.139250517103243],[121.53494339121657,25.139293396593207],[121.53486465382468,25.139300199049007],[121.53475717069458,25.139281041572872],[121.53464956416542,25.139235820810548],[121.53460999685568,25.13919361354593],[121.534602580943,25.139134994829224],[121.534627387391,25.139076268863306],[121.53466300551402,25.139033790273363],[121.53470946370552,25.139014077119768],[121.53472720886495,25.138978172163302],[121.53466140224091,25.13866567289626],[121.53462155133485,25.13855830300017],[121.53458562126607,25.138529118938866],[121.53447084079366,25.138480664833107],[121.53441696702603,25.13844176820477],[121.53436654589497,25.138373536360767],[121.53431632332699,25.138350912925183],[121.5341981613526,25.13834807994239],[121.5339869515123,25.138352100435277],[121.53389747395032,25.13835894108081],[121.5337756042411,25.13832679837793],[121.53367872543856,25.138278279152757],[121.5336175499578,25.138206835726816],[121.53353477561052,25.13810613828334],[121.53352367107541,25.13802473723366],[121.5334875431863,25.137949935433873],[121.53349796819406,25.137874975026104],[121.53353691172754,25.13777383923055],[121.53356528448049,25.13771184149977],[121.53357573204273,25.137646649234426],[121.53353977416154,25.137610946837036],[121.53343584459627,25.137585257406656],[121.53330677291277,25.137543372002597],[121.53320115646144,25.13752680534591],[121.5331849607789,25.13752426493619],[121.53312825267166,25.137490745076768],[121.53308086581387,25.13746273492706],[121.53298396962482,25.1374077061472],[121.53285825223709,25.137313680951085],[121.53285735719624,25.137313115409885],[121.53272541705833,25.137229458497778],[121.532545926379,25.13711933996249],[121.53243470989818,25.13706436228654],[121.53240240751826,25.137048182932432],[121.53234860564747,25.137025571676098],[121.53224122794565,25.137032475626615],[121.5321269962723,25.137107817857835],[121.53201985845544,25.1371700981814],[121.5319161878111,25.1372063023131],[121.53182676737514,25.137226168814554],[121.5317157951413,25.137229826202457],[121.53159755955137,25.137207445900152],[121.53149705998246,25.137149169976585],[121.53138198587489,25.137032300742757],[121.53125242205196,25.13687639237909],[121.5311874429537,25.13675283420551],[121.53114394507571,25.136629189965358],[121.53111811860613,25.13645011398723],[121.53113528664599,25.136280643085716],[121.53112067416548,25.13621554079913],[121.53104162431053,25.136147410390368],[121.53097695996317,25.13609878291131],[121.5308335094278,25.136040651403242],[121.53074011516281,25.135969313132165],[121.53067010420655,25.13588087133348],[121.5306681175668,25.135878361695422],[121.53059583847111,25.135722247524786],[121.53056671437066,25.135608328875666],[121.53056261749344,25.13549106151348],[121.53059420538074,25.13534435262653],[121.53062200185899,25.135148789040805],[121.5306355762136,25.13497607194273],[121.53060270736901,25.13482633478186],[121.53050157685506,25.13462146460554],[121.53045806638148,25.134494561066894],[121.53044319701694,25.134367564009633],[121.53044065432651,25.134335832272612],[121.53043562863509,25.13427311364331],[121.53046404026857,25.13421763450613],[121.53054257762881,25.134165225953343],[121.53072129190741,25.13409943125435],[121.53099660850705,25.13401700377052],[121.53111096488493,25.1339709847305],[121.53121798765874,25.133882641798955],[121.5312855727572,25.133781412875805],[121.53130314905749,25.133706417898733],[121.53125958174019,25.133566487463245],[121.5311872046672,25.13338756928259],[121.53117964992627,25.133296387016408],[121.53123636758441,25.133165865268246],[121.53128603776521,25.133061441478127],[121.53129635517863,25.132963676955338],[121.5312778768873,25.13283017472642],[121.53116960088231,25.13262858062539],[121.53096812666799,25.132397997643285],[121.53087786453214,25.132222402444523],[121.53084840726663,25.13203356203651],[121.53086777852988,25.131903490174174],[121.53086928199345,25.13189340056887],[121.53100962436044,25.131231573347677],[121.53101835538429,25.131195144870745],[121.53113622291163,25.13070336374075],[121.53114279534343,25.13056977165884],[121.53117436310971,25.130416544468872],[121.53124153771088,25.13022083951089],[121.53129078811199,25.13002193969281],[121.53127198618603,25.129813506571086],[121.5312319440079,25.12966053606513],[121.53122796946066,25.129569331891496],[121.53123767655502,25.12932822370129],[121.5312522191601,25.12922654132866],[121.53127590074011,25.129060958602356],[121.53133587644145,25.128858761204057],[121.53143814470634,25.128500038955902],[121.53148709391814,25.12822946720247],[121.5315110961718,25.127985048600426],[121.53151038581453,25.12797871235368],[121.531492477552,25.127818973950763],[121.53140498476128,25.127457673019798],[121.53132168413055,25.127233184659342],[121.53128367283131,25.127139150338206],[121.53124343953134,25.127063297242767],[121.53120894883781,25.126996785540605],[121.53114058289921,25.126875342769388],[121.53106572243972,25.126767853369802],[121.53094523980967,25.126654577956177],[121.53083882017292,25.126564435859684],[121.53075306648773,25.12650855299141],[121.53071370418469,25.12648727061206],[121.53054670005356,25.126414705995728],[121.5304961610496,25.126397878237984],[121.53044564962298,25.126387433129032],[121.53034064999929,25.12637339125251],[121.53014359728711,25.126335005206535],[121.53004202248233,25.126306792963717],[121.52999305924813,25.126293193472474],[121.52989612121986,25.12622838533326],[121.5298276818613,25.12613090238214],[121.52977679072025,25.12595190644085],[121.52977124563603,25.125891798167803],[121.52976176869291,25.125789068703277],[121.52975720531961,25.12556103880662],[121.52977614431997,25.125327608542317],[121.52978099988222,25.125267761794234],[121.52977767906164,25.125113192440292],[121.52977204179243,25.124850801449288],[121.52970689803105,25.124684883734137],[121.52967035515167,25.12451235461777],[121.52963368595562,25.124310503126672],[121.52957239350528,25.12420973538399],[121.52952561701281,25.124154515977303],[121.52915978313786,25.12399294007976],[121.5288835899227,25.123866866371557],[121.52865402890924,25.12376018038403],[121.52863573724387,25.12375618085907],[121.52849278312308,25.123724923444396],[121.52835656478584,25.123707835462874],[121.52798774941715,25.12366156856947],[121.52785715296659,25.123651010588805],[121.52771180169128,25.123639257151893],[121.52764039165527,25.12363348271975],[121.52731469875684,25.123650928243624],[121.52704261912075,25.123648645909263],[121.52685629715704,25.123606949129382],[121.52644723142465,25.123380365312656],[121.52638076791148,25.123316063723497],[121.52635823914935,25.123294267754094],[121.5262962515743,25.12323429638949],[121.52614134353156,25.123006809012992],[121.52599728698323,25.122805337657404],[121.52592485445417,25.122610130219805],[121.52583382339687,25.122387541688322],[121.52579123035785,25.12228339316865],[121.52571864607464,25.122105909594506],[121.52558082698775,25.121686146527576],[121.52553346796165,25.12149410001318],[121.52555781550505,25.12132787201788],[121.52565415009046,25.12108852402814],[121.52571012753432,25.120949430236163],[121.52573830048387,25.12079670349744],[121.52574644896076,25.120752530194352],[121.52574861243856,25.12074080186747],[121.52571933336576,25.12059104145481],[121.52555387180942,25.12040594095447],[121.52545504929485,25.12030859330655],[121.52543523955217,25.12028907918542],[121.52542827061086,25.1202856758309],[121.52534914531644,25.12024703413896],[121.52494793499447,25.120180041580884],[121.5248008606683,25.120108889310853],[121.52468390749708,25.12000552908204],[121.52463197443306,25.11995963187826],[121.52447339264826,25.119706091821595],[121.52445196018122,25.119652661954483],[121.52423458895532,25.11911076550637],[121.52403118357549,25.118619104049774],[121.52400310967445,25.11855124485843],[121.523793850411,25.118167564338087],[121.52366045918441,25.117946516243286],[121.52359171013514,25.11777409007555],[121.52355161230786,25.11760483081085],[121.52353655813924,25.117432223989976],[121.52355376228473,25.11726927150765],[121.52365336716119,25.117122323467953],[121.52385940622982,25.116910922830243],[121.52386364834382,25.116906570316967],[121.52413116484398,25.116684096328132],[121.52447377855172,25.116441810638644],[121.5247127952379,25.11625200936545],[121.52488403149894,25.11611457522582],[121.52498020734147,25.11600347047197],[121.52501149210096,25.11591839361977],[121.52505097794437,25.115811014283384],[121.52508620767588,25.115673754585124],[121.5250763989618,25.115541831265038],[121.52502389540193,25.114835673671585],[121.5250359664176,25.114613669126424],[121.52505074583098,25.114528934377233],[121.52506035450959,25.11450226769565],[121.52507005103752,25.11447535719642],[121.52512432970953,25.11436879973415],[121.525186074077,25.114247585706906],[121.52525918561142,25.11409274067317],[121.5253967736678,25.113770038853616],[121.52540523394855,25.11375024388725],[121.52566505169614,25.11321740315466],[121.52577005487014,25.11290588161857],[121.52578275176373,25.112830525210956],[121.5257843411328,25.112694440880205],[121.52574664167098,25.11250431897956],[121.52572051736408,25.112423972336728],[121.5255889966791,25.112113289377888],[121.52547992454089,25.111876592255573],[121.52537518866987,25.111675332546824],[121.52529268697825,25.11149337705473],[121.52525262369245,25.11143200233855],[121.52521122613926,25.111392516157952],[121.52516769945717,25.111362941199616],[121.52507017581561,25.111306220736775],[121.52494844275114,25.111255129102464],[121.52479750882405,25.111205437076926],[121.52478764464286,25.111202189482572],[121.52471376278447,25.111178662234295],[121.52465736998084,25.111169201999786],[121.52420690529539,25.111093632993953],[121.52371551747888,25.111029736041736],[121.5234155755769,25.110986425790802],[121.52323246400225,25.11095998499523],[121.5231868845619,25.11095815967644],[121.52309035823598,25.110963086459222],[121.52301211400736,25.110953540033744],[121.52283939650036,25.110886105276236],[121.52274138793739,25.110801289889547],[121.52264972393839,25.110678814413664],[121.5226103390175,25.110601709820337],[121.52257735905219,25.11049883483549],[121.52256864427656,25.11027154742376],[121.52256842632623,25.11026586311344],[121.5225674768016,25.11003784669491],[121.52256445992874,25.109834321446076],[121.5225494924793,25.109718834062846],[121.52250725285327,25.10958587432519],[121.52246113281267,25.109498727206805],[121.52238763439885,25.109408760490442],[121.52233704720499,25.10936938531836],[121.52233394349904,25.109366969508816],[121.52232715869184,25.10936341919237],[121.52220659481895,25.109300331108198],[121.52205967752845,25.10920899773254],[121.52198483987272,25.109177139631708],[121.52189903830192,25.109148190981692],[121.52170621673007,25.109090368187047],[121.5214455986252,25.10901957562694],[121.52135819041065,25.108990487862528],[121.52126647743384,25.1089329770244],[121.52119583766434,25.10886682450032],[121.52113690042593,25.108794211914734],[121.5211085386616,25.10874183190771],[121.52110090862607,25.10870712185684],[121.52108912690007,25.10865352517021],[121.52108947677095,25.10855127296941],[121.52113756088305,25.10814776063618],[121.52117541479647,25.107910922810127],[121.52118348955649,25.10779720498963],[121.52120216645409,25.107632685530657],[121.52122706431312,25.1075252733039],[121.52124079048582,25.107484003265572],[121.52126958450782,25.107432605025025],[121.52129066374376,25.107329593811322],[121.52130025399403,25.107234251632747],[121.52129247069382,25.10707527807478],[121.5212869117678,25.10697832668355],[121.52127820898389,25.106826543944994],[121.52121513134018,25.10663751887131],[121.52118806516762,25.106556409350084],[121.52114835850341,25.106456663233093],[121.52110671046981,25.106402457528816],[121.52105989342309,25.106341524183495],[121.52098260399819,25.106238353040688],[121.52083309247743,25.10597357270752],[121.52071619516741,25.1057703298326],[121.52063212145575,25.10563132313625],[121.52037400386348,25.10512337544139],[121.52032364699222,25.104987870456416],[121.52025737724617,25.10485719708417],[121.52024596032895,25.104834683208416],[121.52020282545102,25.104749622221],[121.51991298264372,25.10417805539614],[121.51984130343546,25.104118496220092],[121.51972021304957,25.104017870305366],[121.51930793491576,25.10384041538111],[121.5192684747356,25.103823430634893],[121.51868873193494,25.1035738916294],[121.51852066033086,25.103415482721665],[121.51851130327468,25.1034066635992],[121.51842604283327,25.103232125517334],[121.51804050379194,25.10229110342913],[121.5178749469448,25.101912243939893],[121.51761103724309,25.101276745555033],[121.51757188236552,25.10110204598425],[121.51760941821853,25.100892104305313],[121.51773888424376,25.1006188985252],[121.51775354509684,25.10045099879055],[121.5176759126895,25.100262440142217],[121.51718737690166,25.099451136945227],[121.51713974176099,25.09937202816295],[121.51706829166288,25.09935481266372],[121.51613146041183,25.099129084793717],[121.51475681261485,25.09880838432067],[121.51379218234892,25.098484337352854],[121.51310178698301,25.098274102667716],[121.51310056118612,25.09827372939254],[121.51201251212326,25.097942395754757],[121.51188346040466,25.097903096161932],[121.51162364988328,25.097823977313734],[121.51058847888106,25.097410278731658],[121.51005995933758,25.096802733487014],[121.50917878321478,25.09585513673176],[121.50905129221489,25.095718034137267],[121.507878922963,25.096003166057262],[121.50718359569655,25.09617227161264],[121.50708306973381,25.096196719503624],[121.50664895961765,25.096302294092755],[121.50633040391749,25.096379765191273],[121.50596066685235,25.09646968235599],[121.50587459874185,25.096490613297217],[121.50527066953025,25.09657585123292],[121.50462432105309,25.096667073330647],[121.50405016351985,25.096748104322202],[121.5039472118974,25.096762633663868],[121.50359524311027,25.09681230467294],[121.50276669146909,25.096929229195887],[121.50231405164227,25.096993103309998],[121.50218790481269,25.097010904219246],[121.50097608200204,25.09718190199209],[121.500672541596,25.096576080725484],[121.50063861981955,25.096508377510744],[121.49927758663561,25.09694823278692],[121.499009083132,25.097110616421517],[121.49849622574067,25.09742077612769],[121.49830344806774,25.09753736102411],[121.4982281602281,25.097582892232634],[121.49755262061939,25.098326340216605],[121.49751406817103,25.098368767774442],[121.49732410656243,25.09894839832101],[121.49720703556021,25.099305614714527],[121.49719223524801,25.099519511008378],[121.49714732405272,25.100168719987053],[121.4971166789844,25.100611703048035],[121.4971562449406,25.104485419458086],[121.49714513958219,25.104936478132814],[121.49709463964841,25.10698838930594],[121.49666131527584,25.10975676335237],[121.49649851253164,25.110355450126047],[121.49643286530149,25.110596844087418],[121.4960746769586,25.111380418912944],[121.49554584959314,25.11198780395307],[121.49471534564145,25.11274923254986],[121.49465718902577,25.112802551591116],[121.4935983637042,25.11355342770333],[121.49192359541186,25.11456486636508],[121.49190349653061,25.114577004417608],[121.49056060018451,25.11510975481026],[121.48958462506737,25.11534491952373],[121.48897592944795,25.11537270335871],[121.48815776281928,25.115293822539613],[121.48794198974913,25.11527301912019],[121.48703485629764,25.115018297449833],[121.48558839553657,25.11443031718959],[121.48551677390672,25.11439702400903],[121.48280833522058,25.113137972344774],[121.48127707060296,25.11257599146508],[121.48021340059287,25.112313258298435],[121.4797323744216,25.11219443589212],[121.47834396203012,25.111954099889616],[121.47610120918554,25.111555747218407],[121.475921314935,25.11152379322249],[121.47553978115432,25.111468876857586],[121.47524650971,25.111426663898733],[121.47519766135082,25.11141963269533],[121.47495804390591,25.1113851420591],[121.47396646631584,25.111246575097546],[121.47294627484743,25.111030776737884],[121.472661736121,25.110942768695146],[121.472275145624,25.11082319487896],[121.47203910332833,25.110750187547854],[121.47101922532823,25.110611690860292],[121.47060247287631,25.110581414997426],[121.47033946561235,25.110562307667355],[121.4694618911757,25.11061662983412],[121.46859887801075,25.11077399186712],[121.46822275716697,25.110896458404532],[121.46767976482039,25.111073256902745],[121.46701558261555,25.111397479528247],[121.46596973043671,25.11187753128522],[121.46537647275964,25.112240190770795],[121.46435049900941,25.112885905394084],[121.46393341338113,25.1131484010385],[121.46322221380551,25.113997381810993],[121.46271116778519,25.115057423868745],[121.46237454397146,25.115882606765652],[121.46212160999038,25.11637990768438],[121.46212167448397,25.116382943111226],[121.46206399464413,25.116497071396715],[121.4614287263519,25.11775403044186],[121.46080663507587,25.119065600678944],[121.46042734545718,25.119865251409742],[121.45955548773084,25.121223180853704],[121.45951128156494,25.12130832577796],[121.45901229943415,25.12226950562513],[121.45880526265047,25.122614565719363],[121.45906218462213,25.122610610418022],[121.4593052590593,25.122616177006304],[121.45961793360344,25.12266576470277],[121.46002097009394,25.122737180944128],[121.4603753869201,25.122808756131718],[121.46054914746558,25.122849293830225],[121.46079954315208,25.122955949052578],[121.46123425499422,25.12314102558591],[121.46156811030733,25.123282177635563],[121.46172457945089,25.123341726629686],[121.46222497299529,25.123450760229655],[121.46256554572653,25.123531852728593],[121.46281229517942,25.123591118785885],[121.46334428107853,25.123788524509376],[121.4639040706181,25.123995311669308],[121.46419968026343,25.124120892752835],[121.46438400232319,25.124199196139095],[121.46439327951617,25.124205802664278],[121.46449889829363,25.124280991059383],[121.46457899503693,25.124343936135215],[121.46466964764792,25.124444765741703],[121.46473260581436,25.124564640963417],[121.46481375501058,25.124905645494714],[121.4648670206255,25.125218290144847],[121.46488244648644,25.125625856638017],[121.46486908936463,25.125764929960226],[121.4648011974828,25.126175917548302],[121.46473314971885,25.126545819086065],[121.46470497834318,25.12670894432052],[121.4647025716311,25.126722864035834],[121.46465172176158,25.12693879299139],[121.46459654754392,25.127159854365022],[121.46451355102472,25.12743197508145],[121.46440781422164,25.12786134470566],[121.46440712410623,25.12786766647696],[121.4643990344984,25.127941793752587],[121.46427573771982,25.1286764824501],[121.46395014862854,25.13056809394385],[121.46441452440784,25.13095501526098],[121.46441881197586,25.130958522747175],[121.46518300651697,25.131583355648125],[121.46581989296135,25.132104175835316],[121.46584160074838,25.132122181662137],[121.46616278141161,25.13238863531054],[121.46630913293214,25.132561539616177],[121.4667590858809,25.13300373203236],[121.46723732995035,25.133517218235614],[121.46752991272783,25.133832428932976],[121.46770993592959,25.13402052799709],[121.46789012499316,25.1342494057924],[121.46821680718529,25.134691982758454],[121.46844773934245,25.13500229454546],[121.46867937858617,25.135367629369323],[121.46895456032307,25.1356584533318],[121.46907830154902,25.135780436161294],[121.46917944464519,25.135851500305886],[121.46928614230951,25.135912345147936],[121.46941529253813,25.135983320417584],[121.46953310961928,25.13601864380982],[121.46971813774377,25.13604865322866],[121.46981911539416,25.136078919928643],[121.46994813941798,25.13611420745121],[121.47014472596388,25.136235958297007],[121.47029078481253,25.13633237420117],[121.47057168678528,25.136520140369758],[121.4708918525146,25.13671798284358],[121.47125700307696,25.13695647001719],[121.47162779765779,25.137205139935574],[121.47189198144851,25.137418451807466],[121.47197593666532,25.137519568762638],[121.47202710099768,25.137581193358166],[121.47215686243203,25.137810226358198],[121.47226981402301,25.138039321844794],[121.47232813414622,25.13863061393623],[121.47235668126423,25.138768190784855],[121.4723681040694,25.1388242452836],[121.47238298820855,25.138862259843393],[121.47241670869472,25.138949868297484],[121.47244220639918,25.139096500893775],[121.47250280085716,25.139291429644295],[121.47255142600618,25.139401686894995],[121.47262661399827,25.13949977090828],[121.4727483128485,25.139591648688867],[121.47286329705167,25.13966539250794],[121.47298320595088,25.139722490953393],[121.47306814613356,25.139764570053316],[121.47316303041062,25.139800568590317],[121.4732829045624,25.139848584741472],[121.47339611232006,25.139893597719478],[121.47346106145984,25.139923642961516],[121.47352434444501,25.139953693500107],[121.47356465518986,25.139991161507414],[121.47358273219635,25.140007963701557],[121.47368625299579,25.14012561051554],[121.47377139801517,25.14022062868135],[121.473841501302,25.14029603194532],[121.4738932327167,25.14034728990389],[121.47397003189121,25.140433261516502],[121.47404011030198,25.140499591631972],[121.47410849513757,25.14056138605428],[121.47416355920042,25.140612642276583],[121.4742253518095,25.140688071949157],[121.47426711789187,25.140742386046625],[121.47434542594783,25.14078751000334],[121.47445366969174,25.140838595827702],[121.47456355047471,25.140882110873314],[121.474655129311,25.140919626696977],[121.4747134068557,25.140945151673797],[121.47477674332625,25.140988815698307],[121.47483039592537,25.141036582356623],[121.47487262269864,25.141084259228762],[121.47492008683527,25.141129535909467],[121.47497545485432,25.14117717062184],[121.47506761691328,25.141229472158628],[121.4751307950768,25.141260352904517],[121.47520709593846,25.141286406695663],[121.4753176095644,25.14132669615025],[121.47537811327352,25.141345623287105],[121.47546756470445,25.141374027159237],[121.47553067819763,25.141388170051844],[121.47557539467128,25.141399979561363],[121.47563325170835,25.14141413928445],[121.47570433333779,25.14144977021163],[121.47574383045658,25.14147116609559],[121.4758176145494,25.14152591859202],[121.47588877970415,25.141583062852046],[121.47593094156997,25.14161640317846],[121.47606663303124,25.14185042522977],[121.47626853921213,25.142198643434615],[121.47666577387187,25.14289735959369],[121.47668014896102,25.142921300691025],[121.47679483053747,25.14311232487457],[121.47693434450225,25.143598637538922],[121.47694040888439,25.143729930025867],[121.47696859147206,25.143840955695993],[121.47702448563471,25.14394178078139],[121.47711919006564,25.144027340916576],[121.47734151126271,25.144102387493916],[121.47748608500095,25.1441675730275],[121.47763648823992,25.14430345580113],[121.47790371527157,25.14450462206393],[121.47816538897662,25.144705796727717],[121.47843278502826,25.144952417339724],[121.47868891628546,25.145153608947098],[121.47890051644134,25.145324646177475],[121.47915939664948,25.14555098451801],[121.47924585144344,25.145626571444243],[121.47944637439642,25.145802690344894],[121.479735962626,25.146044181009287],[121.47992539827112,25.14622539081212],[121.48012027014633,25.146376275822092],[121.48028721324445,25.14648180429556],[121.4803472169819,25.146531796240414],[121.48040281254222,25.146578119042896],[121.48065389181802,25.14673874276491],[121.48082130212698,25.146915174826102],[121.48089126544204,25.14704135740946],[121.48101547714602,25.14717871195741],[121.48117504757549,25.14726270453583],[121.48135089090367,25.147330619400588],[121.48149037285017,25.14746921490953],[121.48163010321593,25.147671023348433],[121.48171416200688,25.14784773439003],[121.48184049384183,25.148175995871114],[121.48186389700457,25.148321315243575],[121.48193984477706,25.148551462008196],[121.48200060625939,25.14905400498724],[121.48220221544696,25.149499041649534],[121.4824701687405,25.14987254994424],[121.48289476898418,25.15022059374114],[121.48335072021793,25.15056495888627],[121.48427243200392,25.150761619475496],[121.48528800774181,25.15090805112031],[121.4855232237003,25.15092866744694],[121.48578590297639,25.15095633444071],[121.4858642659899,25.150952511334584],[121.4859286537996,25.15095050629567],[121.48624827350997,25.150940552910235],[121.48669050725044,25.150789353426926],[121.48687858577321,25.15078160315203],[121.48689118346594,25.150790134738124],[121.4871143537843,25.150941272890773],[121.48758295574486,25.151510217006894],[121.48758367839304,25.151692055885068],[121.48741667108222,25.152070561348957],[121.48734775780495,25.15248082019739],[121.48737574552439,25.152619785812554],[121.48747472908025,25.152872613136587],[121.48765604209053,25.153135867433924],[121.48791245216518,25.153718292400274],[121.4879131027799,25.15371977084235],[121.48831190667379,25.154058864650114],[121.48831294176027,25.154059745977122],[121.48849399015738,25.15456452505437],[121.48853591407155,25.1546083619454],[121.48856996337646,25.154667418860793],[121.4886354859377,25.154731454659764],[121.48907312465698,25.155114384319248],[121.48940165455606,25.155412521572043],[121.48942485836234,25.155579832252926],[121.4895378122333,25.155658029201053],[121.4898283814447,25.15602258323376],[121.48982873610633,25.156111399101533],[121.48993068189057,25.156254534129715],[121.49000961042283,25.156274766427643],[121.4899802304719,25.15643883842102],[121.49011576631722,25.156530619479078],[121.49020970884183,25.15654738940457],[121.49034110331388,25.156543541796584],[121.49060826261389,25.156686129157226],[121.49063862184488,25.156764598864267],[121.49057540716971,25.15691852730471],[121.49067426474559,25.157229059331627],[121.49079099398261,25.157310664363518],[121.49085547987822,25.157474416320394],[121.49085591731802,25.157583725341503],[121.49109423413007,25.158023607617753],[121.49154261923977,25.158414971186037],[121.49158809306616,25.158517296509867],[121.49166392317733,25.159122657816003],[121.49166757119775,25.159151769874626],[121.49178150914932,25.159414836138705],[121.49190985548591,25.159597487613155],[121.49205295830781,25.159789009543577],[121.49207345574082,25.15981676165047],[121.49213191984029,25.15989591791206],[121.49225597443744,25.160234857141365],[121.49235503297227,25.160457788964987],[121.49253755195947,25.160684902900144],[121.49277880991723,25.160876106542748],[121.49318729465038,25.161151588459287],[121.49345808722326,25.161360549855203],[121.49369926549603,25.16146925510527],[121.49380227751693,25.16151568509212],[121.4938713494456,25.161604759154336],[121.49401888223214,25.161675714121948],[121.49425461428895,25.161710641916667],[121.49477079087463,25.161914321675273],[121.49492832504174,25.16202988548972],[121.49511120180259,25.162346308382634],[121.4956632959616,25.162933868436234],[121.49585523805706,25.163062713490273],[121.49628410726183,25.16319972900431],[121.49628936160974,25.163201408643967],[121.49702501425229,25.16338210243291],[121.49727530580707,25.163443579032847],[121.49744142846576,25.163418194112207],[121.4975876651959,25.16338383887446],[121.49774384055212,25.163351707064567],[121.49790015260243,25.163355704451668],[121.49803915901589,25.163387638173425],[121.49818347629986,25.163476646590173],[121.49833759676055,25.16374194656903],[121.49852488226415,25.163932202793195],[121.49871977285012,25.164080010861536],[121.49889962758293,25.164355127165802],[121.4989235816996,25.164510588799995],[121.49892352085557,25.16451513908624],[121.49891761691913,25.164956011281124],[121.49901928263398,25.165111201937616],[121.49919798827231,25.16510353056689],[121.4991455165574,25.16557739435633],[121.49925558364777,25.165888098827228],[121.49933778727281,25.16699071939553],[121.4994713220028,25.167336697856868],[121.50004226719989,25.168225574623712],[121.50044866890049,25.16878272330546],[121.5015780360714,25.169386904845474],[121.50171856606396,25.169541970800676],[121.50178896596378,25.169654852128645],[121.50184391786406,25.169788992402587],[121.50184435196722,25.169895032994965],[121.50183779612634,25.169922048731728],[121.50153864269863,25.171154508330606],[121.50199104954858,25.171555963328938],[121.50262464873015,25.172550667711274],[121.50264144058981,25.172854617056725],[121.50412149271641,25.17367675778761],[121.50424265526422,25.173853355527104],[121.50426380092394,25.173871411551847],[121.5045726636734,25.17413514786],[121.50472928527293,25.17423985230419],[121.50522741930298,25.174396014910485],[121.50543562731661,25.174384786478576],[121.50553350360383,25.17427394140645],[121.50563647864497,25.173994699089],[121.50560617119756,25.173658025037167],[121.50549346298179,25.17297959151033],[121.50552014564678,25.172437509011992],[121.50520875229066,25.1712703768732],[121.50522584254746,25.17120716820226],[121.50547414903521,25.1711010819113],[121.50588447798445,25.1710102223496],[121.50719282166845,25.171258328162192],[121.50756849234023,25.171178109258637],[121.50791490799658,25.17101904964023],[121.50915027278538,25.170491377050908],[121.51055289355912,25.169892244963975],[121.51102134824782,25.16969214053036],[121.51163151529082,25.169666307373145],[121.51188703310332,25.169887637203963],[121.51218471690838,25.170145492088064],[121.51240628548526,25.17033740812868],[121.51355187491632,25.171005485174394],[121.51383206956058,25.171027678383123],[121.51428090523372,25.170779025472754],[121.51467044686882,25.170561470932775],[121.5155948862331,25.17038065648928],[121.51604361840461,25.17010884203926],[121.51607730511451,25.17004695558543],[121.51613668431558,25.170039020647337],[121.51740942860641,25.16992647689815],[121.51753679614605,25.169867991153623],[121.51754497442957,25.169864234029607],[121.51898797185505,25.169511489535395],[121.51903801265829,25.169512640207586],[121.51970200129249,25.169527906808426],[121.52011944955223,25.169790823007364],[121.52022442861875,25.16985694467092],[121.52022555648847,25.16985856573132],[121.5202805828715,25.16993771865548],[121.5204310589545,25.170200687353546],[121.52061049235537,25.170533556465017],[121.5207431628722,25.170866580831312],[121.52085574367673,25.171087142839266],[121.52112303199952,25.17150340885878],[121.52115062541472,25.17160486666871],[121.52119431303275,25.171945065046643],[121.52127755061443,25.172716062318838],[121.52149641962548,25.173096819743677],[121.52186583210398,25.173754275039755],[121.52235082871515,25.174450078208995],[121.52249735678649,25.174671205087968],[121.52259015593813,25.17485066817087],[121.52258883232791,25.17489389845385]]]]},"properties":{"AREA":57383795.02439,"PERF_ID":63012.0,"COUN_ID":"6301200","CPID":"63012","CPTID":"6301200","NPID":63012.0,"NPTID":6301200.0,"PNAME":"臺北市","TNAME":"北投區","PTNAME":"臺北市北投區","TM2_MAX_X":307802.17,"TM2_MAX_Y":2789176.1694,"TM2_MIN_X":296266.053,"TM2_MIN_Y":2776476.2751,"MAX_X":121.57361,"MAX_Y":25.21014,"MIN_X":121.45871,"MIN_Y":25.09588,"city":"臺北市","district":"北投區","store_count":377,"level":"中","source_dataset":"臺北綠色商店.csv"}},{"type":"Feature","geometry":{"type":"MultiPolygon","coordinates":[[[[121.57353594783986,25.193855285496287],[121.57383199150426,25.19406622817725],[121.57419051005034,25.194373191505726],[121.57512018041781,25.19450421171727],[121.57556046967848,25.19437359976338],[121.57578656018445,25.194984129589436],[121.57579121455068,25.19499696709972],[121.57583225935709,25.195110151708402],[121.5759645984994,25.19522112109756],[121.57641717190226,25.195368470719163],[121.57648886472407,25.1953694010378],[121.57654191089397,25.19535711504335],[121.57707981841168,25.1951699920158],[121.57779296383521,25.194874128550225],[121.57838899802384,25.19458963431433],[121.5788894472751,25.19443280418127],[121.57908185680034,25.1943590068794],[121.57919427527926,25.194352725716058],[121.57963548047836,25.194575988887536],[121.58008449283727,25.194930520782005],[121.58061018332698,25.195171270538495],[121.58100436364195,25.195355054882537],[121.58115979958063,25.19539134997469],[121.58133092047936,25.195387463610498],[121.58164452234453,25.19529316290046],[121.58189373716823,25.195221612183776],[121.58219892354195,25.195158498430313],[121.58277879150661,25.195081708230806],[121.58320188707137,25.194984029719567],[121.5833485208312,25.194911752524142],[121.58344530591586,25.19475217417683],[121.58352908367903,25.194678158608983],[121.58363541253661,25.19458291085563],[121.58372687880654,25.19455032059674],[121.58372947402773,25.194549398544915],[121.58375393335002,25.194541303365924],[121.58377146517026,25.194528667446242],[121.58377702364108,25.19451036416975],[121.58377568360204,25.194491519367016],[121.58376021104817,25.19447614285731],[121.58372640898831,25.194451765721805],[121.58371232067721,25.194441610852863],[121.58356683735809,25.194355382394683],[121.5833484936674,25.19419999914632],[121.58307668283334,25.194005618504864],[121.5828182822028,25.193845544404535],[121.58276815868523,25.193800340968117],[121.58260809465737,25.193664777760514],[121.58247394051297,25.19355693609977],[121.5823979663856,25.193494257151887],[121.58236543942961,25.19342701959202],[121.58236030799677,25.19336407071966],[121.58241147294756,25.19321107334316],[121.582508338438,25.193032952106144],[121.5825923205954,25.192947795919938],[121.58280041355272,25.192809635891532],[121.58299542101314,25.192724032975985],[121.58322146560882,25.19262619209642],[121.58335867020179,25.19252466582222],[121.58348223163428,25.192358554015836],[121.58354383436176,25.192237130522155],[121.58357000317477,25.19213604204011],[121.58359138044375,25.191962253327624],[121.58360703288552,25.19151784202325],[121.58364039093263,25.1912889182324],[121.58365459563508,25.19124862516886],[121.58368887961194,25.191155719959212],[121.58371021603766,25.19105461439877],[121.58371222452786,25.191045100172854],[121.58371406813848,25.19097601197456],[121.58372430110823,25.190847677160768],[121.58373000073175,25.190677913482816],[121.5837425763342,25.190583116822037],[121.58375939313345,25.19047054568818],[121.58377408463096,25.19036588228643],[121.5837951331373,25.190246045101826],[121.58383133109344,25.190123882140043],[121.58385678944126,25.190017506085802],[121.58385656427546,25.189970273383903],[121.58384094542788,25.18986997267379],[121.5837968886433,25.189706797037797],[121.58378583960234,25.18965764800917],[121.58372911504283,25.18955946852782],[121.58371375839684,25.18951623166088],[121.58371546545916,25.189410166005068],[121.58376408682588,25.189344522397768],[121.58385851714766,25.189228963683753],[121.58399881855264,25.189076570853807],[121.58402157192367,25.189018892515904],[121.58402381256177,25.1888853711217],[121.5840229512498,25.18870473670723],[121.58399380686251,25.18862892772233],[121.5839447714418,25.18860555865137],[121.58386425371181,25.18862158487175],[121.58374071708643,25.188669197644124],[121.58369891143816,25.188682633504772],[121.58355104620009,25.188730161551625],[121.5834533671207,25.188769808848466],[121.58341599037917,25.188777810465304],[121.5833324081824,25.18875457742761],[121.583179602686,25.1887002094226],[121.58302091816881,25.18861967469342],[121.5829313325054,25.188544112701468],[121.58287056662444,25.1884762822918],[121.58283259200172,25.18835862775219],[121.58283796033123,25.188277455438726],[121.58286940806939,25.188232824338805],[121.58297260717991,25.188146030403132],[121.58317252360234,25.188030264037717],[121.58320424163833,25.187992429758264],[121.5832611914963,25.18789647413364],[121.58328657140598,25.187867367652892],[121.58328003992997,25.187835480024813],[121.58320912942197,25.18767910867038],[121.58315120295408,25.18757200513588],[121.58303593626636,25.187476728323755],[121.58293982591024,25.18738718083339],[121.58284684136345,25.187283113238216],[121.58277313339416,25.187207976071633],[121.58272507150724,25.18716175330431],[121.58269288435666,25.187100960272105],[121.5826063762703,25.187017170601504],[121.58256481815205,25.186997030657007],[121.58245290275566,25.18693655149348],[121.58238888359124,25.186887484471974],[121.58232146297287,25.18679492568595],[121.58227016146792,25.186737105722248],[121.58218696281912,25.18667942028969],[121.58208139975685,25.186613110942147],[121.58198218871213,25.186540980661427],[121.58191169405356,25.18647163530105],[121.58183099043534,25.186375183359253],[121.58179186442624,25.186290493644773],[121.58174867132037,25.18608895460276],[121.58173947577032,25.186005745104016],[121.58175673407031,25.185933635128336],[121.58178828538132,25.185879515586397],[121.58180910956237,25.185843782780946],[121.58201543719557,25.18563499705071],[121.5821780808537,25.185386741715654],[121.58229083320988,25.185285493206795],[121.58253574046859,25.185113614179087],[121.58262207601538,25.1850300014837],[121.58271286888693,25.18487187349556],[121.58276273799792,25.18472047891042],[121.5828105605125,25.184643599087003],[121.58287493670774,25.184503098080505],[121.58289515078536,25.184355936963755],[121.58288560565285,25.184186874193657],[121.58285869173865,25.184047734892285],[121.58281023385666,25.183974321836516],[121.58280330641203,25.183898750030757],[121.58282262088385,25.183821088733236],[121.582933321927,25.183643607750703],[121.58293968103675,25.183601810901784],[121.58292842608792,25.183534209671787],[121.5828888792708,25.183496574951334],[121.58281449208329,25.183490900581017],[121.58215721903251,25.183437371081514],[121.58202347073276,25.183425005508514],[121.58192411486796,25.183403287132577],[121.58184896950894,25.183361205990682],[121.58166988706253,25.18318503672712],[121.58148467101904,25.182997832239007],[121.58143364911591,25.18291697178707],[121.5814107105938,25.182778872807226],[121.58143121083938,25.182570438772938],[121.5814361212001,25.18245950345447],[121.581417082683,25.182346676116882],[121.5813862617249,25.182276488414033],[121.58130796522947,25.182191112816895],[121.58125836871636,25.182159656052853],[121.58114450663281,25.182093468814873],[121.58104544810006,25.182058874961033],[121.58097575745411,25.182039160974256],[121.58094268725938,25.18201763303031],[121.58091871098257,25.181982744284987],[121.58090939595331,25.181949468127314],[121.58090549814668,25.18189950530935],[121.58090502423241,25.181799550927902],[121.58091339149632,25.181632936376378],[121.58092938842843,25.181531256204824],[121.58096365989677,25.18143581474163],[121.58101876745695,25.181334468499333],[121.58108000010829,25.18126740397639],[121.58119466287107,25.18116582378319],[121.58130730834822,25.181055223587073],[121.58133100851627,25.181029843497697],[121.58135854989311,25.18097555922393],[121.58137805892127,25.180903250823413],[121.5813779218035,25.18087435324489],[121.58137762191001,25.180811150511822],[121.58136146435608,25.180753426785973],[121.58132538653038,25.180681327744963],[121.58128322772895,25.180582169059306],[121.58125657901033,25.18046490278043],[121.58126698153303,25.180388630827363],[121.58130594155917,25.180284079824826],[121.58134273800569,25.180229560580166],[121.58145701183022,25.18012362126683],[121.5816394834844,25.180011599890317],[121.58191754496957,25.17991027054677],[121.58205506979239,25.179864256428573],[121.5821161809557,25.179840805459428],[121.58216502229187,25.179813701322804],[121.58218317410189,25.179769086541945],[121.58219007452941,25.179718006952648],[121.58218054502498,25.179643799479713],[121.58218493331617,25.17958183316895],[121.58221124005273,25.179422361186568],[121.58220974133864,25.179405521131198],[121.58218521071603,25.179339533844097],[121.582167778664,25.17926834567215],[121.58216319498237,25.179203570885594],[121.58216005842566,25.1791426904328],[121.58215978757481,25.179085680677552],[121.5821723712759,25.17903639332259],[121.58219351896965,25.17898966326409],[121.58220185142405,25.178945574613117],[121.58219877640823,25.178897648870386],[121.58220005723119,25.178866542915504],[121.58221123079544,25.178821152104174],[121.58223441159674,25.178780552972825],[121.58226577874413,25.17872567569201],[121.58230001729225,25.178629945147648],[121.58232621454857,25.17856023739655],[121.58235567462236,25.17853413030652],[121.58238416250083,25.178516386818753],[121.58241268897869,25.17850885366322],[121.58246057513874,25.178493814389025],[121.58248908942686,25.178481631928143],[121.5825114551127,25.17846577224983],[121.58252050934284,25.178437894743396],[121.58251936201901,25.178401065663415],[121.58251913186521,25.178352650251195],[121.58253905697906,25.178313833345],[121.5825860772072,25.178252313079636],[121.5826402722432,25.17820583201985],[121.58268966853223,25.178145376680153],[121.58272953905153,25.178072049020386],[121.58274829375425,25.17803539434933],[121.58279433788131,25.178016913587296],[121.58283677384543,25.177984471921857],[121.5828625500739,25.17793271308509],[121.58288106379665,25.177878780055956],[121.58292428463561,25.177811135716322],[121.5829658854403,25.177744969284365],[121.58299627217653,25.177690583215096],[121.58304277001506,25.177636133664812],[121.58309745193888,25.177606586754507],[121.58316352817845,25.17759898674786],[121.58322151800319,25.177587022021868],[121.58326167900498,25.17755606976832],[121.58329048043251,25.177510483006596],[121.58328698396843,25.177453296377408],[121.58328832181263,25.177394628182785],[121.5833137663379,25.177321185696925],[121.58331678109487,25.177277172108084],[121.58330507551351,25.177187752324556],[121.58330933815164,25.177107857168465],[121.58331899355143,25.17705835555842],[121.58334589778167,25.176999803252414],[121.58338765466948,25.17694568825709],[121.5834319566595,25.176907298746837],[121.58344166633026,25.176871293539932],[121.58344392247075,25.17682631695828],[121.58341410933544,25.17679271549864],[121.58334722303044,25.176759260173256],[121.58327299028774,25.176739321369993],[121.583203783594,25.176737346186666],[121.58314441500612,25.176726340472417],[121.58308246925229,25.176692865557445],[121.58298822959547,25.176623541879778],[121.58291136638702,25.17656989425768],[121.58288400306586,25.176534035104496],[121.5828516664812,25.176489203800042],[121.58284893963678,25.176435255114445],[121.58285320653576,25.176293618514972],[121.58284028881539,25.176174519897806],[121.58278431519959,25.175869734591817],[121.58276557231375,25.175806577371638],[121.58275973826902,25.175773052872163],[121.58277345214721,25.17567364743315],[121.58279164276424,25.175620672627137],[121.58282249669753,25.175545710285054],[121.58285773158421,25.175499123256397],[121.58287177054926,25.175468093427444],[121.58286023747037,25.175429436476158],[121.58281449543249,25.175354775779006],[121.58277161761282,25.175287849679222],[121.58276860856664,25.175251732089354],[121.58277039785487,25.175166944543303],[121.58274728307391,25.17513362350386],[121.58270580556899,25.175100374761247],[121.58263674925043,25.175058883824605],[121.58260566135802,25.175042891503686],[121.58258841683612,25.175034021820053],[121.58256070893415,25.174998624370232],[121.5825443798123,25.17494440420568],[121.58253688957956,25.17481705077474],[121.58252984600304,25.174783666438817],[121.58249757487853,25.174756655749945],[121.58238250793075,25.174696549795858],[121.58232727105734,25.17466544051782],[121.58227903803538,25.174659364966423],[121.58223545772228,25.174667896207424],[121.58218500251735,25.174676445452004],[121.58215275130696,25.174653605473143],[121.5821226826113,25.174605695598657],[121.58206256509901,25.174514046616757],[121.5819837975249,25.174361921173684],[121.58184716791428,25.174185638955567],[121.5817453017864,25.17407655868176],[121.58170707811071,25.174030612728956],[121.58170059394813,25.173997984486792],[121.58170040251098,25.173957648812472],[121.58169570243867,25.173857792197396],[121.58167654009499,25.173825213782205],[121.58160022968153,25.173762129151964],[121.5815134005655,25.17370676850947],[121.58139279201758,25.173653463444865],[121.5813440862625,25.1736229239674],[121.58129528946266,25.173573182595543],[121.58123162940588,25.17350620221833],[121.58118916185666,25.173456435953337],[121.58115303337534,25.173406635756503],[121.58110848017574,25.17336263742445],[121.58103431978438,25.17330722674902],[121.58091761520795,25.173238152361225],[121.580873388026,25.173193836700996],[121.58083884682891,25.173127247419508],[121.58080416929661,25.17303397233788],[121.58073033402046,25.172931949434286],[121.58065661416688,25.172852170662445],[121.58056825454904,25.172781341711566],[121.58047009263032,25.17270610944726],[121.58041594691773,25.172630695482315],[121.58037141416794,25.17251966503862],[121.58030261765033,25.172448759207683],[121.58020451932099,25.172386869673655],[121.57997412914733,25.172267666100236],[121.57984178534089,25.172201459776225],[121.57975363708294,25.17217511874937],[121.57961165940446,25.172140087015716],[121.57952345803055,25.17210039386382],[121.57944985573629,25.17204730936533],[121.57936634597321,25.171967559221155],[121.57927276076508,25.171825583355208],[121.57920862470881,25.171705727788076],[121.57917402179956,25.171625795159915],[121.57914940044857,25.17159030370232],[121.57908079430536,25.171559435065273],[121.57897787960349,25.171510906704334],[121.57889451760445,25.171462301798332],[121.57880606492871,25.17136923651239],[121.57871254378475,25.171240594156497],[121.5786533832511,25.171138521803798],[121.57862438944085,25.17103833568188],[121.57858022839385,25.170974058454345],[121.5785463262059,25.170937366351033],[121.5784685862871,25.17090698451421],[121.57826929857994,25.17085253081496],[121.57813752103873,25.17080701255379],[121.57805636048879,25.17076436597393],[121.57798177658482,25.170687938513396],[121.57787655787747,25.170550250223886],[121.57776472850863,25.170443282370723],[121.57764622596783,25.170351678800515],[121.57755829586378,25.17030598888551],[121.57750074558422,25.17026324986212],[121.57747350283937,25.17020812371889],[121.57736400629187,25.16988018963148],[121.57731108693974,25.169651639146917],[121.57731059850667,25.169646928509973],[121.57730483356534,25.169591881059667],[121.57729553171403,25.169504103361056],[121.57731165924764,25.16874518573791],[121.5773113778975,25.168685440462752],[121.57724133171853,25.168447314949695],[121.57708992015341,25.167848563741558],[121.57695818260157,25.167106902596043],[121.5769493488518,25.16705716966348],[121.5770872737549,25.167056632036847],[121.57742544045583,25.16703440480423],[121.57751404314897,25.167019118053837],[121.57755983845003,25.166980101526793],[121.57766432345844,25.166851227366823],[121.57805022825445,25.16623439095977],[121.57807222067744,25.16620072143647],[121.57810492604366,25.166177455309782],[121.57815737483912,25.166165306616342],[121.57841813114123,25.166140409294112],[121.57843852369612,25.166133513577275],[121.57856183128449,25.165978619169493],[121.57868204729849,25.16586234890809],[121.57885137673577,25.16577557012282],[121.57903396067333,25.165733282769363],[121.57934040160691,25.165696793920812],[121.57951898500343,25.16563717910829],[121.5797160551431,25.165574684024214],[121.57978691117056,25.165557578601366],[121.57987081114865,25.165553119818245],[121.57990098070307,25.1655515164748],[121.58025257373446,25.165558552737625],[121.58069651826636,25.165531570070645],[121.58126848294694,25.165534868457858],[121.5816220362825,25.165474184830018],[121.58186088332673,25.165442181372725],[121.58209364122199,25.165435623923678],[121.5824787555558,25.16548493596579],[121.58272703770707,25.165478307408478],[121.58284793972228,25.165446775616225],[121.58306832658207,25.16536284243701],[121.58342524981967,25.165101731845308],[121.58358613108916,25.165002044070974],[121.58362569213679,25.164989718560378],[121.58368309941002,25.16497124692916],[121.58381928656046,25.164935438076274],[121.58393551129059,25.164915515618834],[121.58400234389319,25.1649140422528],[121.58405321588778,25.16492722084274],[121.58416821317697,25.164932842852547],[121.58427489252382,25.164914483503242],[121.58433827622459,25.164888702551767],[121.58444290883058,25.164842617585627],[121.58455045892251,25.16478845012269],[121.58463724039868,25.164714214427118],[121.5847402187851,25.164629162529675],[121.5848298628749,25.164537455541357],[121.5849224115309,25.16443497581837],[121.58498884140495,25.164382414961732],[121.58513520869262,25.164320320703876],[121.58546179885141,25.164198200671375],[121.58564662653411,25.16412614955754],[121.58589835106719,25.164035082621407],[121.58619098192196,25.163922800335307],[121.58634819439533,25.163853268133927],[121.58646293814931,25.163772890025047],[121.5866230339915,25.16367579309747],[121.58679841842732,25.163606188416775],[121.58730274971349,25.163404104212542],[121.58749036099925,25.163311031959235],[121.58765118815998,25.163234361067914],[121.58771063622461,25.163182521865004],[121.58782347955547,25.163059872814074],[121.58790354135705,25.162948214368367],[121.58796884044,25.16286920506775],[121.58811821860202,25.16289576753025],[121.58836034692966,25.16296812971944],[121.58854559342954,25.163002692322586],[121.58878461911068,25.16305062774305],[121.58892218191305,25.163101674778073],[121.58901594019638,25.16315696753131],[121.58917412651253,25.16329273090341],[121.58948025247274,25.163543479689576],[121.58968426635349,25.16369523792505],[121.58979130165199,25.163759541250247],[121.58986242214885,25.163754635637318],[121.58995836693357,25.163627105056854],[121.59004667115438,25.16349499163453],[121.59015266066383,25.163341998462677],[121.5903185267738,25.163100781026586],[121.59044473545985,25.162890858636775],[121.59054382121779,25.162711359860875],[121.59066062777644,25.16243809926252],[121.5907323481876,25.162236663515536],[121.59075297176703,25.162115337155953],[121.59072812816345,25.16198868522274],[121.5906572735408,25.16168610147907],[121.59063373279804,25.16158483064809],[121.59056006317952,25.16144531917099],[121.59050569155124,25.161323199583467],[121.59047804300023,25.161166026571696],[121.59045398088493,25.160956414493825],[121.59042245013246,25.16079226035631],[121.59036806212549,25.16066664698683],[121.59031754665918,25.160548014741803],[121.59031699148613,25.160432677070837],[121.59033562308804,25.16031376009048],[121.59036572343898,25.160180822255818],[121.59044577384873,25.16005117900785],[121.59054874898776,25.159950622313],[121.59065433915963,25.159816381212146],[121.59071377164047,25.159714544615614],[121.59079192247164,25.15954076254316],[121.59089477234483,25.15940405857377],[121.59102229938412,25.159301950084654],[121.5911116372979,25.159187598706797],[121.59117095957377,25.159060980901764],[121.59121392510377,25.158934428384857],[121.5912510877011,25.158758480538836],[121.591254743732,25.158741150510284],[121.59126818417633,25.15865263287003],[121.59129392690329,25.158574899528382],[121.5913231283462,25.158492412744206],[121.59133841094247,25.158411552389612],[121.59138339135382,25.15835117499257],[121.59143013275649,25.158293959325924],[121.59148983362687,25.15823571686731],[121.59154812526788,25.158195851704356],[121.59157075680616,25.158172361081476],[121.59159442688124,25.15811946257489],[121.59161089925122,25.15806115805308],[121.59162313059812,25.15799143217942],[121.59163897550918,25.15792232381569],[121.59167211527411,25.15781737797098],[121.59171831890937,25.15767343373526],[121.59175547167709,25.1575573495129],[121.59176371382364,25.157514027995614],[121.59176246738896,25.157461274175976],[121.59174827860927,25.15742131038637],[121.59171100434135,25.157364159528836],[121.59167776808025,25.157313357165634],[121.59162602752755,25.15725739257196],[121.59157023324646,25.15718974404998],[121.59154802732483,25.15714719418878],[121.59152868377807,25.157103757186817],[121.591520788662,25.15705244729484],[121.59151482320068,25.157006356823704],[121.59151469901701,25.15683662454761],[121.59151611089531,25.156746818795106],[121.59151957320996,25.15670784975263],[121.59154008232728,25.156616595474308],[121.59156339695787,25.156539413444698],[121.5915897866292,25.156480771376362],[121.59164394920924,25.156376770707386],[121.5917323874455,25.156234797294108],[121.59177835302275,25.156156775399623],[121.59181074218424,25.156091681479058],[121.59182423659587,25.15605148968312],[121.5918466961189,25.15597804855865],[121.59185554101241,25.155919882818864],[121.59185826560135,25.155853444937765],[121.59184741562589,25.155810578886804],[121.5918226807698,25.155729020754393],[121.59174076722638,25.155574384896187],[121.5916915857668,25.15549153413607],[121.5916470674444,25.155398634773555],[121.59159292008404,25.155267125593266],[121.59154196150304,25.15514275371681],[121.59151170416034,25.155069848216073],[121.59147370213248,25.154993245135582],[121.5914581285676,25.154958116736516],[121.5914439695794,25.15492630493858],[121.59140858812398,25.154854205302723],[121.59136856198693,25.154785672155295],[121.5913442554712,25.154749648747472],[121.59131921316792,25.154723540865447],[121.59128949882502,25.154695330086767],[121.59125877335865,25.154679590815995],[121.5911698708971,25.15463456269288],[121.59109436696369,25.154607636064313],[121.59102436876886,25.15457261651385],[121.59094996588696,25.15454568541597],[121.59085889080131,25.154506714440245],[121.59079560142692,25.154484776467132],[121.59071889938484,25.154439708420327],[121.5906755032599,25.154406595794786],[121.59063314547939,25.154356344131152],[121.59060403999587,25.1542979686919],[121.59058231482973,25.154219115703043],[121.59057626723815,25.154170281026932],[121.59056838738184,25.154039598022205],[121.59054735202406,25.153891796481172],[121.59051596013053,25.15370045873411],[121.59048973136244,25.15353287075233],[121.5904590982241,25.153416704980383],[121.5904192169381,25.153345083441913],[121.5903753166231,25.153289547512205],[121.59030161361794,25.15320792247796],[121.59020352305775,25.153137182900192],[121.58996838698546,25.15300517549496],[121.58978019835828,25.15289404275359],[121.58958312590325,25.152769105417065],[121.58942533930113,25.15264975317571],[121.58930976018875,25.15255574555834],[121.58922660924603,25.152474852706618],[121.58917773181935,25.152400991581082],[121.58916039862936,25.152354494802733],[121.58916446934748,25.15232560260902],[121.58916679638985,25.15230908626441],[121.58919023024814,25.152264837738368],[121.58925427840433,25.152209630284254],[121.58934045662524,25.15213405814917],[121.58948381687192,25.15204001304645],[121.58962670240089,25.15196074831469],[121.5897629279599,25.151888840596808],[121.58986665425348,25.151828202591183],[121.59000564263285,25.151763668443266],[121.59012295118615,25.15170174835892],[121.59025907106783,25.1516286128216],[121.59059361598574,25.15144655021414],[121.59079706553662,25.151355315634635],[121.59101064016603,25.151243158918977],[121.591163099239,25.15115442039831],[121.59130280783125,25.15105646101285],[121.59140193899543,25.150993493047203],[121.59145427085933,25.15096283306996],[121.59156256578522,25.1509593310653],[121.59243543651057,25.150825524694206],[121.59257778434139,25.15079786257653],[121.59300037372161,25.15065326000973],[121.59319073101547,25.15048478704784],[121.59327891064403,25.150366448671335],[121.593421640494,25.15023540614196],[121.59353058083548,25.15016043554455],[121.5936735808225,25.150085328343234],[121.59372387774351,25.150015585076773],[121.59381067192126,25.149775104931074],[121.593937646289,25.149268349221437],[121.59393928259938,25.149133060095394],[121.5939018106625,25.148991707594234],[121.5938358281818,25.14879400912058],[121.59374457905831,25.148622023958037],[121.59367865915142,25.148437162773742],[121.59367239351813,25.14830859495463],[121.59382131773155,25.148127973254212],[121.59397321747781,25.1479781786666],[121.5940609119515,25.147913801327658],[121.59410848244694,25.147885488714923],[121.59414682525008,25.1478502977579],[121.5941977948165,25.147772227935068],[121.59422308613257,25.14769427014492],[121.59428688973485,25.147616148801408],[121.5944277556677,25.147545509224212],[121.59455585283848,25.14749049384171],[121.59464097421849,25.147396722730825],[121.59474289342887,25.147236691801897],[121.59486578078297,25.146990938244645],[121.59492065673798,25.146834996159825],[121.59496700107415,25.146686879373586],[121.59501772425541,25.14655820003546],[121.59510307115742,25.146511137942177],[121.59518828584996,25.14643683022759],[121.59523496960574,25.146358786300553],[121.59530670800925,25.14615216607957],[121.59536184745109,25.146050724006145],[121.59550209655306,25.145855510358906],[121.59561234596279,25.145648735153824],[121.59582853025596,25.145231301812547],[121.59593443732189,25.145012870799555],[121.5959855369539,25.14496205497662],[121.59607475096361,25.144829329387406],[121.5960827897359,25.14472418556492],[121.5960564130305,25.144578302042014],[121.59603449064853,25.144469387766588],[121.59600387677722,25.144333253320152],[121.59600765088133,25.14422812665354],[121.59603193829882,25.143943831599643],[121.59601457423595,25.143893291229837],[121.59584714862886,25.14377718026551],[121.59575672567664,25.143660750405182],[121.59575600757933,25.143512813582653],[121.59578065455565,25.14330249146271],[121.59584014256257,25.14321660478383],[121.59601054750767,25.143064088529652],[121.59622762487191,25.142829636867486],[121.59632980316408,25.142724114074134],[121.59640655004218,25.142669303846546],[121.59654325703175,25.142625925167426],[121.59670147017133,25.142605823864848],[121.59688535048637,25.1425856189745],[121.59698363211605,25.14255796779191],[121.59705891179627,25.14248502615224],[121.5970602839119,25.142483693524998],[121.59714483204847,25.14233434773069],[121.59726104293536,25.14206167088449],[121.59729795972972,25.14196430090024],[121.59738301484747,25.141876459807666],[121.59744142251333,25.141803315177487],[121.5975101191227,25.1416474878963],[121.59761043364381,25.14140403491112],[121.59766357623035,25.141345491445247],[121.59782873192266,25.141252469922595],[121.59798876474193,25.14120320893158],[121.59818089875944,25.141163550195287],[121.5982607491934,25.141104889644538],[121.59834562729394,25.140983031705833],[121.59839848495271,25.140866151030785],[121.59837139760668,25.14078848533625],[121.59820469328048,25.140565556273803],[121.59817762979516,25.1404927474365],[121.59817744031717,25.14045386515912],[121.5982465754476,25.140390390888125],[121.59833661901571,25.140229620019582],[121.59835757868326,25.140146894228042],[121.59839481203464,25.1401127177899],[121.59843218756484,25.14010770982155],[121.59855515132159,25.140126659094854],[121.59869939266942,25.14012607624306],[121.59898237752596,25.140095763295772],[121.59929211386036,25.140070207617],[121.59933596992248,25.140064044721683],[121.59939888474172,25.140055195648117],[121.59955352228243,25.139996231802836],[121.59984133954669,25.13985896253959],[121.60000134596575,25.139804842515513],[121.60008132735418,25.139775358544487],[121.60013967101057,25.13968762408827],[121.60027744904801,25.139458597575324],[121.60037844578756,25.139356110184263],[121.60048068472811,25.13928660552922],[121.60056655991143,25.13922865700914],[121.6006249969043,25.139189223703493],[121.6006867876271,25.139135203183503],[121.6007512869898,25.13903278226897],[121.60082424452101,25.13884697269566],[121.60090048302597,25.138725680997418],[121.60095639213607,25.13867974611091],[121.60116262834156,25.138557917877566],[121.60135998154479,25.13843075383496],[121.60144231770747,25.138349764609664],[121.60148621719644,25.13826355078211],[121.6016087856859,25.13795118532428],[121.60171693242569,25.1377114624174],[121.60174933616126,25.137689817393248],[121.60179944910013,25.13766541915186],[121.60186149222795,25.137665167123746],[121.60192657974964,25.137681035506155],[121.60202430166076,25.13772634655933],[121.60206574614311,25.137742301922525],[121.60210119756373,25.137739476575312],[121.60213652035401,25.13771244802143],[121.60223651188909,25.13761793507808],[121.60234227887784,25.13749383231154],[121.60243309731098,25.137334843367267],[121.60247421187704,25.13728358746229],[121.60251248982325,25.137256546803208],[121.60259510156406,25.137232016129673],[121.60269537944217,25.137193962019733],[121.60283966435149,25.13709390593165],[121.60292745008103,25.13704659476071],[121.60293418375532,25.137044509003545],[121.60315178023343,25.136977087925843],[121.60348505191679,25.13688294235924],[121.60385523789928,25.136754899424172],[121.60403046609423,25.13656860825011],[121.60415957955854,25.136433115160965],[121.60415899843919,25.136315023962688],[121.60409307216874,25.13610441075337],[121.60398906972577,25.1356915117508],[121.60385832889065,25.1354980266739],[121.60382050179228,25.135346350092775],[121.60373599003943,25.135127371360998],[121.60376306110467,25.134975430299814],[121.60395668771537,25.134763759106225],[121.60411291142984,25.134484756821017],[121.60436952429616,25.133884801285614],[121.60454910629191,25.13348196723456],[121.6047598503985,25.132729455544226],[121.6048535604874,25.132403843896533],[121.60483696158326,25.13225936635798],[121.60477274746123,25.13212230545584],[121.60465139913082,25.13167470210171],[121.60464440010158,25.131620816190328],[121.6046101262156,25.13135686359894],[121.60453619057043,25.130858483438285],[121.60459142846244,25.1307859809021],[121.60497985640436,25.13063261896852],[121.6056144162923,25.130463796702227],[121.60609099344076,25.130469079571665],[121.60655175528404,25.130488879270164],[121.60719686404434,25.130847605055592],[121.60722466223065,25.13085979613965],[121.60816000467673,25.13127006888294],[121.60821570594636,25.131291525216383],[121.60820751198081,25.131240966654506],[121.60803961114114,25.131017601964867],[121.60793467554154,25.130678349771625],[121.60773343887571,25.130137123640154],[121.60767609318528,25.129783213369734],[121.60764326957737,25.129571048472044],[121.60757046697377,25.129303932299116],[121.60749022193589,25.12913803101071],[121.60739427925854,25.12900833259763],[121.60723493375055,25.12890780118718],[121.60721488486054,25.128882334449578],[121.60705909475298,25.12868447679935],[121.6067712142184,25.1282881493472],[121.60658708962436,25.12809557111838],[121.6062595417315,25.127706627257275],[121.60619578236043,25.127663527175017],[121.60601294094006,25.12762813636401],[121.6058855492522,25.127563611371784],[121.60577364200488,25.127419523472316],[121.60566921482982,25.127181442743485],[121.60542230475833,25.127037906230573],[121.60518322161859,25.12687265236547],[121.60492864443376,25.1267869608634],[121.60464059741801,25.126354500104394],[121.60453323543527,25.126204542596568],[121.60432070906707,25.125907705902097],[121.60416941979003,25.12582882318255],[121.60392304715555,25.125793688709276],[121.60372459730868,25.125816182209068],[121.60362951359976,25.125859930428405],[121.60352672542516,25.125954302219547],[121.60342354654873,25.125969175991322],[121.60324868695761,25.12594098054945],[121.60295486886305,25.125949407531678],[121.60261328595408,25.12593634317593],[121.60225572057298,25.12590165800064],[121.60207290829676,25.125873484454477],[121.60185056784532,25.1258816188583],[121.60174722167922,25.125860353519947],[121.6016673762375,25.125773955819774],[121.60161893913836,25.12561514430103],[121.60151407140688,25.1252831090251],[121.60143277568297,25.12490039475048],[121.60133268248747,25.124563004442397],[121.60118837183634,25.124205273017562],[121.6010984541612,25.12386584606466],[121.60102193097994,25.12348929620878],[121.6009864463324,25.12317436676721],[121.60092422450266,25.122946032886826],[121.60077248247762,25.122542216600696],[121.60071307160959,25.12182998528604],[121.60069016336769,25.121718114218233],[121.60059998392941,25.12157598341048],[121.60047067588368,25.121434011059748],[121.60036410189493,25.121368286366437],[121.60024075004331,25.121302629537084],[121.60016201524908,25.121211342327875],[121.60007154846764,25.1210081476714],[121.60002586285484,25.120814946118568],[121.60002061386778,25.120806147114738],[121.59986235450374,25.120540798831918],[121.59981174758542,25.12048502165325],[121.59974449699925,25.120454761430967],[121.59964948202136,25.12046532027216],[121.59948731583671,25.120465976211904],[121.59932511489329,25.120461540382387],[121.5992402004051,25.120438736164804],[121.5992131234747,25.120431460807087],[121.59908384306574,25.1202945788051],[121.59875788604128,25.119964463734252],[121.59861687600109,25.119715673744807],[121.5985816593519,25.119374841347756],[121.59855315106775,25.119262992491706],[121.59852355787802,25.119179008255028],[121.59848510826693,25.119069889676418],[121.5984059052951,25.11888190555223],[121.59827646886052,25.118714491061926],[121.59818613095331,25.118536735211485],[121.59806727645291,25.118245225470634],[121.59799371674683,25.11806740179067],[121.59785834259011,25.11782876267045],[121.59781225076078,25.117549047565422],[121.59758621985482,25.117066496806274],[121.59744109942004,25.116725700697632],[121.59732451541392,25.116457879330788],[121.59729942982182,25.11627663695084],[121.59727569392712,25.11607725206896],[121.5972651621165,25.115960717204214],[121.59724339197777,25.11587401968881],[121.5971817835774,25.115790073659067],[121.59713452375169,25.11573067986948],[121.59708597819984,25.115698492311896],[121.59700464724413,25.115657363726513],[121.5969062606073,25.115620203822314],[121.59680362552427,25.11558823394283],[121.59675349501734,25.115523669566425],[121.5967247793508,25.11547067399939],[121.59668706756943,25.115402863733543],[121.59662462289921,25.115211895029507],[121.59629921845618,25.11463385649315],[121.5962105715642,25.114483336535763],[121.59609456375917,25.11434911833846],[121.59604162088951,25.11430123005286],[121.59594493802541,25.114233876229786],[121.59583687806335,25.11418283122414],[121.59572072431708,25.114149645992445],[121.59564136620111,25.11413804329263],[121.59562377426121,25.11414044850205],[121.59560599085043,25.11414003586608],[121.59559742268718,25.114138454415638],[121.59549241727433,25.114179899172598],[121.59529049066607,25.11424877148329],[121.59503572714559,25.114277527938356],[121.5949417006919,25.11431319537523],[121.59481480801105,25.114429667989587],[121.59471024478914,25.114578822225962],[121.59466572719721,25.114538664111898],[121.59449626585041,25.11444606741037],[121.59435160818792,25.114325646373505],[121.59422701591141,25.114343795363826],[121.59415338046915,25.114382468117658],[121.59408388873358,25.114414777612296],[121.59397947795934,25.114478716320484],[121.5938336036514,25.114631745928587],[121.59369459671656,25.11475934336407],[121.59353485265846,25.114931486136058],[121.59348616293418,25.11496979688158],[121.59346519057416,25.114963525189854],[121.59338817986193,25.114919371004532],[121.59336580033248,25.11490916876316],[121.59326367319902,25.11486092608576],[121.5930620110141,25.114791947209085],[121.59267336928416,25.11471500372463],[121.59251967030498,25.114650192831636],[121.59246025467944,25.11453489110837],[121.59240985705084,25.114426694399377],[121.59233487209006,25.114389176099788],[121.59223172721046,25.11438471309348],[121.59217093577985,25.11438508231279],[121.59197533775037,25.114378749458464],[121.59196481277672,25.11437783452518],[121.59188636398537,25.11437666716214],[121.59159760583958,25.1143019310888],[121.59141371198086,25.114160330749154],[121.59127641179003,25.114030984817038],[121.59127161701782,25.114027780975313],[121.59109322267632,25.11390999197343],[121.59103545718766,25.11388487856299],[121.59088767745429,25.113820631520422],[121.5907567001015,25.113764656807476],[121.59053398011324,25.113658509178272],[121.59037659895043,25.113549121828502],[121.59020958306898,25.113475459998565],[121.59011794057169,25.11344609587567],[121.59007551988581,25.113458154477],[121.59006587054193,25.1134909010078],[121.59005308743329,25.113550409714207],[121.59005698761631,25.11368121766837],[121.59006117766057,25.11387446150561],[121.59007848913264,25.11407658171825],[121.59007266858534,25.11422526750468],[121.59004365885478,25.114308629334573],[121.58998800232402,25.11428804149502],[121.58981446120417,25.114214396177267],[121.58964811713477,25.114146545031993],[121.58950955253844,25.114007479403636],[121.58944368618046,25.113900706359882],[121.58932900735401,25.11383575502763],[121.58922778643391,25.113853996503583],[121.5890224056944,25.1139558981548],[121.58884629589554,25.114030933563726],[121.5886915327394,25.114084930218862],[121.58836067593644,25.114060071676178],[121.58797045409803,25.11401657047119],[121.58797661856586,25.113939239996107],[121.58793589512663,25.113624237008803],[121.58784692781627,25.11346997772424],[121.58771719306422,25.113316845977998],[121.58759427735885,25.113173410150004],[121.5874930530326,25.1130560511614],[121.58747114303232,25.112984176463325],[121.58747073654305,25.11289913510757],[121.58741236007464,25.112796773168785],[121.58738901634722,25.112698750262137],[121.58733287122224,25.112507201689006],[121.58716158310818,25.112171635369215],[121.58703853434399,25.112002036655745],[121.58695767191672,25.11188132853485],[121.5868847160946,25.111724035030058],[121.58687374291767,25.111614660099608],[121.58686005138898,25.111486274102514],[121.58678866812622,25.11131768038685],[121.58674119007495,25.111229855100337],[121.58676203503538,25.11106216930022],[121.58668002112063,25.11095346366138],[121.58662238780357,25.110927528785247],[121.58656439077022,25.11082744902485],[121.58644357717507,25.11062293897706],[121.58636632120266,25.110505493361103],[121.5862847127595,25.110344442001235],[121.58608981602758,25.110028386668528],[121.58608757768098,25.11002475726404],[121.58603132678994,25.10987063826228],[121.58597186854976,25.109688464102174],[121.58591616639563,25.109649403735215],[121.58580460163223,25.109537591367086],[121.58572394993037,25.109439695219486],[121.58564333844348,25.10935021288939],[121.58562448926719,25.10927733269775],[121.58551599537802,25.109162709314045],[121.58543206007597,25.10902272875928],[121.58530457067171,25.108804350066105],[121.58530722669316,25.108714538831677],[121.58530295399495,25.108464807228987],[121.58531766377146,25.108316023154195],[121.58522202285158,25.108307977596453],[121.5851508368604,25.108254939609974],[121.58505514603817,25.10823848011555],[121.58491352205068,25.108289550066857],[121.58470998956243,25.108293160465262],[121.58434587778268,25.108252507608352],[121.58425938098259,25.108221972944047],[121.58401241528837,25.10817243458651],[121.58380089010473,25.107791630033606],[121.5836986562105,25.10769381769096],[121.58363959228302,25.10759582633881],[121.58343791923524,25.107341265070662],[121.58331189693558,25.107301406023645],[121.58323755197648,25.10727607719785],[121.5831095696665,25.107276580519866],[121.58296369197853,25.107279483290387],[121.58294753858148,25.10711186207143],[121.58288791271768,25.106953719526988],[121.58252390915634,25.10683869865439],[121.58249768977531,25.106706054992152],[121.58218236514938,25.106602488065793],[121.58212311438207,25.106521207501096],[121.58171507692903,25.106837215385365],[121.58133870412958,25.106813079129886],[121.58113677432577,25.106872091739962],[121.58085546102296,25.10692210725392],[121.58057529238916,25.107216657292838],[121.58041847975993,25.107072869424876],[121.58025990093516,25.107096782100285],[121.58000055335616,25.106920795112945],[121.58010717194688,25.106734059622557],[121.579855477525,25.106553384007405],[121.57993107098652,25.106299222965795],[121.57989190060904,25.106134020550503],[121.57984798879873,25.106050349857323],[121.5797499112642,25.105878390101623],[121.57937230146929,25.105591071344296],[121.57926371853537,25.10536092211545],[121.57918334889305,25.105142308641867],[121.57915230375102,25.10507256270902],[121.57911383688854,25.105056408483126],[121.57900877920378,25.10503353566664],[121.57896761177224,25.104987112255497],[121.5788216389769,25.104971377630026],[121.57864252270528,25.104981393465344],[121.57814403569337,25.105113764263464],[121.57805488256035,25.10520494185971],[121.57784859296962,25.105424673251242],[121.57764970314399,25.105586145356735],[121.57702846697599,25.105742273583825],[121.57684410218218,25.10627167576052],[121.57674469423061,25.106360563263383],[121.57669922053292,25.106488828453973],[121.57667178322254,25.10664265379648],[121.57664880548613,25.106654389186595],[121.57660276361644,25.10666155584251],[121.57642615901418,25.106662242440134],[121.57607558419683,25.106679900193065],[121.57576855963555,25.106706713887657],[121.5755793728649,25.106754032477404],[121.5753774164494,25.10679100922185],[121.5753174411309,25.10679762467129],[121.57517538951676,25.106783270600317],[121.5750087687267,25.10676901166483],[121.57455490201657,25.106639089412838],[121.57413386308555,25.106521470129966],[121.57396413396121,25.106564295533314],[121.57383385843164,25.10659716600514],[121.57380702815713,25.106699132044664],[121.5736567175222,25.106669903347836],[121.57353646243082,25.10664552362101],[121.57337776518585,25.106574085354584],[121.573171835685,25.106328915281775],[121.5731715693053,25.106271778489052],[121.57301808107867,25.10614565552158],[121.57278273601784,25.106034762741206],[121.57252842263561,25.1059512794148],[121.5723699598296,25.105932011601116],[121.57206939889255,25.105885964283804],[121.57171436575626,25.105869945657997],[121.57137781350986,25.105717208061414],[121.57124384929575,25.105680456826843],[121.5709812456982,25.10557711419771],[121.57073781604763,25.10548612877885],[121.5704367281116,25.1053282781166],[121.57026652048967,25.10513017355915],[121.57008843485899,25.10499918572429],[121.5698417276972,25.104788952267697],[121.56971415906585,25.104674950019216],[121.5696293445339,25.10462956734522],[121.5696155709185,25.104509340951147],[121.56959140774758,25.104430051046137],[121.5695779128081,25.104369967739974],[121.5694767211846,25.10421158189397],[121.5694381252888,25.104147263092564],[121.56937014627452,25.10403397808935],[121.56936200283893,25.103988300868462],[121.56931375378599,25.103844147312167],[121.56922871725403,25.103750655325012],[121.56895751990221,25.10341731895382],[121.56889869385171,25.103275616281124],[121.56875761174197,25.103066862521988],[121.56864046988917,25.102889298662234],[121.56864814570861,25.102833936943075],[121.56867650216702,25.102677464167343],[121.56873337066912,25.102398201268787],[121.56877737883492,25.102195959945995],[121.5687663759538,25.102102183708364],[121.56869718210801,25.102003818718636],[121.5682937885036,25.10166857736777],[121.56808106803032,25.1014023726553],[121.56788760432715,25.101299671306993],[121.5676893451332,25.101302831742153],[121.56761685031908,25.101062550448944],[121.56759465903187,25.10083651230051],[121.5675755923737,25.100713895416458],[121.56751357691128,25.1004519158886],[121.56751054121723,25.100367732831167],[121.56750775966283,25.10033647065104],[121.5674969256709,25.100281188819093],[121.56741463936856,25.10014257249734],[121.56741388995601,25.10014131145112],[121.56739797354192,25.100121212925128],[121.56737236649502,25.1000550998861],[121.56735614468089,25.099968800552368],[121.56732416253584,25.09989407213908],[121.56724782644568,25.099805113772796],[121.56714304297431,25.099722033005975],[121.56718687908065,25.099623984318836],[121.5672047763564,25.099387852972104],[121.56715055861514,25.099268503120364],[121.56714620162013,25.09925892306657],[121.56713581960199,25.099226344770436],[121.56711489726759,25.09916770696275],[121.56708909025429,25.099167805634806],[121.56695737192753,25.09915186928155],[121.56695620102296,25.09915114338049],[121.56691594970854,25.099126189608985],[121.56687712596613,25.09910284726122],[121.56675048652085,25.099068104140112],[121.56668846695304,25.099054248473067],[121.56664719541381,25.099059100687704],[121.56658799075714,25.09909456296369],[121.56654926444479,25.099092354596632],[121.56643305406179,25.09908105307467],[121.5663890651,25.09905773935105],[121.56630110880093,25.099015797289418],[121.56621841522431,25.098994969525172],[121.5661770797395,25.098988085512566],[121.56608942624624,25.09901190178708],[121.56599656325584,25.099024001548926],[121.56586233320729,25.099024513708674],[121.56576628550997,25.099008247511012],[121.56575384354852,25.09900614039257],[121.56545425903283,25.098972046702233],[121.5652321370374,25.098942360793014],[121.56509530772495,25.0989381785979],[121.56490931277216,25.09890600728972],[121.56482922959323,25.09889221963768],[121.56477473678136,25.09882900575229],[121.56467888713883,25.098754212957118],[121.56460645008868,25.09871925259991],[121.5645288576431,25.098684311828414],[121.56444321045953,25.098583642033073],[121.56437832262611,25.09850637491203],[121.56427757668135,25.09848797104027],[121.56424376206017,25.098491825181735],[121.56387561554097,25.098533785474316],[121.56387253487148,25.098534136596278],[121.56374875443395,25.098560445123724],[121.56361313957214,25.09851475330874],[121.56360397800682,25.098511666557634],[121.56344637856607,25.09847938549888],[121.56325542372885,25.09849185613589],[121.5630955271005,25.0985229958027],[121.56292029396792,25.098584735085947],[121.56282168596013,25.098472359120553],[121.56273885359593,25.09842099737301],[121.5626401591158,25.09828748715734],[121.56248708182873,25.098116608747553],[121.56233427339544,25.09800443797034],[121.56228503350276,25.09795999943653],[121.56216333712091,25.097878252119237],[121.56208055910663,25.097838635160468],[121.56195659650514,25.097825012214084],[121.56181218561406,25.097853744552715],[121.5617296659889,25.09787284426994],[121.56167548632123,25.097877753010742],[121.56157222870695,25.09787579671372],[121.56151803827278,25.09787834914025],[121.56145876828073,25.097899707959957],[121.561383840713,25.097883551646273],[121.5613012459687,25.09788621149454],[121.56125490574217,25.09791222487123],[121.56117772199497,25.097966540222277],[121.56107462505153,25.097999819102],[121.56069812861041,25.09808110413585],[121.56053065923409,25.09814749677022],[121.56044336912986,25.09825117871416],[121.56039680463711,25.098230220192494],[121.5601872082529,25.09811591445251],[121.5600218671058,25.098083658971962],[121.5599547467553,25.09808155607856],[121.5598619059633,25.098100702753523],[121.55971499209382,25.098148229695937],[121.55961699579247,25.09816739567305],[121.55956008931742,25.098141772336653],[121.55947393205943,25.09815684902933],[121.55944025966791,25.098162735874684],[121.55926797949064,25.098220081164072],[121.55891896626696,25.098415317350216],[121.5587993807085,25.098461720252633],[121.55869397191445,25.098470838344035],[121.55858326941723,25.09836658508738],[121.55840155514713,25.098187053105068],[121.55836637941188,25.098073649862858],[121.55834164678679,25.097969677632992],[121.55826930776283,25.097831325539456],[121.55815351080723,25.097661665460894],[121.55806668311763,25.097539879923243],[121.55794062875097,25.09742560870561],[121.55788480225128,25.097340666925604],[121.55784592843042,25.097176820151528],[121.55779676043076,25.097031943716303],[121.55780663558811,25.096918370892432],[121.55786192821775,25.096883477510257],[121.55784712420723,25.09667539344788],[121.55782912205245,25.096527240012247],[121.55781087678818,25.09632547039644],[121.55783814891153,25.09622445323492],[121.55787592541985,25.09614862972672],[121.55771293213886,25.096124009476974],[121.55752573631521,25.096112101112677],[121.55734212475485,25.096125403182914],[121.55716197317362,25.09613869203033],[121.55701628570694,25.096110855248952],[121.55689475382515,25.096057703498296],[121.55683890450231,25.095969610616216],[121.55680364087004,25.09583413389168],[121.55678905729712,25.09567650615247],[121.55677110932544,25.095537813656467],[121.55670105796602,25.095374092561535],[121.5566308826971,25.09518513872096],[121.5565951914213,25.094955050420506],[121.55653890054566,25.094769204212795],[121.55643135831755,25.094744374472782],[121.55641735590679,25.094712892299555],[121.55634097900557,25.09468479482933],[121.55577772706313,25.09427693704183],[121.55555871815267,25.09412637640255],[121.55540947377915,25.094076477930642],[121.5551945760725,25.094067821053123],[121.55479597433298,25.094053549493943],[121.55458058337273,25.0939376683495],[121.55456834493657,25.093899300081596],[121.55456741979026,25.09389640556115],[121.55444697187748,25.09370910105472],[121.5544413438516,25.093630734510704],[121.55443739883637,25.093575802710422],[121.55445632795896,25.093132187664747],[121.55449083022249,25.092824574971527],[121.55442683410867,25.092558145877312],[121.5543787324702,25.09250117856501],[121.55420207089644,25.092447418008035],[121.55391196895346,25.092359566898175],[121.55362897178112,25.092308288110164],[121.553412502016,25.092412267487283],[121.55315222897657,25.092383310450877],[121.55295184172999,25.092373169754936],[121.55274249476226,25.092365788619777],[121.55244650272064,25.09237233503203],[121.55217245982163,25.092405305297333],[121.5520663413983,25.092253055216716],[121.55199035574135,25.092006684617573],[121.55180132715104,25.091863165901565],[121.55151288156719,25.091752688807198],[121.5514340917399,25.09169875062995],[121.55127679951535,25.09165497172079],[121.55112504175877,25.091638283101084],[121.55093273473616,25.09163899738216],[121.55082719195153,25.091659106395642],[121.55072989981711,25.091706304752975],[121.55052703265895,25.091768673664212],[121.55013712647641,25.09179723107714],[121.5499849818949,25.091691806720565],[121.54976271869327,25.09165566096264],[121.5496191344337,25.09164879906407],[121.54950791538367,25.091612241487226],[121.54931615135516,25.091235282061312],[121.54905260818393,25.090943482342436],[121.5489841680123,25.090970251969402],[121.54883629824677,25.091028089469155],[121.54843219255311,25.090908807543403],[121.54799618338558,25.090922741889564],[121.54786546165805,25.090763014114998],[121.54778682766344,25.090743578336813],[121.54770014131279,25.090741433746366],[121.54745639450327,25.090744798035058],[121.54728833495761,25.09071584242408],[121.54709871376993,25.09071161252925],[121.54678698265668,25.090653610419903],[121.54662975899113,25.090624605093915],[121.54657811093539,25.090582896510572],[121.54654020206736,25.09058550080757],[121.54638313181778,25.09059100863529],[121.54631988797196,25.09058999061045],[121.54625852576224,25.090589002848166],[121.54612554874028,25.09053033203047],[121.54596259533865,25.09042987253165],[121.54576997298015,25.090359106700717],[121.54567516762354,25.090356990789846],[121.54551809760812,25.090362497697594],[121.54511996695952,25.09036889036582],[121.54484922492034,25.09039453130885],[121.54468485394025,25.09058493020976],[121.54465280527316,25.090688571779328],[121.54464235152216,25.090774881585066],[121.54461554005688,25.09083659601088],[121.54457002451186,25.090955074836334],[121.54455950522916,25.091026597035167],[121.54444653070478,25.09120448380776],[121.54437393052721,25.09132306196577],[121.54430927506448,25.091402167673667],[121.54423376202048,25.09147639293279],[121.54415016221999,25.091558041735148],[121.54407177899218,25.091595298814255],[121.54400174399385,25.091684291705842],[121.54395848718444,25.09170170279747],[121.54358235797612,25.091716388693566],[121.5429979827829,25.09167409299713],[121.54240073292668,25.091740448741202],[121.54211460183474,25.091716830136175],[121.5418547273273,25.091757231842355],[121.5416919737435,25.09170850630827],[121.54125313050453,25.09171010802575],[121.5408524676318,25.091770756744683],[121.54034943266599,25.091960001807017],[121.53996491887146,25.09199592485782],[121.53964513832257,25.09196749468103],[121.53942266369344,25.091889390129925],[121.53883667756888,25.0916942490524],[121.53857032116085,25.091493007320228],[121.53828265109053,25.09137568537756],[121.53780790157808,25.091080031697214],[121.53773938689751,25.09103736344005],[121.537083164203,25.09088685150025],[121.53649069821431,25.090445124837366],[121.53648433097001,25.090441753633677],[121.5362408977413,25.090312865032832],[121.53587711383445,25.090131705642566],[121.53576282925435,25.09001375235363],[121.5356430753496,25.089848638416296],[121.53556660735926,25.08974320567854],[121.535376109556,25.089541693206897],[121.53531590810813,25.08940381820974],[121.53506647560671,25.0893553980391],[121.53484128535787,25.089121311186116],[121.53430999215759,25.088569023176646],[121.53429933182936,25.088556891825622],[121.53391253275063,25.08811672484597],[121.53361340775598,25.0878514840039],[121.53343404088011,25.087718965990376],[121.53310330910188,25.087660976147554],[121.5329244869498,25.08765175094763],[121.53287005359428,25.087592767909864],[121.53275460949432,25.087381769065892],[121.53267345766506,25.087233446198645],[121.53265091160664,25.087031317968993],[121.53251980870641,25.086780268434943],[121.53230256851943,25.08665774349943],[121.5320470902964,25.086461388932157],[121.53181365721281,25.08635372725006],[121.5316715083472,25.08605338749233],[121.53143193952705,25.08577806103166],[121.53142738769846,25.08575050365295],[121.53139856062164,25.085575980368777],[121.53126191150402,25.085295346656935],[121.53118563929371,25.085196988767162],[121.53098480005178,25.08510893522964],[121.53071373863807,25.08506551426684],[121.53052926396128,25.085002057056695],[121.53034952574625,25.084912141068422],[121.52918822769264,25.084331180633985],[121.52888017325004,25.08450489443825],[121.52849334908161,25.083998293708625],[121.52817251207806,25.08371832189206],[121.52790093699562,25.083556531321584],[121.52779184609562,25.083384303822307],[121.52768392151724,25.083292123456616],[121.5275342680678,25.083164295299827],[121.52688385675079,25.08243205095008],[121.52687343316835,25.082340616138723],[121.52690310834286,25.082239893576464],[121.526937740713,25.0821254308261],[121.52692808424668,25.082025624323325],[121.52687752288284,25.081934332023526],[121.52651510859506,25.081665771003443],[121.52612446560833,25.08144180823324],[121.52595306506079,25.081369279864102],[121.52583424860853,25.081344269006795],[121.5256945169125,25.0813288657295],[121.52549626445325,25.081507636456426],[121.52524693265882,25.081935482846216],[121.52507704589316,25.08171345029169],[121.52457083446964,25.081051854081405],[121.52446464925629,25.080761951581827],[121.52442589170636,25.08055315315993],[121.5244213726075,25.080427806087343],[121.52442777807082,25.080341182968017],[121.52443450416592,25.08025022372804],[121.52449521506652,25.079997468447342],[121.52456671225089,25.079748291766577],[121.52480510072019,25.07891747063205],[121.52513293266894,25.077756002934095],[121.52515507038179,25.077677552365564],[121.5252873790499,25.077213450189966],[121.52533834313738,25.077130401610095],[121.52542227905433,25.07708034204027],[121.5254113690997,25.07687456888733],[121.52537121341747,25.0768701338295],[121.52532091872514,25.0768428757001],[121.52528978704126,25.076795092237514],[121.5252834124282,25.07673916815545],[121.52530355975632,25.076668235915196],[121.52577188311339,25.07539299471232],[121.52585172549142,25.0750973330433],[121.52589036595381,25.07493978354803],[121.52590006532157,25.074824885655215],[121.52589572079216,25.07481388385742],[121.52587025290319,25.074749390622873],[121.52563819247229,25.074452928855468],[121.52542178519008,25.074298187370456],[121.52499459281901,25.0741259004757],[121.52480445371553,25.07450320758603],[121.524576674872,25.07495520270234],[121.52395973842623,25.075934448681757],[121.52377009256831,25.076172952279386],[121.52361511877943,25.076306129773155],[121.52322515314629,25.076572143457145],[121.52302015924244,25.076712484354513],[121.52247974001541,25.07708244221671],[121.52233396964836,25.07717001801122],[121.52171140402305,25.077544039448398],[121.52116518309418,25.077769988920696],[121.52105618141366,25.077815078435634],[121.52105088963908,25.077817267422386],[121.52052937577325,25.078032994688733],[121.51973228942632,25.078316261784032],[121.51941722230089,25.078428231476416],[121.51924443153143,25.078489638114853],[121.51899908153439,25.07857683050957],[121.51822532375263,25.078956981988068],[121.51804273903338,25.07904668594435],[121.51669284474089,25.079908973437945],[121.51622304781755,25.080209065334085],[121.51488135276098,25.079724353155203],[121.51410470891005,25.07941577728348],[121.51353345616161,25.080794420917655],[121.51325246255756,25.08068755504114],[121.51311634613738,25.080635787764393],[121.51313997101828,25.08054763266212],[121.51329905601146,25.079953628990886],[121.51292185009166,25.079717163138056],[121.5127025572985,25.079596403630067],[121.51254914622776,25.07952579907902],[121.51180558881997,25.079183587381035],[121.51140055404325,25.07899717352225],[121.51122668638223,25.079418550993434],[121.51112651036976,25.07938697517942],[121.51102572528036,25.079355207297116],[121.51107057018498,25.079229460095267],[121.5111596366801,25.07897971270752],[121.51068261011962,25.078889882926326],[121.51023088199663,25.078850268822467],[121.50995097244804,25.078857030335428],[121.50978686670565,25.0788609942385],[121.50978111911922,25.078855200457255],[121.50961052317477,25.078683233033406],[121.50881297047933,25.07873627371439],[121.50821954115577,25.078404441323357],[121.50818386131773,25.07840284474279],[121.50755984491724,25.078374920226313],[121.50458293466411,25.0781163608265],[121.50457120106007,25.07814653617457],[121.50444957227228,25.078468817235457],[121.50433586865934,25.07876095372682],[121.50421684808046,25.0790789554606],[121.50405335671192,25.07950818007587],[121.50394191892251,25.079811837354818],[121.50387841947828,25.079965213602286],[121.50386992868088,25.0799857270449],[121.50377969069592,25.080185984595456],[121.5037484965935,25.08025521087462],[121.50353959958218,25.080664907899354],[121.50342254600692,25.080896986362117],[121.50339351534531,25.080954544399127],[121.50326011957884,25.08120848933124],[121.50307296116098,25.081564780041216],[121.50288425161307,25.08193048629942],[121.50274384673696,25.082244902912294],[121.50265887537638,25.0824111079769],[121.50257400339909,25.082601706403896],[121.50243958717222,25.082909466832344],[121.50231070431224,25.083251821885245],[121.50230915476185,25.083255925857824],[121.5021033914505,25.083566220589315],[121.50162310007453,25.084488695859665],[121.50162180542239,25.084491182422557],[121.50136108567449,25.084893220159614],[121.50098307784391,25.085476114240883],[121.50070702198714,25.085901792700277],[121.50045488144953,25.08629059071567],[121.5004370419856,25.086322209098544],[121.50018356381622,25.086771467820775],[121.4996839026096,25.087657044791627],[121.49867465918125,25.08844989260789],[121.49837936232474,25.08868189790481],[121.49740488262175,25.089567396270986],[121.4970702145037,25.089967926996984],[121.49654186381838,25.090350525640538],[121.49622965643998,25.090539858826755],[121.49599133409018,25.09071877880805],[121.4956055873167,25.091064108110345],[121.49538073862138,25.091259250419476],[121.49531631818313,25.091315159632124],[121.49507928905895,25.09147370660981],[121.4948201667429,25.091616410486054],[121.49461018418052,25.09179528791357],[121.49439316856738,25.092007854009392],[121.49410703341029,25.09227023195919],[121.49379977471173,25.09250409693223],[121.49343342056095,25.092808034799205],[121.49339179520886,25.092838905186685],[121.49311487660405,25.09304427416404],[121.49273003048071,25.093388103446436],[121.49251994115754,25.093585012311287],[121.49229090567569,25.093799677650882],[121.49198511594078,25.094120058666466],[121.49167632017497,25.09444358682232],[121.49161972212562,25.094502884865033],[121.49114415493204,25.095060744292404],[121.49087543674639,25.095375958630385],[121.49014784644137,25.096074849927184],[121.48968632570642,25.09638655923962],[121.48934799638292,25.09662787549672],[121.48900408273497,25.097075870008723],[121.48851779082392,25.097235760797588],[121.48808689125289,25.097443523942577],[121.48633159443462,25.09849345332016],[121.48574189173395,25.09889112031795],[121.4841432065073,25.099498550346663],[121.48397296141451,25.099563234626014],[121.4836407823829,25.09968944665515],[121.48289420362723,25.100028054863568],[121.48223465109986,25.100327187968876],[121.48185388705777,25.10047357586622],[121.48127959809827,25.100694363526177],[121.48079913829773,25.100805351128233],[121.48080400979384,25.10081703086541],[121.4755181104293,25.102287743157575],[121.47406916875943,25.102690847809225],[121.47206067397822,25.103249595949034],[121.47123810412134,25.103478419408518],[121.47051608974198,25.103749624904584],[121.46892902149588,25.104345748374836],[121.46755046426298,25.104855966608827],[121.46756082733683,25.104865436419484],[121.4662682554618,25.105374660167833],[121.46457564498505,25.10644364368577],[121.46299492892777,25.107689537278905],[121.46268992660308,25.10794374433257],[121.4621916514911,25.108578435885054],[121.46180424863854,25.109111478493293],[121.46163926400229,25.109618502292303],[121.46161268576522,25.10994781656048],[121.46158810452536,25.11080896008005],[121.46173060355989,25.111720234275474],[121.4618726289773,25.112504882215838],[121.46218183443112,25.113364985324484],[121.46229671604695,25.114326995645012],[121.46227185346721,25.11511216316184],[121.46211989963344,25.116299408724444],[121.46212160999038,25.11637990768438],[121.46237454397146,25.115882606765652],[121.46271116778519,25.115057423868745],[121.46322221380551,25.113997381810993],[121.46393341338113,25.1131484010385],[121.46435049900941,25.112885905394084],[121.46537647275964,25.112240190770795],[121.46596973043671,25.11187753128522],[121.46701558261555,25.111397479528247],[121.46767976482039,25.111073256902745],[121.46822275716697,25.110896458404532],[121.46859887801075,25.11077399186712],[121.4694618911757,25.11061662983412],[121.47033946561235,25.110562307667355],[121.47060247287631,25.110581414997426],[121.47101922532823,25.110611690860292],[121.47203910332833,25.110750187547854],[121.472275145624,25.11082319487896],[121.472661736121,25.110942768695146],[121.47294627484743,25.111030776737884],[121.47396646631584,25.111246575097546],[121.47495804390591,25.1113851420591],[121.47519766135082,25.11141963269533],[121.47524650971,25.111426663898733],[121.47553978115432,25.111468876857586],[121.475921314935,25.11152379322249],[121.47610120918554,25.111555747218407],[121.47834396203012,25.111954099889616],[121.4797323744216,25.11219443589212],[121.48021340059287,25.112313258298435],[121.48127707060296,25.11257599146508],[121.48280833522058,25.113137972344774],[121.48551677390672,25.11439702400903],[121.48558839553657,25.11443031718959],[121.48703485629764,25.115018297449833],[121.48794198974913,25.11527301912019],[121.48815776281928,25.115293822539613],[121.48897592944795,25.11537270335871],[121.48958462506737,25.11534491952373],[121.49056060018451,25.11510975481026],[121.49190349653061,25.114577004417608],[121.49192359541186,25.11456486636508],[121.4935983637042,25.11355342770333],[121.49465718902577,25.112802551591116],[121.49471534564145,25.11274923254986],[121.49554584959314,25.11198780395307],[121.4960746769586,25.111380418912944],[121.49643286530149,25.110596844087418],[121.49649851253164,25.110355450126047],[121.49666131527584,25.10975676335237],[121.49709463964841,25.10698838930594],[121.49714513958219,25.104936478132814],[121.4971562449406,25.104485419458086],[121.4971166789844,25.100611703048035],[121.49714732405272,25.100168719987053],[121.49719223524801,25.099519511008378],[121.49720703556021,25.099305614714527],[121.49732410656243,25.09894839832101],[121.49751406817103,25.098368767774442],[121.49755262061939,25.098326340216605],[121.4982281602281,25.097582892232634],[121.49830344806774,25.09753736102411],[121.49849622574067,25.09742077612769],[121.499009083132,25.097110616421517],[121.49927758663561,25.09694823278692],[121.50063861981955,25.096508377510744],[121.500672541596,25.096576080725484],[121.50097608200204,25.09718190199209],[121.50218790481269,25.097010904219246],[121.50231405164227,25.096993103309998],[121.50276669146909,25.096929229195887],[121.50359524311027,25.09681230467294],[121.5039472118974,25.096762633663868],[121.50405016351985,25.096748104322202],[121.50462432105309,25.096667073330647],[121.50527066953025,25.09657585123292],[121.50587459874185,25.096490613297217],[121.50596066685235,25.09646968235599],[121.50633040391749,25.096379765191273],[121.50664895961765,25.096302294092755],[121.50708306973381,25.096196719503624],[121.50718359569655,25.09617227161264],[121.507878922963,25.096003166057262],[121.50905129221489,25.095718034137267],[121.50917878321478,25.09585513673176],[121.51005995933758,25.096802733487014],[121.51058847888106,25.097410278731658],[121.51162364988328,25.097823977313734],[121.51188346040466,25.097903096161932],[121.51201251212326,25.097942395754757],[121.51310056118612,25.09827372939254],[121.51310178698301,25.098274102667716],[121.51379218234892,25.098484337352854],[121.51475681261485,25.09880838432067],[121.51613146041183,25.099129084793717],[121.51706829166288,25.09935481266372],[121.51713974176099,25.09937202816295],[121.51718737690166,25.099451136945227],[121.5176759126895,25.100262440142217],[121.51775354509684,25.10045099879055],[121.51773888424376,25.1006188985252],[121.51760941821853,25.100892104305313],[121.51757188236552,25.10110204598425],[121.51761103724309,25.101276745555033],[121.5178749469448,25.101912243939893],[121.51804050379194,25.10229110342913],[121.51842604283327,25.103232125517334],[121.51851130327468,25.1034066635992],[121.51852066033086,25.103415482721665],[121.51868873193494,25.1035738916294],[121.5192684747356,25.103823430634893],[121.51930793491576,25.10384041538111],[121.51972021304957,25.104017870305366],[121.51984130343546,25.104118496220092],[121.51991298264372,25.10417805539614],[121.52020282545102,25.104749622221],[121.52024596032895,25.104834683208416],[121.52025737724617,25.10485719708417],[121.52032364699222,25.104987870456416],[121.52037400386348,25.10512337544139],[121.52063212145575,25.10563132313625],[121.52071619516741,25.1057703298326],[121.52083309247743,25.10597357270752],[121.52098260399819,25.106238353040688],[121.52105989342309,25.106341524183495],[121.52110671046981,25.106402457528816],[121.52114835850341,25.106456663233093],[121.52118806516762,25.106556409350084],[121.52121513134018,25.10663751887131],[121.52127820898389,25.106826543944994],[121.5212869117678,25.10697832668355],[121.52129247069382,25.10707527807478],[121.52130025399403,25.107234251632747],[121.52129066374376,25.107329593811322],[121.52126958450782,25.107432605025025],[121.52124079048582,25.107484003265572],[121.52122706431312,25.1075252733039],[121.52120216645409,25.107632685530657],[121.52118348955649,25.10779720498963],[121.52117541479647,25.107910922810127],[121.52113756088305,25.10814776063618],[121.52108947677095,25.10855127296941],[121.52108912690007,25.10865352517021],[121.52110090862607,25.10870712185684],[121.5211085386616,25.10874183190771],[121.52113690042593,25.108794211914734],[121.52119583766434,25.10886682450032],[121.52126647743384,25.1089329770244],[121.52135819041065,25.108990487862528],[121.5214455986252,25.10901957562694],[121.52170621673007,25.109090368187047],[121.52189903830192,25.109148190981692],[121.52198483987272,25.109177139631708],[121.52205967752845,25.10920899773254],[121.52220659481895,25.109300331108198],[121.52232715869184,25.10936341919237],[121.52233394349904,25.109366969508816],[121.52233704720499,25.10936938531836],[121.52238763439885,25.109408760490442],[121.52246113281267,25.109498727206805],[121.52250725285327,25.10958587432519],[121.5225494924793,25.109718834062846],[121.52256445992874,25.109834321446076],[121.5225674768016,25.11003784669491],[121.52256842632623,25.11026586311344],[121.52256864427656,25.11027154742376],[121.52257735905219,25.11049883483549],[121.5226103390175,25.110601709820337],[121.52264972393839,25.110678814413664],[121.52274138793739,25.110801289889547],[121.52283939650036,25.110886105276236],[121.52301211400736,25.110953540033744],[121.52309035823598,25.110963086459222],[121.5231868845619,25.11095815967644],[121.52323246400225,25.11095998499523],[121.5234155755769,25.110986425790802],[121.52371551747888,25.111029736041736],[121.52420690529539,25.111093632993953],[121.52465736998084,25.111169201999786],[121.52471376278447,25.111178662234295],[121.52478764464286,25.111202189482572],[121.52479750882405,25.111205437076926],[121.52494844275114,25.111255129102464],[121.52507017581561,25.111306220736775],[121.52516769945717,25.111362941199616],[121.52521122613926,25.111392516157952],[121.52525262369245,25.11143200233855],[121.52529268697825,25.11149337705473],[121.52537518866987,25.111675332546824],[121.52547992454089,25.111876592255573],[121.5255889966791,25.112113289377888],[121.52572051736408,25.112423972336728],[121.52574664167098,25.11250431897956],[121.5257843411328,25.112694440880205],[121.52578275176373,25.112830525210956],[121.52577005487014,25.11290588161857],[121.52566505169614,25.11321740315466],[121.52540523394855,25.11375024388725],[121.5253967736678,25.113770038853616],[121.52525918561142,25.11409274067317],[121.525186074077,25.114247585706906],[121.52512432970953,25.11436879973415],[121.52507005103752,25.11447535719642],[121.52506035450959,25.11450226769565],[121.52505074583098,25.114528934377233],[121.5250359664176,25.114613669126424],[121.52502389540193,25.114835673671585],[121.5250763989618,25.115541831265038],[121.52508620767588,25.115673754585124],[121.52505097794437,25.115811014283384],[121.52501149210096,25.11591839361977],[121.52498020734147,25.11600347047197],[121.52488403149894,25.11611457522582],[121.5247127952379,25.11625200936545],[121.52447377855172,25.116441810638644],[121.52413116484398,25.116684096328132],[121.52386364834382,25.116906570316967],[121.52385940622982,25.116910922830243],[121.52365336716119,25.117122323467953],[121.52355376228473,25.11726927150765],[121.52353655813924,25.117432223989976],[121.52355161230786,25.11760483081085],[121.52359171013514,25.11777409007555],[121.52366045918441,25.117946516243286],[121.523793850411,25.118167564338087],[121.52400310967445,25.11855124485843],[121.52403118357549,25.118619104049774],[121.52423458895532,25.11911076550637],[121.52445196018122,25.119652661954483],[121.52447339264826,25.119706091821595],[121.52463197443306,25.11995963187826],[121.52468390749708,25.12000552908204],[121.5248008606683,25.120108889310853],[121.52494793499447,25.120180041580884],[121.52534914531644,25.12024703413896],[121.52542827061086,25.1202856758309],[121.52543523955217,25.12028907918542],[121.52545504929485,25.12030859330655],[121.52555387180942,25.12040594095447],[121.52571933336576,25.12059104145481],[121.52574861243856,25.12074080186747],[121.52574644896076,25.120752530194352],[121.52573830048387,25.12079670349744],[121.52571012753432,25.120949430236163],[121.52565415009046,25.12108852402814],[121.52555781550505,25.12132787201788],[121.52553346796165,25.12149410001318],[121.52558082698775,25.121686146527576],[121.52571864607464,25.122105909594506],[121.52579123035785,25.12228339316865],[121.52583382339687,25.122387541688322],[121.52592485445417,25.122610130219805],[121.52599728698323,25.122805337657404],[121.52614134353156,25.123006809012992],[121.5262962515743,25.12323429638949],[121.52635823914935,25.123294267754094],[121.52638076791148,25.123316063723497],[121.52644723142465,25.123380365312656],[121.52685629715704,25.123606949129382],[121.52704261912075,25.123648645909263],[121.52731469875684,25.123650928243624],[121.52764039165527,25.12363348271975],[121.52771180169128,25.123639257151893],[121.52785715296659,25.123651010588805],[121.52798774941715,25.12366156856947],[121.52835656478584,25.123707835462874],[121.52849278312308,25.123724923444396],[121.52863573724387,25.12375618085907],[121.52865402890924,25.12376018038403],[121.5288835899227,25.123866866371557],[121.52915978313786,25.12399294007976],[121.52952561701281,25.124154515977303],[121.52957239350528,25.12420973538399],[121.52963368595562,25.124310503126672],[121.52967035515167,25.12451235461777],[121.52970689803105,25.124684883734137],[121.52977204179243,25.124850801449288],[121.52977767906164,25.125113192440292],[121.52978099988222,25.125267761794234],[121.52977614431997,25.125327608542317],[121.52975720531961,25.12556103880662],[121.52976176869291,25.125789068703277],[121.52977124563603,25.125891798167803],[121.52977679072025,25.12595190644085],[121.5298276818613,25.12613090238214],[121.52989612121986,25.12622838533326],[121.52999305924813,25.126293193472474],[121.53004202248233,25.126306792963717],[121.53014359728711,25.126335005206535],[121.53034064999929,25.12637339125251],[121.53044564962298,25.126387433129032],[121.5304961610496,25.126397878237984],[121.53054670005356,25.126414705995728],[121.53071370418469,25.12648727061206],[121.53075306648773,25.12650855299141],[121.53083882017292,25.126564435859684],[121.53094523980967,25.126654577956177],[121.53106572243972,25.126767853369802],[121.53114058289921,25.126875342769388],[121.53120894883781,25.126996785540605],[121.53124343953134,25.127063297242767],[121.53128367283131,25.127139150338206],[121.53132168413055,25.127233184659342],[121.53140498476128,25.127457673019798],[121.531492477552,25.127818973950763],[121.53151038581453,25.12797871235368],[121.5315110961718,25.127985048600426],[121.53148709391814,25.12822946720247],[121.53143814470634,25.128500038955902],[121.53133587644145,25.128858761204057],[121.53127590074011,25.129060958602356],[121.5312522191601,25.12922654132866],[121.53123767655502,25.12932822370129],[121.53122796946066,25.129569331891496],[121.5312319440079,25.12966053606513],[121.53127198618603,25.129813506571086],[121.53129078811199,25.13002193969281],[121.53124153771088,25.13022083951089],[121.53117436310971,25.130416544468872],[121.53114279534343,25.13056977165884],[121.53113622291163,25.13070336374075],[121.53101835538429,25.131195144870745],[121.53100962436044,25.131231573347677],[121.53086928199345,25.13189340056887],[121.53086777852988,25.131903490174174],[121.53084840726663,25.13203356203651],[121.53087786453214,25.132222402444523],[121.53096812666799,25.132397997643285],[121.53116960088231,25.13262858062539],[121.5312778768873,25.13283017472642],[121.53129635517863,25.132963676955338],[121.53128603776521,25.133061441478127],[121.53123636758441,25.133165865268246],[121.53117964992627,25.133296387016408],[121.5311872046672,25.13338756928259],[121.53125958174019,25.133566487463245],[121.53130314905749,25.133706417898733],[121.5312855727572,25.133781412875805],[121.53121798765874,25.133882641798955],[121.53111096488493,25.1339709847305],[121.53099660850705,25.13401700377052],[121.53072129190741,25.13409943125435],[121.53054257762881,25.134165225953343],[121.53046404026857,25.13421763450613],[121.53043562863509,25.13427311364331],[121.53044065432651,25.134335832272612],[121.53044319701694,25.134367564009633],[121.53045806638148,25.134494561066894],[121.53050157685506,25.13462146460554],[121.53060270736901,25.13482633478186],[121.5306355762136,25.13497607194273],[121.53062200185899,25.135148789040805],[121.53059420538074,25.13534435262653],[121.53056261749344,25.13549106151348],[121.53056671437066,25.135608328875666],[121.53059583847111,25.135722247524786],[121.5306681175668,25.135878361695422],[121.53067010420655,25.13588087133348],[121.53074011516281,25.135969313132165],[121.5308335094278,25.136040651403242],[121.53097695996317,25.13609878291131],[121.53104162431053,25.136147410390368],[121.53112067416548,25.13621554079913],[121.53113528664599,25.136280643085716],[121.53111811860613,25.13645011398723],[121.53114394507571,25.136629189965358],[121.5311874429537,25.13675283420551],[121.53125242205196,25.13687639237909],[121.53138198587489,25.137032300742757],[121.53149705998246,25.137149169976585],[121.53159755955137,25.137207445900152],[121.5317157951413,25.137229826202457],[121.53182676737514,25.137226168814554],[121.5319161878111,25.1372063023131],[121.53201985845544,25.1371700981814],[121.5321269962723,25.137107817857835],[121.53224122794565,25.137032475626615],[121.53234860564747,25.137025571676098],[121.53240240751826,25.137048182932432],[121.53243470989818,25.13706436228654],[121.532545926379,25.13711933996249],[121.53272541705833,25.137229458497778],[121.53285735719624,25.137313115409885],[121.53285825223709,25.137313680951085],[121.53298396962482,25.1374077061472],[121.53308086581387,25.13746273492706],[121.53312825267166,25.137490745076768],[121.5331849607789,25.13752426493619],[121.53320115646144,25.13752680534591],[121.53330677291277,25.137543372002597],[121.53343584459627,25.137585257406656],[121.53353977416154,25.137610946837036],[121.53357573204273,25.137646649234426],[121.53356528448049,25.13771184149977],[121.53353691172754,25.13777383923055],[121.53349796819406,25.137874975026104],[121.5334875431863,25.137949935433873],[121.53352367107541,25.13802473723366],[121.53353477561052,25.13810613828334],[121.5336175499578,25.138206835726816],[121.53367872543856,25.138278279152757],[121.5337756042411,25.13832679837793],[121.53389747395032,25.13835894108081],[121.5339869515123,25.138352100435277],[121.5341981613526,25.13834807994239],[121.53431632332699,25.138350912925183],[121.53436654589497,25.138373536360767],[121.53441696702603,25.13844176820477],[121.53447084079366,25.138480664833107],[121.53458562126607,25.138529118938866],[121.53462155133485,25.13855830300017],[121.53466140224091,25.13866567289626],[121.53472720886495,25.138978172163302],[121.53470946370552,25.139014077119768],[121.53466300551402,25.139033790273363],[121.534627387391,25.139076268863306],[121.534602580943,25.139134994829224],[121.53460999685568,25.13919361354593],[121.53464956416542,25.139235820810548],[121.53475717069458,25.139281041572872],[121.53486465382468,25.139300199049007],[121.53494339121657,25.139293396593207],[121.53508999740998,25.139250517103243],[121.53515081923952,25.13924052015922],[121.53522600473177,25.1392402485539],[121.53530481311883,25.13924974107473],[121.53535853125757,25.139252806052458],[121.53542630048479,25.139193924700923],[121.53554054621608,25.139121838981644],[121.53564424574904,25.139092141353036],[121.53575520526644,25.139085221964248],[121.53585778389113,25.13910093875712],[121.53585910383957,25.13910114162541],[121.53595953593226,25.139143128375864],[121.5360994505344,25.139207776755025],[121.53618898978264,25.1392172209457],[121.53627127885919,25.13920389579004],[121.53636419481808,25.139164468467058],[121.53645361587097,25.139144599220863],[121.53656826955601,25.13916372949458],[121.53664368281726,25.139215574613107],[121.53673014041546,25.139339061480804],[121.53678417197924,25.13941378854872],[121.53685249187944,25.139478695594086],[121.5370610496499,25.13968643982508],[121.53722252270704,25.139770554444993],[121.53736581494805,25.139786321153206],[121.53741960465884,25.139805671511738],[121.537563333668,25.139925691015115],[121.53761710919667,25.13994178226804],[121.53793205966284,25.139914575355903],[121.53805377924965,25.13991413333465],[121.53816141615869,25.139965869652983],[121.5382477285752,25.140053515232474],[121.53842754294563,25.140235298269772],[121.5385390079094,25.140345656809004],[121.53861800301229,25.14039748787328],[121.53871838982661,25.14042644557978],[121.5387685326338,25.14043278139723],[121.53881861383579,25.14042282200581],[121.5389043978896,25.140389937200112],[121.53904405789322,25.140395938234924],[121.5391479579596,25.14041185556122],[121.53923413266143,25.14047017832954],[121.53926309980271,25.140541745631054],[121.53926388694684,25.14072092010403],[121.53926458819245,25.1408805403884],[121.53928266590597,25.14092283363025],[121.53934052338876,25.141052932144053],[121.53942706644904,25.141192694401763],[121.53952416456464,25.141290077173633],[121.53962468559274,25.141351606530666],[121.53982206608275,25.14145839199341],[121.54010906533627,25.14158765501819],[121.54019506490006,25.141603636855567],[121.54021520708454,25.14160309319745],[121.54033467340683,25.14159986862306],[121.540477786085,25.14157654200973],[121.54058485152409,25.14149796046483],[121.54074192655276,25.141393141706672],[121.54092051190297,25.141294753379412],[121.54109560729674,25.141219191160978],[121.54120656834542,25.141212267664155],[121.54132135394806,25.141260716446812],[121.5414366138371,25.14141666796774],[121.54146199666599,25.14149149796469],[121.54147656228609,25.141546831060406],[121.54151965554911,25.141575996249234],[121.54165597659996,25.1416341342578],[121.54180658487329,25.141688960803705],[121.54188241899186,25.14183528793029],[121.54188993919941,25.14191670134733],[121.54189042819525,25.142027463188285],[121.54190161505478,25.142128408650077],[121.54194124335739,25.142183650007993],[121.54200966276409,25.142274617853687],[121.54213541643612,25.142371884985],[121.54226108847749,25.142452874954806],[121.54232578395836,25.142511274495128],[121.54235952716418,25.142528511103944],[121.54243343930818,25.1425662666517],[121.54251938217507,25.142569201980425],[121.54257302990273,25.142555978200278],[121.54263009952275,25.142506901003706],[121.54272660068202,25.14247071564931],[121.54282319814028,25.142454075337348],[121.54298424183469,25.142437189725438],[121.54308070948844,25.142391227022316],[121.54323788438872,25.142309209814517],[121.54336282606448,25.142227310675676],[121.54343050190613,25.14214561249068],[121.54345149805869,25.14203803093791],[121.54348706616004,25.14198252315927],[121.54356915870827,25.141926835638046],[121.54370493726572,25.141864441907362],[121.54380399145889,25.141809224650878],[121.54380494124936,25.141808697544647],[121.54415517454295,25.141672182174943],[121.54429291038494,25.14164201041186],[121.5445066568911,25.141631844900473],[121.54468054685178,25.14160241559385],[121.54498068807868,25.141500551072145],[121.54531274436371,25.14146334382357],[121.54562130102295,25.14147659820015],[121.54584306313515,25.14154055660381],[121.54593821040055,25.14159059082867],[121.54600225427185,25.141763086042904],[121.54603479017386,25.141950638537523],[121.54605949614445,25.142154407022627],[121.5460600413615,25.14227695905605],[121.54604462408521,25.142396292791837],[121.54604453242112,25.142518368689316],[121.54613306720911,25.14266470090151],[121.54615019092437,25.142681465815972],[121.54627167067162,25.14280036701053],[121.54636964643511,25.142866153254328],[121.5465455611077,25.142923626072484],[121.54675335852689,25.142971294046585],[121.54686787672563,25.142987816729796],[121.54724625285316,25.143090547421163],[121.54756863405078,25.14316926222184],[121.5477391481062,25.143209799137573],[121.54792328652086,25.143322933125976],[121.54808822215504,25.14348233379068],[121.54810765329593,25.14357374179323],[121.54817055487783,25.14366498893243],[121.54825037901774,25.143892151913374],[121.54825630115333,25.144003390055317],[121.54824328668242,25.144129531151858],[121.54824908622756,25.144211104006946],[121.54827645042207,25.14425550133076],[121.54842654562749,25.144398345137837],[121.54858459490072,25.14449666072551],[121.54875869654651,25.144540523474213],[121.54881063935628,25.144609557100505],[121.54884369209068,25.14470832643399],[121.54884387086905,25.14474830321314],[121.54884403485504,25.14478497217429],[121.54881710263919,25.14483946515831],[121.54876909593428,25.14492395769039],[121.54865802632979,25.145119441387372],[121.54862291918333,25.14516901731764],[121.54866586938992,25.14530528809928],[121.54876819271416,25.14561286027847],[121.54893025708537,25.146003051129295],[121.54905208830763,25.14624572131692],[121.54906218806923,25.146290706087687],[121.54908211182938,25.146321254916728],[121.54913755068864,25.14632465153144],[121.54924835887753,25.146315907916087],[121.54917735469576,25.14637379636842],[121.54913409595821,25.14643698964745],[121.54910283010666,25.146527149973444],[121.54909504433188,25.146555995937987],[121.54902637004083,25.14669131712743],[121.54898326418153,25.146788725589015],[121.54894652436818,25.14698335913038],[121.5489310957821,25.147075257275407],[121.54894346926218,25.147185072096562],[121.54895375435653,25.147271476247912],[121.5489802536938,25.14744381117329],[121.54899868726993,25.14758241159172],[121.54902320698869,25.147753408679215],[121.54906148406266,25.147904538491645],[121.54908812993266,25.14799765881352],[121.54911376863112,25.148087259191044],[121.54926214583062,25.148447717156266],[121.54926917283147,25.148818801447508],[121.54936622538864,25.149591880643705],[121.54943618232589,25.149694006663744],[121.54955428902974,25.14980651563293],[121.54961566165417,25.149864979345924],[121.54973837123907,25.14992173378168],[121.54988153147644,25.150110905778888],[121.5498834540811,25.150187074980586],[121.54988555948695,25.15027048619621],[121.54980337265171,25.1503942479742],[121.54982071282357,25.150571843813484],[121.5498032414091,25.150699193154804],[121.54990091995425,25.151099597396502],[121.54989693938855,25.151230560889847],[121.54989691091976,25.151231497532976],[121.54989569893334,25.151271372725283],[121.54991687222923,25.151314916955503],[121.55001285285586,25.151336371954574],[121.55010988246696,25.151589560341566],[121.55029932344036,25.15173608364027],[121.55048783747208,25.151678128054428],[121.55061104179157,25.151754010018436],[121.55079650972813,25.15178230418003],[121.55080295271051,25.15178328708829],[121.55093805327273,25.15184003050901],[121.551067373661,25.151945880035512],[121.55178763795077,25.152766624295385],[121.55179078845717,25.152770214690293],[121.55189800229839,25.15290560651121],[121.55214729466807,25.153220416502165],[121.55246249601517,25.153491080126297],[121.55296118998987,25.153864615962092],[121.55300111620778,25.15389452185304],[121.55309865777711,25.15418902687744],[121.55330008558668,25.154502048121657],[121.55334697995869,25.154727958602706],[121.55327705778102,25.15491287945585],[121.55320341831674,25.155107630667825],[121.55340765728552,25.155465121660608],[121.55339653627988,25.155541692721812],[121.55369824562382,25.156170342042977],[121.55372625328138,25.156249892268136],[121.55390025062432,25.15674409486541],[121.55474488913163,25.158143588018497],[121.55508421226777,25.15889848369894],[121.55509063522148,25.158912768830636],[121.5555217921421,25.159778371156094],[121.55571743151425,25.16046985055519],[121.55609780983134,25.160455909718106],[121.55628527708814,25.160355131324103],[121.55666722594633,25.16068729436763],[121.55689231148742,25.16079486384541],[121.55796126240128,25.161007680164065],[121.55837529734373,25.161021710430184],[121.55854926913466,25.161083427890873],[121.55913491663424,25.16177725835533],[121.55932881641199,25.16191467968432],[121.55976451045153,25.161924688034745],[121.55979824058299,25.161925463291062],[121.56035130529327,25.16211176497174],[121.56073886936863,25.16233636483763],[121.5611424939973,25.16305071056236],[121.56119892287857,25.163314237218643],[121.56102319378412,25.164131258472572],[121.56103200757835,25.164292797058604],[121.56105332848007,25.164683749881984],[121.56135963529086,25.16524775203973],[121.56149918283798,25.165573761200484],[121.56155727196742,25.166201502032152],[121.56164178027245,25.16656540213527],[121.56182234250775,25.166803341818557],[121.56204645098008,25.16750580781318],[121.5621067178134,25.168148818479672],[121.56211870152599,25.168276676542078],[121.56235456221873,25.168350305793478],[121.5624774830975,25.168359146499505],[121.56250636795097,25.168438599396175],[121.56263957640623,25.168482094993212],[121.56267137616025,25.168561166632184],[121.56276588707956,25.168604809204698],[121.56281578189451,25.168938993892816],[121.56285730439643,25.169029033493167],[121.56282665570694,25.1692007337931],[121.5626696550681,25.16924092693003],[121.56308463805041,25.169697116198247],[121.56308563140388,25.169701725662197],[121.5631666860004,25.17007670594049],[121.56303387382766,25.170884492492092],[121.56293016208198,25.171034650318543],[121.56183240646037,25.172005859766596],[121.56181968631206,25.1722889137417],[121.56116723364882,25.173628804724625],[121.56104874124459,25.174109581744442],[121.56070275995219,25.174330468741015],[121.56070395283844,25.174591216163055],[121.56088649819227,25.174919888190537],[121.56086469743218,25.175126880521614],[121.56085757618041,25.175194472073382],[121.56100901234358,25.175317417388676],[121.56116138139981,25.17564620340741],[121.56193545369906,25.176658810893233],[121.56204078428519,25.177180120494313],[121.56204351319158,25.177193626527785],[121.5621806191631,25.177481302254126],[121.56245230360692,25.177507714616954],[121.56257381751344,25.17768566136498],[121.56308764935775,25.177875838090284],[121.56357219747758,25.178258255483414],[121.56358798121153,25.178409159272654],[121.56422308222803,25.1787223802302],[121.56452531819208,25.178831015360217],[121.56503695286354,25.178540866297055],[121.56523339269688,25.178608736863666],[121.56544543874345,25.178786335329903],[121.5655982675264,25.179211180094434],[121.56587071693487,25.179402269375245],[121.56585828911574,25.179978709496062],[121.56608586432509,25.180370920987418],[121.56610639221668,25.180523638925436],[121.56612122627408,25.180609969730455],[121.56601805597647,25.181269099972944],[121.56623839579233,25.181413172093457],[121.5663484314128,25.18171796469402],[121.56638239492186,25.181755164873657],[121.56673436200333,25.181766573576663],[121.56692195989822,25.1818605300412],[121.56695772061374,25.181951601430967],[121.56730899811635,25.18232818806268],[121.56765399872438,25.183139687576098],[121.56769847449463,25.18338132794072],[121.56780016254748,25.183510740191984],[121.56780221847961,25.183513359406952],[121.56801200398323,25.183620157154774],[121.5680791558119,25.18371093619224],[121.56815037011646,25.184025184029874],[121.56817362312208,25.184461004466424],[121.56803427250182,25.184806656156827],[121.5679192110035,25.184958025444995],[121.5678072671883,25.18504360577055],[121.5677577164548,25.185081487195106],[121.56777111645198,25.18547452637347],[121.56781014848357,25.185665225300756],[121.56781059514833,25.185667408325866],[121.56800019648684,25.18577899600823],[121.56818572578182,25.185932379959077],[121.56822493622342,25.18598170197612],[121.56817576690909,25.186195986216],[121.56799165254574,25.186478362005733],[121.56783023370382,25.186772666526416],[121.5678153611442,25.18678976818303],[121.56763115625286,25.187001591248322],[121.56732771961656,25.18716779322442],[121.56723304036666,25.18803824207352],[121.56703370578215,25.188441621078155],[121.5670422266044,25.18854407252461],[121.5673018385632,25.18898961250052],[121.56761740436441,25.189354417946024],[121.5677633558182,25.18958810333644],[121.56782842501279,25.18960777804197],[121.56848066791098,25.189804959908642],[121.56886939152666,25.190323198478673],[121.56986975962425,25.190831768414878],[121.56998304413058,25.19096310231682],[121.57038573299482,25.191020104738353],[121.57100309029757,25.191338238385885],[121.57147541939086,25.191621964936758],[121.57162294731333,25.19212320725414],[121.57183317954579,25.192370660206574],[121.57204412818504,25.192771294386922],[121.57210376560924,25.19310384781188],[121.57255747687402,25.193255276610113],[121.5729697728911,25.19324311757403],[121.57353594783986,25.193855285496287]]]]},"properties":{"AREA":61107809.68886,"PERF_ID":63011.0,"COUN_ID":"6301100","CPID":"63011","CPTID":"6301100","NPID":63011.0,"NPTID":6301100.0,"PNAME":"臺北市","TNAME":"士林區","PTNAME":"臺北市士林區","TM2_MAX_X":311328.6318,"TM2_MAX_Y":2787546.203,"TM2_MIN_X":296551.1512,"TM2_MIN_Y":2774090.754,"MAX_X":121.60853,"MAX_Y":25.19528,"MIN_X":121.46145,"MIN_Y":25.07434,"city":"臺北市","district":"士林區","store_count":521,"level":"多","source_dataset":"臺北綠色商店.csv"}},{"type":"Feature","geometry":{"type":"MultiPolygon","coordinates":[[[[121.59559742268718,25.114138454415638],[121.59558855631006,25.11413681792244],[121.5955720003808,25.11413089244692],[121.5955568261071,25.114122439482436],[121.59554349455216,25.11411171586852],[121.59553241078878,25.114099047437286],[121.59552391159112,25.114084819113145],[121.59551825520249,25.114069463216982],[121.59551561348839,25.114053446330274],[121.59551606671478,25.114037255118216],[121.59551919131424,25.114022678982113],[121.59551905141223,25.11399967494321],[121.59551452621342,25.113977042505848],[121.59550575321605,25.113955469344774],[121.59549299898491,25.113935610948793],[121.59549083375742,25.11393290201755],[121.59545978333041,25.113852234585153],[121.59545357515573,25.113827407082738],[121.59542733078858,25.11375961707986],[121.5953885560091,25.113697006221443],[121.59536662695554,25.113670255448813],[121.59535311238858,25.113654150742036],[121.59534287468757,25.113636154026455],[121.59533622491878,25.113616812123897],[121.59533336513057,25.1135967127288],[121.59533438221429,25.113576466551343],[121.59533845333478,25.113559045444482],[121.5953499027102,25.11351627523287],[121.59535302086432,25.113472344630157],[121.59535198243948,25.113455513270004],[121.5953473332366,25.113430382306777],[121.59534754772278,25.11340489809156],[121.59535261937789,25.113379834949352],[121.59536239409952,25.113355954410636],[121.59536627057642,25.113349016865968],[121.59536624606037,25.113332726045765],[121.5953693289503,25.113316678843635],[121.59537542557295,25.11330136284553],[121.59538435068455,25.113287243419983],[121.59539583309952,25.11327474957812],[121.59540952393021,25.113264260938458],[121.59542500718784,25.1132560961925],[121.5954418124221,25.113250503421394],[121.59545333761255,25.113248312988226],[121.59547227207997,25.11324766887291],[121.59549079604187,25.113244040961117],[121.59550834665578,25.113237539485375],[121.5955243906542,25.113228361990192],[121.59553844054783,25.113216787329673],[121.59555006943756,25.113203167194655],[121.59555892398593,25.1131879154266],[121.59555973808538,25.113186107671726],[121.59563956237706,25.11305714454323],[121.59574276996173,25.11294276099643],[121.5958662249077,25.11284643247346],[121.59586855161115,25.112844920946213],[121.59606694114606,25.112664837787904],[121.59620712259301,25.112487950644812],[121.59622265279187,25.112476979079126],[121.59623585453424,25.112463718821797],[121.59624632669203,25.112448572779673],[121.5962537510747,25.112432001158176],[121.5962579020972,25.11241450747807],[121.59625865363414,25.112396623276254],[121.59625651948465,25.112381159109294],[121.59628064150922,25.112264602778026],[121.59630252562826,25.112147680893447],[121.59631408713247,25.112080334632754],[121.59632101634816,25.112018696167677],[121.59632912600567,25.111957177195727],[121.596338413633,25.111895796456007],[121.59634887639933,25.11183457264551],[121.59636051111585,25.111773524413387],[121.59637146056596,25.111721136347484],[121.59638221624107,25.111707101321354],[121.59639013174495,25.111691579001523],[121.59639496656996,25.111675041026327],[121.59639657381355,25.11165798989401],[121.59639518323202,25.11164243493054],[121.59640754492735,25.111594660808734],[121.59642883030077,25.111549566917493],[121.59644832509385,25.111520822881236],[121.59648139739546,25.111458055493554],[121.59650199622875,25.11139101280215],[121.5965085926028,25.111343335568804],[121.59651678262001,25.111306300238944],[121.59652568128476,25.11126940069026],[121.59653528588579,25.111232648162613],[121.59654422105218,25.11120077690889],[121.59654989169684,25.111176687527447],[121.59655602322468,25.111152691922516],[121.59656261376776,25.11112879740334],[121.59656966131823,25.111105011248362],[121.5965771637291,25.11108134070301],[121.59658511871484,25.111057792977494],[121.59659352385205,25.11103437524462],[121.59659467114746,25.111031282594386],[121.59660429155714,25.111003795201672],[121.59661900818276,25.110978246438396],[121.59663837386482,25.11095541258943],[121.59666180018586,25.110935987448055],[121.59666784088651,25.11093197005226],[121.59671901139521,25.110894808054244],[121.59676231697198,25.110850120294195],[121.59679644180117,25.110799264594288],[121.59681103113023,25.110768927528888],[121.59684091770447,25.11071835458535],[121.59686003748617,25.11069427706013],[121.59691248417225,25.11056966379067],[121.59693630066798,25.110468425776116],[121.59700134280888,25.110235040027085],[121.59700613091742,25.110206335379996],[121.59702922604531,25.11008631462566],[121.59706848693331,25.10998458453196],[121.59713960455646,25.10983137437627],[121.59716571201798,25.109756762721425],[121.59720565254823,25.109687412339785],[121.59725821255776,25.109625430397518],[121.59732179502963,25.109572700172425],[121.59732548720808,25.10957016141412],[121.59743640532105,25.10949621259166],[121.59755536790004,25.109442483325193],[121.59772254810717,25.109371078929552],[121.5978395483709,25.109299364921416],[121.59788876084757,25.10927506795379],[121.59793259181887,25.109243359245784],[121.59796970950046,25.109205202255716],[121.59799409490262,25.109170319728875],[121.59801105539029,25.109140351661175],[121.59803347360251,25.10911352045294],[121.59806066837169,25.109090641354605],[121.59809181339885,25.10907240953365],[121.59812596236019,25.109059378952534],[121.59816207766035,25.10905194553719],[121.59819906195894,25.109050335147018],[121.59820966734219,25.10905095882777],[121.59830615961312,25.109023000362647],[121.5984021012383,25.10899351278242],[121.59849746298984,25.108962505070426],[121.59859221581661,25.108929986673104],[121.59861158483915,25.10892312668355],[121.59865213024901,25.108904997258048],[121.59869551724542,25.10889355379272],[121.59874042754288,25.10888914398947],[121.59878549657245,25.108891901837072],[121.59881275789331,25.108897144594525],[121.59884110234077,25.108904613568583],[121.59915123110477,25.108977705582227],[121.59917535704847,25.108974069154492],[121.5991842586365,25.108965456671303],[121.59923606635836,25.10859739615645],[121.59931106370529,25.10845066037835],[121.59934829442813,25.10840615321125],[121.59939184806585,25.108354087314382],[121.59955820495472,25.108303147369597],[121.5996609692105,25.10829360460477],[121.59987091044825,25.108345740234714],[121.59991775229751,25.108380768599172],[121.60003116009143,25.108512306772194],[121.60011773142841,25.108502459069896],[121.60044415849917,25.108378231673555],[121.60059875565607,25.108345583586946],[121.60072092404103,25.10833200726917],[121.60092137184179,25.108277632503682],[121.60107769170504,25.10833577060033],[121.60120804582822,25.108422713525574],[121.60153786086171,25.108468348117242],[121.60191486005374,25.1084202974513],[121.6020280040915,25.108382137590354],[121.60223995652575,25.108273835798588],[121.6024071936561,25.108236882353932],[121.6030257923671,25.108107372419177],[121.60310441574124,25.108051973409133],[121.60337521755821,25.107857692631313],[121.60343665101567,25.10784740361183],[121.60373910105072,25.1077904161517],[121.60393118548785,25.107717347522293],[121.60416029307115,25.10758782979417],[121.60444173337964,25.10749080650476],[121.60461243351561,25.107456761518957],[121.60556255665583,25.10740551507639],[121.60563203304535,25.107361455032628],[121.60580310886024,25.107226691860685],[121.60590679757944,25.107213899991518],[121.60599899974088,25.107222253201805],[121.60615218393457,25.10717512438018],[121.60646507171903,25.107039780701907],[121.60656676189103,25.107027908365975],[121.60675932781193,25.10707508579831],[121.6071078033136,25.107211479451134],[121.60720063121845,25.107268218904252],[121.60731096457505,25.107281850597786],[121.60752463982966,25.107232594806085],[121.6082841887355,25.107228921281806],[121.60831037915185,25.1071837646202],[121.6082346724784,25.107030483494015],[121.60817209554858,25.106809457272142],[121.60816040468838,25.10670703854],[121.60817860491753,25.106634108732365],[121.60882266653446,25.105941129323686],[121.60897320344378,25.10578846329112],[121.60907365137014,25.10572223735915],[121.60917386729236,25.105677245937446],[121.6094646964722,25.10569581302841],[121.60953785491816,25.105700956162906],[121.60969643566946,25.10561907120087],[121.61012162087209,25.10528562837446],[121.61020956965112,25.105192369404985],[121.61031182165098,25.105078350542893],[121.6103650073651,25.105036810944515],[121.61084670475074,25.10496343922612],[121.61104245780264,25.10493362182417],[121.61115442186906,25.104894683532066],[121.61129396806852,25.104785728431136],[121.6114402569911,25.104710834751458],[121.61165079077317,25.104637228764954],[121.61183856978906,25.10457959644053],[121.61200418494971,25.10453313258222],[121.61235194816258,25.104516891249922],[121.61277328842787,25.104524278058307],[121.61317563286741,25.10457561779956],[121.61332499104665,25.10457964050335],[121.61341169617187,25.104577530473208],[121.61348238993075,25.104555787755896],[121.61351407080525,25.10450071290609],[121.61351879075939,25.104488884888593],[121.61354152106078,25.104468107935382],[121.61359978212172,25.10445444240072],[121.61363085594998,25.104444626891457],[121.61363506369749,25.104441422632473],[121.61364363561673,25.104436557237463],[121.61365294987434,25.104431435989053],[121.61366208372762,25.104427913424537],[121.61367236606229,25.104422074965047],[121.61368191592666,25.10441648328917],[121.61369070249548,25.104410921855067],[121.61370075908793,25.10440554475061],[121.61371010650946,25.10440110948166],[121.61372077041784,25.10439822156244],[121.61373099627679,25.104396960476965],[121.61374109820301,25.104392720697348],[121.61375147007793,25.10438893119472],[121.61376030085182,25.10438428139131],[121.61376964826952,25.104379846118672],[121.61377951341261,25.104375842041797],[121.61379143747173,25.10437314751576],[121.6138012915722,25.1043689177857],[121.61381340702795,25.104364841197338],[121.61382531999874,25.10436191198914],[121.61383849195168,25.104358941457235],[121.6138476037111,25.104354967577976],[121.61385857185803,25.1043534416022],[121.6138682467707,25.104351054300633],[121.61387738061158,25.104347531723064],[121.61388677336018,25.10434423377061],[121.6138983931673,25.10434017728292],[121.6139136362405,25.104333018254],[121.6139240302331,25.10432968907067],[121.61393413214694,25.10432544927808],[121.61394268191762,25.104320123534908],[121.61395370544034,25.104313803509104],[121.61396547242659,25.10430745332083],[121.61397475349057,25.10430164606964],[121.61398502358561,25.104295347216624],[121.61399377466235,25.10428863936871],[121.6140035391977,25.104282360663372],[121.61401356259528,25.104276297555145],[121.61402358486477,25.104270008753506],[121.6140316058143,25.10426401713038],[121.61403989666809,25.10425846675626],[121.61405240602672,25.104251869734107],[121.61406242824708,25.104245571902165],[121.61407192282527,25.104238842915297],[121.61408223829494,25.10423369041079],[121.6140913279081,25.104229256185654],[121.61410016974435,25.104224841041802],[121.61410949500835,25.10421994541695],[121.61411830362724,25.104214835261452],[121.61412761784781,25.10420971398377],[121.61413725840019,25.104206405961563],[121.61414837145597,25.104202134883533],[121.61415817027489,25.104196767843856],[121.61417028457396,25.104192465534013],[121.61418108459091,25.104187058234857],[121.6141911743144,25.10418236708057],[121.6142015019437,25.104177665912406],[121.61421115357871,25.104174592564895],[121.61422179419813,25.10417101858624],[121.61423112058061,25.10416634864665],[121.6142444728977,25.104161779394108],[121.61425631836701,25.10415725249334],[121.614266261989,25.10415507169475],[121.614278219187,25.10415306311293],[121.61428964865289,25.10415060532125],[121.61429960453374,25.104148893920332],[121.61431151747122,25.10414596467362],[121.61432227094387,25.104145134701255],[121.6143363201402,25.104145103586266],[121.61434630914694,25.104144069137334],[121.61435739008243,25.104145278110742],[121.61436967361371,25.10414508277712],[121.61438042708578,25.104144252800538],[121.61439270070218,25.10414405750608],[121.61440421976751,25.10414365769508],[121.6144165143409,25.10414368800927],[121.61443237454488,25.104144958427177],[121.61444368008944,25.104145480343306],[121.61445441147583,25.10414419905799],[121.61446488395318,25.10414269314723],[121.61447587420278,25.104141627457338],[121.61448813560293,25.104140971782833],[121.61450261409466,25.104139548577077],[121.61451714676157,25.10413904599095],[121.6145284523058,25.104139567900635],[121.6145420291173,25.104140242899646],[121.61455453833797,25.10413957716482],[121.61456585492512,25.104140324723307],[121.61457835310284,25.104139433334794],[121.61458891518386,25.104139985404576],[121.61459995077648,25.104140057032666],[121.61461298768442,25.10413983147298],[121.6146255300782,25.104139851714894],[121.6147317317798,25.104136621904846],[121.61474272198099,25.10413554716752],[121.61475492698956,25.10413352849226],[121.61476592827847,25.104132688432575],[121.61477762768438,25.104130680879297],[121.61479078854454,25.104127484611954],[121.61480124992747,25.104125743998175],[121.61481151996892,25.104125394473108],[121.61482118375548,25.10412277243063],[121.61483684152495,25.10411924983111],[121.6148500588175,25.104117425564958],[121.6148625005549,25.104115162146186],[121.61487493011991,25.104112447381983],[121.61489210803298,25.10410955945458],[121.6149030750146,25.104107807709415],[121.61491330079033,25.104106537515335],[121.6149250112796,25.104104764629863],[121.61493669846263,25.10410229669203],[121.6149483193393,25.104098465815767],[121.61495822981284,25.10409560801618],[121.61496836484592,25.10409205413666],[121.61497826314607,25.104088744991376],[121.61498995150042,25.104086511769843],[121.61500044718137,25.104085682817477],[121.61501138102852,25.10408325410947],[121.6150242298919,25.104081115379387],[121.61526410282534,25.10391130774799],[121.61542964910178,25.10378022190026],[121.61555463895803,25.103576945619036],[121.61572527689681,25.103308487886284],[121.61598717404428,25.10318143406265],[121.61615062197755,25.102990076870164],[121.61630450359942,25.102779322192156],[121.61633624855106,25.102620669420165],[121.61644794213889,25.102467236505102],[121.61663307174001,25.10227782896972],[121.61668583761163,25.101989159215805],[121.61665537032397,25.10182121352511],[121.61667279262515,25.10169512968355],[121.61680920480471,25.10162326008073],[121.61709780828427,25.101490477913448],[121.61719682017635,25.101293799407845],[121.61728127525811,25.10109082578202],[121.61749399863189,25.101012941326676],[121.61777999742199,25.100875239465523],[121.61799407101876,25.100821534414628],[121.61821666611195,25.1006090921253],[121.61843224414667,25.100541206379674],[121.61858615906561,25.100320708129036],[121.61871089341408,25.100143250077366],[121.61911243259772,25.099879512684165],[121.61966338282689,25.099452756250592],[121.61994172863415,25.09925352102307],[121.62026380294029,25.099071345703642],[121.62028316684044,25.099055817992294],[121.6203060658227,25.09903745879022],[121.62031714848088,25.099031228330524],[121.62032626421744,25.099026197778752],[121.62033435655658,25.099020729139685],[121.62035601331884,25.098999829258396],[121.62036296248701,25.098989833394683],[121.6203681657488,25.098979646219327],[121.62037388019097,25.098970558309173],[121.62037644697803,25.09896445374258],[121.62038195510586,25.09895180970352],[121.62038599227999,25.098944344801982],[121.62039150040597,25.098931700762574],[121.6203955338763,25.098921536534974],[121.62039903906471,25.09891671000427],[121.62040201649451,25.098907498122887],[121.62040696202563,25.098897321052096],[121.62041295651856,25.0988887194755],[121.62041760295057,25.09888017770485],[121.62042462659328,25.098869224569636],[121.6204320690455,25.098858748160758],[121.62043760221229,25.098851069358417],[121.62044783591575,25.09883967848309],[121.62049076490906,25.098804217877376],[121.62049830283514,25.098796945969394],[121.62050661256542,25.09878937291158],[121.62051832248777,25.09877974532356],[121.62052815838159,25.09877400757078],[121.62053677956439,25.09876921380067],[121.62054862662818,25.098763187767588],[121.62055618720096,25.098756475491605],[121.62056581744376,25.098751244159015],[121.6205776596011,25.098746211212873],[121.62058675196963,25.09874048559506],[121.62059816564452,25.098736989182626],[121.62061398113391,25.09873345629546],[121.62062251156829,25.098732292114857],[121.62065178304424,25.098729181398095],[121.62066356207406,25.098729321694464],[121.62067327761027,25.098727240734213],[121.62068353767101,25.098726972102003],[121.62069928728388,25.098726102711144],[121.62071005287764,25.098725813905777],[121.62072352776356,25.098724087353617],[121.62073830051739,25.098724142892245],[121.6207464698201,25.09872410870305],[121.62075658030149,25.09872366916176],[121.62076861709994,25.098723808370977],[121.62078191632862,25.098724601332],[121.62079622785419,25.09872559769656],[121.62080748797277,25.09872507208897],[121.62081900927836,25.098725222479604],[121.62083056492942,25.098726284543194],[121.62084236729638,25.09872711987574],[121.62085619649034,25.09872880437359],[121.62086673756633,25.098729211644716],[121.6208782222477,25.098727998971587],[121.62094103313983,25.098732538873204],[121.62100751112926,25.09873879675073],[121.62106961244771,25.09874417916302],[121.62108037922691,25.0987441250511],[121.6210908859572,25.0987436206325],[121.62112150646267,25.098742607674126],[121.62115969231269,25.098733871258744],[121.62118064895503,25.09872161388827],[121.62118952897153,25.098717035666134],[121.62119658337997,25.098710226171015],[121.62120560473977,25.098702225783114],[121.6212123891831,25.098694966023082],[121.62122068044698,25.09868767286806],[121.6212298541563,25.098676466937306],[121.62123511730124,25.098668337842014],[121.62124140607672,25.09866108918462],[121.62124642136536,25.098652961127065],[121.62127633954167,25.098591428059184],[121.62128159162566,25.098583073311172],[121.62128678373988,25.098572660453684],[121.62129250700598,25.09856337385827],[121.62130071499253,25.098553336567054],[121.62130622593669,25.098545197403368],[121.62131170139102,25.098535920873157],[121.62131769461696,25.098527084540773],[121.62132513811227,25.098516833781105],[121.62133088466759,25.0985082332068],[121.62133613555855,25.098499643736552],[121.62134212996683,25.098491042123555],[121.6213470875982,25.098481316366417],[121.62135336416297,25.098473616360664],[121.62135883842477,25.098464105108402],[121.62136535060208,25.09845594369238],[121.62137294648363,25.098442496416475],[121.62138018760999,25.098433402072647],[121.62138618196643,25.09842479143021],[121.62139397867907,25.098417735062828],[121.62140050304646,25.098410024989057],[121.62140704956775,25.098402775244914],[121.62141509294621,25.098395483117724],[121.6214226552275,25.09838912287909],[121.6214299807083,25.098382989329618],[121.62144619841095,25.098372737914204],[121.62146603116406,25.09835783101135],[121.62147713699639,25.098352286489256],[121.6214865592289,25.098349069190224],[121.62149492143473,25.098344050752857],[121.62150327144462,25.0983385809713],[121.62151209377544,25.098332405034192],[121.62152092720568,25.09832646377537],[121.62152999510776,25.09831983541337],[121.6215383095777,25.09831321923588],[121.62154811976293,25.098306334981217],[121.62155690545724,25.098298795982604],[121.6215652321654,25.098292640175085],[121.6215730055634,25.098284897776],[121.62158282798555,25.098278473890524],[121.62158859780783,25.098270559329066],[121.62159208299154,25.098261787663663],[121.62159656822764,25.098252759026078],[121.62159877708709,25.098249399534232],[121.62160206808406,25.098244394200613],[121.62160703678568,25.098234903113845],[121.62161277106706,25.098225842157493],[121.6216175274505,25.098217498503082],[121.62162275619944,25.09820845772078],[121.62162899719569,25.098199611309717],[121.621635213754,25.098189853183232],[121.6216404779925,25.098181949766584],[121.62164497546355,25.098173381498984],[121.62165125199415,25.09816568148097],[121.62165727080152,25.09815799157075],[121.62166329947671,25.098150292591043],[121.62166956490435,25.098142357893472],[121.62167733714554,25.098134389796428],[121.62168508608923,25.09812573567649],[121.62169507193369,25.098116340920686],[121.62170482330535,25.09810763326718],[121.62171211326267,25.0981003623379],[121.62171915655196,25.098093327167522],[121.62172621089553,25.098086517647886],[121.62173351190546,25.09807947236866],[121.62174153194658,25.098071494201722],[121.62174853855305,25.098063086943387],[121.62175631078415,25.098055118842325],[121.62176330633353,25.09804648593225],[121.62177033623406,25.098038764695445],[121.62177661389099,25.098031290364904],[121.62178369038381,25.098024941172476],[121.62179042702084,25.09801608364908],[121.62179818819105,25.098007889894795],[121.62180522914238,25.09800039430745],[121.6218117191097,25.097991772542514],[121.62181872456576,25.097983139588337],[121.62182570900585,25.097974271996602],[121.6218320088123,25.097967257993638],[121.62184051225906,25.097958808344195],[121.62184780105846,25.097951311715786],[121.62185686886963,25.097944674306625],[121.6218658435813,25.09793531086239],[121.6218748281601,25.097925938348336],[121.62188161133459,25.09791844383819],[121.62188864240728,25.097910957316255],[121.6218971935827,25.09790410540125],[121.62190470688545,25.097895912680734],[121.6219149748553,25.09788741951718],[121.62192228808496,25.097880834600314],[121.62193128718047,25.097872373839635],[121.62193960164429,25.097865766667955],[121.62194762051689,25.09785756279753],[121.62195442698108,25.097850754306613],[121.62196070461732,25.097843279968497],[121.62196749892881,25.09783602916099],[121.62197277418656,25.09782835138395],[121.62197899184056,25.09781881893608],[121.62198496287316,25.097809531275356],[121.62199233409292,25.097796771030445],[121.62200330619345,25.09777067953706],[121.62200579014464,25.09776193914434],[121.62200769634353,25.097750700446916],[121.62200966133545,25.09774128513808],[121.62201213304301,25.09773208437383],[121.6220140968929,25.0977224433723],[121.6220165697412,25.097713468300615],[121.62201979482933,25.09770424632108],[121.62202302110413,25.097695259061812],[121.62202520832018,25.097684696277906],[121.62202768116697,25.09767572120601],[121.62203059965255,25.0976646859047],[121.62203406149001,25.097655228206662],[121.62203702771266,25.0976457906428],[121.62203973502648,25.09763612846722],[121.62204371349213,25.097626885271893],[121.62204713869068,25.09761606451474],[121.62204984714458,25.097606628031613],[121.62205181213123,25.09759721272216],[121.62205479054829,25.097588226501603],[121.62205926352955,25.097578746506635],[121.62206299651366,25.09756997379093],[121.62206593824652,25.097559615483636],[121.62206866999628,25.097550865022605],[121.62207163621392,25.097541427458026],[121.62207605153962,25.097530349766522],[121.62207998150642,25.09751151914682],[121.62208068525246,25.097501684815327],[121.62208208468037,25.097490222544657],[121.62208329746986,25.09748106317052],[121.62208375336299,25.097471229878465],[121.62208522501464,25.097462286088145],[121.62208670653449,25.097453333228547],[121.62208911943671,25.09744230907422],[121.62209103786658,25.097431530746892],[121.62209376728312,25.097422319872365],[121.62209494338816,25.097411788411524],[121.62209815740732,25.09740234077912],[121.62210111251802,25.0973926685351],[121.6221040431881,25.097382084575866],[121.62210677378992,25.097373108421422],[121.62211000005017,25.097364121160176],[121.62211274170684,25.097355370656658],[121.62211691031192,25.09734451969606],[121.62212153565417,25.09733184318442],[121.62212550419022,25.097322600028413],[121.6221304838711,25.0973133345755],[121.62213447570466,25.097304777441735],[121.62213846758331,25.097296229335566],[121.62214347051533,25.097287640877],[121.62214994822473,25.09727856775391],[121.62215669585106,25.097269935865345],[121.62216519694461,25.097261034812572],[121.62217198011103,25.09725354931721],[121.6221793055329,25.097247424759527],[121.62218686651717,25.09724082976272],[121.62219541762985,25.09723397783113],[121.62220400195477,25.09722781187991],[121.62221354209849,25.097220486347886],[121.6222236465638,25.097214964027454],[121.62223097193515,25.097208830439566],[121.62224238541921,25.09720533390353],[121.62225278547443,25.097201408278966],[121.62226249090149,25.097199318230906],[121.62227370317646,25.097197203804868],[121.62228590553404,25.097194823415286],[121.62229635446998,25.09719272121788],[121.62230880463284,25.09719033075888],[121.62231981679568,25.097189815106756],[121.62233103016501,25.097187917341362],[121.62234103122884,25.097187433013534],[121.6223549881926,25.097185009144933],[121.62236923956199,25.09718394725222],[121.6223842099532,25.097181952467746],[121.62239742573537,25.097180001155795],[121.62240815568845,25.097178574863687],[121.62242037142751,25.097176880527122],[121.62243058246736,25.097174788346482],[121.62244358594064,25.09717398446428],[121.62245482260694,25.097172772711993],[121.62246829848296,25.097171280725032],[121.62247902843434,25.09716985442783],[121.62248951172157,25.097168663890336],[121.6225022906883,25.09716855609327],[121.62251231614708,25.097168974441253],[121.62252360055612,25.097169360421187],[121.6225338360367,25.097168179948493],[121.6225451070588,25.09716787986278],[121.62255860618833,25.097167064862344],[121.62257337651258,25.097166677864205],[121.62258390754332,25.097167085057443],[121.62259542755945,25.097167009620254],[121.6226061808101,25.097166269336242],[121.62261792533079,25.09716549780688],[121.62262836087068,25.097162709522255],[121.62263999770053,25.09715829117283],[121.62265188005048,25.09715341136911],[121.62266548493423,25.097148027799182],[121.6226746237353,25.09714368312868],[121.6227084832984,25.097120637210686],[121.6227177877509,25.097113764030997],[121.6227271021622,25.097106899836827],[121.62273467649592,25.097100990876648],[121.62274401416164,25.09709480367607],[121.62275628675067,25.097086717322327],[121.62276512003102,25.0970807759913],[121.62277450658368,25.097076412218748],[121.62278412993042,25.097071821753985],[121.6227947410716,25.09706651393727],[121.62280335098794,25.097061494387315],[121.62281274978324,25.097057590983727],[121.62282351327772,25.097049086649776],[121.62283240535703,25.097044968703074],[121.62284100188177,25.097039263087044],[121.6228515909036,25.09703350396437],[121.62286372103866,25.09702861407554],[121.62287456892132,25.097023070533748],[121.62288568795734,25.09701821197269],[121.62289531015226,25.097013395808215],[121.62292023825246,25.097000408314525],[121.62295819361516,25.096979575030293],[121.62296683572994,25.096975042842203],[121.62297540679101,25.096968226894102],[121.6229845078688,25.09696231150917],[121.6229925955171,25.096955967041083],[121.6230006819756,25.09694938785224],[121.62300697832457,25.096941714778257],[121.62301631500395,25.0969353379791],[121.6230234014209,25.096929015770513],[121.62303098230507,25.09692244773148],[121.62303933991427,25.096916553521808],[121.62304762646832,25.096908375552236],[121.6230541939215,25.09690137842979],[121.62306348170115,25.096893178197966],[121.62306978910073,25.096885730772364],[121.62307686326561,25.096878948189996],[121.6230897037058,25.096863582938916],[121.62309575219366,25.09685591090243],[121.6231033441726,25.09684957753846],[121.62311066732813,25.096843019605966],[121.62311643245762,25.09683421124398],[121.62312452009067,25.09682786676887],[121.62313313774101,25.096822422856437],[121.62314377118896,25.096817611455744],[121.62315317895377,25.096813527435284],[121.6231626122635,25.096810571793995],[121.62317357800725,25.0968087291732],[121.62318505046466,25.09680710109227],[121.623195049343,25.096806192405378],[121.62320504941044,25.096805518438128],[121.62321684306279,25.096806624457965],[121.62322667972731,25.09680892135384],[121.6232380621265,25.09681299927793],[121.62324923346235,25.096818468384054],[121.62325988693577,25.096823479242563],[121.62326953803934,25.09682828667052],[121.62327997811751,25.096834228297574],[121.62328913585365,25.096839498220053],[121.62329829134879,25.096844325784428],[121.62330793139766,25.096848907558872],[121.62331737020644,25.0968548624186],[121.62332582232385,25.0968617512974],[121.62333429893705,25.0968695609182],[121.62334325662712,25.09687643864349],[121.62335221317437,25.09688309067561],[121.62336313781415,25.096888786507073],[121.62337178655538,25.096893390499027],[121.62338244004017,25.09689840134847],[121.62339060651759,25.096903702514116],[121.62339926865249,25.096908992568242],[121.62340717855568,25.09691452953658],[121.62341584069206,25.096919819589733],[121.62342429048567,25.09692624804978],[121.62343370718982,25.09693175159994],[121.623444915197,25.096938583749175],[121.62345332948532,25.096943874841784],[121.62346428968907,25.09695071705895],[121.6234729517846,25.096955998080936],[121.62348293521273,25.09696377427565],[121.62349183176926,25.096968368190858],[121.6235017429925,25.096973634932635],[121.62351095960902,25.096980737256434],[121.62352181205728,25.09698392362423],[121.6235324387711,25.096987562334938],[121.62354279670755,25.096990985505226],[121.6235549681111,25.096996197602618],[121.62356437257803,25.09700124077301],[121.62357598951034,25.097004640592456],[121.62358758428086,25.097007580081463],[121.62359871775989,25.09701144235428],[121.6236092868519,25.09701349239193],[121.62361987806108,25.097015993730643],[121.62362996255504,25.09701828052949],[121.62364003713527,25.09702056736933],[121.62365213633558,25.097023270007092],[121.6236652134577,25.097025264356233],[121.62367660699509,25.097029576924488],[121.62369049864765,25.097033833848446],[121.62370257339836,25.097035624767376],[121.62371496931108,25.09704014075943],[121.62372599621908,25.097040581898142],[121.6237370097336,25.097040336972267],[121.6237482588506,25.097039630632135],[121.62375923451899,25.097037787926194],[121.62376942239777,25.09703504574273],[121.62378116602662,25.097034102595266],[121.62379237729627,25.097031798473395],[121.62380535770956,25.09703036261641],[121.62381582780493,25.097028531060406],[121.623829042675,25.09702640809526],[121.6238432232613,25.09702312549667],[121.62385519024097,25.097021260558638],[121.62386564927584,25.09701920334825],[121.62387637942443,25.097017822089],[121.62388708507368,25.097015520086664],[121.62389779076834,25.097013227111265],[121.62390873091952,25.097010247028837],[121.62392165017229,25.09700652736138],[121.62396247604366,25.09698872414925],[121.62397210709894,25.096983709264588],[121.62398097252697,25.09697825523319],[121.62399131043091,25.096971865133643],[121.62399966914118,25.09696619656329],[121.62401105713347,25.09696159859609],[121.62402243177559,25.09695632359201],[121.62403259404195,25.096952443983543],[121.62404524102479,25.096947822661303],[121.62405566334533,25.09694439335196],[121.6240670746428,25.096940481402527],[121.62408052509967,25.09693789700129],[121.62409046401187,25.096934939173973],[121.62410141750088,25.096932636113543],[121.62411158090796,25.096928982192285],[121.62412175656478,25.09692578864149],[121.62413194328043,25.096922820740854],[121.62415213006555,25.096919178808367],[121.62416436699989,25.09691776410441],[121.62417659282872,25.096916114720926],[121.6241868296442,25.0969152049659],[121.6241968063576,25.096913835882063],[121.62420956225769,25.096913096082684],[121.62422056355405,25.09691239977771],[121.62423107148457,25.09691216597088],[121.62424107036203,25.096911257213478],[121.6242523561244,25.09691191389332],[121.62426587998776,25.096912073646653],[121.62427666894811,25.09691251574601],[121.62428895712947,25.09691338487368],[121.62429898165418,25.096913622547138],[121.62431100858784,25.096913806652477],[121.62432230545618,25.09691469800553],[121.62433409798136,25.096915578243557],[121.62434718616133,25.096917798183437],[121.62435823637055,25.09691892529725],[121.62436854307201,25.09692006456779],[121.62438081900328,25.09692047331673],[121.62439189252414,25.09692228644994],[121.62440619422172,25.09692333667782],[121.62442024806826,25.09692438794768],[121.62443205170061,25.09692550285642],[121.62444259514872,25.096926406399874],[121.6244554011547,25.096927724728523],[121.62446696914218,25.096929292021283],[121.6244770169341,25.096930206676873],[121.6244887605462,25.096929263473665],[121.62450050411229,25.096928311241832],[121.62451154207172,25.096928977973096],[121.62452358245054,25.096929857152496],[121.62453641057772,25.096931626775746],[121.62454644731014,25.09693231577581],[121.62455906663484,25.09693591893897],[121.62457167256203,25.096938836037445],[121.62458227718093,25.096942023370808],[121.62459262174278,25.096944760403723],[121.62460249515269,25.09694842929305],[121.62461211194396,25.096952324959695],[121.62462246756752,25.0969552876413],[121.62463383781768,25.09695891411369],[121.6246457258917,25.09696298979929],[121.62465489599232,25.096968729034806],[121.62466598287398,25.096971219183267],[121.62467512732493,25.096975811982848],[121.62468732323194,25.096981935700814],[121.6246979645692,25.09698649511119],[121.62470663897119,25.096992236431053],[121.62471753807547,25.096996794754368],[121.62472671924232,25.09700275963608],[121.62473765501463,25.09700868101558],[121.62474807296422,25.0970141531805],[121.62475898427886,25.097019162844024],[121.62476912996486,25.09702373336472],[121.62478203267692,25.097028472829738],[121.62479190724541,25.09703236739872],[121.62480432650926,25.097037569320758],[121.6248141766191,25.09704055217391],[121.6248233321412,25.097045370614886],[121.6248337134301,25.097049479716002],[121.62484509594802,25.097053566542886],[121.6248551582987,25.097055392928667],[121.62486478387346,25.097059062844263],[121.62487414062252,25.09706250819435],[121.62488406177873,25.09706776577293],[121.62489718784454,25.097071583441572],[121.62490807470928,25.097075681379568],[121.62491722036941,25.097080508884066],[121.62492991076314,25.09708638674521],[121.6249393030838,25.09709097848387],[121.62494917761626,25.097094864014444],[121.6249603257367,25.097099646967788],[121.62497049589788,25.09710512918867],[121.62498112270859,25.097108776822193],[121.62499049052548,25.097112447815537],[121.62500077393337,25.097112901019948],[121.62501347101032,25.0971103377644],[121.62502647472994,25.09710958782242],[121.62503694595873,25.09710798187297],[121.62504892518018,25.097106577209807],[121.62506554033713,25.097100494616274],[121.62507514808526,25.097094802666728],[121.62508549814834,25.097088863835214],[121.62509561142002,25.09708315169822],[121.62510670264977,25.09707674029127],[121.62511780608666,25.097070780226783],[121.62512764942731,25.097064626858412],[121.62513652586945,25.097059398409613],[121.62514958283445,25.097051570363384],[121.62515817828543,25.09704567503341],[121.62516779708615,25.097040208728732],[121.62517891277106,25.09703470903072],[121.62518879158402,25.097029683995622],[121.6251994384134,25.09702556754008],[121.62521031735133,25.097020303562868],[121.62522217534764,25.097014556979666],[121.62523151191434,25.097008180043233],[121.62525280088458,25.096999026299873],[121.62526166744836,25.096993806913233],[121.6252717818971,25.09698832948469],[121.62527963263629,25.09698221158968],[121.62528922811032,25.096976059255617],[121.6252980457435,25.096969016438454],[121.6253053909094,25.09696290970128],[121.62531375070424,25.096957466750577],[121.62532286277285,25.09695178590275],[121.62533148147897,25.096946567556905],[121.62534158485909,25.096940864472973],[121.62535122695981,25.096936084178317],[121.62536063575867,25.096932216683953],[121.62537131695193,25.096929011888655],[121.62538244597425,25.096924189211432],[121.62539436284172,25.096920275028975],[121.62540427954966,25.096916856785096],[121.62541520739799,25.09691341622148],[121.62542590194512,25.09691088845806],[121.62543931569323,25.096906940876803],[121.62545220927332,25.096902083670408],[121.62546362166769,25.09689839730695],[121.6254730538231,25.096895224854894],[121.62548521963775,25.096891526284907],[121.62549939781921,25.096887783116344],[121.62550933898665,25.0968852765797],[121.62552228268594,25.09688247751576],[121.62553393943793,25.096878103996517],[121.62554388060384,25.096875597457572],[121.62555781331804,25.09687232476917],[121.62557496079488,25.096867603086277],[121.62558612418314,25.0968636920663],[121.62559632196393,25.096860958744248],[121.62560672091345,25.09685684330525],[121.62561815661677,25.09685384295165],[121.6256285532689,25.09684927612612],[121.62563900114866,25.096846984113107],[121.62564920007482,25.09684447647997],[121.62566164811024,25.096841688522545],[121.62567156361001,25.09683803554084],[121.62568228150921,25.096836202808426],[121.62569522400501,25.09683316900935],[121.62570717872431,25.09683085257955],[121.62572109912651,25.096827110477374],[121.62573253372182,25.096823893450242],[121.62574221596574,25.096821162293036],[121.62575184693284,25.096816147294348],[121.62576074784285,25.096811839550654],[121.62576956539087,25.09680478767836],[121.62577866751259,25.09679910684487],[121.6257887085199,25.096790894239497],[121.62579579473719,25.096784562873545],[121.6258041166713,25.09677753114597],[121.62581146180027,25.096771424384297],[121.62581926590607,25.09676394344592],[121.62582854242473,25.096755517393877],[121.62583505957943,25.096746462003072],[121.62584209805084,25.09673854192705],[121.625850396614,25.0967308151477],[121.62585692717104,25.096722445819328],[121.62586491792932,25.096712680033896],[121.62586968162803,25.09670389384899],[121.62587546987054,25.09669577140506],[121.62587920787496,25.096686095786207],[121.62588319253513,25.09667618440125],[121.62589060541757,25.09666391129826],[121.62589628352782,25.096651681626494],[121.62589852699242,25.09664249981972],[121.62590099145035,25.096631935812642],[121.6259019858392,25.096622777332186],[121.62590472261508,25.09661312399324],[121.62590612584899,25.096600533187864],[121.62590683570762,25.096590012695977],[121.62590804002674,25.096579246364485],[121.62590984219123,25.096563223275943],[121.62591242100233,25.096547855946397],[121.62591362536658,25.09653709864253],[121.62591386518612,25.09652772667649],[121.62591508295563,25.096517655435967],[121.62591608725674,25.09650849691349],[121.62591553812639,25.096497999789793],[121.62591525897155,25.09648795292156],[121.62591817979005,25.096457967988],[121.62592057318165,25.09644512925095],[121.62592182528613,25.09643596065482],[121.62592330192105,25.096426104991234],[121.62592680432087,25.09641689078781],[121.62592928102933,25.096406787150954],[121.6259314766996,25.096396007607897],[121.62593520243398,25.09638587161661],[121.62593694908846,25.096376475236042],[121.62594030692782,25.09636223310517],[121.62594225359778,25.096351228915307],[121.6259439768857,25.096341137485382],[121.62594572353895,25.09633174110466],[121.62594818913578,25.096321402789062],[121.62595066698933,25.096311524844293],[121.625953403755,25.096301871504252],[121.62595536382874,25.09629155337756],[121.62596036617265,25.096273169530846],[121.62596557656519,25.09626254879511],[121.62596928888716,25.09625172673953],[121.62597355810216,25.096243186391003],[121.62597820173062,25.096230293017214],[121.62598397768707,25.09622171019823],[121.62598943473061,25.096210853695503],[121.62599873332186,25.096202878934584],[121.6260058073295,25.09619610524347],[121.62601733284407,25.096187389823736],[121.62602736152867,25.096178716831925],[121.62603647465521,25.096173261633936],[121.62604456209124,25.096166917002797],[121.62605361402066,25.096159178004786],[121.62606190146923,25.096151225563343],[121.62607169455572,25.09614301398558],[121.62607848632315,25.09613532966499],[121.62608653583294,25.096127378226477],[121.62609383431459,25.096119908435927],[121.62610141383338,25.096113114550853],[121.62610824112956,25.09610656759365],[121.62611452383305,25.096098208328087],[121.62612107880875,25.09609075070242],[121.6261296374185,25.09608348323267],[121.62613492004839,25.09607537194079],[121.62614120389745,25.096067238366636],[121.62614472959196,25.096058710179655],[121.62614995217162,25.096048540780806],[121.62615419570264,25.09603885399297],[121.62615919494701,25.096029606381773],[121.62616239061563,25.096018569832854],[121.62616533848035,25.096007543357814],[121.62617053543747,25.095996236551684],[121.62617196425731,25.095984783149962],[121.62617268515382,25.0959744883071],[121.6261749163286,25.095964846125096],[121.62617736853849,25.095953830770007],[121.62617784392916,25.095943997386097],[121.62617704697693,25.095933510336923],[121.62617697777557,25.09592186464512],[121.62617696977176,25.095912502752263],[121.62617493601012,25.095902499402488],[121.62617215989648,25.095892733911633],[121.6261686182021,25.09588253831353],[121.62616386416857,25.095873738128745],[121.62615907340829,25.095863565858814],[121.62615533280612,25.0958551947347],[121.62614934196533,25.095846878248626],[121.6261431033223,25.095838571836207],[121.6260396825832,25.095665979720554],[121.62599416796388,25.095619479531308],[121.62595187884686,25.095581433881993],[121.62591856342016,25.095551448377012],[121.62587917621762,25.09551866275187],[121.62584301357536,25.09549415111916],[121.62578255135107,25.095455992506313],[121.62572525370958,25.09541236767005],[121.62566481934337,25.095379670767052],[121.62558928404657,25.095325190017437],[121.62553808608276,25.095289826990115],[121.62549265952349,25.09526252860331],[121.62543832478516,25.095238084465787],[121.62537793271456,25.095213674873136],[121.62532681811096,25.0951946880233],[121.6252512855023,25.095146535640318],[121.62524455240768,25.095138456969416],[121.62523853834828,25.095129454422043],[121.6252330543614,25.095121361457725],[121.62522804151614,25.09511233663405],[121.62522477104041,25.095102816959926],[121.62521995592618,25.095091732942098],[121.6252152019917,25.09508293272406],[121.62521093030571,25.095073435325254],[121.62520715307643,25.095063692089088],[121.62520337589363,25.095053957880502],[121.625202602347,25.095044156845017],[121.62520083979696,25.095034829428467],[121.62520008951994,25.095025705387116],[121.6251990570654,25.09501567974535],[121.62519750564717,25.09500497919858],[121.62519643532967,25.094993355778637],[121.62519609740154,25.094981485518673],[121.62519627499584,25.094969613085944],[121.62519620818428,25.09495841877554],[121.62519814264776,25.094946954221438],[121.62519987708683,25.09493709747595],[121.62520135491168,25.094927467509414],[121.62520535068013,25.094917790818883],[121.6252060862018,25.09490840773409],[121.62520783284799,25.094899002331875],[121.6252097918177,25.09488845851974],[121.62521179851859,25.09487950341624],[121.62521328744889,25.09487010812805],[121.62521200829495,25.09486030922336],[121.62521075250227,25.094851205368247],[121.62520971890152,25.09484095403375],[121.62521115886116,25.094829726288847],[121.62521087977082,25.09481967941588],[121.62521055180191,25.094807818141604],[121.62523767051282,25.094693464832783],[121.62524091520339,25.094684260757514],[121.62524365199187,25.0946746074281],[121.62524740104973,25.094665157473575],[121.62524987892955,25.094655279537893],[121.62525375581498,25.094641721351252],[121.62525571358407,25.094630942818007],[121.62525615232911,25.09461973734838],[121.62526012591569,25.094609600326944],[121.62526134253041,25.094599294368237],[121.62526274581215,25.09458670356474],[121.62526529033815,25.094570433596644],[121.62526676585968,25.09456035224397],[121.62526724017317,25.094550293167238],[121.62526823459609,25.094541134687923],[121.62526922901888,25.094531976208586],[121.62526971554044,25.094522368475225],[121.62526809073566,25.09450893278495],[121.62526579816607,25.094498704812843],[121.625262763297,25.09448872372272],[121.6252580093838,25.094479923504956],[121.62525275977873,25.09447112537635],[121.62524851262052,25.094462548719722],[121.62524325195584,25.094453524939922],[121.62523720006766,25.094442924612775],[121.6252321983578,25.094434134466415],[121.6252258287261,25.094421486145276],[121.62522132147136,25.09441245016124],[121.6252159874245,25.094400691236718],[121.62521070230287,25.094390755741053],[121.62520434373666,25.094378333069653],[121.6251992686,25.094366798750656],[121.62519446577231,25.09435617510144],[121.6251888250469,25.094342593832994],[121.62518731035516,25.09433326537066],[121.62518195300038,25.09432082042271],[121.62517863362703,25.09430947731697],[121.62517659882879,25.094299248256675],[121.62517458844675,25.09428992188317],[121.62517145689063,25.094276519624998],[121.62517140004287,25.094265334299426],[121.62516805850449,25.09425353086397],[121.62516680267642,25.094244417979862],[121.62516452122745,25.09423442468409],[121.62516109285899,25.094219191013188],[121.62515903360219,25.094208050237903],[121.62515676436247,25.094198508285363],[121.62515457398581,25.094183025643737],[121.62515227909246,25.094172337256182],[121.62515064324512,25.09415867591284],[121.62514854727519,25.094146163051523],[121.62514548791755,25.094135261215893],[121.62514497443641,25.09412591047766],[121.62514421310983,25.09411656078389],[121.62514414635113,25.094105375499808],[121.62514387952295,25.09409578899674],[121.62514509499636,25.09408525734558],[121.62514375468086,25.09407317463868],[121.62514274670218,25.09406406070961],[121.62514423333536,25.09405421403594],[121.62514170519364,25.09404444747655],[121.6251398948884,25.094033522321077],[121.6251358821527,25.094024249524338],[121.62513108049144,25.094013851564824],[121.6251270922184,25.094005490482427],[121.62512183158287,25.09399646669722],[121.6251171010138,25.093988352495796],[121.6251111103361,25.093980035962616],[121.62510472848783,25.09396692726365],[121.62509973786818,25.093958362762546],[121.62509673854865,25.093949519033256],[121.62509247916657,25.093940481999837],[121.62508749084267,25.093932368883486],[121.62508276027837,25.093924254680832],[121.62507926646336,25.093915647760152],[121.62507924748611,25.093906060212284],[121.62507839061628,25.093893515044456],[121.62507839376048,25.09388437879824],[121.62507684356198,25.093873912968434],[121.62507504317917,25.09386298777],[121.62507323173601,25.093851836920656],[121.62506992574065,25.093841170847423],[121.62506816326584,25.09383185245499],[121.62506757751092,25.09381998323693],[121.62506478818129,25.093809540683928],[121.62506421353332,25.093797906144367],[121.62506267439792,25.093787665965113],[121.62506239532402,25.093777619090183],[121.6250623751557,25.093767796821773],[121.62506209727458,25.093757984667135],[121.62506195709621,25.093744055210614],[121.62506209913727,25.093731036382643],[121.62506403240391,25.093719337108208],[121.62506768709157,25.093706926404238],[121.62507209398788,25.09369426877734],[121.62507546296834,25.093680261339003],[121.62507870760028,25.09367104823862],[121.62508336114617,25.09365815484671],[121.62508940143795,25.093641120833727],[121.62509755663525,25.093618868811223],[121.62512103871696,25.093551160586333],[121.6251994753577,25.09339510717135],[121.62520295220894,25.093393926819505],[121.62525598477012,25.093370622170212],[121.62530376762463,25.093339285616825],[121.62534484891063,25.093300869310355],[121.62537798039472,25.09325654051675],[121.62540215539865,25.093207646149402],[121.62541895960639,25.09317507886884],[121.6254422978088,25.093128051063978],[121.62546473113751,25.093080659513518],[121.62548625276001,25.09303291865379],[121.62550685612149,25.09298484302747],[121.62552653494691,25.092936447279236],[121.6255334340668,25.092776485716623],[121.62557246322683,25.092607647738568],[121.62564309507364,25.092447546404532],[121.62566955222051,25.09239111753588],[121.62567735141707,25.092374483084775],[121.62572842685101,25.09230214092775],[121.62579252118739,25.092238974317503],[121.62586768694881,25.09218690252438],[121.62603690595412,25.091931564829604],[121.62622123232138,25.091642751650003],[121.62621044120687,25.091585210153973],[121.62620950779626,25.091512646249612],[121.62622242566856,25.091441037152343],[121.62622364861787,25.09143873006013],[121.62623582098578,25.091408869510342],[121.62624211436251,25.09137753778438],[121.62624233753142,25.091345686881535],[121.62623648371626,25.091314284575333],[121.62622473078669,25.091284285008157],[121.62621363885827,25.091273342450314],[121.62616164783762,25.09122313101769],[121.62610870247588,25.091173753498147],[121.62605481890066,25.09112522493156],[121.6260000135254,25.091077560099226],[121.62594430304415,25.09103077351931],[121.62588770442667,25.090984879442463],[121.62585859710016,25.09096318365451],[121.6258191913915,25.090923993117613],[121.62578785752075,25.090879166689415],[121.62576554754642,25.090830066403644],[121.62575293933686,25.09077818415191],[121.62575041597442,25.09072509635289],[121.62575805411733,25.090672416053234],[121.62576660889015,25.09064774053388],[121.62577562167178,25.090621743915904],[121.62580258484574,25.090574619585045],[121.62583812436915,25.090532474904958],[121.6260197917038,25.090451932970822],[121.62623847644177,25.090313766787446],[121.62642749187809,25.090143118346333],[121.62658109487774,25.089945172835144],[121.62669461838702,25.089725944840467],[121.62671247971298,25.08968269910289],[121.62686067786986,25.089410489987547],[121.62705853013858,25.08916585115167],[121.62706177651647,25.089161787978405],[121.62710081379868,25.08912161658666],[121.62714691806721,25.089088228583332],[121.62719868846995,25.089062638440147],[121.62720719053631,25.089046525574453],[121.62726727100555,25.08895730519344],[121.62734345157791,25.088878940990828],[121.62743341753804,25.088813814000993],[121.62753443532617,25.088763903052342],[121.62764343559441,25.088730724644297],[121.62768052824696,25.08872540470894],[121.62776574457743,25.088703056828457],[121.62784540484982,25.088667572802688],[121.62791708860918,25.08862003080675],[121.62797861777213,25.088561875393133],[121.62802812280793,25.088494873598044],[121.62810191331387,25.088455663305957],[121.62813349361294,25.088447043381983],[121.62814632686481,25.088440272291308],[121.62816292631177,25.088435254722725],[121.62819283200686,25.088413199331264],[121.62820182231584,25.088387702583958],[121.62820551001285,25.088376022921313],[121.62821069259266,25.08834063868803],[121.62820498465443,25.08827312512594],[121.62817483497888,25.088189130793772],[121.62817680511921,25.0880721027914],[121.62817200123865,25.088016610562665],[121.62816665669311,25.08796201438467],[121.62815676336933,25.087907717329404],[121.62814738563922,25.0878534361459],[121.62813798928958,25.087799389765575],[121.62812736111826,25.087744843036564],[121.6281131681325,25.08769108779728],[121.62809754797324,25.087635460794047],[121.62808256761893,25.087582819315838],[121.62806381833987,25.087529823645724],[121.62804764879496,25.0874753184209],[121.62802920986155,25.0874209672461],[121.62800478796743,25.087371435208638],[121.6279749862672,25.087324471804987],[121.62794399537466,25.08727564465175],[121.627915992453,25.087227599301634],[121.62789621559483,25.0871752489358],[121.62788633122294,25.0871207261186],[121.62788506489194,25.087064893896187],[121.6279077635106,25.087013754073283],[121.62794397534574,25.086970618974526],[121.62799308972403,25.086938208573848],[121.62804274354461,25.08690466738588],[121.62808468334573,25.08686309691861],[121.62812229427942,25.086816353721115],[121.62816175868608,25.086767607500672],[121.62819530901253,25.08672163981989],[121.62822099537527,25.086671281755457],[121.62825511375245,25.08662396649856],[121.62828652695283,25.086574947387277],[121.62832086687249,25.086528317297997],[121.62833358128658,25.086475016881653],[121.62833201321936,25.08642031442698],[121.62832917833991,25.086366023592124],[121.62832270698794,25.08630819116205],[121.62830524330037,25.086254558114792],[121.62827586458356,25.08620303387968],[121.62824225918067,25.086156628300056],[121.62821178286717,25.08610758234387],[121.62818826461734,25.08605442630967],[121.62817126293095,25.086001946859163],[121.62815373812022,25.08594991198806],[121.62813329536064,25.085895262346828],[121.62811583181794,25.085841629271584],[121.62810238505041,25.08578835836224],[121.62808742126178,25.085735030677352],[121.62806455172641,25.08568464343974],[121.62803672523582,25.0856322549285],[121.62800910292914,25.08558102111893],[121.62798808463815,25.085528179470028],[121.62796871463239,25.08547197246098],[121.62795436275472,25.085416150467452],[121.62794048044616,25.085361039689225],[121.62792123584133,25.085308028019806],[121.62789865627802,25.085250326921056],[121.6278761660267,25.085196525495363],[121.62783321001751,25.085157345590194],[121.62778187764528,25.085120178222894],[121.62773625458681,25.08508480129275],[121.6276917303544,25.085047171751125],[121.62764744526032,25.08500977590955],[121.62760456815542,25.084968546266687],[121.62755989237765,25.084928398538835],[121.62752520521066,25.084899472838707],[121.62751388743267,25.084890034915514],[121.6274722083605,25.08485044324485],[121.62742141858409,25.084818545750597],[121.62738603151654,25.08477253569143],[121.62738301052761,25.084716647667165],[121.62739154922447,25.08466091840813],[121.62741379445448,25.084608390267505],[121.6274389488208,25.084558702640752],[121.62746363255906,25.084508096153332],[121.62748985072717,25.08445707691715],[121.62750167758797,25.084400764987667],[121.62749012734838,25.084344127604602],[121.62747194579515,25.084289558568944],[121.62746537868414,25.08423422721297],[121.62746776362019,25.08417508433628],[121.62747047809023,25.08412030054483],[121.62748950498087,25.08406653112115],[121.62751989893906,25.08401793175471],[121.62755356370336,25.083969228270178],[121.62758880835302,25.08392514038466],[121.62762873456651,25.083883497308086],[121.62767013169719,25.08384259731533],[121.62771041188218,25.083798451989523],[121.6277547717756,25.083759254742738],[121.62779744547872,25.08371793403075],[121.62784243340114,25.083675547249847],[121.62788709355546,25.083634985479737],[121.62792719572397,25.083589008184134],[121.62796725295043,25.083543942886713],[121.6280044196337,25.083495802267645],[121.62800359295865,25.08348989097567],[121.62799680607561,25.083441360096042],[121.62797863315716,25.083386556355187],[121.62796045269175,25.083332213066676],[121.62794288169599,25.08327491507038],[121.62792468374104,25.0832210232456],[121.62790308150002,25.083170215311757],[121.62787587684838,25.083121056102968],[121.62784520606729,25.08307062959102],[121.62781827380809,25.083014617035534],[121.6277904480977,25.08296223747341],[121.62776280027875,25.082911689818165],[121.6277332738977,25.08286404806252],[121.62770638835983,25.082813289528858],[121.62769979465986,25.08277412726959],[121.62751452459298,25.082580901090576],[121.62739075606098,25.082473270074296],[121.62725944961518,25.082384268306683],[121.62711413148699,25.082307964707077],[121.62702339863698,25.08228297969233],[121.62691354365218,25.082259971268545],[121.62682302908745,25.082258367495143],[121.6267459955592,25.082256616450238],[121.62664134742893,25.082263287657405],[121.62650158706187,25.082266044475638],[121.62639441795939,25.082264330195333],[121.62630812227962,25.082254131783838],[121.62622883342134,25.082218264486034],[121.62607249000473,25.082176492999164],[121.625902465151,25.08215391822453],[121.62580438611411,25.08212679674448],[121.6256294407501,25.082072283598215],[121.62559910972989,25.08205336257675],[121.62556386958926,25.08200476041362],[121.62553542760544,25.081928413895177],[121.62550255745776,25.081858495852845],[121.62547881180006,25.08175044155339],[121.62544103077792,25.081669981536002],[121.62535898499331,25.081579145392997],[121.62529324179732,25.08147767785109],[121.62527913730747,25.08143313939244],[121.62527210347642,25.081394980958148],[121.62527640705466,25.081324996499497],[121.62523839929517,25.08119984920714],[121.62521243445238,25.081142721631288],[121.6251281542802,25.081041241822103],[121.62507189094654,25.080971512489757],[121.62499916435685,25.080880727153744],[121.62491265386362,25.08082800734219],[121.6248754513805,25.08080279555917],[121.6248497333594,25.080794237051787],[121.62478674234387,25.080805155206168],[121.6247100416338,25.080790672329357],[121.62461896945827,25.080757110724658],[121.62457188838752,25.08071912080431],[121.62449706514332,25.080664365415068],[121.62437795764244,25.080575761075057],[121.62425641516965,25.080495653118856],[121.6242120002155,25.08045557544414],[121.6241697120688,25.080404835870162],[121.62413702876285,25.08035197946767],[121.62407564457361,25.08019099904764],[121.62404218863203,25.08006393640227],[121.62403265768465,25.080002406093463],[121.6240369729228,25.07993458829873],[121.62405986108881,25.079834733579524],[121.62408482970481,25.079754189847815],[121.62413105603795,25.07966281349117],[121.62420496173564,25.07955633435965],[121.62428377051637,25.07943936218352],[121.62435773294898,25.079324577055015],[121.62438763218694,25.07925854747333],[121.62439419255837,25.079203449581268],[121.62439394618926,25.079154880426778],[121.62437502264966,25.07907867414717],[121.62434900372664,25.079010713118702],[121.6243183918442,25.0789557716066],[121.62425043307807,25.078886091121696],[121.62419673246728,25.07885228174594],[121.6241382507005,25.07883347880028],[121.62403344511002,25.07880855108067],[121.62393307826146,25.07877927122479],[121.6238419888732,25.078722417153273],[121.62377896223568,25.078667431217934],[121.62374380188754,25.078614675397574],[121.62372952416203,25.07855533170383],[121.62373099636139,25.07841548306491],[121.62373995965298,25.078345479027828],[121.6237676571957,25.078275305971918],[121.62381360781995,25.0781882642607],[121.62386248304264,25.078130641255413],[121.62392490727478,25.07806682229009],[121.62400158140584,25.078017749171664],[121.6240573585441,25.07799196563565],[121.62418044469028,25.0779469403824],[121.62430355226297,25.07790615805957],[121.62444508075261,25.07784254777717],[121.6244924254681,25.07783503595323],[121.62453045791264,25.077828646651422],[121.62454549012101,25.077821722176378],[121.62454073766656,25.07772514345209],[121.62454232601246,25.07762790608926],[121.62452769804875,25.07759727272272],[121.62451003935513,25.077574957792418],[121.62448107585023,25.077551787635755],[121.6244278872075,25.077540636251033],[121.62430131068493,25.07750325148984],[121.62420338726413,25.077466919741674],[121.6241195771533,25.07743793147201],[121.62408662515254,25.077429674075237],[121.62393450622105,25.077398625665882],[121.62381129561764,25.077374009865004],[121.62352394136936,25.07730447460652],[121.6233091739558,25.077234146448184],[121.62315257967394,25.077160955637336],[121.62308751183384,25.077113741962197],[121.62306757992059,25.077033928543457],[121.62306729333923,25.07703190100439],[121.62306089740557,25.07698665029322],[121.62307367298403,25.076945158504127],[121.62316460403024,25.076794822971962],[121.62320302979793,25.076709528334245],[121.62323621640179,25.07656837285629],[121.62328258812926,25.076231707505386],[121.62334189727562,25.075885598755928],[121.62333793500976,25.075866566481963],[121.62332637085679,25.07585361484135],[121.62331840532079,25.075846606515178],[121.62332219252129,25.075831062584776],[121.62339630968266,25.075512155935286],[121.62340566674769,25.07546705827494],[121.62351872919707,25.075042352253664],[121.62347326874182,25.074535038540525],[121.6233419296928,25.07400857611062],[121.62299790993895,25.073834346075326],[121.62280363931617,25.073964188450734],[121.62276279943728,25.07399147969321],[121.62229335605382,25.07446191663657],[121.62223834981042,25.07454781322066],[121.62220594150656,25.074576350930528],[121.62213054535133,25.07464266110118],[121.62204167678946,25.074691062126785],[121.62199577510194,25.074709310339042],[121.62193306101639,25.074715621845648],[121.62189675157003,25.07470972527515],[121.62185382433938,25.074688870067043],[121.62184024615948,25.07461074512554],[121.62183008467117,25.07454181435108],[121.62179034576013,25.074484924344826],[121.62179013630215,25.07444345000625],[121.62179011916396,25.074440056506457],[121.62177292789309,25.07431382784951],[121.62174276721414,25.074229994485577],[121.6216962491858,25.074185049707836],[121.6215805921911,25.074110692591596],[121.62146185933554,25.074074987783792],[121.62132921515287,25.073973617811575],[121.6212231654898,25.073878004564545],[121.62108760118377,25.07376752838318],[121.62102547160143,25.073708932837594],[121.62101469560494,25.073698769789715],[121.62090558014623,25.073624113922683],[121.62081313114821,25.073591458406963],[121.62071064249626,25.073513885738762],[121.62065409445785,25.073406148187743],[121.6206090220108,25.07325246339951],[121.62060043849036,25.073223195881543],[121.6205832340744,25.07309407816351],[121.62058599045706,25.07299196077251],[121.62071982903393,25.072760376464473],[121.62086598825819,25.07231848004714],[121.62092816163495,25.07226414268853],[121.6210466895338,25.07220063188331],[121.62110926517526,25.07220641877128],[121.62115555452104,25.07220622507398],[121.62119818397797,25.072187900542517],[121.62125061326014,25.072127645396293],[121.62131296201837,25.072088474064902],[121.62135229036583,25.072064204874476],[121.62136870682465,25.072037052369733],[121.62137036781829,25.071967458143966],[121.62138194846287,25.071748085167734],[121.62138679402105,25.071604394423794],[121.62139628876581,25.07150743682599],[121.62141704956531,25.07129543304733],[121.62142930866179,25.07117024609951],[121.62143239908848,25.071138687368325],[121.62150594321653,25.070541077088954],[121.62153218967316,25.07032780041239],[121.62153987005773,25.070265390073047],[121.62154363733096,25.070210167468584],[121.6215486840135,25.07013619056792],[121.62162860341903,25.07013973793053],[121.6216301278,25.0700921994932],[121.6216281965312,25.07001397153457],[121.62162248049822,25.06994981591191],[121.62161257985986,25.06988335763305],[121.62158715771382,25.069773855976244],[121.62155006258799,25.069665026115235],[121.62150760973655,25.06957086197815],[121.62145879880003,25.069483657895425],[121.6214006380365,25.069397856150534],[121.6213391253774,25.069321538710536],[121.62126134153334,25.069240179529437],[121.62118455776407,25.06917234899057],[121.62108329580039,25.069097533896723],[121.61979127434822,25.06823468317442],[121.61934117505865,25.06793408778625],[121.61927493242331,25.067892456451936],[121.61919779249642,25.067850003857515],[121.61910510615131,25.067806641038906],[121.61899853712663,25.06776601734375],[121.61891068227942,25.067739281770443],[121.61883858338811,25.06772160771045],[121.61874964869833,25.06770483435597],[121.61865287699483,25.067692661742644],[121.61802575300388,25.06763397409823],[121.61798755435946,25.06762841843011],[121.61796360166278,25.067622434067825],[121.61770918743343,25.067618949558458],[121.61767832515075,25.067611421012693],[121.61761217025261,25.067581877359956],[121.61755606747508,25.067520304853318],[121.61752198573986,25.06748451884596],[121.61751583542153,25.067476198690827],[121.61750543998414,25.067149254951335],[121.61751359616666,25.06702959163978],[121.61753086818115,25.066981668041215],[121.61765321172864,25.06693330733691],[121.61778423112965,25.06686895984566],[121.61784516276417,25.06679692864791],[121.61791445015903,25.066645109723368],[121.61799181304306,25.0663576771758],[121.61800844451228,25.06618215150279],[121.61800740408344,25.065974798215763],[121.61798901196777,25.06579941832427],[121.61794431229312,25.06561617263213],[121.61786450932529,25.06541712242432],[121.61777607078174,25.065242033980027],[121.61767044077823,25.06513081935277],[121.61752950777634,25.064963924425207],[121.61724828236117,25.06475773620048],[121.61680869480699,25.064400674791724],[121.61628305825133,25.06392624804281],[121.61627215285675,25.06392996173634],[121.61571500459773,25.06411969013853],[121.6154156573367,25.064222899660844],[121.61482608314294,25.064426125981726],[121.61468303316717,25.064452006308443],[121.61442825129022,25.064498100588942],[121.61383969674576,25.064543842148677],[121.61339349933537,25.06451320370224],[121.6129825083888,25.064384979931027],[121.61258856824199,25.064099697678426],[121.61223500319755,25.06355982221688],[121.61210594071478,25.063320294728978],[121.61204291950638,25.06320333306923],[121.61193054218968,25.062982228672723],[121.61185072941778,25.062825195054334],[121.61162923667189,25.062533791620748],[121.6112407788113,25.062151044325848],[121.61065697373475,25.061599983224355],[121.61021358731399,25.061181460170104],[121.61021228308906,25.061180282868015],[121.60974293436584,25.06075688597424],[121.60904112667416,25.06042535267894],[121.60859028664888,25.060238182846547],[121.6085702737242,25.060230816801678],[121.60786751867815,25.059972155405237],[121.6068750286401,25.05977667003524],[121.6068738485976,25.059776548466594],[121.60677746040757,25.05976630743308],[121.60507716987634,25.059528470484718],[121.60488848247809,25.059508105101898],[121.60390045570577,25.05940146149401],[121.6030189262155,25.059302925526765],[121.6029484237183,25.05929504463608],[121.60191638586771,25.059143219329926],[121.60100828588116,25.05895591992852],[121.60033661247235,25.05877303995896],[121.59989775087163,25.05879846082923],[121.59964950280657,25.058812839913777],[121.59945526923595,25.05880930109753],[121.5989990199561,25.058800987515593],[121.59894006402355,25.05879991314306],[121.598920755235,25.05879955767937],[121.59857511039453,25.058850379485953],[121.59837021506476,25.05888292052249],[121.59777775991417,25.059071073059396],[121.59774913331844,25.059080164250044],[121.59687993973604,25.059424466444614],[121.59673944639955,25.059470001746288],[121.59633059268053,25.05960251440049],[121.59617014688905,25.0596545157395],[121.59561971557221,25.059829258169074],[121.59533256145122,25.059895238822712],[121.59487440918392,25.060000509174422],[121.59435908874957,25.060018796001316],[121.59380415372027,25.059891530727754],[121.59359401076686,25.05984333726455],[121.59299684293076,25.059530060148056],[121.5922757337451,25.05919945375008],[121.59211003423317,25.05905855320416],[121.59152506256581,25.058561125598494],[121.59101437919398,25.05808625608117],[121.5910076362491,25.058081425865463],[121.59094532132673,25.058036811119468],[121.59071289701602,25.057870405002873],[121.59066442712302,25.05781804116621],[121.5903916447184,25.057523342991853],[121.59034857008992,25.057476807501214],[121.58984071447924,25.056988272201977],[121.58960473864305,25.056756556741128],[121.58938309552447,25.056538914073244],[121.5893519729765,25.056508353168336],[121.58860996020721,25.05591655963055],[121.58853623616953,25.055863208601057],[121.58851944734633,25.055851059214],[121.58796393089388,25.055449060812272],[121.58770861517384,25.05526430048528],[121.5874371606196,25.05511609527142],[121.58706748395124,25.054914262640875],[121.58668051616371,25.05470298784985],[121.58620954140444,25.05444894192691],[121.58614977326455,25.054416702536937],[121.58571157987797,25.054265916724233],[121.585168597996,25.05407907003556],[121.58445710838754,25.05385474210287],[121.58441462477475,25.053841347168103],[121.5843128043893,25.053809243494328],[121.58306886894127,25.053476799611946],[121.58305689079303,25.053473598371507],[121.58305064902106,25.053471934641042],[121.58288228792311,25.05344103973681],[121.58200318440844,25.053279717518894],[121.58173182444862,25.053229919749597],[121.58094884971364,25.053118799161215],[121.58091829910448,25.05311446329897],[121.5805647220343,25.053064281773615],[121.58049939195651,25.053053732858174],[121.5798551693897,25.052949707929788],[121.5797858960743,25.052938521941545],[121.57958462397198,25.052906021101855],[121.57888701660974,25.05277516744385],[121.57876141435901,25.052751607230064],[121.57806084020788,25.052620192837487],[121.5780302804241,25.052612326006667],[121.57795503959295,25.052592957157405],[121.57750674350197,25.052477553743408],[121.57730662674138,25.05242603782258],[121.57715988210326,25.05238826125078],[121.57703479720595,25.05235606042715],[121.57692876846409,25.052328765166628],[121.57641013867912,25.05218010048564],[121.5760640088694,25.052080881524937],[121.5755569982377,25.051943829549664],[121.57512054827394,25.05182584945615],[121.57511444551726,25.05182420290677],[121.57449079475626,25.0517729901359],[121.5742037158208,25.051776174623534],[121.57387233056858,25.05177984989891],[121.57343569416847,25.05183069380645],[121.57302064687724,25.051998414951193],[121.57275467156846,25.052105895070444],[121.57255520685783,25.05225083309408],[121.57236869831405,25.052386356167304],[121.57219206520415,25.052514702946898],[121.57186523562248,25.05295834294034],[121.57171954935603,25.053298510234196],[121.57163834028158,25.053781414737685],[121.57161390363544,25.054126558284363],[121.57159688349677,25.054366949990605],[121.57161445039625,25.054979062161717],[121.57157750420575,25.05591533584464],[121.57157738415869,25.05591723218678],[121.5715183368377,25.056813127316158],[121.57144391887662,25.05749081190666],[121.57141128837743,25.057787958268264],[121.57134931618417,25.05807915104635],[121.57124044569228,25.058661478517305],[121.57119030547365,25.058903224489402],[121.57089089590272,25.06001329376468],[121.57064353027293,25.060642809791663],[121.57035929249403,25.061330327448093],[121.5703551884071,25.06133873022021],[121.57023410686939,25.061586435942285],[121.56993856048697,25.062197872148392],[121.56961317185605,25.06318965426734],[121.56939398240206,25.06361546974814],[121.56935664306276,25.06389036560725],[121.56933691946392,25.064181256231535],[121.56940529299965,25.06454205956268],[121.56952955997558,25.064845131106424],[121.57014118503317,25.065779004339536],[121.57069775219912,25.066754208953125],[121.57074066227112,25.066829391587195],[121.57117897369982,25.067854616535595],[121.57136947730838,25.068300204863796],[121.57165705247229,25.06880581149893],[121.57178931161155,25.069165013157818],[121.57194100054465,25.07000895155602],[121.57196173730313,25.07077520294591],[121.57195479460887,25.070908287055406],[121.57192387351185,25.071501008987546],[121.57181316409047,25.072166882217335],[121.5713961807099,25.07343776455741],[121.57109815250456,25.07406930057033],[121.57184884340364,25.074334485761483],[121.57226895280671,25.07456857808266],[121.57176907442653,25.07533061510677],[121.57133266144372,25.075973218817897],[121.57104027791279,25.07630010051515],[121.5707477479008,25.0765978579547],[121.57050986797861,25.07675502875663],[121.5699639215277,25.076998137209337],[121.56942641415765,25.07718029050789],[121.56878120801991,25.077354919063826],[121.56858537146171,25.077413592470894],[121.5679690093655,25.077598254948917],[121.5679577738974,25.077601620241552],[121.56731377198724,25.07777393572356],[121.56731149470785,25.077774513191116],[121.56682795766369,25.077896947438337],[121.56651750563442,25.077983427112425],[121.56597149853621,25.078135521262915],[121.56534010870665,25.078331307062342],[121.56494648024466,25.07846094913085],[121.5644968261923,25.078656030433365],[121.564369673468,25.078744398760595],[121.56395075050159,25.079035539286025],[121.56333404787709,25.079645961108834],[121.5631965818357,25.07981423175604],[121.56295468083958,25.08009705728591],[121.56263112459669,25.080436102304446],[121.56238216667819,25.080856413688625],[121.56217145004425,25.081241632483362],[121.5619916331201,25.081666339705844],[121.56176126316218,25.082233356527595],[121.56154583114414,25.082707129657532],[121.56137448610902,25.083040621468562],[121.56117878109634,25.083462760641538],[121.56111441454156,25.08358890822849],[121.56100819104255,25.083823134486067],[121.56085435242397,25.08413976746189],[121.56084608746613,25.084186049028762],[121.560849627031,25.084342779391687],[121.56086127876563,25.08438143445343],[121.56089836426594,25.084504466800734],[121.56059675219697,25.08461352703363],[121.56028387009523,25.08472520218756],[121.56003864057813,25.084816055631844],[121.55967444646032,25.084898226921403],[121.55941228274231,25.08495737698525],[121.55934482838897,25.084967453716615],[121.55920730024226,25.085002377703656],[121.55908051163878,25.085024964993572],[121.5590433801427,25.085025104894015],[121.5590049135082,25.085025249815047],[121.55889692892235,25.08502565658807],[121.5587888451792,25.08500640974692],[121.55865636379042,25.08496513613729],[121.55849940560996,25.084882191108072],[121.55840607795749,25.084838473671656],[121.55836411782242,25.084818814939386],[121.55822339158466,25.08474317536134],[121.55809081039526,25.08467979209254],[121.55807067295481,25.084671495842326],[121.5578838265224,25.08453698944872],[121.55786796111231,25.08453235102947],[121.55785208150083,25.08456899056223],[121.55782055340092,25.08464173921804],[121.55777196510107,25.084656466177147],[121.55770589639258,25.084847557262304],[121.55771532327053,25.084954630191888],[121.55770979049392,25.0850353977275],[121.55766378855138,25.085213936496245],[121.55767070921117,25.08526452163749],[121.55765561356783,25.085282589190136],[121.55759099957176,25.085302612161342],[121.55724259280382,25.08561576669079],[121.55701971789703,25.0858368594266],[121.556837602625,25.086276447452793],[121.55673620300536,25.086612077487352],[121.55675896735693,25.087217673699858],[121.55684202061552,25.087170819417114],[121.55688210433439,25.087247018757186],[121.55712098904745,25.0875311442386],[121.55737867089708,25.08779553576375],[121.55724400231668,25.08786729039768],[121.55685027998024,25.087969511795432],[121.55664534705967,25.088026795926883],[121.55647839173497,25.088123245154392],[121.55623816595084,25.088138888644053],[121.55593069224369,25.08820637862567],[121.55555850374522,25.088296228854222],[121.55527807911149,25.088375903283506],[121.55503213845242,25.088480780695317],[121.5550154758921,25.08848788485047],[121.55485160992986,25.088619114537227],[121.55470561345467,25.08873394562484],[121.55410950978049,25.0891579421972],[121.55408958713218,25.089381152105176],[121.55405113260868,25.089473805403248],[121.55393536455853,25.08966200156469],[121.55351758565173,25.089848589225422],[121.55325193968305,25.089952986534843],[121.55321346542907,25.090029479191895],[121.55297632098065,25.090500956066506],[121.55291454285498,25.090727039230565],[121.55279035018359,25.09103771235795],[121.55264190271144,25.091272279605707],[121.55211201380682,25.091751326979423],[121.55199035574135,25.092006684617573],[121.5520663413983,25.092253055216716],[121.55217245982163,25.092405305297333],[121.55244650272064,25.09237233503203],[121.55274249476226,25.092365788619777],[121.55295184172999,25.092373169754936],[121.55315222897657,25.092383310450877],[121.553412502016,25.092412267487283],[121.55362897178112,25.092308288110164],[121.55391196895346,25.092359566898175],[121.55420207089644,25.092447418008035],[121.5543787324702,25.09250117856501],[121.55442683410867,25.092558145877312],[121.55449083022249,25.092824574971527],[121.55445632795896,25.093132187664747],[121.55443739883637,25.093575802710422],[121.5544413438516,25.093630734510704],[121.55444697187748,25.09370910105472],[121.55456741979026,25.09389640556115],[121.55456834493657,25.093899300081596],[121.55458058337273,25.0939376683495],[121.55479597433298,25.094053549493943],[121.5551945760725,25.094067821053123],[121.55540947377915,25.094076477930642],[121.55555871815267,25.09412637640255],[121.55577772706313,25.09427693704183],[121.55634097900557,25.09468479482933],[121.55641735590679,25.094712892299555],[121.55643135831755,25.094744374472782],[121.55653890054566,25.094769204212795],[121.5565951914213,25.094955050420506],[121.5566308826971,25.09518513872096],[121.55670105796602,25.095374092561535],[121.55677110932544,25.095537813656467],[121.55678905729712,25.09567650615247],[121.55680364087004,25.09583413389168],[121.55683890450231,25.095969610616216],[121.55689475382515,25.096057703498296],[121.55701628570694,25.096110855248952],[121.55716197317362,25.09613869203033],[121.55734212475485,25.096125403182914],[121.55752573631521,25.096112101112677],[121.55771293213886,25.096124009476974],[121.55787592541985,25.09614862972672],[121.55783814891153,25.09622445323492],[121.55781087678818,25.09632547039644],[121.55782912205245,25.096527240012247],[121.55784712420723,25.09667539344788],[121.55786192821775,25.096883477510257],[121.55780663558811,25.096918370892432],[121.55779676043076,25.097031943716303],[121.55784592843042,25.097176820151528],[121.55788480225128,25.097340666925604],[121.55794062875097,25.09742560870561],[121.55806668311763,25.097539879923243],[121.55815351080723,25.097661665460894],[121.55826930776283,25.097831325539456],[121.55834164678679,25.097969677632992],[121.55836637941188,25.098073649862858],[121.55840155514713,25.098187053105068],[121.55858326941723,25.09836658508738],[121.55869397191445,25.098470838344035],[121.5587993807085,25.098461720252633],[121.55891896626696,25.098415317350216],[121.55926797949064,25.098220081164072],[121.55944025966791,25.098162735874684],[121.55947393205943,25.09815684902933],[121.55956008931742,25.098141772336653],[121.55961699579247,25.09816739567305],[121.55971499209382,25.098148229695937],[121.5598619059633,25.098100702753523],[121.5599547467553,25.09808155607856],[121.5600218671058,25.098083658971962],[121.5601872082529,25.09811591445251],[121.56039680463711,25.098230220192494],[121.56044336912986,25.09825117871416],[121.56053065923409,25.09814749677022],[121.56069812861041,25.09808110413585],[121.56107462505153,25.097999819102],[121.56117772199497,25.097966540222277],[121.56125490574217,25.09791222487123],[121.5613012459687,25.09788621149454],[121.561383840713,25.097883551646273],[121.56145876828073,25.097899707959957],[121.56151803827278,25.09787834914025],[121.56157222870695,25.09787579671372],[121.56167548632123,25.097877753010742],[121.5617296659889,25.09787284426994],[121.56181218561406,25.097853744552715],[121.56195659650514,25.097825012214084],[121.56208055910663,25.097838635160468],[121.56216333712091,25.097878252119237],[121.56228503350276,25.09795999943653],[121.56233427339544,25.09800443797034],[121.56248708182873,25.098116608747553],[121.5626401591158,25.09828748715734],[121.56273885359593,25.09842099737301],[121.56282168596013,25.098472359120553],[121.56292029396792,25.098584735085947],[121.5630955271005,25.0985229958027],[121.56325542372885,25.09849185613589],[121.56344637856607,25.09847938549888],[121.56360397800682,25.098511666557634],[121.56361313957214,25.09851475330874],[121.56374875443395,25.098560445123724],[121.56387253487148,25.098534136596278],[121.56387561554097,25.098533785474316],[121.56424376206017,25.098491825181735],[121.56427757668135,25.09848797104027],[121.56437832262611,25.09850637491203],[121.56444321045953,25.098583642033073],[121.5645288576431,25.098684311828414],[121.56460645008868,25.09871925259991],[121.56467888713883,25.098754212957118],[121.56477473678136,25.09882900575229],[121.56482922959323,25.09889221963768],[121.56490931277216,25.09890600728972],[121.56509530772495,25.0989381785979],[121.5652321370374,25.098942360793014],[121.56545425903283,25.098972046702233],[121.56575384354852,25.09900614039257],[121.56576628550997,25.099008247511012],[121.56586233320729,25.099024513708674],[121.56599656325584,25.099024001548926],[121.56608942624624,25.09901190178708],[121.5661770797395,25.098988085512566],[121.56621841522431,25.098994969525172],[121.56630110880093,25.099015797289418],[121.5663890651,25.09905773935105],[121.56643305406179,25.09908105307467],[121.56654926444479,25.099092354596632],[121.56658799075714,25.09909456296369],[121.56664719541381,25.099059100687704],[121.56668846695304,25.099054248473067],[121.56675048652085,25.099068104140112],[121.56687712596613,25.09910284726122],[121.56691594970854,25.099126189608985],[121.56695620102296,25.09915114338049],[121.56695737192753,25.09915186928155],[121.56708909025429,25.099167805634806],[121.56711489726759,25.09916770696275],[121.56713581960199,25.099226344770436],[121.56714620162013,25.09925892306657],[121.56715055861514,25.099268503120364],[121.5672047763564,25.099387852972104],[121.56718687908065,25.099623984318836],[121.56714304297431,25.099722033005975],[121.56724782644568,25.099805113772796],[121.56732416253584,25.09989407213908],[121.56735614468089,25.099968800552368],[121.56737236649502,25.1000550998861],[121.56739797354192,25.100121212925128],[121.56741388995601,25.10014131145112],[121.56741463936856,25.10014257249734],[121.5674969256709,25.100281188819093],[121.56750775966283,25.10033647065104],[121.56751054121723,25.100367732831167],[121.56751357691128,25.1004519158886],[121.5675755923737,25.100713895416458],[121.56759465903187,25.10083651230051],[121.56761685031908,25.101062550448944],[121.5676893451332,25.101302831742153],[121.56788760432715,25.101299671306993],[121.56808106803032,25.1014023726553],[121.5682937885036,25.10166857736777],[121.56869718210801,25.102003818718636],[121.5687663759538,25.102102183708364],[121.56877737883492,25.102195959945995],[121.56873337066912,25.102398201268787],[121.56867650216702,25.102677464167343],[121.56864814570861,25.102833936943075],[121.56864046988917,25.102889298662234],[121.56875761174197,25.103066862521988],[121.56889869385171,25.103275616281124],[121.56895751990221,25.10341731895382],[121.56922871725403,25.103750655325012],[121.56931375378599,25.103844147312167],[121.56936200283893,25.103988300868462],[121.56937014627452,25.10403397808935],[121.5694381252888,25.104147263092564],[121.5694767211846,25.10421158189397],[121.5695779128081,25.104369967739974],[121.56959140774758,25.104430051046137],[121.5696155709185,25.104509340951147],[121.5696293445339,25.10462956734522],[121.56971415906585,25.104674950019216],[121.5698417276972,25.104788952267697],[121.57008843485899,25.10499918572429],[121.57026652048967,25.10513017355915],[121.5704367281116,25.1053282781166],[121.57073781604763,25.10548612877885],[121.5709812456982,25.10557711419771],[121.57124384929575,25.105680456826843],[121.57137781350986,25.105717208061414],[121.57171436575626,25.105869945657997],[121.57206939889255,25.105885964283804],[121.5723699598296,25.105932011601116],[121.57252842263561,25.1059512794148],[121.57278273601784,25.106034762741206],[121.57301808107867,25.10614565552158],[121.5731715693053,25.106271778489052],[121.573171835685,25.106328915281775],[121.57337776518585,25.106574085354584],[121.57353646243082,25.10664552362101],[121.5736567175222,25.106669903347836],[121.57380702815713,25.106699132044664],[121.57383385843164,25.10659716600514],[121.57396413396121,25.106564295533314],[121.57413386308555,25.106521470129966],[121.57455490201657,25.106639089412838],[121.5750087687267,25.10676901166483],[121.57517538951676,25.106783270600317],[121.5753174411309,25.10679762467129],[121.5753774164494,25.10679100922185],[121.5755793728649,25.106754032477404],[121.57576855963555,25.106706713887657],[121.57607558419683,25.106679900193065],[121.57642615901418,25.106662242440134],[121.57660276361644,25.10666155584251],[121.57664880548613,25.106654389186595],[121.57667178322254,25.10664265379648],[121.57669922053292,25.106488828453973],[121.57674469423061,25.106360563263383],[121.57684410218218,25.10627167576052],[121.57702846697599,25.105742273583825],[121.57764970314399,25.105586145356735],[121.57784859296962,25.105424673251242],[121.57805488256035,25.10520494185971],[121.57814403569337,25.105113764263464],[121.57864252270528,25.104981393465344],[121.5788216389769,25.104971377630026],[121.57896761177224,25.104987112255497],[121.57900877920378,25.10503353566664],[121.57911383688854,25.105056408483126],[121.57915230375102,25.10507256270902],[121.57918334889305,25.105142308641867],[121.57926371853537,25.10536092211545],[121.57937230146929,25.105591071344296],[121.5797499112642,25.105878390101623],[121.57984798879873,25.106050349857323],[121.57989190060904,25.106134020550503],[121.57993107098652,25.106299222965795],[121.579855477525,25.106553384007405],[121.58010717194688,25.106734059622557],[121.58000055335616,25.106920795112945],[121.58025990093516,25.107096782100285],[121.58041847975993,25.107072869424876],[121.58057529238916,25.107216657292838],[121.58085546102296,25.10692210725392],[121.58113677432577,25.106872091739962],[121.58133870412958,25.106813079129886],[121.58171507692903,25.106837215385365],[121.58212311438207,25.106521207501096],[121.58218236514938,25.106602488065793],[121.58249768977531,25.106706054992152],[121.58252390915634,25.10683869865439],[121.58288791271768,25.106953719526988],[121.58294753858148,25.10711186207143],[121.58296369197853,25.107279483290387],[121.5831095696665,25.107276580519866],[121.58323755197648,25.10727607719785],[121.58331189693558,25.107301406023645],[121.58343791923524,25.107341265070662],[121.58363959228302,25.10759582633881],[121.5836986562105,25.10769381769096],[121.58380089010473,25.107791630033606],[121.58401241528837,25.10817243458651],[121.58425938098259,25.108221972944047],[121.58434587778268,25.108252507608352],[121.58470998956243,25.108293160465262],[121.58491352205068,25.108289550066857],[121.58505514603817,25.10823848011555],[121.5851508368604,25.108254939609974],[121.58522202285158,25.108307977596453],[121.58531766377146,25.108316023154195],[121.58530295399495,25.108464807228987],[121.58530722669316,25.108714538831677],[121.58530457067171,25.108804350066105],[121.58543206007597,25.10902272875928],[121.58551599537802,25.109162709314045],[121.58562448926719,25.10927733269775],[121.58564333844348,25.10935021288939],[121.58572394993037,25.109439695219486],[121.58580460163223,25.109537591367086],[121.58591616639563,25.109649403735215],[121.58597186854976,25.109688464102174],[121.58603132678994,25.10987063826228],[121.58608757768098,25.11002475726404],[121.58608981602758,25.110028386668528],[121.5862847127595,25.110344442001235],[121.58636632120266,25.110505493361103],[121.58644357717507,25.11062293897706],[121.58656439077022,25.11082744902485],[121.58662238780357,25.110927528785247],[121.58668002112063,25.11095346366138],[121.58676203503538,25.11106216930022],[121.58674119007495,25.111229855100337],[121.58678866812622,25.11131768038685],[121.58686005138898,25.111486274102514],[121.58687374291767,25.111614660099608],[121.5868847160946,25.111724035030058],[121.58695767191672,25.11188132853485],[121.58703853434399,25.112002036655745],[121.58716158310818,25.112171635369215],[121.58733287122224,25.112507201689006],[121.58738901634722,25.112698750262137],[121.58741236007464,25.112796773168785],[121.58747073654305,25.11289913510757],[121.58747114303232,25.112984176463325],[121.5874930530326,25.1130560511614],[121.58759427735885,25.113173410150004],[121.58771719306422,25.113316845977998],[121.58784692781627,25.11346997772424],[121.58793589512663,25.113624237008803],[121.58797661856586,25.113939239996107],[121.58797045409803,25.11401657047119],[121.58836067593644,25.114060071676178],[121.5886915327394,25.114084930218862],[121.58884629589554,25.114030933563726],[121.5890224056944,25.1139558981548],[121.58922778643391,25.113853996503583],[121.58932900735401,25.11383575502763],[121.58944368618046,25.113900706359882],[121.58950955253844,25.114007479403636],[121.58964811713477,25.114146545031993],[121.58981446120417,25.114214396177267],[121.58998800232402,25.11428804149502],[121.59004365885478,25.114308629334573],[121.59007266858534,25.11422526750468],[121.59007848913264,25.11407658171825],[121.59006117766057,25.11387446150561],[121.59005698761631,25.11368121766837],[121.59005308743329,25.113550409714207],[121.59006587054193,25.1134909010078],[121.59007551988581,25.113458154477],[121.59011794057169,25.11344609587567],[121.59020958306898,25.113475459998565],[121.59037659895043,25.113549121828502],[121.59053398011324,25.113658509178272],[121.5907567001015,25.113764656807476],[121.59088767745429,25.113820631520422],[121.59103545718766,25.11388487856299],[121.59109322267632,25.11390999197343],[121.59127161701782,25.114027780975313],[121.59127641179003,25.114030984817038],[121.59141371198086,25.114160330749154],[121.59159760583958,25.1143019310888],[121.59188636398537,25.11437666716214],[121.59196481277672,25.11437783452518],[121.59197533775037,25.114378749458464],[121.59217093577985,25.11438508231279],[121.59223172721046,25.11438471309348],[121.59233487209006,25.114389176099788],[121.59240985705084,25.114426694399377],[121.59246025467944,25.11453489110837],[121.59251967030498,25.114650192831636],[121.59267336928416,25.11471500372463],[121.5930620110141,25.114791947209085],[121.59326367319902,25.11486092608576],[121.59336580033248,25.11490916876316],[121.59338817986193,25.114919371004532],[121.59346519057416,25.114963525189854],[121.59348616293418,25.11496979688158],[121.59353485265846,25.114931486136058],[121.59369459671656,25.11475934336407],[121.5938336036514,25.114631745928587],[121.59397947795934,25.114478716320484],[121.59408388873358,25.114414777612296],[121.59415338046915,25.114382468117658],[121.59422701591141,25.114343795363826],[121.59435160818792,25.114325646373505],[121.59449626585041,25.11444606741037],[121.59466572719721,25.114538664111898],[121.59471024478914,25.114578822225962],[121.59481480801105,25.114429667989587],[121.5949417006919,25.11431319537523],[121.59503572714559,25.114277527938356],[121.59529049066607,25.11424877148329],[121.59549241727433,25.114179899172598],[121.59559742268718,25.114138454415638]]]]},"properties":{"AREA":31951828.3847,"PERF_ID":63010.0,"COUN_ID":"6301000","CPID":"63010","CPTID":"6301000","NPID":63010.0,"NPTID":6301000.0,"PNAME":"臺北市","TNAME":"內湖區","PTNAME":"臺北市內湖區","TM2_MAX_X":313380.3449,"TM2_MAX_Y":2778643.494,"TM2_MIN_X":305676.8954,"TM2_MIN_Y":2771635.1082,"MAX_X":121.62848,"MAX_Y":25.11483,"MIN_X":121.55181,"MIN_Y":25.05186,"city":"臺北市","district":"內湖區","store_count":524,"level":"多","source_dataset":"臺北綠色商店.csv"}},{"type":"Feature","geometry":{"type":"MultiPolygon","coordinates":[[[[121.55199035574135,25.092006684617573],[121.55211201380682,25.091751326979423],[121.55264190271144,25.091272279605707],[121.55279035018359,25.09103771235795],[121.55291454285498,25.090727039230565],[121.55297632098065,25.090500956066506],[121.55321346542907,25.090029479191895],[121.55325193968305,25.089952986534843],[121.55351758565173,25.089848589225422],[121.55393536455853,25.08966200156469],[121.55405113260868,25.089473805403248],[121.55408958713218,25.089381152105176],[121.55410950978049,25.0891579421972],[121.55470561345467,25.08873394562484],[121.55485160992986,25.088619114537227],[121.5550154758921,25.08848788485047],[121.55503213845242,25.088480780695317],[121.55527807911149,25.088375903283506],[121.55555850374522,25.088296228854222],[121.55593069224369,25.08820637862567],[121.55623816595084,25.088138888644053],[121.55647839173497,25.088123245154392],[121.55664534705967,25.088026795926883],[121.55685027998024,25.087969511795432],[121.55724400231668,25.08786729039768],[121.55737867089708,25.08779553576375],[121.55712098904745,25.0875311442386],[121.55688210433439,25.087247018757186],[121.55684202061552,25.087170819417114],[121.55675896735693,25.087217673699858],[121.55673620300536,25.086612077487352],[121.556837602625,25.086276447452793],[121.55701971789703,25.0858368594266],[121.55724259280382,25.08561576669079],[121.55759099957176,25.085302612161342],[121.55765561356783,25.085282589190136],[121.55767070921117,25.08526452163749],[121.55766378855138,25.085213936496245],[121.55770979049392,25.0850353977275],[121.55771532327053,25.084954630191888],[121.55770589639258,25.084847557262304],[121.55777196510107,25.084656466177147],[121.55782055340092,25.08464173921804],[121.55785208150083,25.08456899056223],[121.55786796111231,25.08453235102947],[121.5578838265224,25.08453698944872],[121.55807067295481,25.084671495842326],[121.55809081039526,25.08467979209254],[121.55822339158466,25.08474317536134],[121.55836411782242,25.084818814939386],[121.55840607795749,25.084838473671656],[121.55849940560996,25.084882191108072],[121.55865636379042,25.08496513613729],[121.5587888451792,25.08500640974692],[121.55889692892235,25.08502565658807],[121.5590049135082,25.085025249815047],[121.5590433801427,25.085025104894015],[121.55908051163878,25.085024964993572],[121.55920730024226,25.085002377703656],[121.55934482838897,25.084967453716615],[121.55941228274231,25.08495737698525],[121.55967444646032,25.084898226921403],[121.56003864057813,25.084816055631844],[121.56028387009523,25.08472520218756],[121.56059675219697,25.08461352703363],[121.56089836426594,25.084504466800734],[121.56086127876563,25.08438143445343],[121.560849627031,25.084342779391687],[121.56084608746613,25.084186049028762],[121.56085435242397,25.08413976746189],[121.56100819104255,25.083823134486067],[121.56111441454156,25.08358890822849],[121.56117878109634,25.083462760641538],[121.56137448610902,25.083040621468562],[121.56154583114414,25.082707129657532],[121.56176126316218,25.082233356527595],[121.5619916331201,25.081666339705844],[121.56217145004425,25.081241632483362],[121.56238216667819,25.080856413688625],[121.56263112459669,25.080436102304446],[121.56295468083958,25.08009705728591],[121.5631965818357,25.07981423175604],[121.56333404787709,25.079645961108834],[121.56395075050159,25.079035539286025],[121.564369673468,25.078744398760595],[121.5644968261923,25.078656030433365],[121.56494648024466,25.07846094913085],[121.56534010870665,25.078331307062342],[121.56597149853621,25.078135521262915],[121.56651750563442,25.077983427112425],[121.56682795766369,25.077896947438337],[121.56731149470785,25.077774513191116],[121.56731377198724,25.07777393572356],[121.5679577738974,25.077601620241552],[121.5679690093655,25.077598254948917],[121.56858537146171,25.077413592470894],[121.56878120801991,25.077354919063826],[121.56942641415765,25.07718029050789],[121.5699639215277,25.076998137209337],[121.57050986797861,25.07675502875663],[121.5707477479008,25.0765978579547],[121.57104027791279,25.07630010051515],[121.57133266144372,25.075973218817897],[121.57176907442653,25.07533061510677],[121.57226895280671,25.07456857808266],[121.57184884340364,25.074334485761483],[121.57109815250456,25.07406930057033],[121.57097445711321,25.07433141497419],[121.57073109565525,25.074690752676563],[121.57041221054811,25.075116753944826],[121.57020622987926,25.075359143143302],[121.57000644939599,25.075547078565727],[121.56980713857328,25.07569955002019],[121.56959499425871,25.075780009136558],[121.56942012806948,25.075814814898987],[121.56924511386072,25.075815486235815],[121.56896984752487,25.07576343913794],[121.56808071960893,25.07542929774136],[121.56730361282553,25.074988535694846],[121.56729864207287,25.074985394899986],[121.56600054355543,25.074166240221306],[121.56408327125489,25.07284705678502],[121.56354524722272,25.072559184616765],[121.56311718093535,25.072461519348213],[121.56262828058294,25.07241968681786],[121.56199563999294,25.072434000347133],[121.56141603526854,25.07259505017766],[121.56041422566568,25.07298804158456],[121.56010506883925,25.073169342319616],[121.55954345239533,25.07349869150143],[121.55936231795552,25.073604874561738],[121.55836864007674,25.074130885236986],[121.55815323600801,25.074226280031766],[121.55739548840565,25.074561855832858],[121.55627184661799,25.07489366097003],[121.55596363824456,25.074984671387636],[121.55486735981509,25.075343772484842],[121.55384258728736,25.075544816483493],[121.55334094054258,25.07562228796072],[121.55222151805852,25.07597381825996],[121.5522203995284,25.07572445213031],[121.5522094798762,25.07328983943601],[121.55152054119678,25.07255197846353],[121.55142739706494,25.072499420430333],[121.55111321372566,25.072322112702846],[121.55090606061285,25.072245773507863],[121.55012005907113,25.071985946604734],[121.54993095390265,25.071025444827576],[121.5441749178996,25.071228832402394],[121.54349198964097,25.07125294859363],[121.5414107359883,25.071326425652313],[121.538908085883,25.07141474105628],[121.53846144763213,25.071521339628],[121.53838783605768,25.07150030954504],[121.53838754828797,25.071481752558398],[121.53835167255413,25.06916821365512],[121.53834421567923,25.068687319837906],[121.54099666237238,25.068502949230783],[121.54177527713986,25.068365980544435],[121.54237455206194,25.06811885326006],[121.5434746697916,25.06732839063026],[121.54413496085772,25.06685394226481],[121.54428423631767,25.066746683939773],[121.54428027466797,25.06647869995037],[121.54426341416762,25.065338156963172],[121.5442473893545,25.064254111564342],[121.54423400997808,25.06334899969587],[121.54421890030046,25.062326806216145],[121.54421518780765,25.062075645830063],[121.54421035628113,25.0617487771256],[121.54420574597806,25.06143687217443],[121.54420488042237,25.061390880508903],[121.54418884440601,25.06053879042504],[121.54418700898053,25.06042934216636],[121.54418240849908,25.060155009475775],[121.54417842983237,25.05991775481613],[121.5441659252152,25.05939549082289],[121.54416589977231,25.059394428176745],[121.54415643914763,25.05896262043797],[121.54414989845745,25.058664083567017],[121.54413304520382,25.057743006912037],[121.54413257752738,25.05771790857157],[121.54412934113267,25.057544223667065],[121.54412182811615,25.05714102591896],[121.54411965291699,25.057024289699598],[121.54411553654589,25.056784021314943],[121.5441142918087,25.056711366978043],[121.54410375530531,25.05609635402035],[121.54410245467892,25.056020436114146],[121.544102197396,25.056005494211565],[121.54409638575308,25.055667977060324],[121.54409009379788,25.055302561945012],[121.5440775069148,25.054571548678574],[121.54407696985136,25.054540357128968],[121.54405072706298,25.053288473395753],[121.54405070472777,25.053287407903415],[121.5440236121353,25.051826711231403],[121.54402348024864,25.0518196438702],[121.54399831042736,25.05091679937329],[121.54399163640274,25.05067739826628],[121.54398959387589,25.05060403101203],[121.5439790711249,25.05018518545084],[121.54395916969769,25.049393021861928],[121.54395579231682,25.04925858594771],[121.5439506289379,25.04905305796776],[121.5439374028663,25.04854356446685],[121.5439292691482,25.048230235205494],[121.54392912883469,25.048224829992076],[121.54392110104976,25.047915579293388],[121.54391089003352,25.047552982047183],[121.5438879027619,25.04673668420231],[121.54388483202935,25.046604168177122],[121.54388043041935,25.04641421803963],[121.54387016904346,25.045971388200467],[121.54385899306399,25.045489083396014],[121.54385763141313,25.04543032032037],[121.54384954479634,25.045187721332525],[121.5438367628864,25.044912213020496],[121.54383676288634,25.04491221302055],[121.54159984303342,25.04462906509864],[121.53773619451563,25.044734934766836],[121.5360923917113,25.044803009024516],[121.5353395047707,25.044902152951316],[121.53289261418132,25.045468816503657],[121.52575541828213,25.047559416217446],[121.5247344863485,25.047748699192358],[121.52420263974669,25.047885766904745],[121.52372230626226,25.04791512441567],[121.52350403531524,25.04792846440431],[121.52347341313536,25.047930335903434],[121.52238409515017,25.047971031996976],[121.52117929100798,25.048016033236994],[121.52073280758209,25.04803270757359],[121.52046982679254,25.04804252820476],[121.52017889371218,25.048087264092178],[121.51960513620269,25.04817548726374],[121.51952679528232,25.048187533872238],[121.51930265250662,25.048318462826263],[121.51895410980062,25.048522056534445],[121.51925130036705,25.048746503499444],[121.51960934905884,25.049174896772513],[121.5196252551846,25.049193929755955],[121.51962905148153,25.049198472335274],[121.51963901333184,25.049215271493683],[121.51981012623378,25.049503826760194],[121.51988506493832,25.049632436562586],[121.52000860326736,25.04984445235318],[121.52005160127277,25.04991824508976],[121.520150527222,25.0501461445429],[121.52016053715828,25.050169204759623],[121.52023361053719,25.05044215590157],[121.5202582759135,25.050605991934912],[121.52026957368463,25.050688080592515],[121.52026983528299,25.05068900956602],[121.52028841385217,25.05075608986377],[121.52029773524883,25.05084044826808],[121.52030208794328,25.050879839999286],[121.52031121108347,25.05096240400622],[121.52032514713646,25.051170511243935],[121.52032835632929,25.05121843404171],[121.52035977595489,25.05170516409557],[121.52036915784102,25.051850500606868],[121.52037132792428,25.051884117706596],[121.52041558958197,25.052614361763183],[121.52046587713573,25.05260590721555],[121.52048139425817,25.052675884988368],[121.52048868892551,25.052708811821553],[121.52051339268743,25.053012943571066],[121.5205206549491,25.053102442520558],[121.52052139079113,25.05311151091177],[121.52052228976784,25.05312257750712],[121.52055410276856,25.053514200907028],[121.5205552001431,25.05353052119886],[121.5205731024417,25.05379676572611],[121.5205738543151,25.05380794762376],[121.5205755070552,25.05383252724454],[121.52057617357319,25.053842500906246],[121.52059222190633,25.05408114866354],[121.52059247000076,25.0540848379594],[121.52059700671143,25.05416111226639],[121.52061123621272,25.054400347732173],[121.52061493923789,25.05446580598529],[121.52062194704841,25.05458968259607],[121.5206273058798,25.054684395087868],[121.52063980186865,25.05490524970537],[121.52064292945903,25.054960535553736],[121.52065850143391,25.05523576153235],[121.52066836776063,25.055410142607336],[121.52067551175422,25.055536365817368],[121.52068265576493,25.055662589024703],[121.52068443872943,25.055693406902105],[121.52068995836746,25.05578881167335],[121.52069764739925,25.055915005880287],[121.52070918100023,25.056104301699445],[121.52071731343247,25.056237834923813],[121.52072624727423,25.056384526773],[121.5207286440399,25.056423881103647],[121.52074964291288,25.056768676423232],[121.52076536050936,25.057026753258512],[121.52076769668359,25.057069407164835],[121.52077497855271,25.0572023594212],[121.52079939187115,25.057648094934788],[121.52080032986136,25.057665220574247],[121.52069046953373,25.05766183209441],[121.52068896641894,25.057676706559395],[121.52068032409377,25.0578268732939],[121.5208070992513,25.057841090283397],[121.5208331018616,25.058202351441494],[121.52083745614388,25.05826284640193],[121.52085648130438,25.05852725709628],[121.52086490765383,25.058644365648146],[121.52086682505276,25.058739549732714],[121.52087030861449,25.058912481171244],[121.52087145551376,25.058969415540233],[121.52085723909838,25.059275696720356],[121.52084163420453,25.05941278939214],[121.52083825512331,25.05944247538011],[121.52082236763769,25.059582050334182],[121.52078958626538,25.05983359187574],[121.5207876540713,25.059848418164467],[121.5207304570345,25.060042658971692],[121.52067297001601,25.060237883932412],[121.5204451165015,25.060230891510972],[121.52041672558825,25.060324540707285],[121.52039599600035,25.06039291845351],[121.52058389182895,25.06039638565188],[121.52030751262426,25.060992762901677],[121.5200858817217,25.061523313993344],[121.52006706164269,25.061568375681354],[121.51996164502908,25.061800469093804],[121.51988274465695,25.06197418167579],[121.51987657391724,25.061989186601586],[121.51971535000996,25.062381221344314],[121.51971393799461,25.062384654812778],[121.51966577568774,25.062555733263295],[121.5196337748126,25.062669399981615],[121.5195459195102,25.062669707422376],[121.51950245643539,25.062830822834595],[121.51946959385005,25.062952642490483],[121.51941879927124,25.063160113074947],[121.519391004966,25.06335348193414],[121.51929827965617,25.063998580686494],[121.51928385558088,25.064054319010072],[121.51926777272926,25.064116467211218],[121.5192689172521,25.064133124381648],[121.51927327428157,25.064196535724015],[121.51932668922238,25.06460808173325],[121.51952230799921,25.06600210126607],[121.51956621131431,25.066314960584837],[121.51963547721974,25.066809710511343],[121.51965394919876,25.0669416507446],[121.51968522213078,25.067164976175086],[121.51975248770869,25.067645404523223],[121.51982690299273,25.06817689319682],[121.51988833832446,25.06848155161913],[121.51988996538272,25.068489620195148],[121.5199268468305,25.06868650081808],[121.52005663939052,25.069721728515642],[121.52010733321023,25.070126058129635],[121.5201697919085,25.070624219427483],[121.52017243630561,25.070645310648768],[121.52068373310432,25.07067638918024],[121.5206248153128,25.071016276074566],[121.52056769509134,25.071345791361754],[121.52048618262627,25.071624032221415],[121.52050992711436,25.071829456215124],[121.5205707038603,25.07235525910337],[121.52058222734232,25.072454978423128],[121.52068827198099,25.073090622135034],[121.52076182739337,25.073373040709985],[121.52081862079353,25.073514780112802],[121.52084124751829,25.073581909171857],[121.5208546288142,25.073621608817632],[121.5210232010225,25.07396131968597],[121.521449926643,25.074801847196618],[121.52163799377799,25.074707195584356],[121.5216880899067,25.074781563930078],[121.52178872521264,25.074945917493725],[121.52212450223197,25.074463795704204],[121.52249094172868,25.07450622896577],[121.52196190036665,25.075098351693782],[121.5221115992476,25.075333239557537],[121.52223844323674,25.075532265680764],[121.52237808676747,25.075751374191494],[121.52259559114611,25.075854259267675],[121.52302015924244,25.076712484354513],[121.52322515314629,25.076572143457145],[121.52361511877943,25.076306129773155],[121.52377009256831,25.076172952279386],[121.52395973842623,25.075934448681757],[121.524576674872,25.07495520270234],[121.52480445371553,25.07450320758603],[121.52499459281901,25.0741259004757],[121.52542178519008,25.074298187370456],[121.52563819247229,25.074452928855468],[121.52587025290319,25.074749390622873],[121.52589572079216,25.07481388385742],[121.52590006532157,25.074824885655215],[121.52589036595381,25.07493978354803],[121.52585172549142,25.0750973330433],[121.52577188311339,25.07539299471232],[121.52530355975632,25.076668235915196],[121.5252834124282,25.07673916815545],[121.52528978704126,25.076795092237514],[121.52532091872514,25.0768428757001],[121.52537121341747,25.0768701338295],[121.5254113690997,25.07687456888733],[121.52542227905433,25.07708034204027],[121.52533834313738,25.077130401610095],[121.5252873790499,25.077213450189966],[121.52515507038179,25.077677552365564],[121.52513293266894,25.077756002934095],[121.52480510072019,25.07891747063205],[121.52456671225089,25.079748291766577],[121.52449521506652,25.079997468447342],[121.52443450416592,25.08025022372804],[121.52442777807082,25.080341182968017],[121.5244213726075,25.080427806087343],[121.52442589170636,25.08055315315993],[121.52446464925629,25.080761951581827],[121.52457083446964,25.081051854081405],[121.52507704589316,25.08171345029169],[121.52524693265882,25.081935482846216],[121.52549626445325,25.081507636456426],[121.5256945169125,25.0813288657295],[121.52583424860853,25.081344269006795],[121.52595306506079,25.081369279864102],[121.52612446560833,25.08144180823324],[121.52651510859506,25.081665771003443],[121.52687752288284,25.081934332023526],[121.52692808424668,25.082025624323325],[121.526937740713,25.0821254308261],[121.52690310834286,25.082239893576464],[121.52687343316835,25.082340616138723],[121.52688385675079,25.08243205095008],[121.5275342680678,25.083164295299827],[121.52768392151724,25.083292123456616],[121.52779184609562,25.083384303822307],[121.52790093699562,25.083556531321584],[121.52817251207806,25.08371832189206],[121.52849334908161,25.083998293708625],[121.52888017325004,25.08450489443825],[121.52918822769264,25.084331180633985],[121.53034952574625,25.084912141068422],[121.53052926396128,25.085002057056695],[121.53071373863807,25.08506551426684],[121.53098480005178,25.08510893522964],[121.53118563929371,25.085196988767162],[121.53126191150402,25.085295346656935],[121.53139856062164,25.085575980368777],[121.53142738769846,25.08575050365295],[121.53143193952705,25.08577806103166],[121.5316715083472,25.08605338749233],[121.53181365721281,25.08635372725006],[121.5320470902964,25.086461388932157],[121.53230256851943,25.08665774349943],[121.53251980870641,25.086780268434943],[121.53265091160664,25.087031317968993],[121.53267345766506,25.087233446198645],[121.53275460949432,25.087381769065892],[121.53287005359428,25.087592767909864],[121.5329244869498,25.08765175094763],[121.53310330910188,25.087660976147554],[121.53343404088011,25.087718965990376],[121.53361340775598,25.0878514840039],[121.53391253275063,25.08811672484597],[121.53429933182936,25.088556891825622],[121.53430999215759,25.088569023176646],[121.53484128535787,25.089121311186116],[121.53506647560671,25.0893553980391],[121.53531590810813,25.08940381820974],[121.535376109556,25.089541693206897],[121.53556660735926,25.08974320567854],[121.5356430753496,25.089848638416296],[121.53576282925435,25.09001375235363],[121.53587711383445,25.090131705642566],[121.5362408977413,25.090312865032832],[121.53648433097001,25.090441753633677],[121.53649069821431,25.090445124837366],[121.537083164203,25.09088685150025],[121.53773938689751,25.09103736344005],[121.53780790157808,25.091080031697214],[121.53828265109053,25.09137568537756],[121.53857032116085,25.091493007320228],[121.53883667756888,25.0916942490524],[121.53942266369344,25.091889390129925],[121.53964513832257,25.09196749468103],[121.53996491887146,25.09199592485782],[121.54034943266599,25.091960001807017],[121.5408524676318,25.091770756744683],[121.54125313050453,25.09171010802575],[121.5416919737435,25.09170850630827],[121.5418547273273,25.091757231842355],[121.54211460183474,25.091716830136175],[121.54240073292668,25.091740448741202],[121.5429979827829,25.09167409299713],[121.54358235797612,25.091716388693566],[121.54395848718444,25.09170170279747],[121.54400174399385,25.091684291705842],[121.54407177899218,25.091595298814255],[121.54415016221999,25.091558041735148],[121.54423376202048,25.09147639293279],[121.54430927506448,25.091402167673667],[121.54437393052721,25.09132306196577],[121.54444653070478,25.09120448380776],[121.54455950522916,25.091026597035167],[121.54457002451186,25.090955074836334],[121.54461554005688,25.09083659601088],[121.54464235152216,25.090774881585066],[121.54465280527316,25.090688571779328],[121.54468485394025,25.09058493020976],[121.54484922492034,25.09039453130885],[121.54511996695952,25.09036889036582],[121.54551809760812,25.090362497697594],[121.54567516762354,25.090356990789846],[121.54576997298015,25.090359106700717],[121.54596259533865,25.09042987253165],[121.54612554874028,25.09053033203047],[121.54625852576224,25.090589002848166],[121.54631988797196,25.09058999061045],[121.54638313181778,25.09059100863529],[121.54654020206736,25.09058550080757],[121.54657811093539,25.090582896510572],[121.54662975899113,25.090624605093915],[121.54678698265668,25.090653610419903],[121.54709871376993,25.09071161252925],[121.54728833495761,25.09071584242408],[121.54745639450327,25.090744798035058],[121.54770014131279,25.090741433746366],[121.54778682766344,25.090743578336813],[121.54786546165805,25.090763014114998],[121.54799618338558,25.090922741889564],[121.54843219255311,25.090908807543403],[121.54883629824677,25.091028089469155],[121.5489841680123,25.090970251969402],[121.54905260818393,25.090943482342436],[121.54931615135516,25.091235282061312],[121.54950791538367,25.091612241487226],[121.5496191344337,25.09164879906407],[121.54976271869327,25.09165566096264],[121.5499849818949,25.091691806720565],[121.55013712647641,25.09179723107714],[121.55052703265895,25.091768673664212],[121.55072989981711,25.091706304752975],[121.55082719195153,25.091659106395642],[121.55093273473616,25.09163899738216],[121.55112504175877,25.091638283101084],[121.55127679951535,25.09165497172079],[121.5514340917399,25.09169875062995],[121.55151288156719,25.091752688807198],[121.55180132715104,25.091863165901565],[121.55199035574135,25.092006684617573]]]]},"properties":{"AREA":13824595.31683,"PERF_ID":63004.0,"COUN_ID":"6300400","CPID":"63004","CPTID":"6300400","NPID":63004.0,"NPTID":6300400.0,"PNAME":"臺北市","TNAME":"中山區","PTNAME":"臺北市中山區","TM2_MAX_X":307730.5324,"TM2_MAX_Y":2776082.191,"TM2_MIN_X":302363.0968,"TM2_MIN_Y":2770843.3933,"MAX_X":121.57235,"MAX_Y":25.09193,"MIN_X":121.51894,"MIN_Y":25.04483,"city":"臺北市","district":"中山區","store_count":571,"level":"多","source_dataset":"臺北綠色商店.csv"}},{"type":"Feature","geometry":{"type":"MultiPolygon","coordinates":[[[[121.50458293466411,25.0781163608265],[121.50755984491724,25.078374920226313],[121.50818386131773,25.07840284474279],[121.50821954115577,25.078404441323357],[121.50881297047933,25.07873627371439],[121.50961052317477,25.078683233033406],[121.50978111911922,25.078855200457255],[121.50978686670565,25.0788609942385],[121.50995097244804,25.078857030335428],[121.51023088199663,25.078850268822467],[121.51068261011962,25.078889882926326],[121.5111596366801,25.07897971270752],[121.51107057018498,25.079229460095267],[121.51102572528036,25.079355207297116],[121.51112651036976,25.07938697517942],[121.51122668638223,25.079418550993434],[121.51140055404325,25.07899717352225],[121.51180558881997,25.079183587381035],[121.51254914622776,25.07952579907902],[121.5127025572985,25.079596403630067],[121.51292185009166,25.079717163138056],[121.51329905601146,25.079953628990886],[121.51313997101828,25.08054763266212],[121.51311634613738,25.080635787764393],[121.51325246255756,25.08068755504114],[121.51353345616161,25.080794420917655],[121.51410470891005,25.07941577728348],[121.51488135276098,25.079724353155203],[121.51622304781755,25.080209065334085],[121.51669284474089,25.079908973437945],[121.51804273903338,25.07904668594435],[121.51822532375263,25.078956981988068],[121.51899908153439,25.07857683050957],[121.51924443153143,25.078489638114853],[121.51941722230089,25.078428231476416],[121.51973228942632,25.078316261784032],[121.52052937577325,25.078032994688733],[121.52105088963908,25.077817267422386],[121.52105618141366,25.077815078435634],[121.52116518309418,25.077769988920696],[121.52171140402305,25.077544039448398],[121.52233396964836,25.07717001801122],[121.52247974001541,25.07708244221671],[121.52302015924244,25.076712484354513],[121.52259559114611,25.075854259267675],[121.52237808676747,25.075751374191494],[121.52223844323674,25.075532265680764],[121.5221115992476,25.075333239557537],[121.52196190036665,25.075098351693782],[121.52249094172868,25.07450622896577],[121.52212450223197,25.074463795704204],[121.52178872521264,25.074945917493725],[121.5216880899067,25.074781563930078],[121.52163799377799,25.074707195584356],[121.521449926643,25.074801847196618],[121.5210232010225,25.07396131968597],[121.5208546288142,25.073621608817632],[121.52084124751829,25.073581909171857],[121.52081862079353,25.073514780112802],[121.52076182739337,25.073373040709985],[121.52068827198099,25.073090622135034],[121.52058222734232,25.072454978423128],[121.5205707038603,25.07235525910337],[121.52050992711436,25.071829456215124],[121.52048618262627,25.071624032221415],[121.52056769509134,25.071345791361754],[121.5206248153128,25.071016276074566],[121.52068373310432,25.07067638918024],[121.52017243630561,25.070645310648768],[121.5201697919085,25.070624219427483],[121.52010733321023,25.070126058129635],[121.52005663939052,25.069721728515642],[121.5199268468305,25.06868650081808],[121.51988996538272,25.068489620195148],[121.51988833832446,25.06848155161913],[121.51982690299273,25.06817689319682],[121.51975248770869,25.067645404523223],[121.51968522213078,25.067164976175086],[121.51965394919876,25.0669416507446],[121.51963547721974,25.066809710511343],[121.51956621131431,25.066314960584837],[121.51952230799921,25.06600210126607],[121.51932668922238,25.06460808173325],[121.51927327428157,25.064196535724015],[121.5192689172521,25.064133124381648],[121.51926777272926,25.064116467211218],[121.51928385558088,25.064054319010072],[121.51929827965617,25.063998580686494],[121.519391004966,25.06335348193414],[121.51941879927124,25.063160113074947],[121.51946959385005,25.062952642490483],[121.51950245643539,25.062830822834595],[121.5195459195102,25.062669707422376],[121.5196337748126,25.062669399981615],[121.51966577568774,25.062555733263295],[121.51971393799461,25.062384654812778],[121.51971535000996,25.062381221344314],[121.51987657391724,25.061989186601586],[121.51988274465695,25.06197418167579],[121.51996164502908,25.061800469093804],[121.52006706164269,25.061568375681354],[121.5200858817217,25.061523313993344],[121.52030751262426,25.060992762901677],[121.52058389182895,25.06039638565188],[121.52039599600035,25.06039291845351],[121.52041672558825,25.060324540707285],[121.5204451165015,25.060230891510972],[121.52067297001601,25.060237883932412],[121.5207304570345,25.060042658971692],[121.5207876540713,25.059848418164467],[121.52078958626538,25.05983359187574],[121.52082236763769,25.059582050334182],[121.52083825512331,25.05944247538011],[121.52084163420453,25.05941278939214],[121.52085723909838,25.059275696720356],[121.52087145551376,25.058969415540233],[121.52087030861449,25.058912481171244],[121.52086682505276,25.058739549732714],[121.52086490765383,25.058644365648146],[121.52085648130438,25.05852725709628],[121.52083745614388,25.05826284640193],[121.5208331018616,25.058202351441494],[121.5208070992513,25.057841090283397],[121.52068032409377,25.0578268732939],[121.52068896641894,25.057676706559395],[121.52069046953373,25.05766183209441],[121.52080032986136,25.057665220574247],[121.52079939187115,25.057648094934788],[121.52077497855271,25.0572023594212],[121.52076769668359,25.057069407164835],[121.52076536050936,25.057026753258512],[121.52074964291288,25.056768676423232],[121.5207286440399,25.056423881103647],[121.52072624727423,25.056384526773],[121.52071731343247,25.056237834923813],[121.52070918100023,25.056104301699445],[121.52069764739925,25.055915005880287],[121.52068995836746,25.05578881167335],[121.52068443872943,25.055693406902105],[121.52068265576493,25.055662589024703],[121.52067551175422,25.055536365817368],[121.52066836776063,25.055410142607336],[121.52065850143391,25.05523576153235],[121.52064292945903,25.054960535553736],[121.52063980186865,25.05490524970537],[121.5206273058798,25.054684395087868],[121.52062194704841,25.05458968259607],[121.52061493923789,25.05446580598529],[121.52061123621272,25.054400347732173],[121.52059700671143,25.05416111226639],[121.52059247000076,25.0540848379594],[121.52059222190633,25.05408114866354],[121.52057617357319,25.053842500906246],[121.5205755070552,25.05383252724454],[121.5205738543151,25.05380794762376],[121.5205731024417,25.05379676572611],[121.5205552001431,25.05353052119886],[121.52055410276856,25.053514200907028],[121.52052228976784,25.05312257750712],[121.52052139079113,25.05311151091177],[121.5205206549491,25.053102442520558],[121.52051339268743,25.053012943571066],[121.52048868892551,25.052708811821553],[121.52048139425817,25.052675884988368],[121.52046587713573,25.05260590721555],[121.52041558958197,25.052614361763183],[121.52037132792428,25.051884117706596],[121.52036915784102,25.051850500606868],[121.52035977595489,25.05170516409557],[121.52032835632929,25.05121843404171],[121.52032514713646,25.051170511243935],[121.52031121108347,25.05096240400622],[121.52030208794328,25.050879839999286],[121.52029773524883,25.05084044826808],[121.52028841385217,25.05075608986377],[121.52026983528299,25.05068900956602],[121.52026957368463,25.050688080592515],[121.5202582759135,25.050605991934912],[121.52023361053719,25.05044215590157],[121.52016053715828,25.050169204759623],[121.520150527222,25.0501461445429],[121.52005160127277,25.04991824508976],[121.52000860326736,25.04984445235318],[121.51988506493832,25.049632436562586],[121.51981012623378,25.049503826760194],[121.51963901333184,25.049215271493683],[121.51962905148153,25.049198472335274],[121.5196252551846,25.049193929755955],[121.51960934905884,25.049174896772513],[121.51925130036705,25.048746503499444],[121.51895410980062,25.048522056534445],[121.5189063148179,25.048549974827683],[121.5185854646846,25.048737391018435],[121.51786056551347,25.048787976400494],[121.51784894576589,25.04866656240471],[121.51741628964544,25.04873891332219],[121.51741607724159,25.048688311777358],[121.51695022950499,25.04879114735548],[121.51691637889698,25.048659681156206],[121.51647555874582,25.048783285080628],[121.515929480463,25.048936400746676],[121.51486016703727,25.04915694664667],[121.5141337245839,25.049306770579772],[121.51343373735337,25.0494511346042],[121.51346733150893,25.04952187072636],[121.51335022079229,25.049561754645453],[121.51334178234626,25.049564628488056],[121.51202614371404,25.050012681988967],[121.51196994001386,25.04986689023945],[121.511680676068,25.049116536914415],[121.511465010622,25.048557097159584],[121.51138687375487,25.04845615252274],[121.51124226548227,25.048385798025386],[121.51104218164669,25.04832575471653],[121.51061236199843,25.048186422062315],[121.51043623756007,25.048096893965777],[121.51034561440756,25.04826361691471],[121.51014624659807,25.048405175730494],[121.51004643526268,25.04844280440909],[121.50991916206657,25.04843495360554],[121.50978721288615,25.048393976699916],[121.50970062424209,25.048336268499554],[121.50962761371551,25.048261947156345],[121.50956817854681,25.048175138526897],[121.50955897091134,25.04814617195429],[121.50929033517124,25.04820571428753],[121.50860562344923,25.04835747620646],[121.50830589760542,25.048423907391342],[121.50800039433408,25.048500140995174],[121.50763892107565,25.048590340111122],[121.50761154258369,25.04859717187769],[121.50749785371686,25.04862554064638],[121.50738431945175,25.048642504037495],[121.50720724582013,25.048680394712257],[121.50648932377075,25.048861749908475],[121.50621118295979,25.048932010337843],[121.50598426645747,25.04900321146609],[121.50575740778629,25.04909098759282],[121.50483166961794,25.049629202694298],[121.50483390954483,25.049631994584924],[121.50493846752784,25.04976537200964],[121.50497337338885,25.049823610799276],[121.50510241076627,25.050152850131372],[121.50522370250627,25.050463671327012],[121.50534484574781,25.05074053833717],[121.50545663216974,25.050987996538694],[121.5056937359519,25.051490504326463],[121.50587098330283,25.051930885775814],[121.50607592663667,25.052459105980844],[121.50622551223677,25.052944504828357],[121.50635244758422,25.053370774646794],[121.5063907995113,25.053555719237213],[121.50645494828579,25.05397837257497],[121.50650430028263,25.054303533102175],[121.5065256556901,25.054561557282714],[121.50657016940757,25.055099385087892],[121.5065775998644,25.055260634363837],[121.50659205275358,25.055574276858074],[121.50661435806681,25.05613246908587],[121.5066136498157,25.056153055484245],[121.50660763409181,25.05632670369988],[121.50657886043831,25.056642115947774],[121.50656044665993,25.056783038348467],[121.50653779221955,25.056956414523135],[121.50644503556762,25.057797922321885],[121.50644117317603,25.057832962517413],[121.5063297394543,25.058775601133274],[121.50628068358039,25.059223164965637],[121.50621391628698,25.059832315021755],[121.50616793036812,25.06022723641216],[121.50615122663821,25.06037068539735],[121.50611477152165,25.060683755078998],[121.50608800796289,25.060963224223926],[121.50605948778625,25.06126103496613],[121.50606070792381,25.061558062897063],[121.50606435218567,25.061571764094417],[121.5061268985899,25.061806885251467],[121.5063481274251,25.062620190748806],[121.5065565043458,25.063387830603958],[121.50664396348323,25.06363738295096],[121.50666047910316,25.06368450782578],[121.50675416405254,25.064016853801718],[121.5068470622842,25.06418216432098],[121.50692332758143,25.06431787648594],[121.5069940196134,25.06444101246976],[121.50699937298471,25.064525541896618],[121.50695329746127,25.064801145089675],[121.50694391532276,25.064878554762952],[121.5069145112944,25.065121159442093],[121.50690832418196,25.065297308469788],[121.50689658036323,25.06563165764071],[121.50690208727355,25.065706095092636],[121.50694170176358,25.066241565054217],[121.50694970417503,25.06638738118992],[121.50696581188237,25.06668088693319],[121.50698703914786,25.066966425811056],[121.50698438178115,25.06698545698514],[121.50696439953293,25.067128292265757],[121.50694812016397,25.06724465873134],[121.50694246822908,25.06735608844868],[121.50693189275243,25.067564586931812],[121.50694018147765,25.06775778594582],[121.50696482970535,25.06787960636708],[121.50700670669515,25.06808657694455],[121.50700986344485,25.068244222958917],[121.50701161878011,25.068283792602603],[121.50702090971359,25.06849323294721],[121.50706415990133,25.068718019019254],[121.50706526587753,25.06873935126491],[121.5070723322243,25.068875647886426],[121.50707611955296,25.06902238240281],[121.50707828794685,25.06910639344116],[121.50705460389673,25.06944006967484],[121.50705212483216,25.06947647896707],[121.50704039650145,25.069648729258592],[121.5070818930699,25.0699867419927],[121.50709385904584,25.07011192965987],[121.50711857249941,25.070370480144657],[121.50709316999004,25.070782724243205],[121.50706729717778,25.070958071526857],[121.50706146323472,25.07099760972471],[121.50702486361699,25.071239930076242],[121.50702304417354,25.071267733726255],[121.50699891987044,25.071636385917728],[121.50696973986949,25.071853546824713],[121.50689030134305,25.072041177090505],[121.5068134734746,25.07218882222448],[121.50676958663924,25.07226645956483],[121.50674877051213,25.0723032839804],[121.50672156130766,25.072392492677334],[121.50671959310355,25.072403188598802],[121.50667752416224,25.07263187710298],[121.50661121601847,25.072963405497436],[121.50653031143136,25.0733395189934],[121.50645385847605,25.07364367278097],[121.50638950212398,25.073842671768496],[121.50627559313996,25.074150248468282],[121.50619383213517,25.07438357717172],[121.50606001797593,25.07475875132208],[121.50593113374401,25.075115635785405],[121.50586511219284,25.075273650299607],[121.50585725773114,25.075292448965275],[121.5057458617702,25.07563327596553],[121.50565536766881,25.075834446545162],[121.50563160071141,25.075887280950813],[121.50543780201811,25.076306074685895],[121.50523427202499,25.076711431453255],[121.50508766042692,25.077022666531125],[121.50487416240615,25.077463464683657],[121.50470509023114,25.07780220295844],[121.50469548683904,25.077826909243885],[121.50458293466411,25.0781163608265]]]]},"properties":{"AREA":4790128.99663,"PERF_ID":63006.0,"COUN_ID":"6300600","CPID":"63006","CPTID":"6300600","NPID":63006.0,"NPTID":6300600.0,"PNAME":"臺北市","TNAME":"大同區","PTNAME":"臺北市大同區","TM2_MAX_X":302761.2987,"TM2_MAX_Y":2774824.9574,"TM2_MIN_X":300900.7738,"TM2_MIN_Y":2771202.0124,"MAX_X":121.52304,"MAX_Y":25.08076,"MIN_X":121.50446,"MIN_Y":25.04812,"city":"臺北市","district":"大同區","store_count":314,"level":"中","source_dataset":"臺北綠色商店.csv"}},{"type":"Feature","geometry":{"type":"MultiPolygon","coordinates":[[[[121.57610077535094,25.04940223889514],[121.57593672971767,25.049402875017115],[121.57580837141936,25.04940986372687],[121.57512477775897,25.049425669393056],[121.57511042102915,25.049426001592916],[121.57510935120844,25.04942605091906],[121.57493114081478,25.04943473011326],[121.57413743314846,25.04943779995494],[121.57406425910837,25.049438482253112],[121.57364651872815,25.049442370688613],[121.57271102196322,25.049441762831965],[121.57247879774624,25.04944161047616],[121.57245887139052,25.049441599104348],[121.57221662867218,25.04943734287464],[121.5719590827969,25.049432816761158],[121.57193572183358,25.04943331832547],[121.57163681653637,25.049439739455217],[121.57150347383757,25.049442605413883],[121.57114505105797,25.04949214870214],[121.5705538066051,25.049414143274543],[121.57046233429129,25.049408617325767],[121.57030386433617,25.04939904227604],[121.56977147868209,25.049334178417666],[121.56965967002496,25.049313202019885],[121.5693290125713,25.04925929915882],[121.56916248384472,25.049232150647878],[121.56912772360933,25.04922620103589],[121.56900949284575,25.049205968943376],[121.56851804605131,25.049092778977627],[121.56795011177459,25.04896917281151],[121.56727202804238,25.048817597838685],[121.56717786689687,25.048796546104924],[121.5670550405242,25.04877794064589],[121.56683022438368,25.04871611705898],[121.56586793788824,25.048430906739785],[121.56571868825804,25.0483808059853],[121.5656190819473,25.048347369803125],[121.56530701418765,25.048239466859766],[121.56476153209839,25.04805084965689],[121.56431179041918,25.047899948853797],[121.56420215075289,25.04786221598762],[121.56354420266126,25.047635778913385],[121.56305246826149,25.047465948134814],[121.5629536683176,25.047425719521293],[121.56245562872995,25.047222936560814],[121.56170572077956,25.046896015550484],[121.56126777168751,25.04670417451699],[121.56118165286489,25.046666181356308],[121.56039187786446,25.04631776751178],[121.56031409039709,25.04628080975314],[121.55983985534046,25.046055491313595],[121.55941502078655,25.04588495425656],[121.5594118913555,25.045883662307396],[121.55924223142343,25.045813642147404],[121.55923614515947,25.045811236125093],[121.55905019314633,25.04573774387601],[121.55864304181027,25.04558002934079],[121.55796297958275,25.04536715052344],[121.55774266090509,25.045289000549257],[121.55773539974338,25.045136236965174],[121.55773242713995,25.04507373283505],[121.55772781017976,25.044976658387096],[121.55759541713138,25.044954099757515],[121.55740718425896,25.044917193453784],[121.55735987481145,25.044907916950446],[121.55689114630904,25.044816011954445],[121.5568449696541,25.04480695861455],[121.55654420326167,25.04474929141664],[121.55651885487462,25.044744431522485],[121.55585293836862,25.044616750589643],[121.55561262356468,25.04457027206809],[121.55552633414968,25.04455358228829],[121.55530036441019,25.04450987749728],[121.55527590465066,25.044505147968092],[121.5548187702711,25.044419442269838],[121.55477563650324,25.044411355545712],[121.55446583446793,25.0443582175519],[121.55439643986631,25.044349865593794],[121.55421577549383,25.04432812104334],[121.5541661724737,25.04432441470758],[121.55403130968746,25.044314339039076],[121.55378295584136,25.044295785555917],[121.55372144265469,25.04429118892056],[121.5537108076691,25.04445411268071],[121.55362559952383,25.044451848105222],[121.55346372039008,25.044452451246336],[121.55298447132033,25.044507206789806],[121.55287896629646,25.044519260326503],[121.55250141128721,25.04455686747812],[121.55243498604439,25.044562298018416],[121.55230268638226,25.044573116186296],[121.55197482290875,25.044610354875154],[121.5519519106593,25.044612957099908],[121.551302934181,25.044686664927806],[121.55079387701205,25.044743994299584],[121.55068084697419,25.044756724392467],[121.55045558725564,25.04478209153793],[121.5496658957351,25.044868566768862],[121.54923895717934,25.044915316904888],[121.54887761776028,25.044960189123287],[121.54810722802637,25.045055854195844],[121.54809832743177,25.04505695988656],[121.5480777018466,25.045059522222015],[121.54756162054326,25.04513138333062],[121.54670573380994,25.045161732935053],[121.54592032089725,25.045157010813305],[121.54383676288634,25.04491221302053],[121.54384954627567,25.04518772156611],[121.54385763291995,25.045430321207483],[121.54385899420782,25.04548908350332],[121.54387017009218,25.04597138831007],[121.54388043038131,25.04641421904597],[121.543884832292,25.04660416751339],[121.54388790417042,25.04673668486297],[121.54391089016116,25.047552982998106],[121.54392110230451,25.047915579557376],[121.54392913020443,25.048224829597622],[121.54392926898407,25.0482302352363],[121.54393740265478,25.048543565796884],[121.54395062953843,25.049053057821038],[121.54395579247877,25.049258585980773],[121.543959170636,25.04939302304578],[121.54397907232857,25.050185186072756],[121.54398959438076,25.050604030946523],[121.54399163668744,25.050677398482435],[121.54399831033919,25.050916799973614],[121.54402348059645,25.051819645230967],[121.54402361280518,25.051826711691923],[121.5440507046554,25.05328740801736],[121.54405072689931,25.053288473074463],[121.5440769710805,25.05454035714368],[121.5440775074253,25.054571548911333],[121.54409009468414,25.05530256185256],[121.54409638588763,25.05566797821101],[121.54410219766108,25.0560054938746],[121.54410245600162,25.056020436271425],[121.54410375605366,25.05609635387496],[121.54411429146548,25.05671136780267],[121.54411553599782,25.05678402241157],[121.54411965362452,25.057024291010652],[121.54412182840778,25.05714102668975],[121.54412934113982,25.057544224152274],[121.5441325780378,25.05771790857637],[121.54413304577567,25.057743006207264],[121.54414989857766,25.058664083735362],[121.54415644062938,25.058962620695418],[121.54416589972655,25.059394428577857],[121.54416592620083,25.05939549196546],[121.54417842971579,25.05991775483241],[121.54418240976493,25.06015500970596],[121.54418700913057,25.060429342644323],[121.54418884459874,25.06053878995898],[121.54420488029861,25.061390881397134],[121.54420574587128,25.06143687254445],[121.54421035649708,25.06174877834728],[121.54421518812273,25.062075645943718],[121.5442189007335,25.0623268074709],[121.54423400983468,25.063349000582317],[121.54424738912618,25.064254112515684],[121.54426341479095,25.06533815707644],[121.54428027499256,25.066478699701392],[121.54428423662384,25.066746684142288],[121.54413496041676,25.066853942785155],[121.54347466960795,25.067328390355456],[121.54237455268503,25.068118852820472],[121.54177527821633,25.06836598099599],[121.54099666339386,25.068502949803786],[121.53834421549676,25.068687320276403],[121.538351671698,25.06916821499501],[121.53838754804126,25.07148175323627],[121.53838783729219,25.071500310250762],[121.5384614489787,25.071521340487315],[121.53890808620255,25.071414741279362],[121.54141073520168,25.071326425417578],[121.54349199011371,25.071252947820607],[121.54417491771385,25.07122883306388],[121.54993095419213,25.07102544510527],[121.55012005915691,25.07198594779168],[121.55090606066908,25.072245773633338],[121.5511132144446,25.07232211322401],[121.55142739641931,25.072499421347747],[121.55152054123909,25.072551977757392],[121.55220947915929,25.073289839020227],[121.55222039989923,25.07572445204926],[121.55222151835515,25.07597381828672],[121.55334094041383,25.075622288873134],[121.55384258819096,25.075544817103037],[121.55486735971624,25.075343773100638],[121.55596363929995,25.074984671130206],[121.55627184671089,25.074893660545026],[121.5573954890712,25.074561856900118],[121.55815323671077,25.074226280009242],[121.55836863954026,25.07413088512892],[121.55936231863372,25.073604875176787],[121.55954345226269,25.07349869135791],[121.56010506794973,25.07316934358604],[121.56041422705975,25.072988042939993],[121.56141603529456,25.072595050543306],[121.56199563976065,25.072434000360364],[121.56262828038682,25.07241968689235],[121.56311718180955,25.072461519561617],[121.56354524692941,25.072559185630997],[121.5640832724853,25.072847056834565],[121.5660005433729,25.07416624038036],[121.56729864337781,25.074985395899077],[121.56730361414418,25.07498853703421],[121.5680807208183,25.075429298267952],[121.5689698487138,25.075763438931745],[121.56924511390041,25.075815486417845],[121.56942012863126,25.07581481512364],[121.56959499512014,25.075780009260665],[121.5698071384623,25.075699549795615],[121.57000644964921,25.07554707839126],[121.57020623077142,25.07535914421937],[121.57041221029982,25.07511675455641],[121.57073109596938,25.074690753657368],[121.57097445812654,25.074331415286906],[121.57109815213161,25.074069300923167],[121.571396181436,25.073437764188682],[121.57181316496872,25.072166882522794],[121.57192387389695,25.071501009292064],[121.57195479523386,25.07090828841593],[121.57196173836144,25.070775203267292],[121.57194100147228,25.07000895117827],[121.57178931282343,25.069165014494644],[121.57165705356569,25.068805811893807],[121.5713694777926,25.0683002053582],[121.57117897300918,25.067854617234843],[121.5707406632339,25.06682939185937],[121.57069775300798,25.066754208938487],[121.57014118484251,25.06577900525812],[121.56952956030918,25.064845130777705],[121.56940529314372,25.064542060171878],[121.56933691973305,25.064181256240367],[121.5693566437146,25.063890366489137],[121.56939398296639,25.063615469945542],[121.5696131730257,25.063189655051893],[121.56993856094459,25.062197872413275],[121.5702341083471,25.061586436179237],[121.5703551881737,25.061338729956272],[121.57035929256868,25.06133032701609],[121.57064353095232,25.060642809615718],[121.57089089576661,25.060013293413636],[121.57119030616131,25.058903225156655],[121.57124044655984,25.058661478717255],[121.57134931590342,25.058079151430306],[121.57141128812304,25.05778795764171],[121.57144391936475,25.057490812120868],[121.57151833737728,25.056813128110438],[121.57157738467498,25.055917232050927],[121.57157750472942,25.055915336056366],[121.57161445147774,25.05497906302807],[121.57159688268827,25.05436695123332],[121.57161390486662,25.054126558044246],[121.57163834007339,25.05378141417694],[121.57171954935374,25.053298510449377],[121.57186523620803,25.052958343893344],[121.57219206495948,25.05251470301218],[121.57236869901622,25.052386357194703],[121.57255520648323,25.052250833452998],[121.57275467280176,25.052105895907438],[121.57302064704085,25.051998415484775],[121.57343569519487,25.051830693938193],[121.57387233089558,25.051779849947625],[121.57420371591927,25.05177617504942],[121.57449079474361,25.051772990377145],[121.57511444487987,25.05182420347694],[121.57512054816034,25.051825850008306],[121.57555699812407,25.05194382983808],[121.5760640092544,25.052080881284276],[121.5764101397492,25.052180099778415],[121.57692876866112,25.052328766189767],[121.57703479705516,25.052356061050055],[121.5771598830025,25.052388261962836],[121.57730662772812,25.052426037083233],[121.57750674358158,25.05247755490068],[121.57795504088692,25.052592957291164],[121.5780302815709,25.052612327340388],[121.57806084139656,25.05262019278742],[121.57876141483288,25.052751606561717],[121.5788870157303,25.0527751677586],[121.5795846254013,25.052906022166738],[121.57978589595942,25.052938523063975],[121.57998207552428,25.052227721335655],[121.58001668337498,25.052012820806414],[121.58002894571727,25.0517817819938],[121.5800308873528,25.051466963499763],[121.58003146928175,25.051372488250855],[121.58001743352673,25.051226659289078],[121.57993186610324,25.051016270301723],[121.57966220092113,25.050469098094286],[121.57965720823357,25.050458961051635],[121.57965056669508,25.05041437032937],[121.57964601248204,25.05034504578661],[121.57964289096955,25.050297525293303],[121.57965449908552,25.050239039745406],[121.5797038063952,25.050106814689766],[121.57988600558267,25.04991996336395],[121.57999724574157,25.04981130133427],[121.58004209110469,25.04974186325769],[121.58006481504451,25.04951883678233],[121.58006741694864,25.049464777501456],[121.57995519176859,25.049462994506676],[121.5799506266546,25.049504134912333],[121.57989833172613,25.04950650405726],[121.57861427661074,25.049476881971174],[121.57815772772494,25.049467834692372],[121.57792219611613,25.04947414632835],[121.57776084416534,25.04950617701412],[121.57735417080211,25.049483951623802],[121.57694747713555,25.049459558007403],[121.57668133719206,25.049435183040735],[121.57660733346638,25.049428405048985],[121.57640752884315,25.04940970664424],[121.57622201641605,25.049397435363595],[121.57610077535094,25.04940223889514]]]]},"properties":{"AREA":8680667.65958,"PERF_ID":63001.0,"COUN_ID":"6300100","CPID":"63001","CPTID":"6300100","NPID":63001.0,"NPTID":6300100.0,"PNAME":"臺北市","TNAME":"松山區","PTNAME":"臺北市松山區","TM2_MAX_X":308529.1847,"TM2_MAX_Y":2774306.3837,"TM2_MIN_X":304310.7293,"TM2_MIN_Y":2770797.6431,"MAX_X":121.58019,"MAX_Y":25.07587,"MIN_X":121.53824,"MIN_Y":25.04435,"city":"臺北市","district":"松山區","store_count":433,"level":"中","source_dataset":"臺北綠色商店.csv"}},{"type":"Feature","geometry":{"type":"MultiPolygon","coordinates":[[[[121.5797858960743,25.052938521941545],[121.5798551693897,25.052949707929788],[121.58049939195651,25.053053732858174],[121.5805647220343,25.053064281773615],[121.58091829910448,25.05311446329897],[121.58094884971364,25.053118799161215],[121.58173182444862,25.053229919749597],[121.58200318440844,25.053279717518894],[121.58288228792311,25.05344103973681],[121.58305064902106,25.053471934641042],[121.58305689079303,25.053473598371507],[121.58306886894127,25.053476799611946],[121.5843128043893,25.053809243494328],[121.58441462477475,25.053841347168103],[121.58445710838754,25.05385474210287],[121.585168597996,25.05407907003556],[121.58571157987797,25.054265916724233],[121.58614977326455,25.054416702536937],[121.58620954140444,25.05444894192691],[121.58668051616371,25.05470298784985],[121.58706748395124,25.054914262640875],[121.5874371606196,25.05511609527142],[121.58770861517384,25.05526430048528],[121.58796393089388,25.055449060812272],[121.58851944734633,25.055851059214],[121.58853623616953,25.055863208601057],[121.58860996020721,25.05591655963055],[121.5893519729765,25.056508353168336],[121.58938309552447,25.056538914073244],[121.58960473864305,25.056756556741128],[121.58984071447924,25.056988272201977],[121.59034857008992,25.057476807501214],[121.5903916447184,25.057523342991853],[121.59066442712302,25.05781804116621],[121.59071289701602,25.057870405002873],[121.59094532132673,25.058036811119468],[121.5910076362491,25.058081425865463],[121.59101437919398,25.05808625608117],[121.59152506256581,25.058561125598494],[121.59211003423317,25.05905855320416],[121.5922757337451,25.05919945375008],[121.59299684293076,25.059530060148056],[121.59359401076686,25.05984333726455],[121.59380415372027,25.059891530727754],[121.59435908874957,25.060018796001316],[121.59487440918392,25.060000509174422],[121.59533256145122,25.059895238822712],[121.59561971557221,25.059829258169074],[121.59617014688905,25.0596545157395],[121.59633059268053,25.05960251440049],[121.59673944639955,25.059470001746288],[121.59687993973604,25.059424466444614],[121.59774913331844,25.059080164250044],[121.59777775991417,25.059071073059396],[121.59837021506476,25.05888292052249],[121.59857511039453,25.058850379485953],[121.598920755235,25.05879955767937],[121.59894006402355,25.05879991314306],[121.5989990199561,25.058800987515593],[121.59945526923595,25.05880930109753],[121.59964950280657,25.058812839913777],[121.59989775087163,25.05879846082923],[121.60033661247235,25.05877303995896],[121.60100828588116,25.05895591992852],[121.60191638586771,25.059143219329926],[121.6029484237183,25.05929504463608],[121.6030189262155,25.059302925526765],[121.60390045570577,25.05940146149401],[121.60488848247809,25.059508105101898],[121.60507716987634,25.059528470484718],[121.60677746040757,25.05976630743308],[121.6068738485976,25.059776548466594],[121.6068750286401,25.05977667003524],[121.60786751867815,25.059972155405237],[121.6085702737242,25.060230816801678],[121.60859028664888,25.060238182846547],[121.60904112667416,25.06042535267894],[121.60974293436584,25.06075688597424],[121.61021228308906,25.061180282868015],[121.61021358731399,25.061181460170104],[121.61065697373475,25.061599983224355],[121.6112407788113,25.062151044325848],[121.61162923667189,25.062533791620748],[121.61185072941778,25.062825195054334],[121.61193054218968,25.062982228672723],[121.61204291950638,25.06320333306923],[121.61210594071478,25.063320294728978],[121.61223500319755,25.06355982221688],[121.61258856824199,25.064099697678426],[121.6129825083888,25.064384979931027],[121.61339349933537,25.06451320370224],[121.61383969674576,25.064543842148677],[121.61442825129022,25.064498100588942],[121.61468303316717,25.064452006308443],[121.61482608314294,25.064426125981726],[121.6154156573367,25.064222899660844],[121.61571500459773,25.06411969013853],[121.61627215285675,25.06392996173634],[121.61628305825133,25.06392624804281],[121.61629234471687,25.063923085654196],[121.61633213935202,25.063907139620465],[121.61726938480501,25.06356762321351],[121.61785604596763,25.06335509380636],[121.61887005865826,25.063001967820117],[121.61939070554791,25.062681417392564],[121.62014982731405,25.062141808426695],[121.62058820381094,25.061660232027325],[121.62099410812367,25.06113558243378],[121.6215021926673,25.060478849619702],[121.62164920229867,25.06017730583455],[121.62189521144285,25.059556967889037],[121.62248838703606,25.058420536701647],[121.62272331308952,25.058077708639917],[121.6232826518875,25.057261456786712],[121.62337310942637,25.057147677090686],[121.62278734075093,25.05690154135612],[121.62271779947363,25.05698675885897],[121.62270163556704,25.057006570754105],[121.62262515153589,25.05704178445548],[121.62253898338591,25.05705522720002],[121.62248144652443,25.0570467473953],[121.6223902391827,25.057012236675526],[121.62131733459154,25.05612702528701],[121.62119710120592,25.056035939738727],[121.6210571510361,25.05583589698909],[121.62100227850436,25.05571878118342],[121.62090216163075,25.055505083942055],[121.62088743951196,25.05543536847691],[121.62095205197346,25.0548913050568],[121.62099315326446,25.05454521304408],[121.62098579030733,25.054430964805203],[121.62098275654229,25.05438389094019],[121.62090983976294,25.05417484667319],[121.6208130693335,25.05398772263072],[121.62063464423362,25.053757316705546],[121.62032690111101,25.053536171741396],[121.61988480044998,25.05327197291899],[121.61880351175925,25.052613559380493],[121.61814511533046,25.052210702125432],[121.61773137212454,25.05195829121275],[121.61701745110243,25.051522746622137],[121.61688123320039,25.051439642883384],[121.61664575550263,25.05129669700338],[121.61657365525731,25.051249021755382],[121.61651596874749,25.051210007650752],[121.61649186262756,25.05117957515329],[121.61644371589524,25.051131800414208],[121.61639068535118,25.05106660390975],[121.61633265001761,25.050957805054143],[121.61629861177151,25.050857636639186],[121.61628779324185,25.050729565756125],[121.61629668809049,25.05065755973682],[121.61633820892114,25.050321437228295],[121.61650738736586,25.049102296952498],[121.61657075108765,25.048645677055152],[121.6166879948107,25.04816706948021],[121.61691607663515,25.047546977845894],[121.6169254759168,25.047521423651233],[121.6170544082061,25.047259961940977],[121.61735205134428,25.046724108032386],[121.61742806962194,25.046587249718627],[121.61799834209086,25.045560557865855],[121.61836733687578,25.04489622681486],[121.61896535816493,25.04381954141629],[121.61914975897895,25.043487539552856],[121.61929408684901,25.04332163593578],[121.61934056579187,25.04328599423812],[121.61981670507112,25.042920871785643],[121.61988587848128,25.04284245990586],[121.6200078185929,25.042704233738505],[121.6200113209346,25.04269872281173],[121.6201148232166,25.042535861948817],[121.62021051945752,25.042385283452397],[121.62048270599749,25.04195699430409],[121.62093757671602,25.041241241518787],[121.62098543261513,25.04116593826287],[121.62163897185658,25.040365765013483],[121.62187245401056,25.040178974340538],[121.62218611596577,25.040065963061622],[121.62224175123208,25.04004591778418],[121.62260950510417,25.039990073947436],[121.62263190427404,25.039982875072962],[121.6227110925775,25.039951985777872],[121.62280510924505,25.039903884558196],[121.62289076666879,25.039859634897088],[121.62301607702803,25.039786594630208],[121.6231183079639,25.03970601791025],[121.62329140820738,25.03955644554507],[121.6234151298287,25.039458352195524],[121.62406532460857,25.038902887004365],[121.6244727091022,25.03855485208972],[121.6246054837524,25.038395663621362],[121.62488388450952,25.037873859312537],[121.62500042075756,25.037793497904094],[121.62505426766961,25.037756365926455],[121.62525510439042,25.037742863724507],[121.62581931600037,25.037937072349948],[121.62604244500697,25.03796957197135],[121.62629981309001,25.037951650208225],[121.62670779485101,25.037814600791688],[121.62678723390032,25.037675099653168],[121.62734191251084,25.037268901884985],[121.62801426940868,25.037097708200772],[121.62843305311006,25.03707452327859],[121.62865934984478,25.037024914329038],[121.62922567937592,25.03680841907045],[121.62986174035107,25.03643689587621],[121.62992859608438,25.03634514116044],[121.62999808069712,25.036141455627682],[121.63011354875874,25.035106505995245],[121.63026081654381,25.035066952869414],[121.63053500528073,25.03516368889465],[121.63141913286555,25.035475624423313],[121.63192827502016,25.03557077246154],[121.63254374655045,25.035770569655693],[121.63288997607003,25.035772020460687],[121.63331105285096,25.035853003769297],[121.63349286307363,25.035753390689663],[121.63372033591337,25.03536656580533],[121.6338828103075,25.0347633648991],[121.63415595370488,25.0346698795807],[121.63432805919048,25.034681793178372],[121.63447758150869,25.034772680274997],[121.63461729994378,25.034930226389125],[121.63475879719917,25.03490961607326],[121.63509951492254,25.034657083721445],[121.63551603512805,25.03440423546467],[121.63600005658164,25.0342875050425],[121.63652252992762,25.034161499250736],[121.6368797936666,25.033984474057952],[121.63690091555758,25.033974010409707],[121.63782249260016,25.03364891526744],[121.63820223748674,25.033108135348144],[121.63845095181686,25.032946486756064],[121.63867674596261,25.032775303432516],[121.6393275673904,25.032345681250117],[121.63952614909132,25.032193626600193],[121.63962385233434,25.032075174618512],[121.6398041281975,25.03193398679889],[121.64035779896781,25.03180699824281],[121.64045705492204,25.031737804585713],[121.64081231222444,25.031625256378508],[121.64110854333232,25.03148644687598],[121.64146147889316,25.031259234070035],[121.64194805459321,25.031191897064623],[121.64208989210185,25.031157781581406],[121.64234317868505,25.030918764336278],[121.64247439306952,25.030872774192343],[121.64258250807396,25.030834880181263],[121.6427572643078,25.030745975526845],[121.64309900819207,25.030494179034743],[121.6434003953877,25.030284861479725],[121.64378971516409,25.03001144314518],[121.64406859414967,25.029744632442416],[121.6444497680792,25.02958927917129],[121.64470101201566,25.0295562666708],[121.64492004576668,25.029567522155794],[121.64496923424036,25.029573420624562],[121.64500504754098,25.029583439703742],[121.64509657798862,25.029568796329333],[121.64526146425553,25.029478541307366],[121.64543540561446,25.02941265836394],[121.6456044603419,25.02938248394159],[121.64584528898955,25.029294507448718],[121.64602128743475,25.0291220128312],[121.64611731319307,25.02905764139112],[121.64635717021498,25.028928139726183],[121.64638494239863,25.028910721387767],[121.64642364955587,25.028854660989914],[121.64642483714059,25.028816557867703],[121.64642873236812,25.028761921816578],[121.64642438461473,25.0287301894196],[121.64641988037029,25.028666697367598],[121.64641400909085,25.028610839880074],[121.64641250208966,25.02858797863162],[121.64639286854144,25.028526628807295],[121.64636531438563,25.028457034793817],[121.64635457222718,25.02843223658553],[121.64635006873397,25.02842183791349],[121.64633256992053,25.028365092079063],[121.6463321388786,25.02835899066948],[121.6463209472104,25.028200572073594],[121.64635297466762,25.02812728832146],[121.64636984515764,25.02808869267895],[121.64643163895371,25.028011758553355],[121.64649273385935,25.027939503922063],[121.6465627431902,25.027891197757498],[121.64663065708952,25.027860911442897],[121.64667451891718,25.027850717636603],[121.64673161200355,25.027852473421397],[121.64689864795982,25.02788374156018],[121.64699765430305,25.027921309256214],[121.64704825205656,25.027939081697138],[121.64743411514903,25.028156076391763],[121.64753850597893,25.028218889500376],[121.6477376559621,25.028340603225352],[121.64785466733437,25.02841973780491],[121.64793248248122,25.02843709337363],[121.6480053495513,25.02843677569184],[121.64805390766473,25.028432140275324],[121.64811683198224,25.02838761990701],[121.64824703759592,25.028205653450183],[121.64838728853394,25.02808558382719],[121.64852275381047,25.02797880604333],[121.64864364352471,25.027872091749757],[121.64875516184372,25.027831791757137],[121.64889113839152,25.02782234174386],[121.6490078241684,25.027839536073095],[121.64909545236891,25.027874542968693],[121.6492805455975,25.027966650162597],[121.64933893015804,25.02798408987869],[121.64945063461745,25.027979178115313],[121.64954280205377,25.027952233175704],[121.64963008106056,25.027920876823085],[121.64977525532889,25.027814055478153],[121.65007060803222,25.027626941681575],[121.65017225216519,25.027555708928986],[121.65026928764887,25.027533165944643],[121.65037616974821,25.02753269828549],[121.65049772391994,25.02755428481013],[121.65073123531708,25.02761520338357],[121.65082855079203,25.027645752172905],[121.65090660915345,25.027707351095643],[121.65095535355779,25.027738103477077],[121.65100394803507,25.02774231433191],[121.65107184280396,25.027719898459836],[121.65120739869414,25.027630812647292],[121.65130922901226,25.027594976894736],[121.65140150259383,25.027590148818472],[121.65145992051956,25.027612011248255],[121.65156230153168,25.027682350599076],[121.6516646925683,25.027752689832905],[121.65175288238251,25.027893888428085],[121.65179674855827,25.027920238225974],[121.651835609482,25.027920067798835],[121.65187437691809,25.027902202996046],[121.65197604357789,25.027835392620215],[121.65212598717685,25.027710853314595],[121.65222765354103,25.027644042770888],[121.65235862417067,25.02760806939673],[121.65241182632144,25.02756358990802],[121.65250849692104,25.027470258941555],[121.65260048952835,25.027412338003604],[121.65266359889134,25.027403213503526],[121.65272679194327,25.027411783384014],[121.65279006512415,25.027433623966456],[121.65290194269845,25.027459683741036],[121.6529602104432,25.027455004076785],[121.65300872107383,25.02744151084328],[121.65311535896907,25.02739680535373],[121.65318329993076,25.02738322668098],[121.65326099799715,25.027378461507862],[121.65335820660816,25.027386881609665],[121.6534166383307,25.027413175927453],[121.65347509345861,25.02744388478417],[121.65350933344874,25.02748798019841],[121.65356307415342,25.02754526093488],[121.6536361380482,25.027580338207663],[121.65373826236817,25.027602007518475],[121.65387444925487,25.02763238332203],[121.65391342729502,25.02765433030212],[121.65394278892624,25.027694023382022],[121.6539968113415,25.027804396056894],[121.65404070139743,25.027835168773233],[121.65409908652263,25.027852606607258],[121.65418162642428,25.02784339594774],[121.65425425843462,25.027798830288457],[121.65427810581537,25.027783359750654],[121.6543099714492,25.027762689926366],[121.65435505096961,25.02772814013783],[121.65441254858895,25.027666054597795],[121.65443761116389,25.02764991964444],[121.6544802125671,25.027624544093356],[121.6545304226346,25.02760828935869],[121.65456810978041,25.027603546220078],[121.6546234428355,25.027607879688176],[121.65468390435221,25.027628224173885],[121.65475946088154,25.0276530793042],[121.65480221796753,25.02765518403638],[121.65483483291528,25.02764129981348],[121.65486736275679,25.02761138233073],[121.65487460120758,25.02760425052658],[121.65490237516411,25.02757688576266],[121.65492982064572,25.027535543237114],[121.65496717952695,25.027468969058692],[121.65498702616759,25.027418505673495],[121.65501444950483,25.027374870132338],[121.65503947546719,25.027351864975262],[121.65506455228669,25.027340307022477],[121.65510729709229,25.027340118625037],[121.65515263158801,25.02735365933023],[121.6552156728032,25.027387723731632],[121.65525607114009,25.027419603862135],[121.65530407063648,25.027462906928033],[121.65535455036259,25.027499319748877],[121.65542012067114,25.027535675034677],[121.65548310123718,25.027558292154982],[121.65556360620619,25.02756710045265],[121.65567924497864,25.027564297258078],[121.6558024583272,25.02756604674698],[121.65591310776591,25.0275678425519],[121.65597601771323,25.027579021370244],[121.65613720808584,25.027628685783963],[121.65621282577244,25.02766498733107],[121.65626829062946,25.027692223491886],[121.65630857969967,25.02770349302046],[121.65636642963156,25.02770782375178],[121.65640669207374,25.027712223107503],[121.65648966747294,25.027714149726616],[121.65655504322639,25.027713860948424],[121.65661547077987,25.02772961859785],[121.65666841901206,25.02775686572523],[121.65672641520136,25.027788667694693],[121.6568122951865,25.027861567999],[121.65684271017248,25.0279072323311],[121.65689088103699,25.027982583302222],[121.65690854928366,25.0279939526413],[121.65697902192403,25.028007381672385],[121.65703946188337,25.028025432187697],[121.65709237374544,25.028045809057517],[121.6571327240186,25.028068534544854],[121.65716554614251,25.028093577376346],[121.65718828907956,25.028116371671352],[121.65722114787147,25.02814829361832],[121.65730471898918,25.02826012328489],[121.65737814783014,25.02835598219542],[121.65739344810837,25.02839712706557],[121.65739365552643,25.028436054623953],[121.65738760896407,25.0284784043497],[121.65738154301386,25.02852083541224],[121.65737671691846,25.028559785233703],[121.65739207600411,25.028610102228846],[121.65744539082876,25.028706041036052],[121.65750357072659,25.028772193183634],[121.65756664996532,25.028813135680682],[121.65760442275332,25.02882441598147],[121.65765724958368,25.02882875939788],[121.6576924446004,25.028828603656226],[121.65772516938975,25.02883532909954],[121.65775795521154,25.028853501691753],[121.65785136470096,25.028924074944005],[121.65799254327025,25.02899443665649],[121.65810089714498,25.0290374715675],[121.6582494819872,25.02908261228864],[121.65841574772007,25.029141415052667],[121.65848634336041,25.029177737658333],[121.65860486470204,25.029241328899854],[121.6586526949259,25.029252573388824],[121.65872310729027,25.029254545390952],[121.65874827964971,25.029259020011576],[121.65878359703208,25.029281758315463],[121.65883919767535,25.029334180832223],[121.65887451509579,25.02935691911348],[121.65891228587294,25.029365915017365],[121.65897013660405,25.029370235688706],[121.65902044698176,25.02937459880126],[121.65905823226808,25.02938816273932],[121.65910872382946,25.029424583220756],[121.65919960548538,25.02949287371556],[121.6592223368505,25.02951338366837],[121.6592426202298,25.0295430678314],[121.65927307324567,25.02959560172555],[121.65933380798201,25.029668603024454],[121.65939701068994,25.029732448047874],[121.65946776605445,25.029798534569426],[121.6595106119439,25.029818955220193],[121.65955093641442,25.029834809884786],[121.6596542970262,25.029887020123482],[121.65974501779662,25.029923252786823],[121.65992138167474,25.02999117235605],[121.66003722844333,25.03002500017158],[121.66007502399299,25.03003857282728],[121.66014059932252,25.03007721001924],[121.66018091404645,25.03009306455297],[121.66022873241369,25.030102006455195],[121.66028667924532,25.030122359791584],[121.66033710023605,25.030147323706576],[121.66047857582879,25.03027264374225],[121.66056938533497,25.030327202203004],[121.66061976967639,25.030345295924594],[121.66067015166085,25.030361096544176],[121.66074820328507,25.030381360320337],[121.66081873898607,25.030406234636683],[121.66087671294825,25.030433457874828],[121.6609195937137,25.030458455117323],[121.6609573649664,25.030467450490132],[121.66104536352631,25.03046705909879],[121.66117112106444,25.03047336993319],[121.66123393231187,25.030463927130725],[121.66127911137863,25.03044998559664],[121.66130917272285,25.030429250091263],[121.66133917259447,25.03039704937898],[121.66137674745588,25.03036941016833],[121.66142441867298,25.030350871310304],[121.66145708267501,25.030346148772654],[121.66149486856258,25.030359721105558],[121.66160068342148,25.030398178529495],[121.66167367468871,25.03041159408739],[121.66171141146977,25.030416003231835],[121.66185708694482,25.0303855894523],[121.66190980636965,25.030371614147107],[121.6619323884976,25.030362350218063],[121.66201256387777,25.030309324144014],[121.66206273715345,25.030286205804003],[121.66211039597184,25.030265382716312],[121.6622182470468,25.030245663663027],[121.66222594858073,25.03024425710024],[121.66236406104335,25.03021158343353],[121.66243699080643,25.03021355147409],[121.6627914863099,25.030207393786927],[121.66290206426052,25.030195444155215],[121.66302011125514,25.030172022731918],[121.66313072849323,25.030169236105387],[121.66316330618605,25.030148479974354],[121.66349914461578,25.029945468575978],[121.66393266501123,25.029671033468087],[121.66396028283411,25.029664039832692],[121.66410863381351,25.02966337699936],[121.66418399615242,25.02965159280762],[121.66425176628891,25.029628386067817],[121.66445494581838,25.02953817354175],[121.664610395366,25.02945732851177],[121.6646380230083,25.029450334707683],[121.66465814970398,25.029452537793105],[121.6649653673919,25.029538183755864],[121.66512664020401,25.02960386251181],[121.66529793337236,25.02966263500752],[121.66547170641674,25.02971452594492],[121.66557242411677,25.02973926284904],[121.66567822972922,25.029777717401934],[121.66577380108264,25.02982011779027],[121.665860660296,25.029865753035796],[121.66586599964948,25.02981407130967],[121.66583730258921,25.029762451795985],[121.66576318830151,25.029651108348002],[121.66570167382602,25.02954814953575],[121.66567175261866,25.0294624550387],[121.66565358686036,25.02938293715425],[121.66564603008459,25.02928627285379],[121.66563450657264,25.02923859380447],[121.66561059095122,25.029180588134583],[121.6655621364059,25.029094127984607],[121.6655212998044,25.029020164470346],[121.66545375411133,25.028914027630684],[121.6654109073328,25.028825583255525],[121.66537366756391,25.028775464410185],[121.66527496071237,25.028658579299712],[121.66507559879558,25.028502611263306],[121.66502310597764,25.028444435441028],[121.66478598387373,25.028101107765682],[121.66477434490135,25.02803191559086],[121.66478671140133,25.027713860414295],[121.66488867018631,25.02696160328746],[121.66503823997891,25.02646335961483],[121.66532292441823,25.026107260719645],[121.66533145378435,25.02602973579008],[121.66533125585964,25.025993029099652],[121.66527697362143,25.02589131059167],[121.66514149428045,25.02567983270045],[121.66507773983139,25.025484356262858],[121.6649456409411,25.02506894005519],[121.66491262124934,25.024759122646007],[121.66487157760668,25.024620637153436],[121.66484907534893,25.02460035272574],[121.66464688233891,25.024474820722652],[121.6642786206857,25.02427662453098],[121.66424707378155,25.024240057919037],[121.66422433018786,25.02417490562615],[121.66417334283253,25.02385293541614],[121.664127219343,25.023604349599907],[121.66408125962015,25.023384318393912],[121.66405399397648,25.023311034037842],[121.66399541112568,25.02324196117002],[121.66395940809498,25.02320949501947],[121.66384718181034,25.023156975172242],[121.66358711657371,25.023047760791314],[121.66354674147306,25.023038750584067],[121.66353444134768,25.023034327631947],[121.66350717059757,25.023024518627288],[121.66343208890628,25.023014047299657],[121.66336881855149,25.02299632795685],[121.66326204344199,25.022967996265482],[121.66323433252519,25.022953711316177],[121.66318672956494,25.022914309103008],[121.66314315735777,25.022889297483722],[121.66308381109424,25.02286794933584],[121.66301274088404,25.022868266343664],[121.66276002697768,25.022869393295792],[121.66266535349152,25.022887826112488],[121.66258650256127,25.02290978146306],[121.66237360063796,25.02297195778829],[121.66218125743754,25.023039540246188],[121.662179577916,25.023040450521947],[121.66212301833566,25.023071253015917],[121.66178642118689,25.023133473866125],[121.66149050007314,25.023179596693982],[121.66138159672731,25.023231098174957],[121.66112855810401,25.02333451941403],[121.66089219012677,25.023413030242875],[121.66058340776478,25.02341117078166],[121.66014624404806,25.023413112883514],[121.65992099144488,25.023404362889266],[121.65928024185693,25.023400751147754],[121.65875008610195,25.023396646572415],[121.65860446157181,25.023385095103727],[121.65839587739991,25.02337310916179],[121.65818493149904,25.023271278248938],[121.65801482108269,25.023184893643553],[121.65794751936701,25.023156148650493],[121.65786618207767,25.023146821658607],[121.65770853311307,25.023147149129905],[121.65756737140862,25.023186503533996],[121.6572971120938,25.023357487400972],[121.65713854168449,25.023445326226533],[121.65668292018556,25.023568630200252],[121.6563369506849,25.023641153977866],[121.6560086126349,25.023707153191122],[121.65582408850634,25.023665897191115],[121.655632998699,25.023621555277302],[121.65559767370137,25.023624943086133],[121.65531350486522,25.023802566115826],[121.65514768668973,25.02385815988287],[121.65488865530378,25.02397811815102],[121.65480833743423,25.024012480193406],[121.65465239176079,25.024079197570455],[121.65453590999861,25.024105530460563],[121.65426034112448,25.02420132945422],[121.65425911495592,25.02420179527661],[121.65405512229654,25.024278618063068],[121.65386182631467,25.02436775278151],[121.65379375222577,25.02438766994783],[121.65373634435754,25.024387922440656],[121.65370038771212,25.02437499907707],[121.65365006675299,25.024358870754163],[121.65350963916717,25.024267944807306],[121.65331552917326,25.024203399618294],[121.65303158263629,25.024113103931636],[121.6529454783959,25.024116750302632],[121.65290602166488,25.024120191736017],[121.65281634057597,25.024123853743284],[121.6527660544504,25.024114270227983],[121.6527301152675,25.024104614667593],[121.65234951970935,25.024060513751884],[121.65222010544342,25.024015309939767],[121.65216262859825,25.024002480623658],[121.65204778600587,25.023999716320937],[121.65188265735644,25.023987359084874],[121.65170645770296,25.02391619698745],[121.65152671084941,25.023858131727387],[121.65131481426204,25.023823102006542],[121.651210697564,25.02381375381875],[121.65102777350901,25.023827627565847],[121.65090218810434,25.023828177544036],[121.65084482231096,25.023838242116327],[121.65081987762898,25.023871041551665],[121.65080585822936,25.023933215247457],[121.65080248568214,25.023975724586467],[121.65079545012198,25.024001909368426],[121.65074897506334,25.024034812082615],[121.65066650189434,25.02404497747479],[121.65055883275873,25.024042180620814],[121.65045472578035,25.024032822835235],[121.65032543284991,25.02401051171991],[121.65018171410905,25.023975173059117],[121.65003436685087,25.023943190468497],[121.64977932884901,25.023885452317266],[121.64949852733334,25.023706842682053],[121.64930769994729,25.023580165534355],[121.6492173138567,25.0234497723412],[121.64914459634981,25.02326699395672],[121.64905057238236,25.023126812177054],[121.64900052528598,25.0230984933235],[121.64893182999893,25.023062482793215],[121.64880242709263,25.0229511641905],[121.64872015386686,25.02275422630329],[121.64837119631876,25.02263383524019],[121.64818091073639,25.022487157294456],[121.64773572975335,25.02214289366219],[121.6473703750956,25.02185784750407],[121.64722213393071,25.021817280368595],[121.6470499161097,25.021646516907165],[121.6469338505619,25.021582029776813],[121.64677542453444,25.021560420086594],[121.6465954515181,25.02162263828172],[121.64631919957583,25.02167900046019],[121.64616281802081,25.021739418307487],[121.6460144303535,25.0217275504827],[121.64589493766132,25.02219517640548],[121.64583683032032,25.022493270308775],[121.64571424478588,25.022627588190844],[121.64546405478731,25.022957870305493],[121.6453331429891,25.02311445989818],[121.64529536131451,25.02315778659295],[121.6451323601578,25.023292414865175],[121.64492253192097,25.023483923666756],[121.64475883211045,25.023712562714945],[121.64461387115985,25.02383171047803],[121.644517910665,25.023902273837212],[121.64431789744354,25.023988987822815],[121.64417130365999,25.024019460586704],[121.64396790842629,25.023999306739874],[121.64382865417714,25.023991324369902],[121.64363859835892,25.024043868629217],[121.64337878679564,25.02422743043513],[121.64316270288144,25.024348762448348],[121.64302975876011,25.02442231966064],[121.64293516053546,25.024349539181365],[121.64269255283412,25.024218166207774],[121.64237530343644,25.024092044682263],[121.64208035357427,25.024041164492964],[121.64194790935596,25.02402993698836],[121.64171083627254,25.024034635021795],[121.64152465532605,25.0238816653642],[121.64112634174624,25.02365903897049],[121.64093373527075,25.023514411013924],[121.64060395441075,25.023386191015845],[121.64006680472352,25.02350854075008],[121.63983336140372,25.023538552616756],[121.63955246068116,25.023534859271017],[121.6394234997301,25.0235819080949],[121.63914378442112,25.02376311065806],[121.6389781081097,25.023744232249395],[121.63883580929182,25.023729884534525],[121.63858665573582,25.02370919771235],[121.6384031651813,25.023711547716513],[121.63839095331645,25.023710625142897],[121.6381948174811,25.02372404331734],[121.63798804329183,25.023810922325886],[121.63767202389289,25.024111564503794],[121.63695004407826,25.023682482099613],[121.63661634819036,25.023630168112874],[121.63622664222167,25.02345707317694],[121.63610532755467,25.023434589099836],[121.63595000789873,25.023669818396687],[121.63590083368368,25.023719442259583],[121.63574404361594,25.023877665640498],[121.63556875681624,25.0241589684199],[121.63561021845564,25.024365757338195],[121.63547833290242,25.024251341009546],[121.63513458607383,25.02417922320433],[121.6349066282718,25.02403761831938],[121.63444422566438,25.024458120368802],[121.63396102631057,25.024763729468354],[121.63384366224695,25.02496984001527],[121.63380088389943,25.025044965619234],[121.63363441225921,25.0250778691034],[121.63336088731414,25.024913461859327],[121.63306904784265,25.02511707611609],[121.63299988596971,25.025416322910715],[121.63283877341738,25.025508985916655],[121.63246576217801,25.025639357586265],[121.63174386327482,25.025679216556945],[121.63128060473089,25.024949909924587],[121.63099181583965,25.024762568839716],[121.63079845186172,25.02447363670757],[121.63050648293121,25.023690687435234],[121.63052459393138,25.023256003832806],[121.63048924956117,25.023178161059104],[121.63047357663638,25.023143650383606],[121.63042245920236,25.023031071639057],[121.6303281797344,25.022369188049367],[121.63018080938737,25.022185840730916],[121.62992793397889,25.022108730230364],[121.62991480953751,25.021515485121444],[121.62977751356085,25.021327490398413],[121.62945831972252,25.021117280618775],[121.62929973040941,25.02071321864104],[121.62904542869269,25.020355559052607],[121.62892265177197,25.020043331168047],[121.62843046830018,25.019576291476202],[121.62812734310444,25.01954537874223],[121.62798503242674,25.019362007698803],[121.62782298806606,25.01927070597914],[121.62769670603046,25.01926203970541],[121.62714468669874,25.01993586189674],[121.62652237558298,25.019694721232653],[121.62658180452314,25.019464509921942],[121.62657061114388,25.01924839100967],[121.6263052675386,25.018702205476746],[121.62596128454021,25.018579474238326],[121.6255574523501,25.01860416828884],[121.62517528758568,25.017920488319856],[121.62470106851826,25.018005268355363],[121.62407458478692,25.017788438043766],[121.6239535437049,25.01774604507293],[121.62374142066507,25.017633299847674],[121.62360481892843,25.017513322118564],[121.62344906274966,25.017341784470034],[121.623364548702,25.01706318292801],[121.62337190702128,25.017025270621506],[121.62338291090671,25.016959789597287],[121.62337515259037,25.016918491979062],[121.62333723571427,25.016891097521746],[121.62317860988908,25.01689864182028],[121.62298244972837,25.01695457979537],[121.62272262399503,25.01712097083955],[121.62258361348471,25.01724011764592],[121.62251672433682,25.017296849771544],[121.62242744412953,25.017345875424336],[121.62230608411544,25.01739331998605],[121.62214767282212,25.017451437112904],[121.62201408540734,25.017520337977032],[121.62190336369302,25.017608598401424],[121.62179529764805,25.017734331864546],[121.62172115256813,25.0177885571185],[121.62170700390934,25.017798357489472],[121.62134674560758,25.017887498288186],[121.6209246171645,25.01805057408899],[121.62059323296432,25.018280375015667],[121.62017982933257,25.01846085439193],[121.61970540578659,25.01843304033122],[121.61950314063519,25.018319679172354],[121.61932195034198,25.018062224389205],[121.61891827386712,25.018009286071244],[121.61856492972429,25.01820938156386],[121.6177914848409,25.01834169793647],[121.617420846235,25.01835316844555],[121.61631907986164,25.019330967136174],[121.61602643328763,25.019679757956208],[121.61589561661283,25.01970012474516],[121.61560613234903,25.01957226021472],[121.61543158588826,25.01955312129832],[121.61503980415993,25.0196987392232],[121.61479836199736,25.01938195235573],[121.61460055900845,25.019189146735116],[121.61424250745561,25.019208842325146],[121.61352748679384,25.019248171366105],[121.61324767236746,25.018886842608968],[121.6131289471193,25.01913064595107],[121.61296078790069,25.01930016299266],[121.61257506928527,25.019569884471178],[121.61251407208165,25.019361588974984],[121.61242102465746,25.019287491298293],[121.61220822545634,25.019248644554352],[121.61207211567293,25.01928396280058],[121.61164847612689,25.019603492034225],[121.61139287387813,25.01972867846384],[121.61103357126235,25.019829463717212],[121.61061869859844,25.019716964105307],[121.61036803863152,25.019737855055403],[121.61015953490704,25.01946561385759],[121.61009809013446,25.01916794190344],[121.6099668401967,25.01908406863071],[121.60980848119222,25.01903008982492],[121.60959043005565,25.01903098407661],[121.60916069837482,25.01922143985143],[121.60859460944593,25.019397547433265],[121.60796287714822,25.019529232712546],[121.60762388826936,25.019327037072948],[121.60728553566149,25.019253938539936],[121.60694776942432,25.019300006533044],[121.60667547740063,25.0194614102242],[121.6064585581152,25.01958999644072],[121.60614086656744,25.019283437012415],[121.605562305168,25.019141798056705],[121.60436356111917,25.019260880387804],[121.60399641332603,25.01887506179149],[121.60376999841893,25.018280132718765],[121.60371767226182,25.017872495733627],[121.6036287348114,25.017596148268712],[121.60356510246748,25.017425163257474],[121.60349633616259,25.017255824094665],[121.60345035078596,25.01715591716404],[121.60340395898103,25.017066087129617],[121.60336508003574,25.017003148127152],[121.60332078660437,25.016943273525957],[121.60328953434684,25.016908218172183],[121.60320890170946,25.016828620326862],[121.60315568274143,25.016775092467356],[121.6031085229059,25.01672875339256],[121.60307029693686,25.016700045888868],[121.60303689136136,25.01668050934235],[121.6029750456687,25.01665190664148],[121.60289202144293,25.016622171013502],[121.60281732718278,25.016597998933896],[121.60275247035472,25.016575637677832],[121.60273369671458,25.016565837138142],[121.60272851637157,25.016562075400643],[121.60272530940978,25.016558666783673],[121.60272366908741,25.01655550460007],[121.60272322851351,25.01655252714114],[121.60272359094228,25.016549645735072],[121.60272617600899,25.016543378841014],[121.60273925531473,25.01652734623141],[121.60279670512526,25.01646937916272],[121.60290415178996,25.016363153214545],[121.60295708431168,25.016309411457804],[121.60298616349684,25.01627285645723],[121.60300220180663,25.01625004984086],[121.60300736427007,25.01624203910981],[121.60302632807345,25.01618124879383],[121.60305633909059,25.016039342089833],[121.60306899986657,25.015968077751005],[121.60307009739766,25.01595545213367],[121.60306871991526,25.015941193456534],[121.60305402163098,25.015897566507103],[121.60302249731976,25.015818915903324],[121.60301723368269,25.01580823905301],[121.603017152365,25.015791591721893],[121.60304239393423,25.0157259910917],[121.60306721880006,25.015656221203923],[121.60306867072536,25.015651240878054],[121.60306807310809,25.015640454823167],[121.60305806597346,25.015614025270313],[121.60304057895227,25.015581604367934],[121.60301801207419,25.01555178607854],[121.60296866272893,25.01550738781977],[121.60289632077466,25.01545958893663],[121.6028335383914,25.015415552053096],[121.60278728730403,25.01536851401688],[121.60277985173103,25.015361448140908],[121.60273951525083,25.015231138769074],[121.60271624198856,25.015162132673364],[121.60270860947197,25.015155311348177],[121.60268962363187,25.015134470393484],[121.60264996872216,25.01510721304188],[121.6025548954275,25.015058711652664],[121.6024394545293,25.015006672493126],[121.60222166263371,25.014915098854527],[121.60207531723502,25.014937674751547],[121.60199987795205,25.014959593286253],[121.60186070493978,25.015047060409664],[121.60160473025134,25.015201726133867],[121.60146842126609,25.01527521496304],[121.60143791265375,25.015273096678712],[121.60142726057602,25.01527235707854],[121.60138184833964,25.01525299510587],[121.60102787729228,25.015090612998748],[121.6008145837279,25.01499483913016],[121.6006072228891,25.01490877318945],[121.60046182497925,25.014851220001933],[121.60039307959396,25.01481538553409],[121.60029612521603,25.014752680174794],[121.60016713515242,25.01466871668548],[121.60006838933906,25.014608383745447],[121.5999877601477,25.01457360818383],[121.59984599224947,25.01453301241215],[121.59972114431206,25.014504156909954],[121.59968182594938,25.014499097297538],[121.59961247924545,25.014498483195663],[121.59956074008382,25.014498204323203],[121.59952129473083,25.014501676660096],[121.59941599170979,25.01451709675912],[121.5992910234445,25.014549153438065],[121.59910381697331,25.01460812957783],[121.59906655551649,25.01462268843329],[121.59898753032448,25.014620316459567],[121.59891005830136,25.01460520867729],[121.5987644356638,25.014560330058288],[121.59872475985391,25.014548979100756],[121.59858013317225,25.01455827344813],[121.59842356112249,25.014572337388074],[121.59826493794351,25.01458431491552],[121.59803351804084,25.014634114577895],[121.59788783009287,25.014659572682742],[121.59764723684744,25.01468716358663],[121.59760868163175,25.01468829358179],[121.59757918887618,25.01468060287839],[121.59751928971966,25.014611553529086],[121.59747850071311,25.01454278700828],[121.59723867068654,25.0144325448254],[121.59714735777129,25.014493182663546],[121.59685781475616,25.01460559756394],[121.59666546121899,25.014819611507605],[121.59657383406503,25.01481533876929],[121.59643370839743,25.014735109146326],[121.59627553494853,25.01470490382381],[121.59587566508073,25.01487614346548],[121.59565108829588,25.01511865130863],[121.59548458058998,25.015700217458004],[121.5953830230363,25.015705761116912],[121.59499889150025,25.01563019048689],[121.59450755561703,25.01556018449922],[121.59431530466027,25.015483844728426],[121.59386099828257,25.01489962372976],[121.59356631686958,25.014648909439817],[121.59345325306687,25.014608238091636],[121.5932670615329,25.014619264046104],[121.59313709063825,25.01458379686246],[121.592950513959,25.014512569594775],[121.59274207410455,25.014590509077202],[121.59266874861869,25.01460108429686],[121.5923633496976,25.01477356301022],[121.59180076844937,25.01493421808776],[121.59166453355913,25.01491065543481],[121.59155071630103,25.014828456700336],[121.59141356757333,25.01461203166022],[121.59116960152402,25.01419628605111],[121.59087881039537,25.014266316767568],[121.59085549602986,25.014135548113696],[121.59079690374818,25.014096527057674],[121.59074658333863,25.01407178254235],[121.59067865011593,25.014045582241796],[121.59060114415745,25.01404589012028],[121.59050109557364,25.01405805101],[121.59037841997213,25.01406442442812],[121.59029765602561,25.014058858808188],[121.59026847092493,25.014032504482945],[121.59019366050995,25.013921034418413],[121.59011897254844,25.01383308184931],[121.59000563936799,25.013768827697437],[121.58990869428719,25.013754505681867],[121.58980221950331,25.013757067712053],[121.58964629881974,25.013845312194537],[121.5895382301376,25.013881347273323],[121.58945713696279,25.01389809979571],[121.5893338555251,25.013895843953215],[121.58917923753,25.01386270991803],[121.58905713314095,25.01381435204583],[121.5889790578132,25.01379912408758],[121.5889082722706,25.013777195499536],[121.58883743456245,25.01374640155537],[121.58880567647195,25.013730981045967],[121.58866119275899,25.013589469933045],[121.58859994529469,25.013525324460662],[121.58854616763784,25.013492232915358],[121.58848520533097,25.013485811513306],[121.58837061428613,25.013479611332308],[121.5882804483352,25.013484409883652],[121.58820979069033,25.013491343076925],[121.58813163039885,25.013456135964887],[121.5880558551098,25.01341202676474],[121.58796799887011,25.013387953365214],[121.58785670596015,25.01338774338761],[121.5875218353451,25.013449338091014],[121.58743168368159,25.013344698230352],[121.5873653635035,25.013315790642352],[121.58732474714441,25.01330428685845],[121.5872777490824,25.013296690323955],[121.5872350396619,25.013292976948595],[121.58719026418316,25.013304817996865],[121.58714764652032,25.01332248262203],[121.5870965540843,25.013351853947043],[121.58703482831223,25.01338904037404],[121.58697426746168,25.013402433303547],[121.58693454511163,25.01342476296117],[121.58688590802113,25.013435030227406],[121.58683724221494,25.013439257835344],[121.58679072821779,25.013431370339738],[121.58673088090063,25.01341145593094],[121.58667333900087,25.013409660697548],[121.58659144474834,25.01340797054232],[121.58644758003477,25.013404511517383],[121.58624181213116,25.01341136268999],[121.58607581427543,25.013407990567153],[121.58592090245658,25.013406587826807],[121.58582131322846,25.013406980225508],[121.58572320482969,25.013420872667346],[121.58499332104269,25.013117370529585],[121.5849098922656,25.013143067521394],[121.58484976639984,25.01313746288434],[121.58476805635556,25.013130697239756],[121.58469017969318,25.01311329047555],[121.58463750430155,25.013076293050204],[121.58457502292345,25.01302516916489],[121.58441928808674,25.012992124812865],[121.58433755303369,25.012980050541334],[121.58428504395765,25.012980256882688],[121.58423837032372,25.01298044027734],[121.58417620076162,25.012993080034832],[121.58407716051248,25.013023586641935],[121.58399771918094,25.013085894215344],[121.58396863562659,25.013103721451763],[121.58393226795533,25.013125305868318],[121.58381025042695,25.013105219120007],[121.58368370565802,25.013081042284448],[121.58343293341937,25.013045011497585],[121.58317086690815,25.01300902458165],[121.5831301394372,25.01299067682577],[121.58309588752523,25.01290854764572],[121.58286447584878,25.012759336677643],[121.5827369566372,25.012725909105413],[121.58252352675535,25.012708752501364],[121.58227070522926,25.012716947111194],[121.58188361056374,25.01273645530968],[121.58146042295962,25.012644544129113],[121.58121465537823,25.01254534787714],[121.5808650399718,25.012309773037625],[121.58068587118795,25.012230124892803],[121.58067258057416,25.01222421663686],[121.58062354363373,25.012248494941733],[121.58037671585997,25.01224171247511],[121.58017917953276,25.012323826020786],[121.5799350117095,25.012366596406324],[121.57980974467588,25.012380013070413],[121.57970608201822,25.012445355967166],[121.57962762826898,25.012545376554726],[121.57961674922703,25.012551585115908],[121.57948894755154,25.0126245152323],[121.5793320458724,25.012737263958684],[121.57933413292132,25.012782982871286],[121.57931261030582,25.0128181497045],[121.5791730029794,25.012809692588085],[121.57894655561888,25.012892007401927],[121.57884392153949,25.012933908897246],[121.57869125432599,25.013013886726633],[121.57839711616843,25.013110674280462],[121.57823076744876,25.013199407896284],[121.57816474676562,25.013206489822256],[121.57807518361305,25.013369722031186],[121.578013645511,25.013475101871883],[121.57791875630026,25.01360969064873],[121.57783569856257,25.013772220325105],[121.57777110245641,25.013920766001966],[121.57773685615558,25.014029687005852],[121.57766241937261,25.014105784702483],[121.57776774643364,25.01411187565704],[121.57787376828526,25.014133049698213],[121.57793063500675,25.01423395179724],[121.57797095922088,25.01428051518406],[121.57803504335278,25.014361211506248],[121.57822502780657,25.014584350223974],[121.5782687389877,25.01472785250718],[121.57829348147177,25.014785589919764],[121.57836901588288,25.01483381282166],[121.5784340494841,25.015028222488322],[121.57857690896888,25.015290355590295],[121.57855863819918,25.01537261798058],[121.57865930587533,25.015394796331588],[121.5787044786123,25.01539972136085],[121.57890698910059,25.015614360135583],[121.57899623641136,25.015635075036933],[121.5790679734659,25.015760709749784],[121.57908817915218,25.015776285676555],[121.579117630515,25.015764768550262],[121.57916311540626,25.015741163612933],[121.57922507212825,25.015756658133768],[121.57922750620408,25.01580875850225],[121.57933028989366,25.01586582152406],[121.57932291484639,25.015905158348776],[121.57943631293412,25.016038855082034],[121.57943303632531,25.016066908944378],[121.57951169961994,25.016148215841024],[121.57948112551156,25.016190730682744],[121.57956867248355,25.01627334809968],[121.57958862419594,25.01632343011313],[121.5796363273082,25.016335432000382],[121.57970551726628,25.0164627826085],[121.57981863220357,25.01650857411364],[121.57983604825729,25.016554567249166],[121.57990202508016,25.016594737487882],[121.5799164784579,25.01676721596545],[121.57994803537748,25.01682634389257],[121.57996848622457,25.016875060667108],[121.58012617506093,25.016979432519143],[121.58026863981769,25.017000363292958],[121.58032384268834,25.017071198491166],[121.5807125805848,25.017244291904397],[121.58079897229172,25.017329522178215],[121.58096668306862,25.01749363762348],[121.58102339645623,25.017599933795797],[121.58105574844768,25.017660570052055],[121.58116890481209,25.017771642069015],[121.58127792335513,25.01774669572438],[121.58135991333167,25.017784933881842],[121.58138778360774,25.017822634312328],[121.58144529878473,25.017809914585037],[121.58149987691964,25.017865693003714],[121.58155152954912,25.017960854108647],[121.58156731448868,25.01800315724136],[121.58162232418015,25.018150581204434],[121.58167379086346,25.01824618536143],[121.58178565985213,25.018306713953574],[121.58196114126486,25.018332154279662],[121.58216211177619,25.018354596590573],[121.58228336031436,25.018374443862772],[121.58237599803365,25.018411818191733],[121.58255193185006,25.018533061541362],[121.5826800721271,25.018663204053798],[121.5827792690373,25.01873829862575],[121.58278552632876,25.01871214696812],[121.58288040781353,25.018691651513436],[121.58292405340768,25.018658248196363],[121.58299141780348,25.018630936060504],[121.58317220870013,25.018605643662394],[121.5832532167828,25.018607781501874],[121.58337722548106,25.01856795980413],[121.58345811559782,25.018543050008205],[121.58355253504263,25.018525471995414],[121.5835879656492,25.018596636323984],[121.58360176060874,25.018658045019695],[121.5836157316554,25.018758788160422],[121.58380507080612,25.01882934816687],[121.58381057523815,25.018851454258627],[121.58380277122654,25.01891294774802],[121.5837325830979,25.01906177962285],[121.58373111334076,25.01917629695249],[121.58373834832297,25.019268923236357],[121.58374515262047,25.01928933598327],[121.58392314573888,25.019351056789052],[121.58395214687461,25.019407647942987],[121.58394853386176,25.019475390426685],[121.58393540157921,25.01955411227432],[121.58396531484412,25.01959825018561],[121.58398986321856,25.019649785066413],[121.58398471930958,25.01970389220733],[121.58397454954238,25.019839154004757],[121.58398574296477,25.019920244948484],[121.5839941402124,25.01998413944795],[121.58404062534032,25.020106882498233],[121.58406797352397,25.020180534063986],[121.58412206495595,25.02019999361681],[121.58421148133823,25.020266016334556],[121.58428214479827,25.020364089984305],[121.58434210001207,25.02047940408565],[121.58436936694883,25.020535839455313],[121.58439982948694,25.020697989511007],[121.5844334742931,25.0209609249912],[121.58444494927255,25.021103477597],[121.58443993359724,25.021184632211654],[121.58438896566463,25.021253671300315],[121.58433277415831,25.021362075053673],[121.58431146560325,25.021423621630156],[121.58432273097219,25.021521919666004],[121.5843554329579,25.02158570956291],[121.58440978116393,25.021659254906528],[121.58447204796187,25.021693433976356],[121.58457206748835,25.021717624015213],[121.58462086459048,25.021759231887742],[121.58477012402123,25.02191844993603],[121.58487883119602,25.022065540238476],[121.58495790398702,25.022227489838528],[121.58499690379877,25.022480572521513],[121.58498658171756,25.022581411059864],[121.58499537592347,25.022728894405333],[121.58501508485598,25.02289846248487],[121.58501830430279,25.023009079247004],[121.58499456886658,25.023127187013067],[121.58501650671916,25.023198404025905],[121.58504295433421,25.02336397323773],[121.58504354664326,25.0233676904531],[121.58507762063361,25.023459443586358],[121.58507794738156,25.02352836224642],[121.58505887365969,25.02364330088577],[121.58509321397854,25.02379120727869],[121.58512454462313,25.02389573681924],[121.58517847926299,25.024038465219625],[121.58525781986162,25.02421682648825],[121.58527240902578,25.024336733432577],[121.5853263198451,25.02447436102604],[121.58538288948591,25.024581337012084],[121.58547585137777,25.024675413038665],[121.58558279956652,25.024764333071804],[121.58563146719183,25.0248261266791],[121.58565894949786,25.024861021110564],[121.58571530158225,25.024922063233966],[121.58583650065464,25.025059416430906],[121.58586200601994,25.02511802513664],[121.58592168351748,25.02528880773875],[121.58595040514085,25.025434190126052],[121.58600676750046,25.025495223060005],[121.58613621218379,25.025599365500906],[121.58624592931287,25.02568060931848],[121.58631633881936,25.025749251515375],[121.58635898437946,25.02587415749762],[121.5864726342215,25.026192768406393],[121.58651535288132,25.02633298556639],[121.58653567529744,25.02648094685187],[121.58662406280382,25.026792001531547],[121.58674520633423,25.026919152469862],[121.5868215042126,25.02704647133912],[121.58694258527193,25.02715831083206],[121.58719269103763,25.02728749796615],[121.58743475720706,25.02749073716631],[121.58761480536857,25.02762531029942],[121.5877528096684,25.0277574945451],[121.58785419036981,25.027854081593027],[121.58804281006208,25.028021807274985],[121.58816440415717,25.028240833339716],[121.58824373973475,25.028416646934115],[121.58832008879082,25.028554175456954],[121.58838751437365,25.028584540602797],[121.58853898574469,25.028604362244984],[121.5886653493016,25.028647250450756],[121.58881978326833,25.028700238027046],[121.58888582700021,25.028760752960547],[121.58889225115914,25.028765584578615],[121.58892023501627,25.02878662633589],[121.58896872021153,25.028768224701164],[121.58904624394418,25.028848564728786],[121.58910652641808,25.02890815445233],[121.58915242131086,25.028946991609985],[121.58922972163214,25.02898050411105],[121.58930414346509,25.029008827848273],[121.58935859451056,25.029042430878103],[121.5893960055344,25.02909951110471],[121.58942506927679,25.02920344370672],[121.5894825108764,25.029265653632475],[121.58959125422271,25.029301641292125],[121.58971998091184,25.029334949512634],[121.58982879901012,25.02938654613486],[121.589992083562,25.02947694554075],[121.59006374173507,25.029526080401904],[121.59015545541173,25.029585544889954],[121.59017573487095,25.029642701962707],[121.59022478273943,25.029743954963344],[121.59029078354638,25.029803521475333],[121.59036240221246,25.029842265100672],[121.5904483615617,25.029893943027243],[121.59061954582548,25.02984384349863],[121.59069677235934,25.029861746079415],[121.59087289331859,25.029969346004417],[121.59117031914501,25.030002406468185],[121.59133886259438,25.03008566034169],[121.59161298919524,25.030361765407363],[121.59165485968141,25.03064590882123],[121.5918681745626,25.03088437392524],[121.59209959417008,25.031118740081336],[121.59215747970924,25.031289481877682],[121.59202296440583,25.031634219653945],[121.59187239767611,25.031764587979207],[121.59174602727036,25.031923604989213],[121.59165310862308,25.032123737687456],[121.59127862568002,25.03239481347969],[121.59088617841851,25.032742968682765],[121.59085351976056,25.03280541887587],[121.59080764449511,25.032884885234118],[121.5907456289972,25.033004048695865],[121.59065367835673,25.03312333111547],[121.5906237888161,25.033130879962773],[121.59048515591184,25.033161169142883],[121.59034136741447,25.033250928109922],[121.59029801697426,25.03329073327108],[121.59018707989087,25.033422486279875],[121.59002717414572,25.033556907317173],[121.58988356255117,25.033683824427392],[121.58982397461212,25.033741045738076],[121.58974866060468,25.03392467641066],[121.58970273874613,25.03399670353845],[121.58964297294227,25.03401676620222],[121.5894549332017,25.034140762578478],[121.589398450093,25.0341780104792],[121.58939482481128,25.034180399224233],[121.58938952445321,25.034180627890986],[121.58929807776353,25.034266883031968],[121.58931138030563,25.03445445034077],[121.58950569259682,25.03459156438135],[121.58947175248477,25.034763492974076],[121.58948514086276,25.03496687697838],[121.58953555176151,25.035124901841055],[121.58955058566004,25.035154228358085],[121.58950858787455,25.035197341204032],[121.58937993436984,25.035290533055445],[121.58922483575383,25.03556691763851],[121.58912669202961,25.035811433101042],[121.58907541262371,25.0359902103642],[121.58915534065872,25.036091612026816],[121.58926781227733,25.03624713387728],[121.58932612976668,25.03650233196055],[121.5893589541868,25.036615223371367],[121.5893690668765,25.036653606451164],[121.58936676330342,25.03669204780606],[121.58935446579973,25.036716959708233],[121.58932730705261,25.03674871058339],[121.58930011593915,25.03677369057816],[121.58929531336935,25.036807609783953],[121.58930537209191,25.036834699046903],[121.58932785793336,25.036863996023172],[121.58933787252326,25.036879773368348],[121.58934044708103,25.036900112280268],[121.58932821434679,25.036938583986455],[121.58926666008551,25.03704506966841],[121.58914123764544,25.037296473318364],[121.58906476864364,25.03740076105061],[121.58900046756027,25.037452999204238],[121.58880734912267,25.037566786191206],[121.58855719827605,25.037696624941518],[121.58842358764898,25.037792092618],[121.5883546782388,25.037921204150646],[121.5882703888575,25.038185516470488],[121.58826662110333,25.038197331263458],[121.58831190548948,25.038321467589565],[121.58802018663958,25.038422385992806],[121.58799461844194,25.038431231123905],[121.58779322640783,25.038836117528817],[121.58768093121229,25.03904747944419],[121.58757558283105,25.039245734189006],[121.58757149172183,25.0392534332188],[121.58756633108685,25.03927325900757],[121.58748011239963,25.039604487367797],[121.58743643131898,25.03975089187666],[121.58742984783082,25.039749558479887],[121.58714466491168,25.039663917585813],[121.58703470985527,25.04002674516251],[121.58708513124971,25.040062278773856],[121.58678702466669,25.04087143557344],[121.58678193498,25.040885250519075],[121.58697630817244,25.040944058512075],[121.58700092879208,25.040953338771857],[121.58672792731235,25.041585170114246],[121.58657198494349,25.04155164197184],[121.58643056112417,25.041539064519625],[121.5862649536898,25.041561159614034],[121.58626464125925,25.041562144899178],[121.58608261159698,25.041617274859167],[121.58606171815906,25.041622801164518],[121.58595717328905,25.04163409226888],[121.58593025261666,25.041628763583688],[121.58567777448776,25.0415655522461],[121.58557720051034,25.041540372042935],[121.58547557087546,25.04153532868772],[121.58502616565413,25.041790170733414],[121.58455761180193,25.042055868746953],[121.58434888106598,25.042197091402844],[121.58411673646798,25.042354154646578],[121.58392614859373,25.042496372678436],[121.58354201448786,25.042786272553634],[121.58322281468688,25.043062476949473],[121.58320786060006,25.043075416711822],[121.58300852473616,25.043247901515333],[121.5828545893892,25.043376529916312],[121.58281996694154,25.043405460380708],[121.58261635854788,25.043575594808747],[121.58242278787355,25.0437373410662],[121.58242131782757,25.043738610895673],[121.58192385552584,25.044168317782525],[121.58191776722255,25.044173576817403],[121.58135415036394,25.04418813904815],[121.58120890665063,25.044665213139304],[121.5813717220663,25.044658786596457],[121.58093449812242,25.045047326841118],[121.58064191833762,25.04533920854993],[121.5806431110571,25.045592448420383],[121.58064284258997,25.0459346884531],[121.58064263026148,25.046205380505633],[121.58064255508795,25.046301220964228],[121.5806424319413,25.04645822753942],[121.58064274600555,25.046661737188384],[121.58064334246403,25.047048219847],[121.58064359103781,25.047209280557944],[121.58063681259573,25.04728507004314],[121.58061835573628,25.047404185414326],[121.58053578241258,25.04754086708034],[121.58047195104837,25.04761687049007],[121.58045931685798,25.047631023106437],[121.58025672329512,25.047857964563867],[121.58019068663393,25.047972941322076],[121.58016037747343,25.04809859405934],[121.5801350902689,25.0482826654256],[121.58012225162182,25.048423317372308],[121.58011473336842,25.04850568237999],[121.580097304645,25.04884340669038],[121.58009724586888,25.04884462861685],[121.58006741590442,25.04946477621063],[121.5800648154945,25.04951883698694],[121.58004208974131,25.04974186315041],[121.57999724435508,25.04981130107933],[121.57988600453733,25.04991996306221],[121.57970380611471,25.050106813553846],[121.57965449863019,25.050239040472846],[121.579642890908,25.050297524009576],[121.57964601244178,25.050345045955417],[121.57965056611144,25.05041437053068],[121.57965720777621,25.050458960981157],[121.57966220082626,25.050469097993833],[121.5799318653499,25.051016270536596],[121.58001743264536,25.051226658906103],[121.580031468559,25.05137248750316],[121.58003088603296,25.05146696247132],[121.58002894488509,25.051781781604127],[121.58001668249811,25.05201281981379],[121.57998207475934,25.052227721966513],[121.5797858960743,25.052938521941545]]]]},"properties":{"AREA":21956615.56584,"PERF_ID":63009.0,"COUN_ID":"6300900","CPID":"63009","CPTID":"6300900","NPID":63009.0,"NPTID":6300900.0,"PNAME":"臺北市","TNAME":"南港區","PTNAME":"臺北市南港區","TM2_MAX_X":317197.2607,"TM2_MAX_Y":2773067.1293,"TM2_MIN_X":308303.222,"TM2_MIN_Y":2767257.1129,"MAX_X":121.66605,"MAX_Y":25.06432,"MIN_X":121.57765,"MIN_Y":25.01224,"city":"臺北市","district":"南港區","store_count":253,"level":"中","source_dataset":"臺北綠色商店.csv"}},{"type":"Feature","geometry":{"type":"MultiPolygon","coordinates":[[[[121.51043623756007,25.048096893965777],[121.51061236199843,25.048186422062315],[121.51104218164669,25.04832575471653],[121.51124226548227,25.048385798025386],[121.51138687375487,25.04845615252274],[121.511465010622,25.048557097159584],[121.511680676068,25.049116536914415],[121.51196994001386,25.04986689023945],[121.51202614371404,25.050012681988967],[121.51334178234626,25.049564628488056],[121.51335022079229,25.049561754645453],[121.51346733150893,25.04952187072636],[121.51343373735337,25.0494511346042],[121.5141337245839,25.049306770579772],[121.51486016703727,25.04915694664667],[121.515929480463,25.048936400746676],[121.51647555874582,25.048783285080628],[121.51691637889698,25.048659681156206],[121.51695022950499,25.04879114735548],[121.51741607724159,25.048688311777358],[121.51741628964544,25.04873891332219],[121.51784894576589,25.04866656240471],[121.51786056551347,25.048787976400494],[121.5185854646846,25.048737391018435],[121.5189063148179,25.048549974827683],[121.51895410980062,25.048522056534445],[121.51930265250662,25.048318462826263],[121.51952679528232,25.048187533872238],[121.51960513620269,25.04817548726374],[121.52017889371218,25.048087264092178],[121.52046982679254,25.04804252820476],[121.52073280758209,25.04803270757359],[121.52117929100798,25.048016033236994],[121.52238409515017,25.047971031996976],[121.52347341313536,25.047930335903434],[121.52350403531524,25.04792846440431],[121.52372230626226,25.04791512441567],[121.52420263974669,25.047885766904745],[121.5247344863485,25.047748699192358],[121.52575541828213,25.047559416217446],[121.53289261418132,25.045468816503657],[121.53288983419792,25.04522743982989],[121.53287300763667,25.044354696025334],[121.53287280671832,25.044344274872124],[121.53286184548966,25.043775738185403],[121.53283862493141,25.042571308543863],[121.53283504312563,25.042293376472458],[121.53281970914843,25.041103503362223],[121.53281364411494,25.040632862691023],[121.53280760501855,25.04016422835837],[121.53280736643532,25.04014571415267],[121.5328030521131,25.03981091835972],[121.53279221770303,25.038970457515582],[121.53278851941641,25.03868356458211],[121.53277905837126,25.03813396796681],[121.53275970126904,25.037009480471035],[121.53275435549634,25.036698929570132],[121.53275319330905,25.03663141452577],[121.53274489267764,25.036149201856755],[121.53274432181347,25.03611603814182],[121.53273782176923,25.03573842336782],[121.53273241714177,25.0354244431468],[121.5327308534026,25.035333597712004],[121.53272490212981,25.034987856551574],[121.53272163546711,25.03479807739426],[121.5327186298467,25.034623462859667],[121.5327146870083,25.034394398517055],[121.53271155556698,25.034212509879215],[121.53271109354655,25.034185673518916],[121.5327004410292,25.033566919099744],[121.53267166279268,25.0335679233643],[121.5314748218214,25.033609684178458],[121.53112290790112,25.033621961508814],[121.53011882408823,25.033656986701374],[121.53011445040987,25.03365713925238],[121.52998033296005,25.033676938400077],[121.52993720294664,25.033683305460332],[121.52927135816157,25.033781599005835],[121.52922741998891,25.033787418629753],[121.5287293173386,25.033853391527856],[121.52782902028599,25.03397263002484],[121.52770184420004,25.033989473214156],[121.52747293917557,25.034019789089648],[121.52727919214077,25.034045446582766],[121.52723897799798,25.034050772020198],[121.5270814952685,25.034071626873363],[121.52705242608552,25.034085482401565],[121.52647868423773,25.034358948782184],[121.52635677520063,25.034417054655332],[121.52579146952269,25.03468649538013],[121.52573568493935,25.034713083715708],[121.52524119886523,25.034948766806675],[121.52492699762854,25.035098520806756],[121.5246182883809,25.035245656228945],[121.5242999872876,25.035397362233336],[121.52427877456854,25.03540747629222],[121.52369546295725,25.03442645736114],[121.5234073982479,25.03394198130133],[121.52326461246037,25.03370183812679],[121.5230982878615,25.033422092953572],[121.52274985209803,25.03283606418396],[121.52250112260381,25.0324177258538],[121.52250128398316,25.032416055092273],[121.52250557247196,25.032371089221957],[121.52250724878355,25.03235353000811],[121.52252238554432,25.032194973587536],[121.52247119887471,25.031915183862413],[121.522420519406,25.031638109774647],[121.52240639773545,25.031560912715516],[121.52233136265939,25.031150726694868],[121.5223186542733,25.031081254863594],[121.52227151750253,25.030868196114312],[121.5222633361246,25.03083121674827],[121.52219558727131,25.030524988928036],[121.52215084751747,25.03032276348823],[121.52209834859283,25.030085465384005],[121.52202517410946,25.029754710950172],[121.52197823000697,25.029542518902527],[121.52197423634398,25.029524467109514],[121.52186176049035,25.029016061629086],[121.52179053364227,25.02869408940432],[121.52176632356284,25.028584650300512],[121.52173019181892,25.028421320184997],[121.52164002643252,25.028108515693738],[121.5216962031824,25.02803120826268],[121.52201283361248,25.02759547625299],[121.52211007900948,25.027461650933166],[121.5224379032446,25.027010509431815],[121.52263822345034,25.026734833042394],[121.52265330317162,25.026714080591766],[121.52303345972099,25.026200726752915],[121.52331876781352,25.025815450469786],[121.52339699238303,25.025709816532085],[121.52423217217023,25.024581981593247],[121.52475889048132,25.02387068314581],[121.52488779442311,25.023696605328357],[121.52493782426075,25.023629042571347],[121.52497550109436,25.02358824702134],[121.52508202457115,25.02347354814375],[121.52510990264139,25.023439761384246],[121.52525195998975,25.023267594960508],[121.52533995540033,25.023171211148817],[121.52551073085117,25.02298415549106],[121.52569591990893,25.02280984548576],[121.5259186525835,25.022615646913437],[121.52625497442122,25.022322409214034],[121.5263052817091,25.02227798224115],[121.52646200274579,25.02213957969055],[121.52661831233893,25.022006046835706],[121.52675463918749,25.02188958456101],[121.52691127169125,25.021755341577553],[121.5271202993159,25.021576469379806],[121.52715225306127,25.02154912537903],[121.5273209255399,25.021403815981923],[121.52741863670829,25.021316989321633],[121.52752102178269,25.02122722091285],[121.52770246189279,25.021069177845],[121.52814474641386,25.02068392413457],[121.52816579773265,25.020665587206523],[121.52900279184824,25.01993650966402],[121.52925825187033,25.019676899718103],[121.52955278766845,25.01937757732702],[121.52977251614816,25.019154276655172],[121.53036474046019,25.01855241877293],[121.53062681457288,25.018286078956013],[121.53075230197628,25.01815854846409],[121.53076185984591,25.01815084949786],[121.53080831833029,25.01810685033382],[121.53085474665245,25.018062857772637],[121.53090114513492,25.01801887175212],[121.53094751410018,25.017974892210123],[121.5309938538706,25.017930919084396],[121.5310401647687,25.017886952312796],[121.53108644711692,25.017842991833128],[121.5311327012377,25.01779903758322],[121.53117892745348,25.01775508950084],[121.5312134471674,25.017722255969428],[121.53122512608674,25.017711147523855],[121.53127129745991,25.01766721159005],[121.53131744189547,25.01762328163723],[121.53136355971584,25.01757935760321],[121.53140965124348,25.017535439425824],[121.53145571680085,25.017491527042843],[121.53150175671037,25.017447620392108],[121.53154546902563,25.017405915930482],[121.53154777129451,25.01740371941141],[121.53159376087574,25.017359824038564],[121.53163972577644,25.017315934211386],[121.53168566631912,25.01727204986767],[121.53173158282621,25.017228170945238],[121.53177747562015,25.017184297381885],[121.53182334502333,25.01714042911542],[121.53186919135825,25.017096566083662],[121.5319150149474,25.01705270822441],[121.53196081611314,25.017008855475463],[121.53200659517793,25.016965007774637],[121.53205235246425,25.016921165059724],[121.53209808829449,25.016877327268542],[121.53214380299113,25.016833494338886],[121.53218949687661,25.016789666208567],[121.53220478349421,25.016774998781262],[121.53223517027334,25.01674584281537],[121.53228082350378,25.016702024097142],[121.53232645689036,25.01665820999164],[121.5323720707555,25.016614400436676],[121.53237972388294,25.016607047699104],[121.53241766542165,25.016570595370055],[121.53246324121127,25.016526794729597],[121.53250879844677,25.016482998453082],[121.53255433745063,25.01643920647832],[121.53259985854521,25.016395418743098],[121.53261353778139,25.016382256561897],[121.53264536205302,25.016351635185224],[121.53269084829643,25.0163078557425],[121.53273631759791,25.016264080352723],[121.53278177027988,25.016220308953695],[121.53282720666476,25.016176541483226],[121.53287262707501,25.016132777879065],[121.53291803183303,25.01608901807909],[121.5329634212613,25.016045262021013],[121.53300879568222,25.016001509642685],[121.53305415541817,25.015957760881886],[121.53309288261406,25.015920400311536],[121.53309950079165,25.0159140156764],[121.5331448321251,25.01587027396405],[121.53319014974089,25.015826535682603],[121.53323545396145,25.015782800769877],[121.53328074510925,25.01573906916366],[121.53332602350666,25.01569534080173],[121.53336181761446,25.01566076507851],[121.53337128947616,25.015651615621913],[121.53341654334015,25.015607893561967],[121.53346178542103,25.015564174559696],[121.53350701604128,25.015520458552896],[121.53355223552327,25.01547674547938],[121.5335974441895,25.015433035276896],[121.53364264236228,25.015389327883263],[121.5336878303641,25.015345623236268],[121.53373300851737,25.015301921273707],[121.53377817714453,25.01525822193336],[121.53382333656795,25.01521452515302],[121.53386848711007,25.015170830870467],[121.53391362909333,25.015127139023512],[121.53395876284019,25.015083449549934],[121.53400388867296,25.015039762387506],[121.53404900691412,25.014996077474027],[121.53409411788607,25.014952394747294],[121.53413922191125,25.014908714145083],[121.53418392975657,25.014865412904584],[121.53422941041089,25.014821359065376],[121.5342744955302,25.01477768446345],[121.53431957499235,25.014734011737193],[121.53436464911981,25.01469034082439],[121.53440971823497,25.01464667166283],[121.53445478266023,25.0146030041903],[121.53449984271802,25.014559338344547],[121.53454489873072,25.01451567406342],[121.53458995102079,25.01447201128464],[121.5346349999106,25.014428349946034],[121.53468004572257,25.01438468998535],[121.53472508877911,25.014341031340393],[121.5347701294026,25.014297373948935],[121.53481516791553,25.01425371774877],[121.53486020464022,25.014210062677652],[121.53490523989912,25.014166408673393],[121.5349502740146,25.01412275567375],[121.53499530730915,25.01407910361652],[121.53504034010506,25.014035452439458],[121.53504479776974,25.014031131603225],[121.53508537272481,25.013991802080376],[121.53513040549078,25.013948152477028],[121.5351754477349,25.0139045109657],[121.53522080406371,25.013861118152846],[121.53526654349864,25.01381802499369],[121.53531255688574,25.013775142847003],[121.53532306052021,25.013765400328253],[121.53533357091811,25.013755663252862],[121.53534408673482,25.013745930577098],[121.53535460662566,25.01373620125729],[121.535365129246,25.013726474249754],[121.53537565325112,25.013716748510756],[121.53538617729637,25.01370702299664],[121.53539670003717,25.013697296663715],[121.53540722012873,25.01368756846824],[121.53541773622652,25.01367783736657],[121.53542824698577,25.013668102314984],[121.5354387510619,25.0136583622698],[121.53544924711018,25.013648616187325],[121.53545973378598,25.013638863023864],[121.5354702097447,25.01362910173574],[121.53548067364157,25.013619331279234],[121.535491124132,25.013609550610674],[121.53550155987134,25.013599758686368],[121.53551197951485,25.013589954462624],[121.53552238171795,25.01358013689575],[121.53553276513595,25.01357030494206],[121.5355431284242,25.013560457557855],[121.53555347023803,25.013550593699467],[121.5355637892328,25.0135407123232],[121.53557408406382,25.013530812385355],[121.53558435338644,25.013520892842244],[121.53559459585601,25.013510952650197],[121.53560481012788,25.013500990765504],[121.53561499485735,25.0134910061445],[121.53562514869981,25.013480997743493],[121.53563527031059,25.0134709645188],[121.53564535834501,25.01346090542672],[121.53565541145841,25.013450819423575],[121.53566542830615,25.01344070546569],[121.53567540754358,25.013430562509363],[121.53568534782603,25.013420389510923],[121.53569524780885,25.0134101854267],[121.53570510614733,25.013399949212967],[121.53571492149689,25.013389679826076],[121.53572469251284,25.013379376222332],[121.53573441788704,25.01336903722457],[121.53574409741394,25.013358659878925],[121.5357537317623,25.013348243960227],[121.53576332157459,25.013337790264956],[121.5357728674933,25.013327299589573],[121.5357823701608,25.013316772730512],[121.5357918302196,25.01330621048424],[121.53580124831213,25.013295613647216],[121.5358106250809,25.0132849830159],[121.53581996116829,25.013274319386746],[121.53582925721682,25.013263623556206],[121.53583851386887,25.01325289632074],[121.53584773176702,25.013242138476784],[121.53585691155361,25.013231350820814],[121.5358660538711,25.01322053414928],[121.53587515936202,25.013209689258638],[121.5358842286688,25.01319881694535],[121.53589326243389,25.013187918005848],[121.53590226129974,25.013176993236584],[121.5359112259088,25.013166043434058],[121.53592015690353,25.013155069394674],[121.5359290549264,25.013144071914915],[121.53593792061986,25.013133051791193],[121.53594675462637,25.013122009820027],[121.53595555758837,25.01311094679782],[121.53596433014832,25.013099863521052],[121.53597307294869,25.013088760786154],[121.53598178663196,25.01307763938959],[121.53599047184052,25.0130665001278],[121.53599912921693,25.01305534379727],[121.53600775940347,25.013044171194405],[121.5360163630428,25.013032983115696],[121.53602494077727,25.01302178035758],[121.53603349324936,25.013010563716495],[121.5360420211015,25.01299933398891],[121.53605052497618,25.01298809197128],[121.53605900551581,25.012976838460048],[121.5360674633629,25.012965574251663],[121.53607589915991,25.01295430014257],[121.53608431354921,25.01294301692925],[121.53609270717337,25.01293172540811],[121.53610108067477,25.012920426375636],[121.53610943469593,25.012909120628258],[121.5361177683204,25.012897805532926],[121.5361260775399,25.012886472375737],[121.53613436186514,25.01287512077562],[121.53614262101904,25.01286375082558],[121.5361508547244,25.012852362618535],[121.53615906270404,25.012840956247498],[121.53616724468094,25.01282953180542],[121.53617540037786,25.01281808938526],[121.53618352951771,25.012806629080004],[121.53619163182331,25.012795150982633],[121.53619970701759,25.012783655186098],[121.53620775482332,25.012772141783383],[121.53621577496341,25.01276061086744],[121.53622376716078,25.012749062531242],[121.5362317311382,25.012737496867782],[121.53623966661857,25.012725913970012],[121.53624757332477,25.01271431393091],[121.53629596456128,25.012641937067787],[121.53634315272954,25.012568911991234],[121.53638906211411,25.012495255225115],[121.53643361699973,25.012420983293403],[121.53647709760062,25.01234622846623],[121.53651996278754,25.01227116350921],[121.53656229052807,25.01219582787116],[121.5366041577066,25.012120260650505],[121.53664564120754,25.012044500945535],[121.53668681791497,25.01196858785446],[121.53672776471308,25.011892560475477],[121.53676855848572,25.0118164579066],[121.53680927611667,25.011740319245842],[121.53684999448963,25.011664183591083],[121.53689079048803,25.011588090040146],[121.53693174099527,25.011512077690778],[121.53697304855126,25.011436215057362],[121.537015630948,25.01136069138892],[121.53705809617642,25.0112850788095],[121.53709849308129,25.011208813164096],[121.53712001422548,25.011162973767867],[121.53713487051155,25.01113133029961],[121.53713613005937,25.011127301075764],[121.53711727381392,25.01112385903034],[121.53709798478407,25.01112033524424],[121.53707869625056,25.011116808814897],[121.53705940821828,25.011113279749004],[121.53704012069223,25.011109748053233],[121.53702083367732,25.011106213734287],[121.53700154717848,25.011102676798856],[121.53698226120063,25.01109913725361],[121.53696297574878,25.011095595105257],[121.5369436908278,25.01109205036048],[121.53692440644262,25.01108850302598],[121.53690512259821,25.011084953108437],[121.53688583929954,25.01108140061452],[121.53686655655144,25.01107784555095],[121.53684727435898,25.01107428792441],[121.53682799272698,25.011070727741558],[121.53680871166046,25.011067165009134],[121.53678943116431,25.01106359973379],[121.53677015124349,25.01106003192223],[121.53675087190288,25.011056461581145],[121.53673159314752,25.011052888717195],[121.53671231498227,25.011049313337118],[121.53669303741208,25.011045735447567],[121.53667376044191,25.011042155055254],[121.53665448407668,25.011038572166846],[121.53663520832134,25.01103498678905],[121.5366159331808,25.011031398928537],[121.53659665866002,25.011027808592026],[121.53657738480587,25.01102421567432],[121.53655811593936,25.011020600597007],[121.53653885393035,25.01101695298074],[121.53651959761206,25.011013278431477],[121.53650034581767,25.011009582555157],[121.53648109738036,25.011005870957753],[121.53646185113352,25.011002149245233],[121.53644260591027,25.010998423023526],[121.53642336054381,25.0109946978986],[121.53640411386742,25.010990979476418],[121.5363848647142,25.010987273362925],[121.5363656119175,25.010983585164063],[121.53634635431044,25.01097992048581],[121.53632709072622,25.0109762849341],[121.53630781999804,25.010972684114893],[121.53629853035517,25.01097096849057],[121.53628854095912,25.010969123634137],[121.53626925244261,25.0109656090978],[121.53625956711345,25.010964021862435],[121.53624988467365,25.010962435099916],[121.53623033998717,25.010960005920637],[121.53621075886495,25.01095776400543],[121.53619129188723,25.010955113534962],[121.53617208963472,25.010951458689966],[121.5361531685189,25.010946707814636],[121.53613429782303,25.010941717171235],[121.536115468955,25.010936537253553],[121.53609668360555,25.010931181175494],[121.53607794346554,25.010925662050916],[121.53605925022578,25.01091999299372],[121.53604060557701,25.010914187117738],[121.5360220112101,25.010908257536897],[121.53600346881574,25.01090221736505],[121.53598498008473,25.01089607971608],[121.53596654618755,25.010889853341716],[121.53594816466857,25.010883457605196],[121.53592985723435,25.010876837300746],[121.53591165266657,25.010869965126215],[121.53589357974687,25.010862813779504],[121.53587566725699,25.01085535595844],[121.53585794397858,25.010847564360972],[121.5358404385965,25.010839411900207],[121.53582306319194,25.010831042956028],[121.53580572379417,25.01082259836727],[121.53578842112444,25.010814079317807],[121.53577115590399,25.0108054869915],[121.53575392885412,25.010796822572193],[121.53573674069605,25.010788087243778],[121.53571959215115,25.01077928219014],[121.53570248394055,25.010770408595114],[121.53568541678563,25.010761467642553],[121.53566839140757,25.010752460516365],[121.53565140852767,25.010743388400403],[121.53563446886717,25.01073425247853],[121.53561757314735,25.010725053934607],[121.53560072208947,25.010715793952542],[121.53558391641478,25.01070647371615],[121.53556714576493,25.01069710768248],[121.53555037152375,25.01068774414264],[121.53553359116037,25.010678386371552],[121.53551680563827,25.010669033212544],[121.535500015921,25.010659683508962],[121.53548322297199,25.01065033610416],[121.53546642775468,25.010640989841466],[121.53544963123264,25.010631643564235],[121.53543283436926,25.0106222961158],[121.53541603812812,25.010612946339556],[121.53539924347263,25.010603593078795],[121.53538245136632,25.010594235176878],[121.5353656627726,25.010584871477167],[121.53534887865504,25.010575500823006],[121.53533209997711,25.010566122057735],[121.53531532770224,25.010556734024714],[121.53529856279397,25.01054733556728],[121.53526470513887,25.010528302517756],[121.53523088831851,25.01050921239451],[121.53519712013257,25.010490055543166],[121.53516340838078,25.01047082230935],[121.535129760863,25.01045150303869],[121.5350961853789,25.010432088076826],[121.53506268972836,25.0104125677694],[121.53502928171108,25.010392932462086],[121.53499596912684,25.010373172500525],[121.53496275977548,25.01035327823037],[121.53492966145677,25.010333239997323],[121.53489668197057,25.01031304814705],[121.53486384727378,25.010292669082574],[121.5348313341026,25.010271868288587],[121.53479914618022,25.01025063967387],[121.5347672343422,25.010229047596408],[121.53473554942404,25.01020715641414],[121.53470404226135,25.01018503048497],[121.53467266368952,25.010162734166737],[121.53464136454406,25.010140331817276],[121.53461009566033,25.010117887794348],[121.53457880787374,25.01009546645569],[121.53454745201962,25.010073132158986],[121.53451597893337,25.01005094926192],[121.53448433945016,25.010028982122062],[121.53445248440526,25.010007295097036],[121.53442036463397,25.009985952544344],[121.53438793097138,25.009965018821447],[121.53435514007032,25.00994455065942],[121.53432220994311,25.00992426310503],[121.53428927211468,25.00990398441166],[121.53425632661086,25.009883714594995],[121.53422337345735,25.009863453670718],[121.53419041267998,25.0098432016545],[121.53415744430455,25.009822958562022],[121.53412446835682,25.009802724408964],[121.53409696792578,25.009785861379672],[121.5340914848626,25.00978249921101],[121.53405849384764,25.009762282983843],[121.53402549533776,25.00974207574313],[121.53399248935875,25.009721877504546],[121.53395947593634,25.009701688283776],[121.5339264550964,25.009681508096506],[121.53389342686465,25.009661336958413],[121.53386039126691,25.009641174885175],[121.53382734832897,25.00962102189247],[121.53379429807659,25.009600877995982],[121.53376124053557,25.009580743211362],[121.53372817573168,25.009560617554342],[121.53369510369075,25.009540501040547],[121.53366202443851,25.0095203936857],[121.53362893800079,25.00950029550544],[121.53359584440334,25.009480206515494],[121.53356274367196,25.0094601267315],[121.53352963583245,25.00944005616915],[121.53349652091059,25.009419994844144],[121.53346339893217,25.009399942772134],[121.53343026992296,25.009379899968806],[121.53339713390878,25.009359866449838],[121.53336399091536,25.009339842230926],[121.53333084096852,25.009319827327726],[121.53329768409404,25.009299821755935],[121.5332645203177,25.00927982553122],[121.5332313496653,25.009259838669273],[121.53319817216261,25.009239861185765],[121.53316498783542,25.009219893096393],[121.5331317967095,25.009199934416806],[121.53309859881067,25.0091799851627],[121.5330653941647,25.009160045349763],[121.53303218279737,25.00914011499367],[121.53299896473449,25.009120194110075],[121.53296574000181,25.00910028271469],[121.53293250862511,25.00908038082319],[121.5328992706302,25.009060488451258],[121.53286602604287,25.009040605614548],[121.53283277488889,25.009020732328775],[121.53279951719406,25.009000868609586],[121.53276625298413,25.00898101447268],[121.53273298228494,25.008961169933738],[121.53269970512221,25.008941335008437],[121.5326664215218,25.008921509712454],[121.53263313150943,25.00890169406146],[121.53259983511089,25.008881888071155],[121.53256653235202,25.008862091757194],[121.53253322325854,25.008842305135307],[121.53249990785629,25.008822528221096],[121.53246658617098,25.008802761030303],[121.5324332582285,25.008783003578596],[121.53239992405453,25.00876325588165],[121.5323665836749,25.008743517955136],[121.53233323711542,25.008723789814724],[121.53229988440185,25.00870407147615],[121.53226652555998,25.008684362955034],[121.53223316061556,25.00866466426709],[121.53219978959442,25.00864497542799],[121.53216641252233,25.0086252964534],[121.53213302942505,25.008605627359024],[121.53209964032841,25.008585968160514],[121.53206624525819,25.008566318873573],[121.53203284424013,25.008546679513874],[121.5319994322759,25.00852704714499],[121.53199471038823,25.00853570231858],[121.5315784515718,25.00827671886622],[121.53152187793462,25.00836147584584],[121.5308231738454,25.008977522509607],[121.53044088840389,25.009211738099864],[121.52998375420685,25.009491808984166],[121.52948828235779,25.00988539274468],[121.5294487776034,25.009890094580037],[121.52940907990195,25.009893863947166],[121.5293692861419,25.009897139048753],[121.5293294932113,25.009900358087634],[121.52928979799756,25.009903959266722],[121.52925029738759,25.009908380789067],[121.52921108826773,25.009914060857813],[121.52917226695052,25.009921435081964],[121.52913376262872,25.009930168171003],[121.5290954511667,25.009939696357854],[121.52905730048342,25.009949890279575],[121.52901927849796,25.009960620573196],[121.52898135312957,25.00997175787572],[121.52894349229771,25.009983172824086],[121.52890566392185,25.00999473605525],[121.52886783592174,25.0100063182061],[121.52882997621724,25.010017789913455],[121.5287920527283,25.010029021814194],[121.52875403337507,25.01003988454505],[121.5287158860778,25.010050248742814],[121.52867747599717,25.01005967044564],[121.52863813414449,25.010066057808675],[121.52859836674001,25.010070951271636],[121.52855893596477,25.010076686792292],[121.52852060399698,25.010085600329365],[121.5284834483858,25.01009812154394],[121.5284463740033,25.010111245333945],[121.52840939314802,25.010124864917053],[121.52837256371716,25.01013899512168],[121.52833594360791,25.010153650776363],[121.5282995907176,25.01016884670968],[121.52826356294337,25.01018459775018],[121.52822791818264,25.010200918726607],[121.5281927143326,25.010217824467645],[121.52815800929069,25.01023532980206],[121.52812437522053,25.01025432516276],[121.52809247449635,25.01027595719603],[121.52806167631395,25.010299263295938],[121.52803132016498,25.010323231947773],[121.52800074554162,25.010346851636267],[121.52796929193637,25.01036911084567],[121.52793629917501,25.010388998746024],[121.52790173398364,25.010406806437107],[121.52786604716975,25.01042335587],[121.52782937760104,25.010438592581423],[121.52779186414534,25.01045246210819],[121.52775364567071,25.01046490998721],[121.52771486104533,25.01047588175557],[121.52771135247347,25.01047704093446],[121.52770784525616,25.010478204626935],[121.52770433940867,25.010479372826886],[121.52770083494636,25.010480545528218],[121.52769733188454,25.010481722724855],[121.52769383023849,25.010482904410683],[121.52769033002359,25.010484090579638],[121.52768683125512,25.010485281225595],[121.52768333394842,25.010486476342475],[121.52767983811881,25.010487675924203],[121.5276763437816,25.010488879964655],[121.52767285095209,25.01049008845774],[121.52766935964567,25.010491301397387],[121.52766586987757,25.010492518777514],[121.52766238166316,25.010493740591983],[121.52765889501774,25.010494966834738],[121.52765540995667,25.01049619749966],[121.5276519264952,25.01049743258068],[121.52764844464873,25.010498672071698],[121.52764496443254,25.010499915966616],[121.52764148586195,25.010501164259335],[121.52763800895227,25.010502416943783],[121.52763453371887,25.01050367401384],[121.52763106017697,25.010504935463437],[121.52762758834199,25.010506201286468],[121.5276241182292,25.01050747147685],[121.52762064985396,25.010508746028478],[121.52761718323151,25.010510024935265],[121.52761371837725,25.010511308191123],[121.52761025530647,25.01051259578994],[121.52760679403451,25.010513887725654],[121.52760333457665,25.010515183992137],[121.52759987694823,25.01051648458332],[121.52759642116456,25.010517789493107],[121.52759296724099,25.01051909871542],[121.52758951519282,25.010520412244134],[121.52758606503536,25.010521730073172],[121.52758261678393,25.01052305219644],[121.5275791704539,25.010524378607844],[121.5275757260605,25.01052570930128],[121.52757228361914,25.010527044270695],[121.52756884314512,25.010528383509946],[121.52756540465369,25.010529727012976],[121.52756196816023,25.010531074773667],[121.52755853368006,25.010532426785957],[121.5275551012285,25.01053378304372],[121.52755167082084,25.010535143540878],[121.52754824247243,25.010536508271343],[121.52754481619858,25.010537877229016],[121.52754139201461,25.010539250407803],[121.52753796993585,25.010540627801607],[121.52753454997762,25.01054200940435],[121.52753113215518,25.010543395209933],[121.52752771648395,25.01054478521224],[121.52752430297916,25.010546179405228],[121.52752089165622,25.01054757778277],[121.52751748253037,25.010548980338758],[121.52751407561696,25.010550387067124],[121.52751067093132,25.01055179796177],[121.52750726848875,25.010553213016625],[121.52750386830458,25.010554632225546],[121.52750047039413,25.010556055582487],[121.5274970747727,25.010557483081318],[121.52749368145565,25.01055891471599],[121.52749029045833,25.010560350480375],[121.52748690179592,25.010561790368385],[121.52748351548392,25.010563234373944],[121.5274801315375,25.010564682490934],[121.52747674997204,25.010566134713283],[121.52747337080288,25.010567591034892],[121.5274699940453,25.010569051449675],[121.52746661971464,25.01057051595151],[121.52746324782626,25.010571984534344],[121.52745987839539,25.01057345719206],[121.52745651143744,25.010574933918576],[121.52745314696766,25.010576414707785],[121.52744978500141,25.0105778995536],[121.52744642555402,25.01057938844994],[121.52744306864079,25.010580881390712],[121.52743971427701,25.010582378369797],[121.52743636247803,25.010583879381134],[121.5274330132592,25.01058538441861],[121.5274296666358,25.01058689347614],[121.52742632262314,25.010588406547626],[121.52742298123657,25.01058992362699],[121.52741964249141,25.010591444708123],[121.52741630640294,25.01059296978494],[121.52741297298655,25.01059449885134],[121.527409639542,25.010596030406653],[121.52740630521866,25.010597560595787],[121.52740296999404,25.010599089530476],[121.5273996338342,25.01060061733659],[121.52739629670512,25.010602144139988],[121.52739295857292,25.01060367006656],[121.52738961940354,25.010605195242178],[121.52738627916308,25.010606719792758],[121.52738293781756,25.01060824384412],[121.52737959533303,25.010609767522194],[121.52737625167549,25.010611290952824],[121.52737290681101,25.0106128142619],[121.5273398207879,25.01062785504178],[121.52730371881874,25.010644260723556],[121.52724826648907,25.01066968185183],[121.5272080332334,25.010688440435864],[121.52720657167363,25.01068915427582],[121.52710623851392,25.010738157910037],[121.52702941218902,25.01077899345814],[121.52696398749801,25.01081708916198],[121.52692527392215,25.010841412621517],[121.52686237702204,25.010882171641068],[121.52677571558976,25.010940005701734],[121.52665099166846,25.011026196355214],[121.52655665146469,25.01109325711685],[121.52650162029691,25.01113314361609],[121.52642722394071,25.011187065898913],[121.5263478651769,25.01124519887205],[121.52630503049423,25.011276650900413],[121.52621931152646,25.011339555096107],[121.52617690094714,25.01137057223849],[121.52615521151687,25.01138639398764],[121.52613252436284,25.011402905399244],[121.52606739484608,25.01144996457031],[121.52600111518049,25.011496829163452],[121.52596828251443,25.011520273904754],[121.52595511654398,25.011529836088854],[121.52593319104943,25.01154607393348],[121.52591197868657,25.01156226411227],[121.52590706108786,25.011566100389867],[121.52590186712108,25.011570181403357],[121.52589354340307,25.011576828437146],[121.52588522997605,25.011583565715046],[121.52588197189041,25.011586240526313],[121.52586183300767,25.01160324845861],[121.52584418516129,25.011618929476914],[121.52583401061749,25.01162834565045],[121.52581047782432,25.011651035223],[121.52578776568082,25.011673333681937],[121.5257556439547,25.01170554214636],[121.52570449112093,25.011758988776673],[121.52568874169071,25.0117761075609],[121.52567744084219,25.01178859725895],[121.5256705089729,25.01179637690034],[121.52566410983344,25.011803622000397],[121.52565150973831,25.011818120527206],[121.52563971923972,25.011831957139943],[121.52562879735967,25.011845032321087],[121.52561128352593,25.01186660818643],[121.52560435579865,25.011875362844723],[121.52556670271012,25.01192552062304],[121.52517520790757,25.012073621813315],[121.52481925612024,25.012364194943093],[121.52460745999797,25.012537088833874],[121.52410319289356,25.013043592122816],[121.52398113193324,25.013161286717896],[121.52347274620635,25.013651483000096],[121.52283418155757,25.01427341469023],[121.52243253832897,25.01466459156665],[121.52212639616567,25.014971872448207],[121.5218001918649,25.01529928772909],[121.52175490291674,25.015344744612445],[121.52158382420645,25.0155623505584],[121.52155026586874,25.015605035440814],[121.52139835693455,25.015822189182696],[121.52126710820379,25.01600980844134],[121.52121876328178,25.016091315042832],[121.52107853830263,25.016327725149004],[121.52106508228236,25.016353443229235],[121.52090955606008,25.016650694889012],[121.5208744458413,25.016717799566255],[121.5207459002363,25.017005394817204],[121.52065495197186,25.017208872625975],[121.52054550844707,25.017526511531024],[121.52048348153527,25.017829563646572],[121.52045268077448,25.018031561437862],[121.52045353199664,25.018233448418417],[121.52048597455084,25.01842080408719],[121.52055038858697,25.018621855985423],[121.52050986169809,25.01865410128731],[121.5198150441976,25.0192069299364],[121.51960274924593,25.01934634310331],[121.51948403680633,25.019424300775533],[121.51946434106932,25.01943723449401],[121.5190237863395,25.01972653484384],[121.5189387189534,25.01977031578665],[121.51850276353441,25.019994684186788],[121.51818962655531,25.02015584167967],[121.51752472531761,25.02040365880812],[121.51722670269064,25.020513575088817],[121.51717105284567,25.020534099697837],[121.51674679725696,25.02072939016974],[121.51631808327649,25.020908051742726],[121.5161844315814,25.02096374917765],[121.51615274295607,25.020976954934753],[121.5155727370456,25.021198630214734],[121.51552908944593,25.0212022943335],[121.51509115475767,25.021239057254647],[121.51505585262127,25.021242895755],[121.5143547076742,25.021319131429813],[121.51374603671518,25.021463374537255],[121.51362650266334,25.021501127097405],[121.51320832511456,25.021633199600018],[121.51286030198027,25.021687334058562],[121.51277014599296,25.023630851018478],[121.51275481389006,25.02396144054511],[121.51242191713499,25.02398282948186],[121.5124223794694,25.02409417139214],[121.51224920941755,25.024099344162526],[121.51205783051452,25.024105060615295],[121.51157745996856,25.024235283738697],[121.51122594325773,25.024330574105463],[121.51113342563083,25.024355653941946],[121.510127614012,25.02462830671682],[121.51008922258501,25.024638713605967],[121.50941639943476,25.024821096080604],[121.50929714304974,25.024853422589977],[121.50926722302454,25.02487680614572],[121.50914276633623,25.024974073281722],[121.50913071743629,25.02498348989334],[121.50906580988551,25.025034217237913],[121.5088460304165,25.025220702052863],[121.50862773302863,25.025405928434328],[121.50841240888893,25.025588631146594],[121.5081784969876,25.025787104629085],[121.50812371299858,25.025833588519767],[121.50786648991182,25.026051840053665],[121.50760475574984,25.026273917953105],[121.50757955152041,25.026295303334997],[121.50706624652966,25.026730831807956],[121.50704164260887,25.026751707595466],[121.50670424133422,25.027114895313222],[121.5064747572488,25.027361916446438],[121.50632269034735,25.02752560348201],[121.50607940934269,25.027787473493074],[121.50590020661508,25.027980368071894],[121.50587784150916,25.02800444191003],[121.50568517183822,25.028211831347093],[121.50546906958512,25.02844444247261],[121.5052503422719,25.02867987799164],[121.5050062860739,25.028942575794826],[121.5048835307881,25.029074706857003],[121.5047904502031,25.029174896456254],[121.5047771751808,25.029189185338247],[121.5045779808318,25.029403592317944],[121.50416091940922,25.029852501796512],[121.5041550467447,25.02998589744531],[121.50413758290733,25.030382581431212],[121.50413534368788,25.03043344424629],[121.50412189506449,25.03073892269274],[121.50409997734249,25.03123676970682],[121.50467348082152,25.03228703754911],[121.50472301446608,25.032377748487757],[121.5048633847738,25.032634807726687],[121.5050706250374,25.033014323224936],[121.50507308489492,25.033018827903163],[121.50527909012598,25.033396079006163],[121.5053957215797,25.033609661453603],[121.50562131369675,25.03402277672007],[121.50566494632756,25.03410267854924],[121.50568641435748,25.034141991625575],[121.50565937621515,25.03416558826109],[121.50546519664319,25.034335051588695],[121.50561232796092,25.034489084860766],[121.50568531143949,25.034565494231813],[121.5060337601695,25.034930297541703],[121.50617983109032,25.035221330685008],[121.5063583318584,25.035576975258333],[121.50649906776884,25.03602228766975],[121.50657125872563,25.036250710812926],[121.5067746380334,25.037120487294107],[121.50670161343089,25.03713891262293],[121.50665265864527,25.0371512647112],[121.50657520816007,25.0372122607055],[121.50652007946456,25.037303542020194],[121.50650943811496,25.037414912639452],[121.50651110745711,25.03742188951716],[121.50652762937845,25.037490941477824],[121.5065433159224,25.037556501973263],[121.50666575312366,25.037637057421087],[121.5068021905909,25.038072755980128],[121.50692168232018,25.038454337389922],[121.50716794938954,25.039240751423325],[121.50724061997273,25.039472811097603],[121.50737437498346,25.039899929793936],[121.50750011075354,25.04030143714915],[121.50756838156104,25.04051944259322],[121.50771316145693,25.0409817575751],[121.50790115171304,25.04158204742326],[121.50805506429447,25.04208904447773],[121.50807880380356,25.042167243409697],[121.50817594104876,25.042487216426018],[121.50839384517221,25.04320499265761],[121.5087228174731,25.044288610388698],[121.50898019788346,25.04513639379222],[121.50900478791894,25.045217390066497],[121.50903323829245,25.04531110163231],[121.50911785588207,25.045589820801265],[121.50923784449007,25.045985045101215],[121.5093953637103,25.04650388539718],[121.50955080483789,25.047015876200934],[121.50960527042777,25.04719527345971],[121.50964292293807,25.047319291930613],[121.50977715102921,25.047561749630052],[121.50994425954772,25.04770288063383],[121.51028945155512,25.04795473392961],[121.51042935628833,25.04809106277471],[121.51043436208306,25.048095940615898],[121.51043623756007,25.048096893965777]]]]},"properties":{"AREA":7561040.61587,"PERF_ID":63005.0,"COUN_ID":"6300500","CPID":"63005","CPTID":"6300500","NPID":63005.0,"NPTID":6300500.0,"PNAME":"臺北市","TNAME":"中正區","PTNAME":"臺北市中正區","TM2_MAX_X":304214.1482,"TM2_MAX_Y":2771414.8215,"TM2_MIN_X":300871.4014,"TM2_MIN_Y":2766799.5317,"MAX_X":121.53731,"MAX_Y":25.04992,"MIN_X":121.50401,"MIN_Y":25.00837,"city":"臺北市","district":"中正區","store_count":425,"level":"中","source_dataset":"臺北綠色商店.csv"}},{"type":"Feature","geometry":{"type":"MultiPolygon","coordinates":[[[[121.5799506266546,25.049504134912333],[121.57995519176859,25.049462994506676],[121.58006741694864,25.049464777501456],[121.58009724673278,25.04884462905895],[121.5800973044909,25.04884340610475],[121.58011473343755,25.048505682536096],[121.58012225228917,25.048423317630416],[121.58013509080241,25.04828266526015],[121.58016037791292,25.04809859514386],[121.58019068700634,25.047972942364343],[121.58025672405252,25.047857965031746],[121.58045931811264,25.047631023273734],[121.58047195034538,25.047616870379134],[121.58053578180235,25.04754086686165],[121.58061835573066,25.047404186466526],[121.58063681274076,25.047285071013626],[121.58064359093318,25.04720928106769],[121.58064334166423,25.047048220714267],[121.5806427462743,25.046661738216994],[121.5806424319828,25.046458228086113],[121.58064255507591,25.046301221269108],[121.58064263054216,25.046205380841126],[121.58064284245542,25.045934689075068],[121.58064311179247,25.04559244841186],[121.58064191915877,25.045339209835554],[121.58093449787344,25.04504732706037],[121.5813717233838,25.04465878744133],[121.5812089066982,25.04466521357918],[121.58135415152319,25.044188140175535],[121.58191776713589,25.044173577975283],[121.58192385687954,25.044168317712014],[121.58242131710672,25.04373861156631],[121.58242278757633,25.043737341745608],[121.58261635995878,25.0435755952524],[121.58281996795122,25.0434054616334],[121.58285458947893,25.043376529689684],[121.58300852424325,25.04324790283388],[121.5832078612176,25.043075416585186],[121.58322281562474,25.04306247652178],[121.58354201572355,25.042786272761354],[121.58392614914229,25.042496372487747],[121.58411673745762,25.042354155931267],[121.58434888104169,25.04219709248471],[121.58455761206281,25.042055869150268],[121.58502616715464,25.041790170038155],[121.5854755719846,25.041535327978824],[121.58557720180616,25.04154037327454],[121.5856777756293,25.041565553335],[121.58593025284952,25.04162876356652],[121.58595717348517,25.04163409218095],[121.5860617185644,25.04162280091971],[121.58608261228868,25.04161727490825],[121.58626464204906,25.041562146154295],[121.5862649549032,25.04156115913248],[121.58643056082191,25.04153906402994],[121.58657198455566,25.04155164170927],[121.58672792764371,25.041585169822905],[121.58700092982728,25.040953339716296],[121.58697630947158,25.040944058501342],[121.58678193579368,25.040885250307827],[121.58678702517199,25.040871435246707],[121.58708513100805,25.04006228007422],[121.58703470964971,25.040026746282862],[121.58714466470413,25.039663917840162],[121.58742984835338,25.03974955924689],[121.58743643115083,25.039750892605962],[121.58748011338812,25.03960448778313],[121.58756633161248,25.03927325840486],[121.58757149321765,25.03925343407982],[121.58757558275326,25.039245735488386],[121.58768093128967,25.039047480294734],[121.58779322708885,25.03883611781338],[121.58799461886136,25.038431231882303],[121.58802018723345,25.03842238645433],[121.58831190481762,25.038321468307224],[121.58826662085735,25.03819733145683],[121.58827038947555,25.038185516841928],[121.58835467814497,25.03792120530447],[121.5884235876934,25.037792093478195],[121.58855719862578,25.037696625659724],[121.588807350483,25.037566786871704],[121.58900046734662,25.03745299925003],[121.5890647683911,25.03740076101337],[121.58914123791565,25.037296472971054],[121.58926666093183,25.037045070951656],[121.58932821539611,25.036938584950867],[121.58934044808151,25.036900112761227],[121.58933787352478,25.036879774089243],[121.58932785900447,25.036863996570744],[121.58930537306374,25.036834699465796],[121.58929531418242,25.03680761008377],[121.58930011654344,25.036773690744784],[121.58932730815822,25.036748710644222],[121.58935446680391,25.03671695964744],[121.58936676425793,25.036692047977162],[121.58936906761635,25.03665360634841],[121.58935895537721,25.036615223328297],[121.5893261309498,25.0365023317679],[121.58926781315567,25.036247134367397],[121.58915534104433,25.036091612060734],[121.58907541314892,25.035990210393727],[121.58912669261211,25.035811432398905],[121.58922483702027,25.035566918365745],[121.58937993587189,25.03529053289549],[121.58950858748915,25.035197342568583],[121.58955058572087,25.035154227791388],[121.58953555188327,25.035124901146983],[121.58948514104627,25.03496687804023],[121.58947175218474,25.034763493517683],[121.58950569239921,25.0345915645461],[121.58931138176416,25.03445445163703],[121.58929807910683,25.034266883978884],[121.58938952444588,25.0341806282924],[121.58939482455165,25.034180399534907],[121.58939844988733,25.03417801077982],[121.58945493333509,25.03414076322503],[121.58964297372255,25.03401676621591],[121.58970273984808,25.03399670365875],[121.58974866131013,25.033924676280773],[121.58982397583365,25.033741045070823],[121.58988356169584,25.033683825729064],[121.59002717387466,25.033556908358477],[121.59018708035012,25.03342248672271],[121.59029801749708,25.033290733543815],[121.59034136788621,25.033250928155383],[121.59048515695768,25.033161169279364],[121.59062379029027,25.03313087999688],[121.5906536782924,25.03312333116123],[121.59074562897017,25.033004048472126],[121.59080764447201,25.032884886386167],[121.59085352018141,25.032805419983553],[121.59088617883471,25.03274296949467],[121.59127862554435,25.03239481354393],[121.59165310932097,25.03212373856767],[121.5917460282732,25.031923605778122],[121.59187239681604,25.03176458798107],[121.59202296455292,25.031634219681735],[121.5921574797743,25.031289482879217],[121.59209959440882,25.031118740161123],[121.59186817398408,25.030884373758404],[121.591654861162,25.030645909637776],[121.59161299052896,25.03036176540791],[121.59133886323426,25.030085661363877],[121.59117031941801,25.030002407035933],[121.59087289462241,25.029969346679152],[121.59069677337516,25.029861746121554],[121.59061954630319,25.029843843764347],[121.59044836168648,25.029893943373366],[121.59036240248571,25.029842265067316],[121.59029078319062,25.029803521338014],[121.59022478264166,25.029743954518516],[121.59017573466473,25.029642701236426],[121.59015545475316,25.029585545967574],[121.59006374276551,25.02952608115954],[121.5899920849439,25.02947694615371],[121.58982879940527,25.02938654681592],[121.58971998132756,25.029334950020246],[121.58959125454524,25.02930164137963],[121.58948251061004,25.02926565362631],[121.58942506919531,25.029203443375366],[121.5893960054614,25.029099512469006],[121.58935859389175,25.029042432177455],[121.58930414267122,25.02900882874748],[121.58922972297613,25.028980505059288],[121.58915242212133,25.028946992704473],[121.58910652735433,25.028908155235094],[121.58904624481016,25.028848565206875],[121.58896872055783,25.028768225093415],[121.58892023544814,25.02878662647312],[121.58889225126832,25.028765585045072],[121.58888582713138,25.028760753187314],[121.58881978337784,25.0287002381212],[121.58866534903855,25.028647250255396],[121.58853898702615,25.028604362170977],[121.58838751548564,25.028584541871556],[121.58832008994956,25.028554176576705],[121.58824374035711,25.0284166479554],[121.58816440465094,25.028240833566212],[121.58804281014699,25.028021807196883],[121.58785419044632,25.027854082567305],[121.58775280952945,25.027757495404046],[121.58761480658019,25.027625310520918],[121.58743475780138,25.027490737110433],[121.58719269135268,25.0272874991223],[121.58694258479886,25.027158311517315],[121.58682150571623,25.02704647187153],[121.58674520729738,25.026919152763767],[121.58662406370773,25.026792002886857],[121.58653567610318,25.0264809475168],[121.5865153538728,25.02633298573358],[121.58647263495988,25.026192768295086],[121.58635898475806,25.02587415811988],[121.58631633954424,25.02574925175259],[121.58624592928692,25.025680609605597],[121.58613621192393,25.025599365566343],[121.58600676896971,25.025495222983167],[121.58595040651882,25.025434191214124],[121.58592168325508,25.025288808733194],[121.58586200525556,25.025118025717937],[121.58583650205684,25.025059416922407],[121.58571530254751,25.024922063063613],[121.58565895073757,25.024861020662136],[121.58563146712946,25.024826127622166],[121.58558280026433,25.024764334168975],[121.58547585204983,25.0246754139022],[121.58538288958094,25.02458133761203],[121.58532632023062,25.02447436166034],[121.58527240931036,25.024336733632897],[121.58525781976493,25.02421682779095],[121.58517847904136,25.024038466430074],[121.58512454430199,25.023895737559865],[121.58509321360975,25.023791207358727],[121.58505887365926,25.02364330101449],[121.58507794728197,25.02352836352101],[121.5850776205562,25.023459444926132],[121.5850435463085,25.02336769118003],[121.58504295416407,25.023363974068435],[121.58501650626398,25.023198404284848],[121.58499456845,25.023127187532218],[121.58501830424753,25.023009079258646],[121.5850150844921,25.02289846194275],[121.58499537597675,25.02272889546179],[121.5849865816284,25.02258141147413],[121.58499690403626,25.022480572863625],[121.58495790417659,25.022227489597572],[121.58487883108201,25.022065540990475],[121.58477012546864,25.021918450563923],[121.584620865926,25.02175923214714],[121.58457206841585,25.02171762410654],[121.58447204855072,25.02169343377368],[121.58440978154407,25.021659254701273],[121.58435543370025,25.02158570929725],[121.58432273146072,25.021521920719078],[121.58431146582637,25.021423622367465],[121.5843327749909,25.021362075778182],[121.58438896630118,25.021253672008456],[121.5844399344115,25.021184632746685],[121.58444494995668,25.021103477919308],[121.5844334753284,25.020960924527532],[121.58439983033063,25.020697990189575],[121.58436936767036,25.02053583969722],[121.58434210092031,25.02047940416267],[121.58428214525769,25.020364089634114],[121.584211482035,25.020266017515638],[121.58412206501836,25.02019999469039],[121.5840679739307,25.020180534923472],[121.58404062533495,25.020106883307374],[121.58399414016624,25.019984140213012],[121.58398574275213,25.019920245596754],[121.58397454989367,25.019839153882245],[121.58398471916152,25.01970389202859],[121.58398986353562,25.01964978448991],[121.58396531508292,25.019598249516502],[121.58393540190087,25.01955411333346],[121.58394853400695,25.019475391374545],[121.58395214677937,25.01940764858208],[121.5839231459464,25.019351057213374],[121.5837451523946,25.019289336180947],[121.58373834806692,25.01926892358438],[121.58373111274628,25.019176297045405],[121.58373258257176,25.019061779217164],[121.58380277123554,25.01891294900735],[121.58381057545272,25.01885145550313],[121.5838050705754,25.018829348902283],[121.58361573286706,25.01875878910656],[121.58360176181799,25.01865804533738],[121.58358796707867,25.018596636621112],[121.58355253647657,25.018525471998164],[121.58345811652663,25.018543050087597],[121.58337722653827,25.018567959919448],[121.58325321715611,25.018607781645144],[121.58317220897908,25.018605644025097],[121.58299141786391,25.018630936094926],[121.58292405316419,25.01865824858274],[121.58288040905217,25.018691651694617],[121.58278552732128,25.018712147215076],[121.58277927018561,25.018738299328927],[121.58268007290162,25.018663204321527],[121.5825519326024,25.01853306134801],[121.58237599800806,25.018411819446843],[121.58228336034762,25.018374445057695],[121.58216211122075,25.018354597912868],[121.58196114249512,25.018332155497426],[121.58178566026501,25.018306714670285],[121.58167379136357,25.018246185967744],[121.58162232470305,25.018150581542937],[121.5815673139496,25.018003157310844],[121.581551529409,25.01796085373307],[121.58149987698113,25.017865692462156],[121.58144529877994,25.01780991584435],[121.58138778309527,25.017822635341105],[121.58135991474032,25.01778493489956],[121.5812779225533,25.017746696660492],[121.58116890598401,25.01777164306607],[121.58105574954033,25.01766057081136],[121.58102339570509,25.017599934715285],[121.58096668363669,25.017493637984806],[121.58079897246985,25.01732952171295],[121.58071258040768,25.01724429314418],[121.58032384379202,25.017071199122302],[121.5802686405491,25.017000363763355],[121.58012617583756,25.016979432850185],[121.57996848633681,25.01687506097151],[121.5799480352941,25.016826343796126],[121.57991647848317,25.016767215806127],[121.57990202498993,25.016594738856135],[121.57983604846117,25.016554568243055],[121.57981863214826,25.016508575072162],[121.57970551672706,25.016462783119266],[121.57963632869942,25.016335432264327],[121.57958862344186,25.016323430560526],[121.5795686736013,25.016273348125786],[121.57948112645097,25.01619073078008],[121.57951170083182,25.016148215425158],[121.57943303735075,25.016066910139788],[121.57943631391058,25.016038854386544],[121.57932291538097,25.01590515917633],[121.57933029046504,25.015865822211932],[121.57922750666805,25.015808759096767],[121.57922507252101,25.015756658834007],[121.5791631159165,25.015741163875003],[121.57911763099875,25.015764769150458],[121.57908817928242,25.015776286305677],[121.57906797372063,25.015760710251538],[121.57899623621226,25.01563507498769],[121.57890698880854,25.0156143599361],[121.57870447772892,25.01539972273759],[121.57865930722335,25.0153947976521],[121.57855863904223,25.015372619215974],[121.57857690984297,25.015290356572958],[121.57843405022713,25.015028222861314],[121.57836901666184,25.014833812545845],[121.57829348193931,25.014785590935965],[121.5782687390923,25.014727853309193],[121.57822502789682,25.014584350613244],[121.57803504293177,25.014361211481305],[121.57797095873336,25.01428051654623],[121.57793063650149,25.01423395312521],[121.57787376949501,25.014133050840663],[121.57776774757393,25.014111876793297],[121.57766242032278,25.0141057855081],[121.5775965840434,25.01416095024953],[121.57740152791062,25.014105137986256],[121.57731050482802,25.01412598474566],[121.57711124681555,25.014099177529467],[121.57708098292055,25.014106372958324],[121.57677199550743,25.014179245856116],[121.57663873156692,25.01419077668139],[121.57641215827856,25.014313010603658],[121.57619593936923,25.01442233696909],[121.576121621225,25.014415846714165],[121.57607967187232,25.0143541489959],[121.57594062583826,25.014156422179155],[121.57575085605276,25.013952861158142],[121.57559074338411,25.01383077110071],[121.57538866971024,25.013607695111183],[121.57532834853866,25.013521981088083],[121.57520972205897,25.01331306081136],[121.57494841835017,25.01316192320649],[121.57462737229923,25.013180640622295],[121.57457686069145,25.013197151246725],[121.5744369727528,25.01323710686323],[121.57430000576825,25.013229799155827],[121.57417555571111,25.013289323690767],[121.57394155187251,25.013223798195295],[121.57389742868263,25.01324831905085],[121.57374479998855,25.01328416071068],[121.57361918786417,25.01331763437008],[121.57349439876903,25.013346959903092],[121.57339677456966,25.013309357189414],[121.57327329422127,25.013266309078606],[121.57317571957961,25.013252511070487],[121.5731010416719,25.01324519744064],[121.57304365649043,25.013253724266768],[121.57300841736746,25.013286153721445],[121.57294825999726,25.01340189792461],[121.57273763529183,25.013534636349338],[121.57262073070221,25.013538029623646],[121.57242583507052,25.01362898856442],[121.5722772136151,25.013574047096764],[121.57225261330345,25.0135291821323],[121.57208453392292,25.013420940930587],[121.57200068941908,25.01337688351734],[121.57200606302601,25.013294282736734],[121.57205434740473,25.013250392051585],[121.57206183395324,25.013215325457328],[121.57207114515101,25.013142198261974],[121.57208761816963,25.013094439383945],[121.57210813724484,25.013047450706388],[121.57213408907376,25.013009866491963],[121.57212783755466,25.012902980251816],[121.57192916169404,25.0125844859677],[121.57192741351224,25.012581360085424],[121.57187741232669,25.012492021019142],[121.5719000443954,25.012469219420073],[121.57193284404937,25.012387018998773],[121.57197357965201,25.012345504760006],[121.57199728802541,25.0122898003071],[121.57196436094607,25.01221614953967],[121.5719665979634,25.012121546703163],[121.57200452685107,25.01199592850778],[121.57199451703025,25.011986767562725],[121.5719901630084,25.01192368695565],[121.57192856517491,25.01188243075416],[121.57191469029709,25.01181521601312],[121.57174988762898,25.01172895448456],[121.57159326735939,25.01157644016872],[121.57158732191402,25.01154626601766],[121.57142225001587,25.011439724484106],[121.57140404119902,25.011427971547278],[121.5713323201732,25.01142782281702],[121.57120101489778,25.011384595262264],[121.5711699786188,25.011357566865605],[121.57109878681887,25.011345535227385],[121.57104023011591,25.0112933157933],[121.57103969613348,25.011105009881124],[121.57100762524507,25.011098497520916],[121.57056881445006,25.01102078878079],[121.57037892474781,25.01091058214785],[121.57018859548208,25.010848900678983],[121.5700717158632,25.010837395818182],[121.5700292577002,25.01078271287062],[121.56996861404153,25.010761620987942],[121.56979967123824,25.010702863466935],[121.56965001154036,25.01057875022185],[121.56955419384936,25.010442676043606],[121.56957263491539,25.010391840091064],[121.56959043026417,25.010336440771642],[121.56928471364967,25.009875599383744],[121.56924776738319,25.00977408616458],[121.56916468565564,25.009675140428943],[121.56899614044087,25.009577984085755],[121.56890771975576,25.009541948284337],[121.56877288388958,25.009527432463162],[121.56874046454266,25.009509743835725],[121.56866670738329,25.009508147972493],[121.56861429074212,25.009482961866812],[121.56855356207357,25.009438486737185],[121.56847008131312,25.009365001386204],[121.56828052344646,25.009217800591358],[121.56817521806565,25.009166058369956],[121.56809018007273,25.009141483809785],[121.56795358649148,25.00910452992617],[121.56788326719926,25.00910936484417],[121.56699258328798,25.00844463470675],[121.56699093288097,25.00844340393489],[121.56682619917622,25.00839679697084],[121.56666146801106,25.00835018981262],[121.56662047049865,25.00832405633943],[121.5665794832805,25.00829792226435],[121.56650703867517,25.00822809555396],[121.56643706235134,25.008229960073667],[121.56631472327976,25.00823320646909],[121.56596981724464,25.008129901810843],[121.56589520271021,25.008107552148],[121.56553046946888,25.009178269755555],[121.56536909843874,25.009638961973618],[121.56531230194915,25.009836350982322],[121.56525974797769,25.009911041824342],[121.56522629406714,25.009954981974772],[121.56513044551065,25.010025458273716],[121.56457429489066,25.01038249004663],[121.56438736222155,25.010514648509425],[121.56429630788635,25.010580727593585],[121.56395624723824,25.010875592936813],[121.56384601228805,25.010954878301483],[121.56377901263693,25.011025244908428],[121.56373605725744,25.01109551042223],[121.56345013875847,25.01166184071055],[121.56341216786024,25.011771531670863],[121.563402968179,25.01186358037622],[121.56341793300314,25.011981827751075],[121.56343809235997,25.012183312859893],[121.56345315784066,25.012323468820362],[121.5634492423879,25.01252066609547],[121.56343472671404,25.012613782445474],[121.56341395373984,25.012746980770338],[121.56340545409563,25.012801488406453],[121.5633990876738,25.012842303115633],[121.56339318072126,25.012880178539685],[121.56336724787869,25.01299420896874],[121.5633413246354,25.013108232743463],[121.56331988870674,25.013172106204042],[121.56329862879855,25.01323546488302],[121.5632843335037,25.01326399353722],[121.56327003824508,25.01329253155741],[121.56324851005725,25.013316708565764],[121.56322698190624,25.013340895489442],[121.56314543546742,25.013385017322673],[121.56294864831423,25.013464640808802],[121.56281426568601,25.013522107862652],[121.5627486153333,25.013554333730315],[121.56273197563772,25.013564075001554],[121.56271316671655,25.01357618068636],[121.56269434750918,25.013588285856706],[121.56268404269741,25.013596809618782],[121.56267710375549,25.01360255226644],[121.5626464465135,25.013627902161645],[121.56263236938885,25.01364914585602],[121.56260639767052,25.013688343045306],[121.56247230269703,25.01393090041692],[121.56233638104953,25.014176797758605],[121.5620977306275,25.014567675401477],[121.56202616175794,25.014690637829027],[121.56199442417294,25.014724775652358],[121.56182996994475,25.014901706488455],[121.56135615649167,25.015261083936952],[121.56128094390891,25.015318131169813],[121.56122615251748,25.01535968621068],[121.56108331735318,25.015497822534723],[121.56103260100843,25.015548815056647],[121.56100855214532,25.015576062229975],[121.56082893679725,25.01577963694792],[121.56061555008863,25.016021480565],[121.56054030569628,25.0161428217867],[121.56053250618056,25.016155400358],[121.56047090368611,25.016357193466465],[121.56038656868813,25.01654475369731],[121.56026619964622,25.016813664940592],[121.56019400075361,25.016975313959207],[121.56016622402099,25.01703751367946],[121.56014728789457,25.017069869342],[121.56012006411663,25.017116401725687],[121.56010300625564,25.017145555983387],[121.56006601917679,25.017208783336855],[121.55997918730985,25.01732489566051],[121.55996086977592,25.017349394581675],[121.55992493600483,25.017389287855522],[121.55983694088485,25.017486978019623],[121.55968824074971,25.01765021525244],[121.55930041355835,25.01804622676471],[121.5591111204232,25.018229540830987],[121.55892640267743,25.018408422603674],[121.55887365036111,25.0183708202157],[121.55885602656842,25.01838754355945],[121.5584378291028,25.018784348077062],[121.55821507663802,25.018995706848052],[121.55821060106602,25.018999880074144],[121.5576914914674,25.0194840051452],[121.55751242720598,25.01965191114605],[121.55704664636549,25.0200886663567],[121.5569179499871,25.020210494764797],[121.5568275885751,25.020296036854592],[121.55656728137053,25.0205424542899],[121.5565095805234,25.0205970790313],[121.55642663439862,25.020675599996302],[121.55617926598656,25.020907503235435],[121.55552811061004,25.021517948637385],[121.55551447889651,25.021530727275028],[121.55540733239889,25.021631996474966],[121.55486137559718,25.02214801315639],[121.55466191958068,25.022335282898776],[121.55460685156524,25.022386986545612],[121.55435145813921,25.02262677331231],[121.55394353675467,25.023009768355063],[121.55389132508856,25.023058788599432],[121.55358524135927,25.023345387258736],[121.55343612311815,25.023485009324567],[121.55329521708438,25.02361636552858],[121.55253733043467,25.024322870614235],[121.55252922165963,25.02433042672652],[121.55252218973669,25.024336983675056],[121.55253722261817,25.02434971335771],[121.55284793813544,25.024612792059298],[121.5528818449621,25.024641498066035],[121.55297664752206,25.024726796491592],[121.55348441539434,25.025183658211137],[121.55364554870772,25.025326158513572],[121.55402624835752,25.02566283461813],[121.55434275040075,25.02594130301196],[121.55451217280343,25.026090363394935],[121.5545500868144,25.026123721832526],[121.55473338722467,25.026285891532105],[121.55521333610565,25.026710506531362],[121.55536459436459,25.02684347589105],[121.55589006410301,25.02730539958818],[121.55604193955696,25.027438517453334],[121.55611938686813,25.027506400588003],[121.55634870117247,25.027705359133364],[121.55638700037188,25.027756188246972],[121.55645009759705,25.027843623659102],[121.55655214297722,25.02801563074914],[121.55655389870165,25.028018587062707],[121.55691940442438,25.028623832438992],[121.55707907659699,25.028888233120586],[121.55711849418988,25.02895501565884],[121.55723998161594,25.029160844843442],[121.55737186747133,25.02938510764415],[121.55738403151715,25.02986367595325],[121.55740158249704,25.030554125779297],[121.55740168312794,25.03055805975344],[121.55740579584494,25.030769584599987],[121.55742203047595,25.031604186951963],[121.55742272568976,25.031633834142408],[121.55742788619574,25.03185449550505],[121.5574338386472,25.032109071409987],[121.55745582836573,25.03304922099416],[121.55745607381661,25.033059771736237],[121.55746954057979,25.033635542004617],[121.55747455663582,25.03385001578642],[121.55747928695507,25.0340687082123],[121.55748218781207,25.03420283991768],[121.55748436542375,25.034303538423966],[121.55748888346531,25.03452449746479],[121.55749273894756,25.034713137257725],[121.55749813267275,25.034977021489222],[121.55749932635219,25.035035448708562],[121.55749935536608,25.035036515392438],[121.55750808896477,25.035380690230724],[121.55751131807335,25.035507939977446],[121.55751594314555,25.035690191530108],[121.55752714348904,25.036131541001865],[121.55752813239496,25.03617048238307],[121.55752818379855,25.036172621836624],[121.55753430575618,25.036427767815685],[121.55753627427964,25.036509881411483],[121.55754361932068,25.036816021089162],[121.55754433496925,25.036845754692557],[121.55754440136053,25.036849603933142],[121.55754997351622,25.037168949048773],[121.55755135922918,25.037248434209637],[121.5575585389393,25.037659929586415],[121.55755938353072,25.037694635740028],[121.55757192044058,25.038209567246287],[121.55757468792832,25.038323231399705],[121.5575974932511,25.039305013945533],[121.55759754944582,25.039307409608636],[121.55760804618082,25.039719896393485],[121.5576194653545,25.040222931374554],[121.55764368304787,25.04128983238979],[121.55764427969774,25.041316107061956],[121.55765285868544,25.041713430552722],[121.55766583743038,25.042314436858184],[121.55768315101163,25.043004293995036],[121.55768324773702,25.043009096949106],[121.55770148151207,25.043916912695078],[121.55770154006738,25.043919294021],[121.55770819881184,25.044187366488575],[121.55771999964303,25.044662318751506],[121.55772781017976,25.044976658387096],[121.55773242713995,25.04507373283505],[121.55773539974338,25.045136236965174],[121.55774266090509,25.045289000549257],[121.55796297958275,25.04536715052344],[121.55864304181027,25.04558002934079],[121.55905019314633,25.04573774387601],[121.55923614515947,25.045811236125093],[121.55924223142343,25.045813642147404],[121.5594118913555,25.045883662307396],[121.55941502078655,25.04588495425656],[121.55983985534046,25.046055491313595],[121.56031409039709,25.04628080975314],[121.56039187786446,25.04631776751178],[121.56118165286489,25.046666181356308],[121.56126777168751,25.04670417451699],[121.56170572077956,25.046896015550484],[121.56245562872995,25.047222936560814],[121.5629536683176,25.047425719521293],[121.56305246826149,25.047465948134814],[121.56354420266126,25.047635778913385],[121.56420215075289,25.04786221598762],[121.56431179041918,25.047899948853797],[121.56476153209839,25.04805084965689],[121.56530701418765,25.048239466859766],[121.5656190819473,25.048347369803125],[121.56571868825804,25.0483808059853],[121.56586793788824,25.048430906739785],[121.56683022438368,25.04871611705898],[121.5670550405242,25.04877794064589],[121.56717786689687,25.048796546104924],[121.56727202804238,25.048817597838685],[121.56795011177459,25.04896917281151],[121.56851804605131,25.049092778977627],[121.56900949284575,25.049205968943376],[121.56912772360933,25.04922620103589],[121.56916248384472,25.049232150647878],[121.5693290125713,25.04925929915882],[121.56965967002496,25.049313202019885],[121.56977147868209,25.049334178417666],[121.57030386433617,25.04939904227604],[121.57046233429129,25.049408617325767],[121.5705538066051,25.049414143274543],[121.57114505105797,25.04949214870214],[121.57150347383757,25.049442605413883],[121.57163681653637,25.049439739455217],[121.57193572183358,25.04943331832547],[121.5719590827969,25.049432816761158],[121.57221662867218,25.04943734287464],[121.57245887139052,25.049441599104348],[121.57247879774624,25.04944161047616],[121.57271102196322,25.049441762831965],[121.57364651872815,25.049442370688613],[121.57406425910837,25.049438482253112],[121.57413743314846,25.04943779995494],[121.57493114081478,25.04943473011326],[121.57510935120844,25.04942605091906],[121.57511042102915,25.049426001592916],[121.57512477775897,25.049425669393056],[121.57580837141936,25.04940986372687],[121.57593672971767,25.049402875017115],[121.57610077535094,25.04940223889514],[121.57622201641605,25.049397435363595],[121.57640752884315,25.04940970664424],[121.57660733346638,25.049428405048985],[121.57668133719206,25.049435183040735],[121.57694747713555,25.049459558007403],[121.57735417080211,25.049483951623802],[121.5777608441576,25.04950617536107],[121.57792219611613,25.04947414632835],[121.57815772771721,25.049467833039326],[121.57861427661074,25.049476881971174],[121.57989833172613,25.04950650405726],[121.5799506266546,25.049504134912333]]]]},"properties":{"AREA":11239924.71399,"PERF_ID":63002.0,"COUN_ID":"6300200","CPID":"63002","CPTID":"6300200","NPID":63002.0,"NPTID":6300200.0,"PNAME":"臺北市","TNAME":"信義區","PTNAME":"臺北市信義區","TM2_MAX_X":309757.9147,"TM2_MAX_Y":2771386.3857,"TM2_MIN_X":305761.1553,"TM2_MIN_Y":2766794.8185,"MAX_X":121.59224,"MAX_Y":25.04946,"MIN_X":121.55245,"MIN_Y":25.00816,"city":"臺北市","district":"信義區","store_count":267,"level":"中","source_dataset":"臺北綠色商店.csv"}},{"type":"Feature","geometry":{"type":"MultiPolygon","coordinates":[[[[121.51043623756007,25.048096893965777],[121.51043436208306,25.048095940615898],[121.51042935628833,25.04809106277471],[121.51028945155512,25.04795473392961],[121.50994425954772,25.04770288063383],[121.50977715102921,25.047561749630052],[121.50964292293807,25.047319291930613],[121.50960527042777,25.04719527345971],[121.50955080483789,25.047015876200934],[121.5093953637103,25.04650388539718],[121.50923784449007,25.045985045101215],[121.50911785588207,25.045589820801265],[121.50903323829245,25.04531110163231],[121.50900478791894,25.045217390066497],[121.50898019788346,25.04513639379222],[121.5087228174731,25.044288610388698],[121.50839384517221,25.04320499265761],[121.50817594104876,25.042487216426018],[121.50807880380356,25.042167243409697],[121.50805506429447,25.04208904447773],[121.50790115171304,25.04158204742326],[121.50771316145693,25.0409817575751],[121.50756838156104,25.04051944259322],[121.50750011075354,25.04030143714915],[121.50737437498346,25.039899929793936],[121.50724061997273,25.039472811097603],[121.50716794938954,25.039240751423325],[121.50692168232018,25.038454337389922],[121.5068021905909,25.038072755980128],[121.50666575312366,25.037637057421087],[121.5065433159224,25.037556501973263],[121.50652762937845,25.037490941477824],[121.50651110745711,25.03742188951716],[121.50650943811496,25.037414912639452],[121.50652007946456,25.037303542020194],[121.50657520816007,25.0372122607055],[121.50665265864527,25.0371512647112],[121.50670161343089,25.03713891262293],[121.5067746380334,25.037120487294107],[121.50657125872563,25.036250710812926],[121.50649906776884,25.03602228766975],[121.5063583318584,25.035576975258333],[121.50617983109032,25.035221330685008],[121.5060337601695,25.034930297541703],[121.50568531143949,25.034565494231813],[121.50561232796092,25.034489084860766],[121.50546519664319,25.034335051588695],[121.50565937621515,25.03416558826109],[121.50568641435748,25.034141991625575],[121.50566494632756,25.03410267854924],[121.50562131369675,25.03402277672007],[121.5053957215797,25.033609661453603],[121.50527909012598,25.033396079006163],[121.50507308489492,25.033018827903163],[121.5050706250374,25.033014323224936],[121.5048633847738,25.032634807726687],[121.50472301446608,25.032377748487757],[121.50467348082152,25.03228703754911],[121.50409997734249,25.03123676970682],[121.50412189506449,25.03073892269274],[121.50413534368788,25.03043344424629],[121.50413758290733,25.030382581431212],[121.5041550467447,25.02998589744531],[121.50416091940922,25.029852501796512],[121.5045779808318,25.029403592317944],[121.5047771751808,25.029189185338247],[121.5047904502031,25.029174896456254],[121.5048835307881,25.029074706857003],[121.5050062860739,25.028942575794826],[121.5052503422719,25.02867987799164],[121.50546906958512,25.02844444247261],[121.50568517183822,25.028211831347093],[121.50587784150916,25.02800444191003],[121.50590020661508,25.027980368071894],[121.50607940934269,25.027787473493074],[121.50632269034735,25.02752560348201],[121.5064747572488,25.027361916446438],[121.50670424133422,25.027114895313222],[121.50704164260887,25.026751707595466],[121.50706624652966,25.026730831807956],[121.50757955152041,25.026295303334997],[121.50760475574984,25.026273917953105],[121.50786648991182,25.026051840053665],[121.50812371299858,25.025833588519767],[121.5081784969876,25.025787104629085],[121.50841240888893,25.025588631146594],[121.50862773302863,25.025405928434328],[121.5088460304165,25.025220702052863],[121.50906580988551,25.025034217237913],[121.50913071743629,25.02498348989334],[121.50914276633623,25.024974073281722],[121.50926722302454,25.02487680614572],[121.50929714304974,25.024853422589977],[121.50941639943476,25.024821096080604],[121.51008922258501,25.024638713605967],[121.510127614012,25.02462830671682],[121.51113342563083,25.024355653941946],[121.51122594325773,25.024330574105463],[121.51157745996856,25.024235283738697],[121.51205783051452,25.024105060615295],[121.51224920941755,25.024099344162526],[121.5124223794694,25.02409417139214],[121.51242191713499,25.02398282948186],[121.51275481389006,25.02396144054511],[121.51277014599296,25.023630851018478],[121.51286030198027,25.021687334058562],[121.51269856386835,25.02171249187816],[121.51197616378157,25.021766658424536],[121.51156720727346,25.021761954291406],[121.51111180816827,25.021756713555234],[121.51072821247072,25.02173912946453],[121.51058745845012,25.02173267702705],[121.50996064833375,25.021555404660457],[121.50991056210246,25.021541239301108],[121.50958105853624,25.02144888463815],[121.50926309263018,25.021359762971084],[121.50904524872821,25.021298703716877],[121.50901891141447,25.021289569505843],[121.50849187181669,25.021106782281045],[121.50837814012706,25.02101672772281],[121.50817866188805,25.020746070106565],[121.50789433251123,25.020514459764676],[121.5075957825063,25.020269978196577],[121.50702924798935,25.01960376848862],[121.50675898577902,25.019346269463536],[121.50671600300961,25.019230124931227],[121.50654529233763,25.01906272972298],[121.5060059481711,25.018472976727573],[121.50579096550062,25.01823789893314],[121.50576544655588,25.01821108688616],[121.50574001105716,25.018184248075602],[121.5057146574338,25.018157382681824],[121.50568938411497,25.01813049088527],[121.50566418952994,25.01810357286635],[121.505639072108,25.018076628805467],[121.50561403027831,25.01804965888302],[121.50558906247015,25.01802266327943],[121.50556416711277,25.01799564217511],[121.50553934263543,25.017968595750464],[121.50551458746733,25.017941524185886],[121.50548990003776,25.01791442766179],[121.50546527877599,25.017887306358574],[121.5054407221112,25.017860160456642],[121.50541622847273,25.017832990136373],[121.50539179628971,25.017805795578223],[121.50536742399156,25.01777857696255],[121.50534311000737,25.01775133446972],[121.50531885276654,25.01772406828019],[121.50529465069825,25.017696778574315],[121.50527050223177,25.017669465532506],[121.50524640579637,25.017642129335158],[121.50522235982127,25.01761477016266],[121.50519836273581,25.017587388195373],[121.5051744129692,25.01755998361373],[121.50515050895072,25.017532556598095],[121.50512664910964,25.01750510732886],[121.50510283187516,25.01747763598641],[121.50507905567672,25.01745014275112],[121.50505531894339,25.017422627803402],[121.50503162010455,25.017395091323625],[121.50500795843338,25.017367533031653],[121.50498443768355,25.01733986832613],[121.50496113322643,25.017312036604665],[121.50493804923258,25.017284040740407],[121.50491518987236,25.017255883606477],[121.50489255931629,25.01722756807603],[121.50487016173481,25.017199097022196],[121.50484800129831,25.017170473318114],[121.50482608217726,25.017141699836948],[121.50480440854211,25.017112779451804],[121.50478298456319,25.01708371503584],[121.50476181441103,25.01705450946223],[121.5047409022559,25.017025165604117],[121.50472019818682,25.016995708200337],[121.50469962550196,25.016966170461426],[121.50467917630228,25.016936557314466],[121.50465884310161,25.01690687354264],[121.50463861841371,25.016877123929085],[121.50461849475245,25.016847313256942],[121.50459846463154,25.016817446309393],[121.50457852056485,25.016787527869525],[121.50455865506623,25.016757562720514],[121.50453886064942,25.016727555645453],[121.50451912982828,25.016697511427505],[121.50449945511667,25.01666743484975],[121.50447982902837,25.01663733069536],[121.50446024407722,25.016607203747405],[121.5044406927771,25.01657705878902],[121.50442116764185,25.016546900603302],[121.50440166118526,25.016516733973326],[121.50438216592124,25.016486563682253],[121.50436267436359,25.016456394513114],[121.50434317902622,25.016426231249053],[121.504323713824,25.01639604987615],[121.50430454819137,25.01636565960006],[121.50428570215456,25.016335045728166],[121.50426713937613,25.0163042340181],[121.50424882351854,25.01627325022745],[121.50423071824439,25.01624212011384],[121.5042127872162,25.016210869434836],[121.50419499409661,25.016179523947983],[121.50417730254816,25.01614810941083],[121.50415967623354,25.016116651580894],[121.50414207881536,25.016085176215675],[121.50412447395631,25.016053709072665],[121.50410682531906,25.01602227590934],[121.50408909656636,25.015990902483136],[121.50407125136093,25.015959614551505],[121.50405325336547,25.015928437871853],[121.50403506624284,25.015897398201588],[121.5040166536558,25.01586652129809],[121.50399797926717,25.015835832918718],[121.50397900673973,25.01580535882082],[121.50395969973636,25.015775124761703],[121.50394002191999,25.015745156498703],[121.50391993695337,25.015715479789066],[121.5039181886945,25.01571297946359],[121.50389940849949,25.01568612039007],[121.50387840022123,25.015657104058945],[121.50385687578144,25.015628456552896],[121.50383479884307,25.015600203629116],[121.50381213306902,25.01557237104474],[121.50378884212225,25.015544984556918],[121.50376489270118,25.015518067566855],[121.50374050024523,25.015491453423376],[121.50371582095133,25.01546502428738],[121.50369086385105,25.015438775651592],[121.50366563797587,25.015412703008735],[121.50364015235733,25.015386801851484],[121.50361441602698,25.015361067672565],[121.5035845278246,25.01533168247662],[121.50355433249774,25.015302504222507],[121.50352384351632,25.015273525726904],[121.50349307435015,25.015244739806423],[121.50346203846914,25.01521613927778],[121.50343074934314,25.015187716957612],[121.503399220442,25.015159465662638],[121.50336746523554,25.015131378209542],[121.50333549719365,25.01510344741503],[121.50330332978615,25.015075666095825],[121.50327097648284,25.015048027068655],[121.50323845075353,25.015020523150277],[121.50320576606815,25.01499314715741],[121.50317293589633,25.01496589190685],[121.503139973708,25.01493875021535],[121.50310689297295,25.014911714899725],[121.50307370716095,25.014884778776732],[121.50304042974183,25.0148579346632],[121.50300707418532,25.014831175375964],[121.50297365396125,25.014804493731848],[121.50294018253938,25.014777882547687],[121.50290667338955,25.01475133464034],[121.50287313998143,25.0147248428267],[121.50283959578486,25.01469839992363],[121.5028060542696,25.014671998748018],[121.50277252890542,25.014645632116764],[121.50273903316203,25.01461929284682],[121.50270558050926,25.014592973755093],[121.50267218441681,25.014566667658514],[121.50263885433446,25.014540371272272],[121.50260495583478,25.014514700986872],[121.50257011525733,25.014490012757324],[121.50253446537951,25.01446617176748],[121.50249813897861,25.0144430432012],[121.50246126883212,25.0144204922426],[121.50242398771738,25.01439838407582],[121.50238642841198,25.014376583885163],[121.50234872369353,25.01435495685506],[121.50231100633967,25.014333368170075],[121.50227340912808,25.014311683014867],[121.50223606483664,25.01428976657429],[121.5021991062432,25.014267484033287],[121.50216266612567,25.01424470057693],[121.50212687726213,25.014221281390427],[121.50209187243057,25.014197091659078],[121.50205778440908,25.014171996568333],[121.50202474597573,25.014145861303728],[121.50199289463193,25.014118542500285],[121.50196240001999,25.014089774553245],[121.50193317696831,25.014059619245522],[121.50190506456018,25.01402826100237],[121.50187790187874,25.013995884248924],[121.50185152800715,25.01396267341013],[121.50182578202856,25.01392881291089],[121.50180050302602,25.013894487175918],[121.50177553008267,25.01385988062985],[121.50175070228161,25.01382517769721],[121.50172585870602,25.01379056280242],[121.50170083843912,25.013756220369775],[121.50167548056406,25.013722334823477],[121.50164962416406,25.013689090587626],[121.50162310832239,25.01365667208624],[121.50159577212222,25.013625263743137],[121.50156745464665,25.013595049982072],[121.50153799497885,25.013566215226646],[121.50150723220182,25.013538943900308],[121.50147500539832,25.013513420426346],[121.50144115365111,25.01348982922789],[121.50140538480025,25.0134684613068],[121.5013676429927,25.013449342889263],[121.5013281438923,25.01343223744851],[121.50128710323327,25.013416908370548],[121.50124473674975,25.013403119041556],[121.5012012601762,25.013390632847877],[121.5011568892471,25.01337921317612],[121.50111183969722,25.013368623413076],[121.50106632726151,25.013358626945845],[121.50102056767521,25.013348987161734],[121.50097477667396,25.013339467448315],[121.50092916999346,25.013329831193435],[121.50088396336992,25.01331984178518],[121.50083937253964,25.01330926261189],[121.50079561323938,25.01329785706218],[121.50075290120597,25.01328538852488],[121.50071145217647,25.013271620389045],[121.50067148188819,25.01325631604394],[121.5006332060784,25.013239238879013],[121.50059684048456,25.013220152283875],[121.50056260084403,25.0131988196483],[121.5005307028941,25.013175004362132],[121.50050127649011,25.013148620319765],[121.50047402624152,25.013120201155925],[121.50044875470617,25.01308995060721],[121.50042529053181,25.0130580192305],[121.50040346236615,25.013024557582515],[121.5003830988569,25.012989716219867],[121.50036402865159,25.012953645698936],[121.50034608039793,25.012916496576032],[121.50032908274356,25.01287841940735],[121.50031286433625,25.01283956474901],[121.50029147904927,25.012785041469606],[121.50027079815014,25.01272972235485],[121.50025037328187,25.01267400127913],[121.50022975608796,25.012618272116583],[121.5002084982124,25.012562928741094],[121.50018615129967,25.01250836502628],[121.50016226699485,25.012454974845504],[121.5001363969432,25.012403152071787],[121.50010809279041,25.01235329057777],[121.50007690618223,25.012305784235636],[121.50004238876446,25.01226102691712],[121.50000409218259,25.012219412493266],[121.49996158127179,25.012181323774563],[121.49991702678682,25.01214493888663],[121.49987225596257,25.012108714762284],[121.49982727296562,25.01207264844697],[121.49978208196252,25.012036736986197],[121.49973668711974,25.012000977425433],[121.49969109260391,25.011965366810173],[121.49964530258148,25.01192990218593],[121.49959932121904,25.01189458059817],[121.49955315268308,25.011859399092423],[121.49950680114016,25.01182435471417],[121.4994602707568,25.011789444508956],[121.4994135656995,25.01175466552227],[121.49936669013483,25.01172001479964],[121.49931964822932,25.011685489386597],[121.49927244414943,25.011651086328666],[121.49922508206173,25.011616802671362],[121.49917756613276,25.011582635460282],[121.49912990052901,25.011548581740907],[121.49908208941697,25.01151463855883],[121.49903413696323,25.011480802959593],[121.49898604733424,25.011447071988737],[121.4989378246966,25.011413442691847],[121.49888947321678,25.011379912114485],[121.4988409970613,25.011346477302215],[121.49879240039665,25.011313135300636],[121.49874368738938,25.011279883155325],[121.49869486220601,25.011246717911852],[121.4986459290131,25.011213636615835],[121.49859689197704,25.011180636312858],[121.49854775526447,25.011147714048548],[121.49849852304185,25.011114866868493],[121.49844919947569,25.011082091818327],[121.49839978873256,25.011049385943643],[121.49835029497896,25.01101674629008],[121.49830072238134,25.010984169903296],[121.49825107510628,25.010951653828887],[121.49820135732031,25.010919195112518],[121.49815157318994,25.010886790799823],[121.49810172688163,25.01085443793648],[121.49805182256198,25.010822133568126],[121.49800186439747,25.010789874740418],[121.49795185655464,25.010757658499056],[121.49790180319995,25.010725481889686],[121.49785170849998,25.010693341957992],[121.49780157662124,25.010661235749676],[121.49775141173029,25.01062916031042],[121.49770121799358,25.010597112685907],[121.4976509995777,25.010565089921847],[121.49760076064912,25.010533089063983],[121.49755050537436,25.01050110715798],[121.49750023792001,25.01046914124958],[121.49744996245252,25.010437188384504],[121.49739968313851,25.010405245608478],[121.4973494041444,25.01037330996725],[121.4972991296368,25.010341378506556],[121.49724886378222,25.01030944827213],[121.49719861074718,25.010277516309742],[121.49714837469817,25.01024557966514],[121.49709815980178,25.010213635384087],[121.49704797022454,25.01018168051238],[121.49699781013294,25.01014971209576],[121.49694768369358,25.010117727180003],[121.4968975950729,25.01008572281094],[121.49684754843747,25.010053696034316],[121.49679754795386,25.010021643895936],[121.4967475977886,25.009989563441614],[121.49669770210818,25.00995745171716],[121.4966478650792,25.00992530576839],[121.4965980908681,25.00989312264111],[121.49654838364152,25.009860899381152],[121.49649874756594,25.009828633034342],[121.49644918680795,25.009796320646508],[121.496399705534,25.009763959263513],[121.49635030791072,25.00973154593119],[121.49630099810457,25.009699077695377],[121.49625163138393,25.009666702825793],[121.4962017299113,25.009634874780012],[121.49615122679502,25.009603591754587],[121.49610008780174,25.009572817357853],[121.49604827869815,25.009542515198042],[121.49599576525117,25.00951264888338],[121.49594251322759,25.00948318202201],[121.49588848839446,25.009454078222014],[121.49583365651871,25.009425301091415],[121.4957779833676,25.009396814238134],[121.49572143470829,25.009368581270117],[121.49566397630811,25.00934056579513],[121.49558885567326,25.009300118655062],[121.495512876901,25.009262575822046],[121.49543620081569,25.009228121745092],[121.49536471923423,25.00919925523119],[121.49535898824095,25.00919694087353],[121.49528139999963,25.009169217657018],[121.4952035969139,25.009145136545584],[121.49512573932486,25.009124881881046],[121.49504717417561,25.009108428783488],[121.49496739400465,25.009095328031606],[121.49488666303439,25.009085108131945],[121.49480524548821,25.009077297591666],[121.49472340559062,25.00907142491839],[121.49464140756724,25.009067018620343],[121.494559515645,25.0090636072063],[121.49447799405188,25.00906071918558],[121.49439677319155,25.00905876558721],[121.49431536625788,25.009059120537856],[121.49423385959619,25.00906156739454],[121.49415235671879,25.009065845166234],[121.4940709611387,25.00907169286215],[121.49398977636967,25.009078849491647],[121.49390884290743,25.009086939065686],[121.49382738256278,25.00909425752077],[121.49374536860815,25.00910082191266],[121.49366310352502,25.009107290630293],[121.49358088979326,25.009114322063283],[121.49349902989115,25.00912257460191],[121.49341782629516,25.009132706637196],[121.49333758148026,25.00914537656079],[121.49325859792006,25.009161242765003],[121.49318117808672,25.00918096364282],[121.49310559386893,25.009205144337894],[121.49303124770384,25.009232782556737],[121.4929577614934,25.009263058598012],[121.49288508202771,25.00929569617813],[121.49281315609758,25.00933041901339],[121.49274193049435,25.00936695081999],[121.4926713520101,25.009405015314005],[121.4926013674375,25.009444336211356],[121.49253192356983,25.00948463722791],[121.49246296720092,25.009525642079364],[121.49239444512509,25.00956707448137],[121.49232630413735,25.0096086581494],[121.49225849103308,25.009650116798912],[121.49219091555592,25.009691377718692],[121.49212345507986,25.009732886777336],[121.49205612781809,25.009774687166036],[121.49198896003699,25.009816790097503],[121.4919219780032,25.00985920678446],[121.49185520798312,25.009901948439662],[121.4917886762434,25.009945026275943],[121.49172240905054,25.009988451506167],[121.49165643267109,25.01003223534324],[121.49159077337167,25.010076389000123],[121.49152545741893,25.010120923689797],[121.49146051107947,25.010165850625352],[121.49139596061987,25.010211181019805],[121.49133183230695,25.010256926086313],[121.49126815240737,25.010303097038037],[121.49120494718781,25.010349705088206],[121.49114224291506,25.01039676145004],[121.49108006909891,25.010444281926798],[121.49101905226968,25.01049312187065],[121.49095959833997,25.010543782731364],[121.49090163914859,25.010596080802486],[121.4908451065346,25.010649832377432],[121.49078993233736,25.010704853749452],[121.49073604839656,25.010760961211652],[121.49068338655212,25.010817971057016],[121.4906318786443,25.010875699578403],[121.4905814565134,25.010933963068542],[121.49053155797775,25.010992522056437],[121.49051072062531,25.011016798034138],[121.49048118548936,25.01105120710127],[121.49043059297907,25.011110094280482],[121.49038008086062,25.01116926670131],[121.4903299495482,25.01122880747142],[121.49028049945643,25.011288799698846],[121.49023203100043,25.01134932649202],[121.49018484459583,25.011410470959714],[121.49013924065872,25.011472316211112],[121.49009551960572,25.01153494535562],[121.4900539818541,25.011598441502983],[121.49001492782165,25.011662887763134],[121.48997865792681,25.011728367246274],[121.48994545891782,25.011794976950743],[121.4899153019715,25.01186286529622],[121.48988788954983,25.011931940919162],[121.48986292174997,25.01200206355652],[121.48984009866865,25.012073092944966],[121.48981912040209,25.012144888820895],[121.48979968704592,25.012217310920448],[121.48978149869525,25.012290218979565],[121.48976425544463,25.012363472734055],[121.48974765738792,25.012436931919535],[121.48973140461834,25.01251045627152],[121.48971519722855,25.012583905525386],[121.48969873531048,25.0126571394164],[121.4896817189554,25.012730017679747],[121.48966405731018,25.01280247968806],[121.48964724252514,25.012875068614015],[121.48963539620418,25.01292935127933],[121.4896240447982,25.01298374161023],[121.48961310417518,25.01303822078881],[121.489602490203,25.01309276999708],[121.48959211874929,25.013147370417123],[121.48958190568167,25.013202003230855],[121.48957176686754,25.013256649620303],[121.48956161817418,25.01331129076741],[121.48955137546874,25.01336590785411],[121.48954095461816,25.013420482062354],[121.48953027148933,25.013474994573958],[121.4895192419489,25.013529426570862],[121.48950778186345,25.013583759234873],[121.48949580709943,25.01363797374783],[121.4894832335231,25.01369205129152],[121.48946997700058,25.013745973047705],[121.4894559533979,25.013799720198104],[121.48944107904259,25.01385327400921],[121.48942542848833,25.013906650103188],[121.48940914053539,25.01395987934308],[121.48939227012467,25.014012974317776],[121.48937487219735,25.014065947616203],[121.48935700169456,25.014118811827302],[121.48933871355754,25.01417157954001],[121.48932006272767,25.014224263343344],[121.48930110414634,25.014276875826262],[121.48928189275509,25.01432942957779],[121.4892624834956,25.014381937186993],[121.48924293130945,25.01443441124293],[121.48922329113847,25.014486864334717],[121.48920361792456,25.01453930905149],[121.48918396660964,25.014591757982373],[121.48916439213583,25.014644223716576],[121.48914494944513,25.014696718843297],[121.48912569347985,25.014749255951774],[121.48910667918229,25.014801847631286],[121.48908796149479,25.01485450647111],[121.48906959535987,25.01490724506055],[121.48905163572007,25.01496007598896],[121.48903413751808,25.01501301184568],[121.4890171556966,25.015066065220118],[121.48900080387811,25.015119263069224],[121.48898685426198,25.015173037395893],[121.48897554718886,25.015227442532424],[121.48896610935728,25.0152822842526],[121.48895776746451,25.01533736832995],[121.48894974820652,25.015392500537807],[121.48894127827799,25.01544748664938],[121.48893158437217,25.015502132437668],[121.48891989318108,25.015556243675523],[121.48890531286165,25.015609604686215],[121.48888061825802,25.015660857833506],[121.48884791316969,25.0157103189885],[121.48881562421413,25.015759439467704],[121.4887921780212,25.0158096705942],[121.48878545320026,25.015862371006047],[121.48878770252493,25.01591625547308],[121.48879317108195,25.015970407554676],[121.48880127669479,25.016024797170655],[121.48881143718584,25.016079394240766],[121.48882307037657,25.016134168684854],[121.48883559408739,25.016189090422877],[121.48884842613761,25.016244129374975],[121.48886098434556,25.01629925546155],[121.48887268652852,25.016354438603152],[121.4888829505027,25.01640964872059],[121.48889119408321,25.016464855734768],[121.48889683508429,25.016520029566646],[121.48889929131883,25.01657514013723],[121.4888985053541,25.016630180632106],[121.4888970140946,25.016685263225845],[121.48889523785026,25.016740404388504],[121.4888942729317,25.016766245146645],[121.48889317676041,25.01679560087507],[121.48889083096452,25.016850849440555],[121.48888820060193,25.016906146839954],[121.48888528581206,25.01696148982824],[121.48888208673432,25.017016875160408],[121.48887860350806,25.017072299591458],[121.48887483627271,25.017127759876363],[121.48887078516766,25.017183252770135],[121.48886645033234,25.017238775027742],[121.48886183190609,25.017294323404148],[121.48885693002832,25.017349894654366],[121.48885174483847,25.017405485533367],[121.4888462764759,25.017461092796136],[121.48884052508001,25.017516713197633],[121.48883449079021,25.017572343492834],[121.48882817374589,25.01762798043673],[121.48882157408644,25.017683620784283],[121.48881469195132,25.01773926129047],[121.48880752747985,25.017794898710264],[121.48880008081147,25.0178505297986],[121.48879235208558,25.01790615131049],[121.48878434144157,25.017961760000883],[121.48877604901891,25.018017352624735],[121.4887674749569,25.01807292593701],[121.48875861939503,25.01812847669268],[121.4887553388601,25.018148412464956],[121.4887494824727,25.018184001646677],[121.48874006432926,25.018239497553992],[121.48873036510423,25.018294961169573],[121.48871965128875,25.018359689602597],[121.4887084837965,25.018409874847503],[121.4887065692786,25.01841847843566],[121.48869245554155,25.018471404411077],[121.48867864654802,25.01851854427156],[121.48866727941,25.018561412480267],[121.48866486845125,25.01861578824399],[121.4886624587416,25.018670190756144],[121.48866006119889,25.018724618318583],[121.48865768674092,25.01877906923319],[121.48865534628546,25.018833541801836],[121.4886530507504,25.01888803432638],[121.48865275541023,25.018895222455352],[121.48865081105362,25.018942545108704],[121.48864863811295,25.018997072450652],[121.48864654284635,25.019051614654096],[121.48864453617176,25.01910617002092],[121.48864262900707,25.01916073685299],[121.48864083227029,25.019215313452158],[121.48863915687932,25.0192698981203],[121.48863865696077,25.019287583689195],[121.48863761375227,25.019324489159306],[121.48863621380714,25.019379084871005],[121.48863496796191,25.01943368355731],[121.48863388713468,25.019488283520033],[121.48863298224354,25.019542883061092],[121.48863226420657,25.019597480482325],[121.4886317439419,25.019652074085617],[121.48863143236764,25.019706662172815],[121.48863134040198,25.019761243045814],[121.4886314789631,25.019815815006435],[121.48863185896917,25.01987037635656],[121.48863249133844,25.01992492539806],[121.4886333869891,25.019979460432772],[121.48863455683944,25.02003397976257],[121.4886360118077,25.02008848168928],[121.48863776281217,25.02014296451481],[121.48863982077121,25.020197426540967],[121.48864219660308,25.020251866069607],[121.4886448805844,25.020306285014755],[121.48864781173968,25.02036069489544],[121.48865097651331,25.020415096998192],[121.48865436521851,25.020469491656044],[121.48865796816841,25.020523879202035],[121.48866177567614,25.020578259969216],[121.48866577805485,25.020632634290656],[121.48866996561765,25.020687002499375],[121.48867432867766,25.02074136492845],[121.48867885754788,25.020795721910904],[121.48868354254142,25.02085007377982],[121.48868613968958,25.020879288209994],[121.48868837397133,25.02090442086825],[121.48869334215061,25.02095876350923],[121.48869843739226,25.021013102035827],[121.48870365000931,25.021067436781095],[121.4887089703147,25.02112176807808],[121.48871438862142,25.021176096259854],[121.48871989524233,25.021230421659475],[121.48872548049044,25.021284744610025],[121.48873113467863,25.021339065444536],[121.48873684811979,25.021393384496104],[121.48874261112675,25.021447702097756],[121.48874841401238,25.0215020185826],[121.48875424708959,25.021556334283694],[121.4887601006711,25.0216106495341],[121.48876596506977,25.021664964666925],[121.48877183059842,25.021719280015194],[121.48877768756974,25.021773595912002],[121.4887835262965,25.021827912690465],[121.48878933709146,25.021882230683637],[121.48879389385498,25.021925105062014],[121.48879511026736,25.021936550224595],[121.48880083613685,25.021990871646434],[121.48880650501266,25.02204519528223],[121.48881210720742,25.02209952146509],[121.48881763303382,25.02215385052808],[121.48882307280445,25.022208182804313],[121.48882841683194,25.02226251862687],[121.48883365542895,25.022316858328832],[121.48883877890798,25.022371202243345],[121.48884377758164,25.02242555070344],[121.48884864176244,25.022479904042278],[121.488853361763,25.022534262592906],[121.48885792789572,25.022588626688446],[121.48886233047317,25.022642996662015],[121.48886655980782,25.02269737284669],[121.48887060621213,25.022751755575577],[121.48887469295948,25.02280625135368],[121.48887940781069,25.02286114858687],[121.48888449327973,25.022916368788312],[121.48888963127011,25.02297180655894],[121.48889450368493,25.023027356499682],[121.48889879242651,25.023082913211528],[121.48890135217809,25.023124826463867],[121.4889021793967,25.023138371295527],[121.48890434649672,25.023193625352736],[121.48890497562722,25.02324856998423],[121.48890374868833,25.02330309979107],[121.48890034757962,25.023357109374246],[121.48889445420016,25.023410493334616],[121.48888575044853,25.023463146272935],[121.48887391336774,25.023514961993257],[121.48885767064553,25.0235656643947],[121.48883671691058,25.02361522186164],[121.48881178588029,25.023663823482533],[121.48879412520509,25.02369380779154],[121.48878361127325,25.02371165834597],[121.48876925632128,25.02373423773802],[121.48875441129151,25.023756706922754],[121.48873915566136,25.023779086366144],[121.48872356890823,25.0238013965342],[121.48870773050955,25.023823657892965],[121.48869171994289,25.023845890908504],[121.4886756166858,25.023868116046945],[121.48865950021585,25.023890353774405],[121.48864345001081,25.023912624557042],[121.48862754554827,25.0239349488611],[121.48861186630606,25.02395734715281],[121.48859649176197,25.02397983989841],[121.48858150139387,25.024002447564236],[121.48856697467964,25.024025190616587],[121.48855299109725,25.024048089521834],[121.48853963012472,25.024071164746363],[121.4885268725865,25.024094410767873],[121.48851412613584,25.02411766842585],[121.48850128732197,25.024140909368068],[121.4884883671042,25.024164136382616],[121.48847537644166,25.024187352257627],[121.48846232629361,25.02421055978126],[121.48844922761927,25.024233761741588],[121.48843609137792,25.02425696092678],[121.48842292852876,25.024280160124942],[121.48840975003112,25.024303362124236],[121.48839656684414,25.024326569712805],[121.48838338992725,25.024349785678787],[121.48837023023961,25.024373012810337],[121.48835709874054,25.02439625389558],[121.48834400638937,25.024419511722726],[121.48833096414535,25.024442789079906],[121.48831798296776,25.02446608875528],[121.48830507381604,25.02448941353703],[121.48829224764937,25.024512766213324],[121.48827951542717,25.024536149572338],[121.48826688810877,25.024559566402242],[121.48825437665344,25.024583019491246],[121.48824199202059,25.02460651162751],[121.4882297451696,25.024630045599224],[121.4882176470598,25.024653624194595],[121.48820570865055,25.024677250201805],[121.48819394090131,25.024700926409064],[121.4881823547714,25.02472465560455],[121.4881709612202,25.02474844057648],[121.48815977120718,25.02477228411309],[121.48814879569171,25.024796189002533],[121.48813804563324,25.024820158033062],[121.48812731765904,25.024844697255013],[121.488117265725,25.024868299670178],[121.4881072577941,25.024892477853196],[121.488097519158,25.02491673133015],[121.48808806077606,25.02494106288924],[121.48807889360789,25.024965475318716],[121.48807002861291,25.024989971406775],[121.48806153261786,25.025014577668205],[121.48805357357097,25.025039365596538],[121.48804613469036,25.025064330008437],[121.48803918552639,25.0250894599362],[121.48803269562922,25.025114744412125],[121.48802663454902,25.025140172468465],[121.48802097183605,25.025165733137488],[121.4880156770404,25.02519141545147],[121.48801071971224,25.02521720844266],[121.48800606940169,25.025243101143282],[121.48800169565884,25.0252690825856],[121.4879975680338,25.025295141801845],[121.48799365607655,25.02532126782426],[121.48798992933712,25.02534744968505],[121.4879863573656,25.02537367641646],[121.48798290971187,25.025399937050707],[121.48797955592589,25.025426220619998],[121.48797626555765,25.02545251615657],[121.487973008157,25.025478812692604],[121.48796975327383,25.025505099260375],[121.48796647045798,25.025531364892046],[121.48796312925928,25.025557598619812],[121.48795969922755,25.02558378947592],[121.48795614991255,25.025609926492557],[121.48795245086403,25.02563599870192],[121.48794857163173,25.025661995136208],[121.48794448176533,25.02568790482762],[121.48794015081455,25.025713716808337],[121.48793554832903,25.025739420110543],[121.48793064385836,25.025765003766466],[121.48792540695224,25.02579045680823],[121.48791980716021,25.02581576826803],[121.48791381403181,25.025840927178006],[121.48790739711667,25.025865922570357],[121.48790052596425,25.025890743477206],[121.4878931701241,25.02591537893068],[121.48788529914567,25.02593981796294],[121.48787688257853,25.025964049606085],[121.48786788997198,25.02598806289221],[121.48785829087568,25.026011846853443],[121.4878480880881,25.026035410185052],[121.48783756293632,25.02605892701596],[121.48782678157919,25.02608246162751],[121.48781573854575,25.02610604006451],[121.48780442836507,25.026129688371682],[121.48778835517349,25.026162509393874],[121.48777174113542,25.02619557920403],[121.48775456976162,25.026228964656948],[121.4877368245628,25.026262732607464],[121.48771848904956,25.026296949910392],[121.48769954673244,25.026331683420512],[121.48767998112197,25.0263669999926],[121.48765977572852,25.026402966481403],[121.48763891406246,25.02643964974166],[121.487617379634,25.0264771166281],[121.48759515595331,25.026515433995414],[121.48757222653039,25.026554668698285],[121.48754857487528,25.026594887591383],[121.4875241844978,25.026636157529353],[121.48749903890769,25.0266785453668],[121.48747312161454,25.026722117958336],[121.4874464161279,25.02676694215852],[121.48742241616971,25.02680779392666],[121.48741168845731,25.0268283393197],[121.48740036474186,25.026849223063376],[121.48738847781608,25.02687043506982],[121.48737606047273,25.02689196525114],[121.48736314550457,25.02691380351945],[121.48734976570445,25.02693593978687],[121.48733595386514,25.02695836396557],[121.48732174277946,25.026981065967668],[121.48730716524027,25.027004035705296],[121.48730275530626,25.027010905122502],[121.48729225404045,25.027027263090634],[121.48727704197299,25.02705073803584],[121.48726156183072,25.02707445045313],[121.48724584640664,25.02709839025463],[121.48722992849376,25.027122547352622],[121.48721384088508,25.027146911659283],[121.48719761637365,25.02717147308684],[121.48718128775253,25.02719622154755],[121.48716488781486,25.027221146953682],[121.48714844935375,25.02724623921748],[121.48713200516244,25.027271488251255],[121.48711558803402,25.027296883967313],[121.48709923076181,25.027322416277954],[121.48708296613907,25.0273480750955],[121.48706302881284,25.027377083573892],[121.48704158623082,25.027410510140925],[121.48701881131835,25.02744777352576],[121.48699462300344,25.02748838321658],[121.48696894021414,25.027531848701432],[121.48694168187858,25.027577679468287],[121.48691276692495,25.027625385005013],[121.48688211428158,25.0276744747994],[121.48684964287716,25.027724458339073],[121.48681527164051,25.02777484511153],[121.48678599450785,25.027814510026737],[121.48676396741823,25.027842195439423],[121.48674156282794,25.027870204840983],[121.4867188142937,25.027898491972163],[121.48669575537238,25.027927010573684],[121.4866724196209,25.027955714386355],[121.48664884059613,25.0279845571509],[121.48662505185511,25.02801349260817],[121.48660108695496,25.02804247449898],[121.48657697945278,25.02807145656417],[121.48655276290582,25.028100392544612],[121.4865284708713,25.028129236181158],[121.48650413690663,25.028157941214776],[121.48647979456922,25.028186461386355],[121.48645547741653,25.028214750436863],[121.48643121900614,25.02824276210726],[121.48640705289559,25.028270450138553],[121.48638301264265,25.02829776827177],[121.48635913180499,25.02832467024791],[121.4863354439405,25.028351109808067],[121.48631198260699,25.028377040693318],[121.48628878136239,25.02840241664474],[121.4862658737647,25.028427191403452],[121.48624329337193,25.028451318710616],[121.48622107374217,25.02847475230737],[121.48619879279896,25.02849810256035],[121.48617222124723,25.02852751881141],[121.486146562688,25.02855563170082],[121.48612177591352,25.028582622703162],[121.48609781971554,25.028608673292997],[121.48607465288582,25.028633964944834],[121.48605223421583,25.02865867913315],[121.48603052249685,25.02868299733237],[121.48600947652001,25.02870710101687],[121.48598905507626,25.028731171661057],[121.48596921695636,25.02875539073922],[121.485949920951,25.02877993972572],[121.4859311258507,25.028805000094785],[121.48591279044584,25.0288307533207],[121.48589487352675,25.028857380877664],[121.48587733388342,25.028885064239915],[121.48586013030605,25.028913984881584],[121.48584322158439,25.028944324276864],[121.48582656560477,25.02897615823168],[121.4858101247242,25.029008420850126],[121.4857938885949,25.029040787912496],[121.48577785063553,25.02907325627182],[121.48576200426466,25.029105822781034],[121.48574634290091,25.029138484293092],[121.48572127654118,25.029191732544824],[121.48569665296162,25.029245206799256],[121.48567244412473,25.02929889329214],[121.48564862199304,25.0293527782593],[121.485625158529,25.02940684793647],[121.48560202569507,25.029461088559415],[121.48557919545368,25.029515486363856],[121.48555663976715,25.029570027585468],[121.48553433059782,25.02962469845998],[121.485512239908,25.029679485223053],[121.48549033965989,25.02973437411032],[121.48546860181574,25.029789351357426],[121.48544699833771,25.029844403200013],[121.48542550118789,25.02989951587367],[121.4854040823284,25.029954675614007],[121.48538271372132,25.030009868656563],[121.48536136732855,25.03006508123696],[121.48534001511213,25.030120299590656],[121.48531862903398,25.030175509953256],[121.48529718105601,25.030230698560242],[121.48527564313999,25.030285851647104],[121.48525398724769,25.030340955449358],[121.48523218534098,25.030395996202447],[121.48521020938148,25.030450960141835],[121.48518803133086,25.030505833502954],[121.48516562315085,25.03056060252125],[121.48514295680299,25.03061525343207],[121.4851200042488,25.03066977247087],[121.48509673744987,25.03072414587294],[121.48507312836763,25.030778359873704],[121.48504914896354,25.03083240070845],[121.48502477119901,25.030886254612497],[121.4849999670354,25.030939907821132],[121.48497421959142,25.03099315219822],[121.48494707167912,25.031045805804663],[121.48491870139718,25.031097944647627],[121.48488928756315,25.031149645069924],[121.48487080688336,25.0311809796982],[121.48485900899489,25.03120098341445],[121.48482804451045,25.031252036024227],[121.48479657292813,25.031302879242446],[121.48476477306647,25.03135358941242],[121.48473282374421,25.031404242877592],[121.48470090378035,25.03145491598156],[121.48466919199407,25.03150568506807],[121.48463786720481,25.03155662648102],[121.48460710823217,25.031607816564442],[121.48457709389604,25.03165933166252],[121.48454800301656,25.031711248119535],[121.484519257669,25.03176335122245],[121.48449006828857,25.031815337356885],[121.48446051200438,25.031867229304858],[121.48443066767648,25.03191905046756],[121.48440061416515,25.03197082424626],[121.4843704303307,25.032022574042323],[121.48434019503367,25.03207432325715],[121.48430998713455,25.032126095292167],[121.48427988549408,25.03217791354893],[121.48424996897305,25.032229801429025],[121.48422031643234,25.032281782334074],[121.48419100673296,25.032333879665796],[121.48418300323326,25.032348352120984],[121.48416211873614,25.03238611682598],[121.48413373130302,25.03243851721639],[121.484105923295,25.03249110423894],[121.48407877357364,25.032543901295533],[121.48405236100045,25.03259693178813],[121.48402676443725,25.032650219118775],[121.48400206274586,25.032703786689513],[121.48397833478828,25.032757657902394],[121.48395565942666,25.032811856159572],[121.48393411552328,25.032866404863174],[121.48391378194052,25.032921327415366],[121.48389441913132,25.03297657902512],[121.48387518341526,25.033031979976812],[121.48385603750224,25.033087514813264],[121.4838369962593,25.033143178791477],[121.48381807455354,25.03319896716854],[121.48379928725205,25.033254875201468],[121.48378064922198,25.033310898147317],[121.48376217533048,25.033367031263175],[121.48375169745783,25.03339924028666],[121.48374388044465,25.033423269806104],[121.48372577943184,25.03347960903319],[121.48370788715921,25.033536044201483],[121.48369021849409,25.033592570568125],[121.48367278830378,25.033649183390175],[121.48367177218803,25.03365253722043],[121.48365561145559,25.03370587792474],[121.48363870281692,25.033762649428937],[121.48362207725519,25.033819493159857],[121.48360574963782,25.033876404374645],[121.48359830816285,25.033902878025522],[121.48358973483224,25.033933378330406],[121.48357404770601,25.033990410284247],[121.48355870312662,25.034047495493322],[121.48354371596166,25.034104629214774],[121.48352910107867,25.0341618067057],[121.4835148733453,25.03421902322328],[121.48350104762925,25.03427627402462],[121.48348763879812,25.03433355436687],[121.48347466171961,25.034390859507198],[121.48346213126155,25.034448184702725],[121.48345006229162,25.0345055252106],[121.48343846967768,25.03456287628798],[121.48343622413974,25.0345744952719],[121.48342672981505,25.034623621297293],[121.48341555780199,25.03468436763997],[121.48340497144659,25.03474510959329],[121.48339714760417,25.034792706673706],[121.4833949885569,25.034805841434515],[121.48338562694107,25.034866557440946],[121.48337690440725,25.034927251889858],[121.48336883876362,25.0349879190585],[121.48336144781847,25.035048553224144],[121.48335474937998,25.03510914866407],[121.48334913256126,25.03516978083778],[121.48334744587858,25.035197951188064],[121.48334548874413,25.035230638510754],[121.48334376121089,25.03529196485942],[121.48334384522198,25.035352956179587],[121.48334563817957,25.035414363818937],[121.48334903605758,25.035475902423798],[121.4833539351869,25.03553754581581],[121.48336023189809,25.035599267816522],[121.48336782252153,25.035661042247497],[121.48337660338737,25.035722842930312],[121.48338647082561,25.03578464368651],[121.48339732116597,25.035846418337634],[121.48340905073793,25.03590814070528],[121.48342155587088,25.03596978461103],[121.48343473289383,25.036031323876497],[121.48344847813568,25.03609273232331],[121.48346268792504,25.036153983773193],[121.48347725859037,25.036215052047837],[121.4834920864598,25.036275910969014],[121.48350706786138,25.036336534358533],[121.48352209912278,25.036396896038244],[121.4835370765716,25.03645696983004],[121.48355208280954,25.036516739308112],[121.48356888296543,25.036576262128527],[121.48358785790904,25.03663549728986],[121.4836089060646,25.036694375992354],[121.48363192585609,25.036752829436278],[121.48365681570715,25.03681078882185],[121.48368347404116,25.036868185349316],[121.48368681894476,25.036874888667764],[121.4837117992812,25.0369249502189],[121.48374168985,25.036981014630896],[121.48377304417,25.037036309785595],[121.48380576066344,25.037090766883363],[121.48383973775209,25.037144317124607],[121.48387481297775,25.0371969564638],[121.48391025235864,25.037249344405545],[121.48394586544995,25.0373016694394],[121.48398165021004,25.037353930527033],[121.48401760459717,25.03740612663011],[121.48405372656957,25.037458256710305],[121.4840900140855,25.03751031972926],[121.4841264651032,25.03756231464867],[121.48416307758093,25.03761424043019],[121.48419984947697,25.03766609603552],[121.48423677874953,25.037717880426275],[121.4842738633568,25.037769592564178],[121.48431110125713,25.037821231410913],[121.48434849040859,25.03787279592812],[121.4843860287695,25.03792428507751],[121.48442371429806,25.03797569782075],[121.48446154495242,25.038027033119526],[121.48449951869084,25.03807828993553],[121.4845376334715,25.038129467230455],[121.48457588725257,25.03818056396596],[121.48461427799226,25.038231579103762],[121.48465280364877,25.03828251160556],[121.48469146218022,25.038333360433025],[121.4847302515448,25.03838412454788],[121.48476916970068,25.038434802911794],[121.48480821460605,25.038485394486475],[121.484847384219,25.03853589823365],[121.48488667649778,25.03858631311499],[121.48492608940042,25.038636638092225],[121.48496562088512,25.038686872127055],[121.48500526891002,25.03873701418119],[121.48504503143319,25.038787063216343],[121.48508490641285,25.038837018194215],[121.48512489180703,25.038886878076557],[121.48516498557389,25.038936641825032],[121.48520518567155,25.038986308401405],[121.48524549005806,25.03903587676739],[121.48528589669155,25.0390853458847],[121.48532634950064,25.03913452579874],[121.48536770899702,25.039183517543016],[121.48540967236818,25.03923185060988],[121.48545229823749,25.039279713946947],[121.48549552568943,25.039327151174472],[121.48553929380842,25.039374205912754],[121.48558354167896,25.039420921782202],[121.48562820838538,25.039467342403224],[121.48567323301204,25.039513511396347],[121.48571855464331,25.03955947238215],[121.48576411236341,25.039605268981283],[121.48580984525665,25.039650944814483],[121.48585569240731,25.039696543502554],[121.48590159289957,25.03974210866636],[121.48594748581762,25.039787683926843],[121.48599331024563,25.039833312905046],[121.48603900526786,25.039879039222043],[121.48608450996832,25.039924906499035],[121.48612976343115,25.039970958357248],[121.48614758007962,25.03998923186585],[121.48616534346816,25.040007543417616],[121.48618304995325,25.040025895798948],[121.48620069589138,25.040044291796264],[121.486218277639,25.040062734195917],[121.48623579155256,25.040081225784366],[121.48625323398859,25.040099769347982],[121.48627060130346,25.040118367673163],[121.48628788985376,25.040137023546343],[121.48630509599583,25.040155739753914],[121.48632221858132,25.040174518031556],[121.48633927561549,25.04019335508591],[121.48635627307262,25.040212248790052],[121.48637321303778,25.040231197088566],[121.48639009759603,25.040250197926007],[121.48640692883241,25.04026924924697],[121.48642370883188,25.040288348996015],[121.48644043967957,25.040307495117673],[121.48645712346047,25.04032668555654],[121.48647376225965,25.040345918257156],[121.48649035816214,25.040365191164092],[121.48650691325302,25.040384502221908],[121.48652342961726,25.040403849375142],[121.48653990933995,25.04042323056838],[121.48655635450609,25.04044264374617],[121.48657276720076,25.04046208685306],[121.486589149509,25.040481557833633],[121.48660550351586,25.0405010546324],[121.48662183130634,25.040520575193927],[121.48663813496553,25.04054011746278],[121.48665441657842,25.040559679383506],[121.4866706782301,25.04057925890066],[121.4866869220056,25.04059885395878],[121.48670314998994,25.0406184625024],[121.4867193642682,25.040638082476107],[121.48673556692539,25.040657711824426],[121.48675176004654,25.040677348491883],[121.48676794571674,25.040696990423065],[121.48678412602106,25.04071663556248],[121.48680030304443,25.040736281854695],[121.486816478872,25.040755927244238],[121.48683265558877,25.04077556967566],[121.4868488352798,25.040795207093495],[121.48686502003014,25.040814837442287],[121.48688121192482,25.040834458666538],[121.48689741304887,25.040854068710857],[121.48691362548736,25.040873665519733],[121.48692985132533,25.04089324703772],[121.48694609264781,25.040912811209324],[121.4869490940601,25.04091641919943],[121.48696235153989,25.040932355979105],[121.48697863008654,25.0409518792916],[121.4869949303729,25.04097137909134],[121.48701125448393,25.04099085332283],[121.48702760450477,25.04101029993063],[121.4870439825204,25.041029716859256],[121.48706039061585,25.041049102053236],[121.48707683087622,25.04106845345709],[121.48709330538654,25.041087769015395],[121.48710981623182,25.04110704667262],[121.48712636549719,25.04112628437328],[121.48714295526764,25.041145480061967],[121.4871595876282,25.041164631683138],[121.48717626466396,25.04118373718136],[121.48719298845995,25.041202794501114],[121.4872097611012,25.04122180158696],[121.4872265846728,25.041240756383395],[121.48724346125978,25.04125965683495],[121.48726039294715,25.04127850088612],[121.48727738182004,25.04129728648144],[121.4872944299634,25.041316011565417],[121.48731153946233,25.041334674082577],[121.48732871240193,25.04135327197742],[121.48734595086717,25.04137180319445],[121.4873632569431,25.041390265678217],[121.48738063271479,25.041408657373182],[121.48739808026727,25.041426976223896],[121.48741560168564,25.04144522017484],[121.48743319905486,25.041463387170527],[121.48745087446004,25.041481475155482],[121.4874686299862,25.041499482074183],[121.48748646771841,25.041517405871144],[121.48750438974169,25.041535244490863],[121.48752239814112,25.041552995877858],[121.48754049500168,25.041570657976617],[121.48755868240845,25.041588228731623],[121.48757696244651,25.041605706087413],[121.48759533720086,25.041623087988466],[121.48761389742482,25.041640337718558],[121.48763288680813,25.041657353257737],[121.4876523046648,25.04167412147846],[121.48767213490044,25.041690635009868],[121.48769236142051,25.041706886481077],[121.48771296813058,25.04172286852122],[121.48773393893609,25.041738573759456],[121.48775525774256,25.041753994824905],[121.48777690845539,25.041769124346736],[121.48779887498006,25.041783954954123],[121.48782114122199,25.041798479276178],[121.48784369108654,25.04181268994214],[121.48786650847907,25.041826579581176],[121.48793653148057,25.041866325022223],[121.48800838597923,25.04190291037697],[121.48808163347634,25.04193613724335],[121.48815583547199,25.041965807220166],[121.48823055346514,25.04199172190707],[121.48830552074396,25.042013563655992],[121.48838198541773,25.042030334400234],[121.48846006616724,25.042042518599477],[121.48853948537867,25.042050944401478],[121.48861996543991,25.042056439954486],[121.48870122874074,25.04205983340723],[121.48878299767313,25.04206195290913],[121.48886499463111,25.042063626610034],[121.48894694201088,25.042065682660432],[121.48899031018851,25.04206741831926],[121.4890285622109,25.042068949211416],[121.48910957763175,25.042074254414597],[121.48918972953881,25.04208244390706],[121.48926927664178,25.04209417951622],[121.48934850514955,25.042108468808173],[121.48942756577101,25.042123943361972],[121.48950660921146,25.04213923475633],[121.48958578617291,25.042152974569767],[121.4896652473538,25.042163794380492],[121.4897450732632,25.042170377419623],[121.48982233823034,25.042174190531153],[121.48989631204704,25.042176734515486],[121.48996820491115,25.042178371377293],[121.49003451176443,25.042179390637624],[121.49003922702158,25.042179463118817],[121.49011058857803,25.042180371739857],[121.49018349978121,25.042181459237906],[121.49025917083249,25.04218308760805],[121.49033881193432,25.042185618842733],[121.49042363329026,25.042189414931535],[121.49051484510518,25.042194837860833],[121.49061066384193,25.042200766172016],[121.49070059748871,25.042204774935115],[121.49078659198632,25.042208953425288],[121.49086958079121,25.04221344980962],[121.4909504973604,25.04221841225277],[121.49103027515126,25.042223988917307],[121.49110984762174,25.04223032796374],[121.49118992551021,25.04223731289901],[121.49127013302368,25.042243976199263],[121.49135039016181,25.04225026456351],[121.49143068877892,25.042256237409216],[121.4915110207293,25.0422619541539],[121.49159137786756,25.042267474215105],[121.49167175204838,25.042272857010378],[121.49175213512653,25.042278161957277],[121.49183251895708,25.042283448473384],[121.49191289539517,25.042288775976257],[121.49199325629614,25.042294203883554],[121.49207359351534,25.042299791612866],[121.49215389890848,25.042305598581837],[121.49223416433128,25.042311684208105],[121.49231438163969,25.04231810790938],[121.49239454268975,25.042324929103295],[121.49247463933769,25.04233220720756],[121.49255466343989,25.04234000163991],[121.49263440876835,25.042348357032427],[121.4927119960335,25.042357157501307],[121.49278773044041,25.04236636330591],[121.49286258189683,25.04237597244593],[121.49293752031079,25.04238598291909],[121.49301351559053,25.04239639272116],[121.49309153764463,25.04240719984588],[121.49317255638206,25.042418402284895],[121.49325754171196,25.042429998027558],[121.49334794684222,25.042441646584233],[121.49344383199072,25.042448642156536],[121.49353389937573,25.04245505208353],[121.49361893541439,25.042461160178558],[121.49369972652497,25.04246725025261],[121.49377705912649,25.042473606114466],[121.49385171963885,25.042480511571043],[121.49392449448274,25.042488250427436],[121.49399617007963,25.04249710648712],[121.49406753285163,25.042507363552005],[121.49407965944987,25.042509379445214],[121.4941264936424,25.04251716502603],[121.49413936922194,25.042519305422402],[121.4942124656146,25.042533215897155],[121.49430079315391,25.04254271534224],[121.49438655549064,25.042553015852953],[121.49446894675404,25.042564385859027],[121.49454896920898,25.042576391877564],[121.49462762511945,25.042588600423432],[121.49470591674866,25.042600578009257],[121.49478484630518,25.042611891148496],[121.49486312072584,25.042622374898244],[121.49493867294242,25.04263222854934],[121.49501128107802,25.042641569375366],[121.49508072325605,25.042650514650262],[121.4951467776002,25.042659181648038],[121.49520922223435,25.042667687643],[121.49526783528265,25.04267614990951],[121.4953223948694,25.04268468572199],[121.49537267911906,25.042693412354893],[121.49541846615617,25.042702447082597],[121.49549658155583,25.042721167413976],[121.49566972118487,25.04277028423232],[121.49579846632021,25.04281663133229],[121.49588955527106,25.042901810598675],[121.4961197498934,25.043117069828522],[121.49628833058497,25.043257525492315],[121.49635688792682,25.04329629230849],[121.49645279618092,25.04335052502865],[121.49684282437963,25.04351942767724],[121.49692833548457,25.043562900809107],[121.49740873059362,25.043777918618606],[121.4975684457508,25.043849404266826],[121.49929832789748,25.044644725417918],[121.49989878769023,25.044900586483298],[121.49991543137054,25.04490767844799],[121.50026985072068,25.045047007440214],[121.5003070263297,25.04508121826315],[121.5005880180105,25.045339799690957],[121.50058963944349,25.045341292888587],[121.50083391314237,25.045559878990066],[121.50120907121936,25.045892800252364],[121.50137954541535,25.0460440808511],[121.50140098350029,25.04606310519292],[121.50158336836375,25.046317794526477],[121.50174648457919,25.0465472249425],[121.50196084129726,25.046794511098422],[121.50196806816841,25.046802837940195],[121.50219813651115,25.047067923197655],[121.50230381385262,25.047189684354695],[121.50261618330876,25.04751529291138],[121.5028438081153,25.047752563575827],[121.50297846920186,25.047897502502988],[121.50309827633241,25.048026453367825],[121.50347771111598,25.048357175232297],[121.5037501175345,25.048596506779724],[121.5037533898513,25.048599384665884],[121.50421839654149,25.048952122707252],[121.50441082731447,25.04913326767791],[121.50460103159122,25.049341729870658],[121.50483166961794,25.049629202694298],[121.50575740778629,25.04909098759282],[121.50598426645747,25.04900321146609],[121.50621118295979,25.048932010337843],[121.50648932377075,25.048861749908475],[121.50720724582013,25.048680394712257],[121.50738431945175,25.048642504037495],[121.50749785371686,25.04862554064638],[121.50761154258369,25.04859717187769],[121.50763892107565,25.048590340111122],[121.50800039433408,25.048500140995174],[121.50830589760542,25.048423907391342],[121.50860562344923,25.04835747620646],[121.50929033517124,25.04820571428753],[121.50955897091134,25.04814617195429],[121.50956817854681,25.048175138526897],[121.50962761371551,25.048261947156345],[121.50970062424209,25.048336268499554],[121.50978721288615,25.048393976699916],[121.50991916206657,25.04843495360554],[121.51004643526268,25.04844280440909],[121.51014624659807,25.048405175730494],[121.51034561440756,25.04826361691471],[121.51043623756007,25.048096893965777]]]]},"properties":{"AREA":7449654.53793,"PERF_ID":63007.0,"COUN_ID":"6300700","CPID":"63007","CPTID":"6300700","NPID":63007.0,"NPTID":6300700.0,"PNAME":"臺北市","TNAME":"萬華區","PTNAME":"臺北市萬華區","TM2_MAX_X":301759.4728,"TM2_MAX_Y":2771369.6177,"TM2_MIN_X":298775.1297,"TM2_MIN_Y":2766871.9494,"MAX_X":121.51298,"MAX_Y":25.0496,"MIN_X":121.48324,"MIN_Y":25.0091,"city":"臺北市","district":"萬華區","store_count":347,"level":"中","source_dataset":"臺北綠色商店.csv"}},{"type":"Feature","geometry":{"type":"MultiPolygon","coordinates":[[[[121.53289261418132,25.045468816503657],[121.5353395047707,25.044902152951316],[121.5360923917113,25.044803009024516],[121.53773619451563,25.044734934766836],[121.54159984303342,25.04462906509864],[121.54383676288634,25.04491221302055],[121.5438367628864,25.044912213020496],[121.54592032089728,25.045157010813266],[121.54670573380994,25.045161732935053],[121.54756162079188,25.04513138267228],[121.54807770098158,25.045059521289545],[121.54809832743679,25.045056959967887],[121.548107228163,25.045055854705677],[121.54887761768805,25.044960188236207],[121.54923895699184,25.044915315932357],[121.5496658950558,25.044868566057456],[121.5504555875265,25.044782091121025],[121.55068084583479,25.044756723412785],[121.55079387741203,25.044743994106984],[121.55130293437911,25.0446866644132],[121.5519519101158,25.04461295736583],[121.55197482164205,25.044610355074983],[121.55230268585979,25.044573115863237],[121.55243498686914,25.044562298030794],[121.5525014102523,25.04455686675711],[121.55287896615506,25.044519259694052],[121.55298446981519,25.044507205911323],[121.55346372037704,25.04445245061121],[121.55362559946593,25.044451847430107],[121.55371080692936,25.044454111883066],[121.55372144210837,25.044291188486575],[121.55378295559858,25.04429578429971],[121.55403130994735,25.044314339156568],[121.55416617257347,25.044324414731577],[121.55421577555215,25.044328120534498],[121.55439643984532,25.04434986477894],[121.55446583392596,25.044358216794024],[121.55477563515672,25.04441135477517],[121.5548187705274,25.044419442002535],[121.55527590392849,25.044505146738892],[121.55530036343411,25.044509877503113],[121.55552633349339,25.04455358263707],[121.55561262282161,25.044570271857836],[121.5558529383183,25.04461675099377],[121.5565188544812,25.04474443116009],[121.55654420264517,25.044749291253645],[121.55684496891541,25.044806957878315],[121.55689114575473,25.04481601192312],[121.55735987566374,25.04490791644669],[121.5574071835594,25.04491719208124],[121.5575954160526,25.044954098564634],[121.55772780877372,25.04497665915908],[121.55771999913935,25.044662317937348],[121.55770819931693,25.04418736555067],[121.5577015393397,25.04391929377714],[121.55770148018286,25.043916912639435],[121.55768324756096,25.043009096267596],[121.55768315108942,25.043004292820193],[121.55766583828229,25.042314436133577],[121.55765285916985,25.04171343080286],[121.55764427973426,25.041316106665256],[121.55764368327998,25.041289831758746],[121.55761946437747,25.04022293076114],[121.55760804560315,25.039719896848005],[121.557597549087,25.039307409247797],[121.55759749343783,25.03930501366051],[121.55757468703816,25.038323231581987],[121.55757191972981,25.038209567566767],[121.5575593830781,25.037694635212464],[121.55755853814675,25.0376599301504],[121.55755135885008,25.0372484332772],[121.55754997211486,25.03716894904724],[121.55754440062651,25.03684960347711],[121.55754433346361,25.03684575382957],[121.55754362005572,25.03681602128102],[121.55753627448385,25.036509880238192],[121.55753430427926,25.036427767743554],[121.55752818233618,25.036172621654618],[121.55752813098053,25.036170481282134],[121.55752714274084,25.036131539987313],[121.55751594238404,25.035690190776002],[121.55751131732677,25.035507939436368],[121.55750808807832,25.035380689780126],[121.55749935392753,25.03503651566726],[121.55749932685553,25.035035448876982],[121.55749813249265,25.03497702152093],[121.55749273822934,25.034713137074153],[121.55748888214103,25.034524498268087],[121.55748436538387,25.034303538602195],[121.55748218748015,25.034202839798013],[121.55747928649633,25.034068707867018],[121.5574745566766,25.033850015658043],[121.55746954040256,25.03363554178206],[121.55745607399103,25.033059771726073],[121.55745582722876,25.033049221083196],[121.55743383892893,25.032109072033837],[121.55742788493478,25.03185449479034],[121.55742272419462,25.031633833780695],[121.55742203082724,25.031604186948194],[121.55740579673194,25.03076958466124],[121.55740168259986,25.030558059623925],[121.55740158260734,25.03055412601994],[121.55738403147225,25.029863676729523],[121.55737186643536,25.02938510631556],[121.55723998031898,25.0291608442939],[121.5571184933441,25.02895501501029],[121.55707907600093,25.028888232010846],[121.55691940342285,25.02862383115674],[121.55655389723239,25.02801858662886],[121.55655214295973,25.028015629693986],[121.55645009631306,25.027843623485026],[121.5563869992593,25.027756188311066],[121.55634870055333,25.02770535930728],[121.5561193868144,25.0275063996628],[121.5560419386473,25.027438516655067],[121.55589006462219,25.02730539934146],[121.55536459509783,25.026843474960323],[121.55521333584056,25.026710506514874],[121.55473338635659,25.02628589030448],[121.55455008615553,25.02612372154337],[121.55451217241881,25.026090364177197],[121.55434275039174,25.02594130248755],[121.55402624733789,25.02566283376441],[121.55364554892125,25.025326158146004],[121.55348441570752,25.02518365702124],[121.55297664652164,25.024726796718642],[121.55288184424049,25.02464149872682],[121.55284793828463,25.02461279116476],[121.55253722271328,25.024349712888494],[121.55252218840361,25.024336983515283],[121.55252922190203,25.024330426919832],[121.55253732924731,25.02432286928793],[121.55329521579412,25.023616364757704],[121.55343612284268,25.023485009398236],[121.5535852403894,25.023345386030936],[121.55389132554647,25.023058787591093],[121.55394353543683,25.02300976846522],[121.5543514588252,25.022626773021102],[121.5546068500789,25.02238698680089],[121.55466192008895,25.022335281525507],[121.55486137496524,25.022148012657052],[121.55540733259768,25.021631996727933],[121.55551447806337,25.021530726655207],[121.55552810917177,25.02151794788458],[121.556179265276,25.020907503327443],[121.55642663291961,25.020675599277002],[121.55650958037056,25.020597077659957],[121.55656728201997,25.020542454716587],[121.55682758774938,25.020296036882193],[121.55691795026429,25.0202104950761],[121.55704664528523,25.02008866545017],[121.55751242682429,25.01965191025897],[121.55769149056854,25.019484004120134],[121.55821060096781,25.018999879923253],[121.55821507583593,25.018995706621194],[121.55843782940207,25.018784348341065],[121.5588560251347,25.01838754319017],[121.55887364973582,25.01837082000067],[121.55892640185387,25.0184084221683],[121.55911111929207,25.01822954082724],[121.55930041342245,25.018046227321914],[121.55968823969552,25.01765021460368],[121.55983694112092,25.01748697815598],[121.55992493632833,25.017389288201535],[121.55996086978959,25.0173493932992],[121.55997918741181,25.017324894381776],[121.5600660188467,25.017208782460894],[121.56010300556912,25.01714555505386],[121.56012006291759,25.01711640062739],[121.56014728739005,25.0170698685165],[121.56016622320384,25.01703751283618],[121.56019400013783,25.01697531319218],[121.56026619856036,25.016813664593105],[121.56038656746215,25.016544752599376],[121.56047090376815,25.016357192760065],[121.56053250605983,25.016155400080027],[121.56054030589638,25.016142821790403],[121.56061554977262,25.016021480729222],[121.56082893572525,25.01577963583025],[121.56100855067955,25.015576061607995],[121.56103260186431,25.01554881445356],[121.56108331595857,25.015497822192465],[121.56122615270642,25.01535968644955],[121.56128094249924,25.015318129858063],[121.56135615542026,25.015261082792506],[121.56182996844717,25.01490170572794],[121.56199442406661,25.014724775246638],[121.56202616161433,25.014690637555873],[121.56209772996526,25.014567675686266],[121.56233637993896,25.01417679724029],[121.56247230265097,25.01393090045736],[121.56260639722079,25.013688341820952],[121.5626323690912,25.01364914539905],[121.5626464458644,25.013627900896932],[121.5626771034439,25.013602551457666],[121.56268404351749,25.013596809632226],[121.56269434705499,25.013588285064888],[121.56271316591571,25.013576179443128],[121.56273197486529,25.013564073856532],[121.5627486149108,25.01355433279989],[121.56281426455953,25.01352210693422],[121.56294864714911,25.01346464019011],[121.56314543569455,25.013385016857832],[121.56322698213191,25.013340894818285],[121.56324851001152,25.013316708352093],[121.56327003792394,25.013292530910757],[121.56328433319958,25.01326399322838],[121.5632986285099,25.01323546457254],[121.563319888464,25.013172106358823],[121.56334132438248,25.01310823287575],[121.56336724745927,25.01299420957059],[121.56339318035648,25.01288017719458],[121.56339908755407,25.012842302673555],[121.56340545343194,25.01280148725876],[121.56341395308009,25.012746979736885],[121.56343472576182,25.012613782274723],[121.56344924141116,25.012520666022834],[121.56345315656597,25.01232346931183],[121.56343809161494,25.012183311581033],[121.56341793181252,25.011981827473612],[121.56340296692973,25.011863580457906],[121.56341216707877,25.011771531596096],[121.56345013728182,25.011661841224793],[121.56373605729915,25.01109551060163],[121.56377901212389,25.011025244849883],[121.56384601174511,25.010954878887393],[121.56395624611925,25.010875591713397],[121.56429630796539,25.010580727122072],[121.56438736195388,25.010514648246858],[121.56457429452556,25.010382490070597],[121.56513044546969,25.010025457356686],[121.56522629343723,25.009954981145988],[121.56525974751396,25.009911040800787],[121.56531230082469,25.009836350488882],[121.5653690973514,25.00963896169042],[121.56553046803155,25.009178269011077],[121.56589520232177,25.008107551071213],[121.56583803811809,25.008090427215123],[121.5657897787173,25.00805117624482],[121.5656302150743,25.007858979888102],[121.56551982396505,25.007903221934274],[121.56533706906285,25.00789515053057],[121.5653177994928,25.007886466559285],[121.56524044056563,25.00779473754434],[121.56518751151992,25.007696234876626],[121.56512647888826,25.007582659028955],[121.56502921934539,25.007401677676548],[121.56501250770123,25.007370580451006],[121.5649568262073,25.00728753516766],[121.56490115469596,25.00720448982358],[121.56486655913483,25.007191512477657],[121.5648433564864,25.007182807268467],[121.56482983409958,25.00719165196257],[121.5645940662623,25.007345879883072],[121.5644860226086,25.007379152179837],[121.56437052984548,25.007414836076943],[121.5642819620593,25.007443457087046],[121.56412133510364,25.007542661977322],[121.56396070788792,25.0076418666973],[121.5638839802361,25.007685970846293],[121.56384098661125,25.00774747956583],[121.56375496929786,25.007866109441792],[121.56364913228158,25.007853365748122],[121.56361248700834,25.007842806374473],[121.56339394484596,25.00777984213914],[121.5629708971222,25.00779897670609],[121.5628895772067,25.007822468598626],[121.5626635653317,25.007887775249408],[121.5625054037893,25.008002298743964],[121.56246737388867,25.0080988352556],[121.56244740379896,25.008249544080392],[121.56243019199557,25.008379405690675],[121.56232055739875,25.008590147151942],[121.5622080362273,25.00869573149862],[121.56209551490467,25.008801324789964],[121.56205757415303,25.008915393362265],[121.5619279610876,25.008964074998797],[121.56190094857575,25.009016948179685],[121.56188983079585,25.00903870965095],[121.56187060560595,25.009063235922792],[121.56165557543653,25.009337556881402],[121.561455071471,25.009424667476015],[121.56140123260322,25.00944806383841],[121.56136533994605,25.00948544010842],[121.56132944726724,25.00952281636995],[121.56132391282097,25.009530177078595],[121.56120039089475,25.00969419572966],[121.56111520445998,25.00985917105753],[121.56101429856311,25.009968267742803],[121.56091338258133,25.010077364398498],[121.56087177192849,25.0101101307207],[121.5608301612945,25.010142906059436],[121.56071085895984,25.010143355947616],[121.56065116834678,25.010132711212684],[121.56059146783637,25.01012206649097],[121.56041231699237,25.01007925354658],[121.56033299258591,25.010073530745007],[121.5602691088988,25.010068923375858],[121.56020953173102,25.01008545251627],[121.5601499545468,25.01010198163306],[121.56010242889685,25.0101456488439],[121.5600787597292,25.010189226189922],[121.56005510045226,25.01023280349492],[121.55998406328096,25.010352656790204],[121.55996897993724,25.01038884391219],[121.55992505283638,25.01049420435171],[121.55989510173906,25.010566072198216],[121.55986605216667,25.010635751852174],[121.55980063375799,25.010712267241665],[121.55978846270426,25.010726514208066],[121.55973551097159,25.010788447451493],[121.5597007600724,25.01082436550882],[121.55954551491534,25.01098484583653],[121.55947427978467,25.011061211438218],[121.55940304460705,25.01113758603444],[121.55934393465672,25.01125739415553],[121.55929274422645,25.01138017881221],[121.55928492306232,25.01139894146619],[121.55925523990935,25.011431662480714],[121.55922556668888,25.011464392480104],[121.55908078352792,25.011531031375505],[121.55901125909979,25.011563035436826],[121.55872546925143,25.011683695304967],[121.5585827511748,25.011782068642777],[121.55853301534722,25.01183284620801],[121.55836899324066,25.01200030341523],[121.55825008225955,25.012087717247628],[121.55802365774231,25.01214292511938],[121.55791633102541,25.012154206670022],[121.55772554426325,25.012176661967764],[121.55745110109378,25.01216682128595],[121.55722437177289,25.0121568013034],[121.55706913489286,25.012124764543717],[121.55698722946762,25.012105189329244],[121.55688998226123,25.01208194739619],[121.55675874952517,25.012082438818943],[121.55654420376197,25.01212673017542],[121.55644871724925,25.012116217736395],[121.55640060159864,25.012029421375043],[121.55632858017152,25.01193184464278],[121.55618517433506,25.01187803212687],[121.55599355544065,25.01171567471465],[121.55588165950758,25.011543955685415],[121.55587341947775,25.0115313102529],[121.55570586391912,25.011412350706138],[121.55561031916153,25.011390959112763],[121.55553873895525,25.01139122654964],[121.55530092382527,25.011566058648537],[121.55525315143542,25.011555367244107],[121.55522865914703,25.01141413328825],[121.55513223470741,25.011197061245138],[121.55501224714975,25.01104531391659],[121.55492829905442,25.010947780984775],[121.55478499258581,25.010915697284254],[121.5546175266758,25.01081848476561],[121.55458125341596,25.010709904011062],[121.55463997714659,25.010503131740613],[121.55468084477042,25.010389861727802],[121.55471067775515,25.010307175538227],[121.55474602306442,25.01020920647037],[121.55469796810524,25.01013327908241],[121.55457842152846,25.01007936693758],[121.55427933595931,25.009895668350943],[121.55408796659775,25.009787674491932],[121.55398026118044,25.00971196910601],[121.55396804034056,25.009646786800605],[121.55394358879445,25.00951642222134],[121.55384770449194,25.00941893309615],[121.55373984341257,25.00931061870201],[121.55351249593177,25.009159260776354],[121.55324945206101,25.009029783930377],[121.55315146608572,25.008993262535707],[121.5529029017926,25.008900617105226],[121.55261619742978,25.008814715326288],[121.55255659545729,25.008825806599248],[121.55214025629995,25.00909913417469],[121.55185471794121,25.009274138002095],[121.55170006884342,25.009372558104264],[121.55147431591448,25.00957994881081],[121.55139095413793,25.00961287636642],[121.55121180699633,25.00957005226686],[121.55114604103142,25.009567569544462],[121.5510132550466,25.009562565513903],[121.55094929811075,25.00956015525875],[121.55065124700384,25.009604747450112],[121.55036540647988,25.009712698041184],[121.55013255462485,25.00981503522395],[121.55003721648521,25.00983954702331],[121.54994705941189,25.009835041417492],[121.54984624878176,25.009820924134054],[121.54976119849714,25.00977292031172],[121.54964955065222,25.009705685636384],[121.54956985379454,25.00966733098596],[121.54949023304877,25.00964829609751],[121.54941071981413,25.00965341990558],[121.54931546762903,25.009697260040472],[121.54918322041465,25.009765386852006],[121.54907723847924,25.00978027730184],[121.54898706003944,25.009770950197954],[121.54881182177945,25.00971360967507],[121.54871608544062,25.009646324596225],[121.54850841321232,25.009448987597583],[121.54843924321138,25.009396094409492],[121.54836491158493,25.00937220938439],[121.54828009818596,25.009377361158542],[121.5481899101441,25.009368024573288],[121.54809975349988,25.009363526868107],[121.54793534119452,25.009354472705706],[121.54785048484838,25.009349946291504],[121.54779203289537,25.009321172453387],[121.54777627482243,25.00930218633521],[121.54764810328773,25.00914775854457],[121.54749898089031,25.008998522748843],[121.54733937687078,25.008878323570126],[121.5470627844827,25.008681238131125],[121.54693499289618,25.008560912444302],[121.5467489527198,25.00845529990529],[121.54660010033389,25.00836887054473],[121.54644073312731,25.00830180879233],[121.54639341168134,25.008293009045765],[121.5463133799813,25.00827812656643],[121.54606368635567,25.00816790792171],[121.54596274928195,25.008124790239307],[121.5458513399109,25.00811070912914],[121.54572402971303,25.00809667725732],[121.54548536438112,25.008083062794054],[121.54531026802593,25.008054715763183],[121.54518660610934,25.008007794930478],[121.54510844718598,25.007978139149763],[121.54499696413949,25.007949558562785],[121.54492793428373,25.00792565236514],[121.544816184147,25.00783426423531],[121.54474713308414,25.007805528004415],[121.544662289318,25.007805838761563],[121.54457215519874,25.00780616884266],[121.54420122115938,25.007855835953176],[121.5441747525518,25.007865601887165],[121.54409011023964,25.00790939986808],[121.54394268619743,25.008146691665022],[121.54382180413968,25.008388725312386],[121.5436214937802,25.008655199358486],[121.54349193243345,25.008517886527446],[121.54321390141956,25.00822322328812],[121.54319939885815,25.008224704314284],[121.54318487805554,25.00822613797048],[121.5431703397264,25.00822752424116],[121.54315578458531,25.008228863110688],[121.5431412133468,25.00823015456355],[121.54312662672544,25.008231398584087],[121.54311202543585,25.00823259515676],[121.54309741019263,25.008233744265958],[121.54308278171031,25.00823484589611],[121.54306814070351,25.008235900031654],[121.5430534878868,25.008236906656947],[121.54303882397475,25.008237865756463],[121.54302414968191,25.00823877731459],[121.54300946572296,25.00823964131575],[121.54299477281238,25.008240457744378],[121.54298007166481,25.008241226584865],[121.54296536299482,25.008241947821638],[121.54295064751697,25.008242621439116],[121.54293592594588,25.00824324742172],[121.54292119899608,25.008243825753844],[121.54290646738224,25.008244356419947],[121.54289173181884,25.00824483940443],[121.54287699302051,25.008245274691706],[121.54286225170186,25.0082456622662],[121.5428475085774,25.008246002112333],[121.54283276436176,25.008246294214533],[121.54281801976956,25.008246538557195],[121.54280327551528,25.008246735124764],[121.5427885323136,25.008246883901656],[121.54277379087904,25.008246984872287],[121.54276685772177,25.008247009873493],[121.54275905192621,25.008247038021086],[121.54274431616969,25.008247043332453],[121.54272958432402,25.00824700079085],[121.54271485710387,25.00824691038067],[121.54270013522378,25.00824677208633],[121.54268541939827,25.008246585892277],[121.54267071034202,25.008246351782915],[121.5426560087696,25.00824606974268],[121.54264131539549,25.00824573975599],[121.5426266309344,25.008245361807283],[121.54261195610083,25.00824493588096],[121.5425972916094,25.00824446196146],[121.54258263817466,25.008243940033204],[121.54256799651124,25.008243370080617],[121.54255336733368,25.008242752088112],[121.54253875135659,25.00824208604014],[121.54252414929452,25.008241371921123],[121.54250956186208,25.008240609715475],[121.54249498977384,25.008239799407622],[121.54248043081527,25.008238926028536],[121.5424658711312,25.008237910438904],[121.54245130993839,25.00823674473761],[121.54243674851718,25.008235433273303],[121.54242218814791,25.00823398039471],[121.54240763011099,25.008232390450505],[121.54239307568669,25.008230667789377],[121.54237852615533,25.008228816760056],[121.54236398279733,25.008226841711203],[121.54234944689291,25.008224746991562],[121.5423349197225,25.008222536949784],[121.54232040256638,25.00822021593459],[121.54230589670487,25.008217788294676],[121.54229140341832,25.00821525837874],[121.54227692398705,25.008212630535493],[121.54226245969133,25.00820990911361],[121.54224801181157,25.00820709846184],[121.54223358162798,25.008204202928844],[121.54221917042096,25.008201226863324],[121.54220477947077,25.008198174614005],[121.54219041005773,25.0081950505296],[121.54217606346212,25.00819185895878],[121.5421617409643,25.008188604250254],[121.54214744384456,25.008185290752767],[121.54213317338314,25.00818192281498],[121.54211893086037,25.008178504785622],[121.5421047175566,25.008175041013402],[121.54209053475205,25.00817153584701],[121.54207638372704,25.00816799363517],[121.54206226576181,25.00816441872658],[121.54204818213675,25.008160815469942],[121.54203413413208,25.008157188213993],[121.54202012302805,25.00815354130743],[121.54200626459573,25.008149547314304],[121.54199277846482,25.008144561421815],[121.5419796113861,25.008138730439697],[121.54196670055863,25.008132229825375],[121.54195398318141,25.008125235036257],[121.54194139645344,25.00811792152972],[121.5419288775735,25.008110464763117],[121.54191636374054,25.00810304019384],[121.54190379215333,25.008095823279167],[121.54189110001055,25.00808898947645],[121.54187822451087,25.008082714242935],[121.54186510285285,25.00807717303591],[121.5418515861955,25.0080725606802],[121.54183710124946,25.008069194366964],[121.54182197360628,25.008067257890144],[121.54180671659782,25.00806690205869],[121.54179184355564,25.008068277681783],[121.54177786781142,25.008071535568828],[121.54169873449432,25.008120254880577],[121.54161442630543,25.008141911627877],[121.54152283885408,25.008127183387042],[121.54142984551883,25.00810799691534],[121.54133813885589,25.008113279405386],[121.54125506798084,25.008152073054916],[121.5411764625079,25.00819864008615],[121.54109795593551,25.00824532828718],[121.54101646807192,25.008285081480402],[121.5409299117658,25.00831312403639],[121.54084089141325,25.00833544513212],[121.54075033040338,25.008354181745105],[121.540658796586,25.008370656956085],[121.54056685780753,25.008386193847095],[121.5404750819107,25.008402115501664],[121.54038402943803,25.008419732785654],[121.54029352047407,25.008438963166622],[121.54020311583263,25.00845870760713],[121.54011266264621,25.008478211852132],[121.5400220080493,25.00849672164622],[121.53993099917868,25.008513482733548],[121.53983949476093,25.008527854953222],[121.53974755436161,25.008540177331618],[121.53965536511059,25.008551294215945],[121.53956311517486,25.00856205439916],[121.53947099271905,25.008573306674634],[121.53937918590533,25.008585899836294],[121.53928310198701,25.00860711557542],[121.53918929379506,25.008638347353113],[121.5391939121058,25.008584846505027],[121.53921015608539,25.008506028337962],[121.53911239712082,25.008484486578038],[121.53911005891271,25.008483949003036],[121.53902236209495,25.008463786688896],[121.53893060207919,25.008450134928513],[121.53883813909543,25.00844212196159],[121.53874520578333,25.008439941371556],[121.53865247986953,25.008444891196408],[121.53855972857335,25.008451424481883],[121.53846698209756,25.008450970591035],[121.53837472808856,25.008440527814226],[121.53828383936691,25.00842245374348],[121.53819684662986,25.008393134140015],[121.53810781879163,25.008348951928575],[121.53802223783065,25.008311747967458],[121.53797891624782,25.008352855130546],[121.53797054463949,25.008360798812383],[121.53792810321679,25.008434091932735],[121.53789039753765,25.008518699415493],[121.5378539882087,25.008604399045456],[121.53781614827734,25.008683062559978],[121.53777893792368,25.008760650467142],[121.53774291916608,25.0088387239988],[121.5377081092265,25.008917240266022],[121.5376744641068,25.00899614345631],[121.53764148953964,25.00907529669562],[121.53760910477949,25.009154669183378],[121.53757734797078,25.00923425597532],[121.53754625725826,25.009314052127205],[121.53751587078665,25.009394052694855],[121.5374863314118,25.00947430813197],[121.53745805864952,25.00955498369458],[121.53743116594502,25.009636059505286],[121.53740573733366,25.009717500462873],[121.53738167824532,25.00979925525747],[121.53737881291929,25.00980929699786],[121.53735829049492,25.009881219256396],[121.53733572767023,25.00996339610336],[121.53731426205428,25.01004580530186],[121.5372941659311,25.010128466355575],[121.53727566281374,25.010211396119843],[121.53725804187991,25.010294546177363],[121.53724107458164,25.010377870744207],[121.53722488073937,25.010461341745955],[121.53720958017387,25.01054493110826],[121.53719529270619,25.01062861075676],[121.53718213815782,25.010712352617126],[121.53717128416763,25.01079621333374],[121.53717395110353,25.010881095368024],[121.53717306316774,25.010965636773676],[121.53716028768946,25.011050022102694],[121.53713613005937,25.011127301075764],[121.53713487051155,25.01113133029961],[121.53712001422548,25.011162973767867],[121.53709849308129,25.011208813164096],[121.53705809617642,25.0112850788095],[121.537015630948,25.01136069138892],[121.53697304855126,25.011436215057362],[121.53693174099527,25.011512077690778],[121.53689079048803,25.011588090040146],[121.53684999448963,25.011664183591083],[121.53680927611667,25.011740319245842],[121.53676855848572,25.0118164579066],[121.53672776471308,25.011892560475477],[121.53668681791497,25.01196858785446],[121.53664564120754,25.012044500945535],[121.5366041577066,25.012120260650505],[121.53656229052807,25.01219582787116],[121.53651996278754,25.01227116350921],[121.53647709760062,25.01234622846623],[121.53643361699973,25.012420983293403],[121.53638906211411,25.012495255225115],[121.53634315272954,25.012568911991234],[121.53629596456128,25.012641937067787],[121.53624757332477,25.01271431393091],[121.53623966661857,25.012725913970012],[121.5362317311382,25.012737496867782],[121.53622376716078,25.012749062531242],[121.53621577496341,25.01276061086744],[121.53620775482332,25.012772141783383],[121.53619970701759,25.012783655186098],[121.53619163182331,25.012795150982633],[121.53618352951771,25.012806629080004],[121.53617540037786,25.01281808938526],[121.53616724468094,25.01282953180542],[121.53615906270404,25.012840956247498],[121.5361508547244,25.012852362618535],[121.53614262101904,25.01286375082558],[121.53613436186514,25.01287512077562],[121.5361260775399,25.012886472375737],[121.5361177683204,25.012897805532926],[121.53610943469593,25.012909120628258],[121.53610108067477,25.012920426375636],[121.53609270717337,25.01293172540811],[121.53608431354921,25.01294301692925],[121.53607589915991,25.01295430014257],[121.5360674633629,25.012965574251663],[121.53605900551581,25.012976838460048],[121.53605052497618,25.01298809197128],[121.5360420211015,25.01299933398891],[121.53603349324936,25.013010563716495],[121.53602494077727,25.01302178035758],[121.5360163630428,25.013032983115696],[121.53600775940347,25.013044171194405],[121.53599912921693,25.01305534379727],[121.53599047184052,25.0130665001278],[121.53598178663196,25.01307763938959],[121.53597307294869,25.013088760786154],[121.53596433014832,25.013099863521052],[121.53595555758837,25.01311094679782],[121.53594675462637,25.013122009820027],[121.53593792061986,25.013133051791193],[121.5359290549264,25.013144071914915],[121.53592015690353,25.013155069394674],[121.5359112259088,25.013166043434058],[121.53590226129974,25.013176993236584],[121.53589326243389,25.013187918005848],[121.5358842286688,25.01319881694535],[121.53587515936202,25.013209689258638],[121.5358660538711,25.01322053414928],[121.53585691155361,25.013231350820814],[121.53584773176702,25.013242138476784],[121.53583851386887,25.01325289632074],[121.53582925721682,25.013263623556206],[121.53581996116829,25.013274319386746],[121.5358106250809,25.0132849830159],[121.53580124831213,25.013295613647216],[121.5357918302196,25.01330621048424],[121.5357823701608,25.013316772730512],[121.5357728674933,25.013327299589573],[121.53576332157459,25.013337790264956],[121.5357537317623,25.013348243960227],[121.53574409741394,25.013358659878925],[121.53573441788704,25.01336903722457],[121.53572469251284,25.013379376222332],[121.53571492149689,25.013389679826076],[121.53570510614733,25.013399949212967],[121.53569524780885,25.0134101854267],[121.53568534782603,25.013420389510923],[121.53567540754358,25.013430562509363],[121.53566542830615,25.01344070546569],[121.53565541145841,25.013450819423575],[121.53564535834501,25.01346090542672],[121.53563527031059,25.0134709645188],[121.53562514869981,25.013480997743493],[121.53561499485735,25.0134910061445],[121.53560481012788,25.013500990765504],[121.53559459585601,25.013510952650197],[121.53558435338644,25.013520892842244],[121.53557408406382,25.013530812385355],[121.5355637892328,25.0135407123232],[121.53555347023803,25.013550593699467],[121.5355431284242,25.013560457557855],[121.53553276513595,25.01357030494206],[121.53552238171795,25.01358013689575],[121.53551197951485,25.013589954462624],[121.53550155987134,25.013599758686368],[121.535491124132,25.013609550610674],[121.53548067364157,25.013619331279234],[121.5354702097447,25.01362910173574],[121.53545973378598,25.013638863023864],[121.53544924711018,25.013648616187325],[121.5354387510619,25.0136583622698],[121.53542824698577,25.013668102314984],[121.53541773622652,25.01367783736657],[121.53540722012873,25.01368756846824],[121.53539670003717,25.013697296663715],[121.53538617729637,25.01370702299664],[121.53537565325112,25.013716748510756],[121.535365129246,25.013726474249754],[121.53535460662566,25.01373620125729],[121.53534408673482,25.013745930577098],[121.53533357091811,25.013755663252862],[121.53532306052021,25.013765400328253],[121.53531255688574,25.013775142847003],[121.53526654349864,25.01381802499369],[121.53522080406371,25.013861118152846],[121.5351754477349,25.0139045109657],[121.53513040549078,25.013948152477028],[121.53508537272481,25.013991802080376],[121.53504479776974,25.014031131603225],[121.53504034010506,25.014035452439458],[121.53499530730915,25.01407910361652],[121.5349502740146,25.01412275567375],[121.53490523989912,25.014166408673393],[121.53486020464022,25.014210062677652],[121.53481516791553,25.01425371774877],[121.5347701294026,25.014297373948935],[121.53472508877911,25.014341031340393],[121.53468004572257,25.01438468998535],[121.5346349999106,25.014428349946034],[121.53458995102079,25.01447201128464],[121.53454489873072,25.01451567406342],[121.53449984271802,25.014559338344547],[121.53445478266023,25.0146030041903],[121.53440971823497,25.01464667166283],[121.53436464911981,25.01469034082439],[121.53431957499235,25.014734011737193],[121.5342744955302,25.01477768446345],[121.53422941041089,25.014821359065376],[121.53418392975657,25.014865412904584],[121.53413922191125,25.014908714145083],[121.53409411788607,25.014952394747294],[121.53404900691412,25.014996077474027],[121.53400388867296,25.015039762387506],[121.53395876284019,25.015083449549934],[121.53391362909333,25.015127139023512],[121.53386848711007,25.015170830870467],[121.53382333656795,25.01521452515302],[121.53377817714453,25.01525822193336],[121.53373300851737,25.015301921273707],[121.5336878303641,25.015345623236268],[121.53364264236228,25.015389327883263],[121.5335974441895,25.015433035276896],[121.53355223552327,25.01547674547938],[121.53350701604128,25.015520458552896],[121.53346178542103,25.015564174559696],[121.53341654334015,25.015607893561967],[121.53337128947616,25.015651615621913],[121.53336181761446,25.01566076507851],[121.53332602350666,25.01569534080173],[121.53328074510925,25.01573906916366],[121.53323545396145,25.015782800769877],[121.53319014974089,25.015826535682603],[121.5331448321251,25.01587027396405],[121.53309950079165,25.0159140156764],[121.53309288261406,25.015920400311536],[121.53305415541817,25.015957760881886],[121.53300879568222,25.016001509642685],[121.5329634212613,25.016045262021013],[121.53291803183303,25.01608901807909],[121.53287262707501,25.016132777879065],[121.53282720666476,25.016176541483226],[121.53278177027988,25.016220308953695],[121.53273631759791,25.016264080352723],[121.53269084829643,25.0163078557425],[121.53264536205302,25.016351635185224],[121.53261353778139,25.016382256561897],[121.53259985854521,25.016395418743098],[121.53255433745063,25.01643920647832],[121.53250879844677,25.016482998453082],[121.53246324121127,25.016526794729597],[121.53241766542165,25.016570595370055],[121.53237972388294,25.016607047699104],[121.5323720707555,25.016614400436676],[121.53232645689036,25.01665820999164],[121.53228082350378,25.016702024097142],[121.53223517027334,25.01674584281537],[121.53220478349421,25.016774998781262],[121.53218949687661,25.016789666208567],[121.53214380299113,25.016833494338886],[121.53209808829449,25.016877327268542],[121.53205235246425,25.016921165059724],[121.53200659517793,25.016965007774637],[121.53196081611314,25.017008855475463],[121.5319150149474,25.01705270822441],[121.53186919135825,25.017096566083662],[121.53182334502333,25.01714042911542],[121.53177747562015,25.017184297381885],[121.53173158282621,25.017228170945238],[121.53168566631912,25.01727204986767],[121.53163972577644,25.017315934211386],[121.53159376087574,25.017359824038564],[121.53154777129451,25.01740371941141],[121.53154546902563,25.017405915930482],[121.53150175671037,25.017447620392108],[121.53145571680085,25.017491527042843],[121.53140965124348,25.017535439425824],[121.53136355971584,25.01757935760321],[121.53131744189547,25.01762328163723],[121.53127129745991,25.01766721159005],[121.53122512608674,25.017711147523855],[121.5312134471674,25.017722255969428],[121.53117892745348,25.01775508950084],[121.5311327012377,25.01779903758322],[121.53108644711692,25.017842991833128],[121.5310401647687,25.017886952312796],[121.5309938538706,25.017930919084396],[121.53094751410018,25.017974892210123],[121.53090114513492,25.01801887175212],[121.53085474665245,25.018062857772637],[121.53080831833029,25.01810685033382],[121.53076185984591,25.01815084949786],[121.53075230197628,25.01815854846409],[121.53062681457288,25.018286078956013],[121.53036474046019,25.01855241877293],[121.52977251614816,25.019154276655172],[121.52955278766845,25.01937757732702],[121.52925825187033,25.019676899718103],[121.52900279184824,25.01993650966402],[121.52816579773265,25.020665587206523],[121.52814474641386,25.02068392413457],[121.52770246189279,25.021069177845],[121.52752102178269,25.02122722091285],[121.52741863670829,25.021316989321633],[121.5273209255399,25.021403815981923],[121.52715225306127,25.02154912537903],[121.5271202993159,25.021576469379806],[121.52691127169125,25.021755341577553],[121.52675463918749,25.02188958456101],[121.52661831233893,25.022006046835706],[121.52646200274579,25.02213957969055],[121.5263052817091,25.02227798224115],[121.52625497442122,25.022322409214034],[121.5259186525835,25.022615646913437],[121.52569591990893,25.02280984548576],[121.52551073085117,25.02298415549106],[121.52533995540033,25.023171211148817],[121.52525195998975,25.023267594960508],[121.52510990264139,25.023439761384246],[121.52508202457115,25.02347354814375],[121.52497550109436,25.02358824702134],[121.52493782426075,25.023629042571347],[121.52488779442311,25.023696605328357],[121.52475889048132,25.02387068314581],[121.52423217217023,25.024581981593247],[121.52339699238303,25.025709816532085],[121.52331876781352,25.025815450469786],[121.52303345972099,25.026200726752915],[121.52265330317162,25.026714080591766],[121.52263822345034,25.026734833042394],[121.5224379032446,25.027010509431815],[121.52211007900948,25.027461650933166],[121.52201283361248,25.02759547625299],[121.5216962031824,25.02803120826268],[121.52164002643252,25.028108515693738],[121.52173019181892,25.028421320184997],[121.52176632356284,25.028584650300512],[121.52179053364227,25.02869408940432],[121.52186176049035,25.029016061629086],[121.52197423634398,25.029524467109514],[121.52197823000697,25.029542518902527],[121.52202517410946,25.029754710950172],[121.52209834859283,25.030085465384005],[121.52215084751747,25.03032276348823],[121.52219558727131,25.030524988928036],[121.5222633361246,25.03083121674827],[121.52227151750253,25.030868196114312],[121.5223186542733,25.031081254863594],[121.52233136265939,25.031150726694868],[121.52240639773545,25.031560912715516],[121.522420519406,25.031638109774647],[121.52247119887471,25.031915183862413],[121.52252238554432,25.032194973587536],[121.52250724878355,25.03235353000811],[121.52250557247196,25.032371089221957],[121.52250128398316,25.032416055092273],[121.52250112260381,25.0324177258538],[121.52274985209803,25.03283606418396],[121.5230982878615,25.033422092953572],[121.52326461246037,25.03370183812679],[121.5234073982479,25.03394198130133],[121.52369546295725,25.03442645736114],[121.52427877456854,25.03540747629222],[121.5242999872876,25.035397362233336],[121.5246182883809,25.035245656228945],[121.52492699762854,25.035098520806756],[121.52524119886523,25.034948766806675],[121.52573568493935,25.034713083715708],[121.52579146952269,25.03468649538013],[121.52635677520063,25.034417054655332],[121.52647868423773,25.034358948782184],[121.52705242608552,25.034085482401565],[121.5270814952685,25.034071626873363],[121.52723897799798,25.034050772020198],[121.52727919214077,25.034045446582766],[121.52747293917557,25.034019789089648],[121.52770184420004,25.033989473214156],[121.52782902028599,25.03397263002484],[121.5287293173386,25.033853391527856],[121.52922741998891,25.033787418629753],[121.52927135816157,25.033781599005835],[121.52993720294664,25.033683305460332],[121.52998033296005,25.033676938400077],[121.53011445040987,25.03365713925238],[121.53011882408823,25.033656986701374],[121.53112290790112,25.033621961508814],[121.5314748218214,25.033609684178458],[121.53267166279268,25.0335679233643],[121.5327004410292,25.033566919099744],[121.53271109354655,25.034185673518916],[121.53271155556698,25.034212509879215],[121.5327146870083,25.034394398517055],[121.5327186298467,25.034623462859667],[121.53272163546711,25.03479807739426],[121.53272490212981,25.034987856551574],[121.5327308534026,25.035333597712004],[121.53273241714177,25.0354244431468],[121.53273782176923,25.03573842336782],[121.53274432181347,25.03611603814182],[121.53274489267764,25.036149201856755],[121.53275319330905,25.03663141452577],[121.53275435549634,25.036698929570132],[121.53275970126904,25.037009480471035],[121.53277905837126,25.03813396796681],[121.53278851941641,25.03868356458211],[121.53279221770303,25.038970457515582],[121.5328030521131,25.03981091835972],[121.53280736643532,25.04014571415267],[121.53280760501855,25.04016422835837],[121.53281364411494,25.040632862691023],[121.53281970914843,25.041103503362223],[121.53283504312563,25.042293376472458],[121.53283862493141,25.042571308543863],[121.53286184548966,25.043775738185403],[121.53287280671832,25.044344274872124],[121.53287300763667,25.044354696025334],[121.53288983419792,25.04522743982989],[121.53289261418132,25.045468816503657]]]]},"properties":{"AREA":11353784.91717,"PERF_ID":63003.0,"COUN_ID":"6300300","CPID":"63003","CPTID":"6300300","NPID":63003.0,"NPTID":6300300.0,"PNAME":"臺北市","TNAME":"大安區","PTNAME":"臺北市大安區","TM2_MAX_X":307118.3111,"TM2_MAX_Y":2770935.0527,"TM2_MIN_X":302642.8266,"TM2_MIN_Y":2766691.9458,"MAX_X":121.56607,"MAX_Y":25.04549,"MIN_X":121.52155,"MIN_Y":25.00734,"city":"臺北市","district":"大安區","store_count":586,"level":"多","source_dataset":"臺北綠色商店.csv"}},{"type":"Feature","geometry":{"type":"MultiPolygon","coordinates":[[[[121.57766241937261,25.014105784702483],[121.57773685615558,25.014029687005852],[121.57777110245641,25.013920766001966],[121.57783569856257,25.013772220325105],[121.57791875630026,25.01360969064873],[121.578013645511,25.013475101871883],[121.57807518361305,25.013369722031186],[121.57816474676562,25.013206489822256],[121.57823076744876,25.013199407896284],[121.57839711616843,25.013110674280462],[121.57869125432599,25.013013886726633],[121.57884392153949,25.012933908897246],[121.57894655561888,25.012892007401927],[121.5791730029794,25.012809692588085],[121.57931261030582,25.0128181497045],[121.57933413292132,25.012782982871286],[121.5793320458724,25.012737263958684],[121.57948894755154,25.0126245152323],[121.57961674922703,25.012551585115908],[121.57962762826898,25.012545376554726],[121.57970608201822,25.012445355967166],[121.57980974467588,25.012380013070413],[121.5799350117095,25.012366596406324],[121.58017917953276,25.012323826020786],[121.58037671585997,25.01224171247511],[121.58062354363373,25.012248494941733],[121.58067258057416,25.01222421663686],[121.58068587118795,25.012230124892803],[121.5808650399718,25.012309773037625],[121.58121465537823,25.01254534787714],[121.58146042295962,25.012644544129113],[121.58188361056374,25.01273645530968],[121.58227070522926,25.012716947111194],[121.58252352675535,25.012708752501364],[121.5827369566372,25.012725909105413],[121.58286447584878,25.012759336677643],[121.58309588752523,25.01290854764572],[121.5831301394372,25.01299067682577],[121.58317086690815,25.01300902458165],[121.58343293341937,25.013045011497585],[121.58368370565802,25.013081042284448],[121.58381025042695,25.013105219120007],[121.58393226795533,25.013125305868318],[121.58396863562659,25.013103721451763],[121.58399771918094,25.013085894215344],[121.58407716051248,25.013023586641935],[121.58417620076162,25.012993080034832],[121.58423837032372,25.01298044027734],[121.58428504395765,25.012980256882688],[121.58433755303369,25.012980050541334],[121.58441928808674,25.012992124812865],[121.58457502292345,25.01302516916489],[121.58463750430155,25.013076293050204],[121.58469017969318,25.01311329047555],[121.58476805635556,25.013130697239756],[121.58484976639984,25.01313746288434],[121.5849098922656,25.013143067521394],[121.58499332104269,25.013117370529585],[121.58572320482969,25.013420872667346],[121.58582131322846,25.013406980225508],[121.58592090245658,25.013406587826807],[121.58607581427543,25.013407990567153],[121.58624181213116,25.01341136268999],[121.58644758003477,25.013404511517383],[121.58659144474834,25.01340797054232],[121.58667333900087,25.013409660697548],[121.58673088090063,25.01341145593094],[121.58679072821779,25.013431370339738],[121.58683724221494,25.013439257835344],[121.58688590802113,25.013435030227406],[121.58693454511163,25.01342476296117],[121.58697426746168,25.013402433303547],[121.58703482831223,25.01338904037404],[121.5870965540843,25.013351853947043],[121.58714764652032,25.01332248262203],[121.58719026418316,25.013304817996865],[121.5872350396619,25.013292976948595],[121.5872777490824,25.013296690323955],[121.58732474714441,25.01330428685845],[121.5873653635035,25.013315790642352],[121.58743168368159,25.013344698230352],[121.5875218353451,25.013449338091014],[121.58785670596015,25.01338774338761],[121.58796799887011,25.013387953365214],[121.5880558551098,25.01341202676474],[121.58813163039885,25.013456135964887],[121.58820979069033,25.013491343076925],[121.5882804483352,25.013484409883652],[121.58837061428613,25.013479611332308],[121.58848520533097,25.013485811513306],[121.58854616763784,25.013492232915358],[121.58859994529469,25.013525324460662],[121.58866119275899,25.013589469933045],[121.58880567647195,25.013730981045967],[121.58883743456245,25.01374640155537],[121.5889082722706,25.013777195499536],[121.5889790578132,25.01379912408758],[121.58905713314095,25.01381435204583],[121.58917923753,25.01386270991803],[121.5893338555251,25.013895843953215],[121.58945713696279,25.01389809979571],[121.5895382301376,25.013881347273323],[121.58964629881974,25.013845312194537],[121.58980221950331,25.013757067712053],[121.58990869428719,25.013754505681867],[121.59000563936799,25.013768827697437],[121.59011897254844,25.01383308184931],[121.59019366050995,25.013921034418413],[121.59026847092493,25.014032504482945],[121.59029765602561,25.014058858808188],[121.59037841997213,25.01406442442812],[121.59050109557364,25.01405805101],[121.59060114415745,25.01404589012028],[121.59067865011593,25.014045582241796],[121.59074658333863,25.01407178254235],[121.59079690374818,25.014096527057674],[121.59085549602986,25.014135548113696],[121.59087881039537,25.014266316767568],[121.59116960152402,25.01419628605111],[121.59141356757333,25.01461203166022],[121.59155071630103,25.014828456700336],[121.59166453355913,25.01491065543481],[121.59180076844937,25.01493421808776],[121.5923633496976,25.01477356301022],[121.59266874861869,25.01460108429686],[121.59274207410455,25.014590509077202],[121.592950513959,25.014512569594775],[121.59313709063825,25.01458379686246],[121.5932670615329,25.014619264046104],[121.59345325306687,25.014608238091636],[121.59356631686958,25.014648909439817],[121.59386099828257,25.01489962372976],[121.59431530466027,25.015483844728426],[121.59450755561703,25.01556018449922],[121.59499889150025,25.01563019048689],[121.5953830230363,25.015705761116912],[121.59548458058998,25.015700217458004],[121.59565108829588,25.01511865130863],[121.59587566508073,25.01487614346548],[121.59627553494853,25.01470490382381],[121.59643370839743,25.014735109146326],[121.59657383406503,25.01481533876929],[121.59666546121899,25.014819611507605],[121.59685781475616,25.01460559756394],[121.59714735777129,25.014493182663546],[121.59723867068654,25.0144325448254],[121.59747850071311,25.01454278700828],[121.59733555917659,25.014301799986402],[121.59729291793434,25.014230388087213],[121.5972190227121,25.014032935077815],[121.59721942403964,25.01385373621568],[121.59725834161696,25.013704328599307],[121.59727975648528,25.01360696561603],[121.59733708342699,25.013472145538294],[121.59740588255389,25.013255286825988],[121.59741124557753,25.01322315259472],[121.59740543563476,25.013111733999203],[121.59737760098892,25.01300640752454],[121.59733471273964,25.012867466982694],[121.59727349487049,25.01273450438042],[121.59718924681522,25.012622985525145],[121.59703144653483,25.012501415840358],[121.59699936524765,25.012482811493303],[121.59680022098256,25.012367311870875],[121.59678013946208,25.012355213660182],[121.59676386649612,25.012341908462325],[121.59674520532577,25.012314149948434],[121.596742063286,25.01230361782297],[121.59670735544029,25.012256071070386],[121.5966658867378,25.012191298878886],[121.59664331599988,25.012158184362637],[121.5965264769016,25.011862840793807],[121.59643501009657,25.011716971709735],[121.59636544294963,25.01159244727364],[121.59632112102112,25.01150094539858],[121.59628758575873,25.011318641487005],[121.59636180514607,25.011040280577845],[121.5964009485536,25.010769382040376],[121.59630772321579,25.010211977181328],[121.59610753100286,25.00993596236322],[121.59597836386715,25.009624823451386],[121.5958840609289,25.009399897823435],[121.59586028146829,25.009227007003663],[121.5958790966255,25.00904865507931],[121.59594665520314,25.00890109202645],[121.59597148874143,25.008795599266342],[121.59598100201681,25.00874066168083],[121.59597527759999,25.0087082198202],[121.59595844240454,25.0086768336252],[121.59588904240735,25.008590587069754],[121.59585323115053,25.00854608694263],[121.59583975426744,25.008518749891238],[121.59582730861223,25.008475167277023],[121.59578790926183,25.008317361647464],[121.59578029194158,25.00828066612868],[121.59576215835105,25.008257356170756],[121.59569314501822,25.00819984419243],[121.59566966202064,25.00817456948299],[121.59565728012554,25.00814418557959],[121.59562425412962,25.00798489182603],[121.59562253418106,25.007971320553132],[121.59562382043427,25.007962756826316],[121.5956257362493,25.007949152935595],[121.59563231057096,25.007938049207926],[121.59566050825687,25.00790353946278],[121.59567565970225,25.007877550264165],[121.59568251944526,25.00785373392059],[121.5956842000345,25.007818066458526],[121.59568101490048,25.007804717727677],[121.5956765896818,25.00777664021384],[121.59566168510216,25.00768538135732],[121.5956570400257,25.007652799734334],[121.59565250246861,25.00762196911886],[121.59562532093628,25.007520007040476],[121.59561525809922,25.007491825709998],[121.5956088117853,25.007469895349924],[121.595607262816,25.0074506898981],[121.59561031289908,25.007425769337964],[121.5956139796881,25.00740546866102],[121.59562015826575,25.007371886714683],[121.59563268346224,25.007298483776665],[121.59563735933573,25.007271724013272],[121.59564614747087,25.00722254019946],[121.59565719640818,25.007194310424378],[121.59566460038486,25.00718268877387],[121.59567247235753,25.00716950339866],[121.59567376391365,25.00715793331415],[121.59569001105616,25.0071352439846],[121.59569691915964,25.007123515982293],[121.5957230460208,25.007084888707748],[121.59573649254882,25.007071058064767],[121.5959145404672,25.006887924285593],[121.59608137185373,25.006581376888082],[121.5960895195808,25.006309239278895],[121.59605331416662,25.006059777287476],[121.5960106015192,25.005746982604034],[121.59597090422346,25.005436947416158],[121.59589020545994,25.005006389697012],[121.59591999331177,25.00459116123281],[121.59592321566831,25.00418309008209],[121.5959799509718,25.00416026557297],[121.59604601959558,25.00415328296749],[121.59619757239109,25.004137265668707],[121.59651088206296,25.004364165960638],[121.5968642408694,25.004460774747038],[121.59721334104003,25.00443870820352],[121.59750104013963,25.004339183224598],[121.59780433270463,25.004180416249465],[121.59799683338419,25.003906417942858],[121.59815900052,25.003773965557727],[121.59828373798942,25.003663710026554],[121.59844632251556,25.003509164051756],[121.59867059521859,25.003284944023967],[121.5987969700065,25.00315704972578],[121.59903182299453,25.002855443387023],[121.59915521314572,25.00274349529191],[121.59934036195229,25.002645932697884],[121.59947145113246,25.002583390842428],[121.59954184163368,25.002435083459243],[121.59968356952008,25.002266274672625],[121.59979744243037,25.00208583260662],[121.59989348520489,25.001958897704853],[121.60013738631794,25.00163654444275],[121.60056707838658,25.000931905326645],[121.60062187261508,25.0005408965051],[121.60054199874075,24.999905609090035],[121.60054244167347,24.999709382907824],[121.60060767693241,24.999493620265337],[121.60054985886431,24.998863082730555],[121.60053714713727,24.99854885899191],[121.60054158823426,24.99848834417357],[121.60052063401623,24.99845323746975],[121.60033870367096,24.99828610443602],[121.59988589990975,24.997979271460938],[121.59976649107709,24.997847067831213],[121.59968867500706,24.997720140342807],[121.5996912788498,24.997644312358545],[121.59975021918711,24.997552024837127],[121.59984383482129,24.99745634738152],[121.59983649807693,24.99734490774187],[121.59957975844983,24.996918582339596],[121.59950610167836,24.996409426762327],[121.59946901003626,24.99634963905708],[121.59916373371568,24.99622364570836],[121.59876848074579,24.99601601217258],[121.59863402379727,24.9959075667359],[121.59858165590137,24.995874048679642],[121.59839292000953,24.995527616444715],[121.59827246944,24.995359475057136],[121.59822545481242,24.99510572325653],[121.59824606557862,24.99486962920712],[121.59822123069645,24.994681313752963],[121.59807449309672,24.99443797493364],[121.598074368305,24.994412191334447],[121.59826875318649,24.994135648096396],[121.59830748585358,24.994062013064177],[121.59829996857552,24.993857702483055],[121.59823133921735,24.993609996058378],[121.59823772308465,24.993580213944824],[121.59862274666685,24.993407981001717],[121.59904004354087,24.99325838586727],[121.59936150821044,24.992930880769954],[121.59937575987264,24.992881250350717],[121.59935728972721,24.992808630923413],[121.59932816130187,24.992779000847822],[121.59911711030124,24.992598080157485],[121.5991134207799,24.992584886980833],[121.59901815024378,24.992367134892774],[121.5990288025118,24.992320841315216],[121.59904307026005,24.99227451512374],[121.59919088259855,24.99211858332278],[121.59919800534298,24.992092111484638],[121.59900474543448,24.991696350698263],[121.59899441297817,24.99165329239083],[121.59899757200115,24.991610179767637],[121.59957352798519,24.99133077105106],[121.60017911975129,24.990939238623266],[121.60022160141821,24.990926139091098],[121.6002606252724,24.990929213703414],[121.60060101466811,24.99092460803817],[121.60063642946066,24.99091475992729],[121.6006753589824,24.990898424508448],[121.60083205573507,24.990800090293366],[121.60112712172713,24.990627627392946],[121.60142017983122,24.990431518546433],[121.60151577620815,24.9902699453475],[121.60166825235866,24.98955723254005],[121.60183688474699,24.988979170737856],[121.60193178966493,24.98865153812483],[121.60182142420288,24.98816380178214],[121.6016489689071,24.987913546457325],[121.60101032600552,24.987570497380716],[121.60031892036213,24.98740901388414],[121.59994319369356,24.98705969002502],[121.59972268926767,24.98661889939562],[121.59965467234639,24.98555782635105],[121.5996882491429,24.985387873322377],[121.60028983584047,24.983075917541804],[121.60016776416933,24.982504437250718],[121.60027993308691,24.982033612019936],[121.60059824794665,24.98069747699847],[121.60053376800275,24.97996762888546],[121.60026400331317,24.97949323617303],[121.5992561645736,24.97868794951036],[121.59948393097635,24.978061893045926],[121.59967300958586,24.977801418156236],[121.59985380820609,24.97755234855173],[121.59996783616084,24.97691846187698],[121.60180491341309,24.97591562957265],[121.6027478074943,24.975805752857806],[121.60398734308201,24.975323144011632],[121.60499802877861,24.97453536779284],[121.60500022444405,24.97453270461872],[121.60524787043228,24.9742321558318],[121.60633051274087,24.974448224336555],[121.60645446224378,24.974441228245055],[121.60788853467771,24.974360328703757],[121.60816373111169,24.97451981383742],[121.60863744489014,24.974794343986602],[121.60899666076924,24.974792468571636],[121.60987427345087,24.97451281564853],[121.60987582601314,24.974512321772632],[121.60990111226667,24.974453753749362],[121.60999106509138,24.974245404532223],[121.61035337985287,24.97417739167563],[121.61076418941519,24.974509167041884],[121.61081912064951,24.974553531223847],[121.6113369817221,24.974767383559172],[121.61149290380476,24.974506175391014],[121.61176808661972,24.97404518265271],[121.6127807569344,24.973574303169148],[121.61324987413458,24.973531745122425],[121.61350021248214,24.97322137636216],[121.61415180317287,24.973605225769532],[121.61437268208293,24.973368275881263],[121.61499643875533,24.972699122983034],[121.61531267989616,24.972507405522048],[121.61535499752998,24.972273801238345],[121.61659025348595,24.971422806707306],[121.61682582710401,24.971415366758936],[121.61779873849868,24.97066047838543],[121.61845094826026,24.970859249516693],[121.61945353666941,24.97033557104379],[121.61983162729396,24.969976161537915],[121.61997308314096,24.96941214083211],[121.61974610731586,24.969055213802857],[121.6194909920202,24.9686540486483],[121.61966700533026,24.967888838594767],[121.61972202269844,24.967157508670663],[121.61813360665676,24.966795134821826],[121.61734204345056,24.967195933337585],[121.61705370851661,24.9675346605791],[121.61659751637166,24.96730020494745],[121.61634355974631,24.966932026856785],[121.61536832823023,24.966561491058766],[121.61518826447586,24.96649307551557],[121.61511123139123,24.96593699432373],[121.61497372758399,24.965777557953096],[121.61474545710148,24.965833526613697],[121.61433822535494,24.966429976140756],[121.61336121323853,24.966261531931842],[121.61274671063597,24.966010978306624],[121.61211082537741,24.96542550556511],[121.61106758853309,24.965203014518604],[121.60999100261571,24.964527082527564],[121.60897493293761,24.963682819433114],[121.60819891825702,24.963038010121778],[121.60757692177415,24.962946124636566],[121.60730847216838,24.963124747755717],[121.60669934029036,24.96311967426994],[121.60644139262759,24.962905423460345],[121.60639797473924,24.962917372883876],[121.60571724275334,24.963104785625138],[121.60500295231135,24.962779067418158],[121.60494373847578,24.96253378039753],[121.6048146651143,24.96240588028825],[121.6046403578809,24.962349927923448],[121.60446311049199,24.962539514893145],[121.60341834871004,24.962419101418398],[121.60277194275862,24.9615680511667],[121.60244407839787,24.961459840196145],[121.6019989307399,24.961091461929634],[121.6004531916081,24.961048607775897],[121.59966240652932,24.96119567476473],[121.59866320590376,24.960420137800835],[121.59846301462207,24.960406732222623],[121.59713485633692,24.9603178194687],[121.59624015523174,24.961110197408843],[121.5947414131898,24.96149080206436],[121.59471433077054,24.961891315006643],[121.59375657523614,24.963744279039535],[121.59347129486744,24.964296192846213],[121.59283968771017,24.964117957465344],[121.59208850800904,24.96386975771836],[121.59148007581666,24.964011930573246],[121.59121824146494,24.96449647876967],[121.59118939294058,24.964527749245754],[121.5905589653609,24.964307825815755],[121.59023597256396,24.964003622942837],[121.5897804730916,24.96376008033395],[121.58969816246527,24.963716069360146],[121.58910161814946,24.963609804562676],[121.5890010690806,24.96350019764391],[121.58881202045715,24.963294118062922],[121.58842434178538,24.963241328459507],[121.5882767126417,24.96353159620074],[121.5880486712994,24.963623021622162],[121.5875619946687,24.96364304407567],[121.58649864204459,24.96355671134433],[121.58570204784913,24.963161536122715],[121.5854801293706,24.96377705067666],[121.58546671759238,24.9638142449976],[121.58523948699576,24.964077657227257],[121.58483351399947,24.964359881604658],[121.58431798446497,24.964579157607083],[121.5826895345606,24.96473943190376],[121.58263804030042,24.964732067856104],[121.58245104290188,24.964705334313635],[121.58207320941742,24.96465131768734],[121.58167691498177,24.964879182687387],[121.58074448116724,24.96517249785735],[121.57967440885469,24.965774129127837],[121.579249959095,24.96635514120748],[121.57871483078567,24.966637851515124],[121.57865546013865,24.96663430904962],[121.57828752889746,24.966612355180953],[121.57777975550592,24.96636990864955],[121.57721333550974,24.966335893799894],[121.57633009262547,24.966529419924186],[121.57533865414372,24.966958712579423],[121.57462217974907,24.9666989601659],[121.57428657237865,24.965709657120573],[121.5741875786769,24.965098346645636],[121.5738589955805,24.96493667407275],[121.57275121345971,24.963836539729773],[121.57179831307658,24.964003141209798],[121.57128304362882,24.96428574872999],[121.57050819423853,24.96428871945871],[121.5694549034951,24.964229382929588],[121.56909636258327,24.964031602510445],[121.56870923964465,24.964096440824942],[121.56826162435384,24.96397142206788],[121.56703987788535,24.96400323607682],[121.56696648238278,24.964041823815084],[121.56683175869463,24.964112654735143],[121.56678920080218,24.96409495009121],[121.56644359829916,24.96395119238106],[121.56617633509967,24.96416041522085],[121.56583944573612,24.964351791782498],[121.56564048179231,24.96428917936403],[121.56526158400646,24.96398284065454],[121.5649739149856,24.964074457319267],[121.56474650578278,24.964310682984834],[121.56450874950296,24.964456422604954],[121.56357516269794,24.964505225952387],[121.5630200563613,24.96476984551189],[121.56236461751983,24.964817580311387],[121.56211601942712,24.964764205821464],[121.56198589044143,24.964547435312323],[121.56131062690648,24.964604304514957],[121.56070568467669,24.964832891578286],[121.5604581122347,24.965005818348814],[121.56052924451835,24.965358604264917],[121.56034406827321,24.966146860230985],[121.56017646154943,24.96642812094713],[121.55995848061025,24.966555677610618],[121.55962030566036,24.966466424059355],[121.55950256862245,24.9667927545527],[121.55899379476152,24.967515014030113],[121.55893992249403,24.967591490946383],[121.55888245061297,24.96767715783108],[121.55836758069212,24.9684445657227],[121.55840805040285,24.968607362453216],[121.55842918419665,24.968887904181916],[121.55833115558967,24.969177957044003],[121.5583316982226,24.96929819147883],[121.55833216796677,24.969402274883105],[121.55833266721285,24.96951289453219],[121.55822794717179,24.96966346091283],[121.55805824150471,24.969907459046834],[121.55788854503744,24.970151447926032],[121.5578036916234,24.97027344682701],[121.55778978719849,24.970293442031828],[121.55779187675968,24.97041420332113],[121.5577943701831,24.970558634816832],[121.55779650424775,24.970682673141205],[121.55780185046879,24.97099192025848],[121.55780309721843,24.971064140514844],[121.55772034013576,24.971416204009454],[121.55768616656496,24.971558136638315],[121.55765293999579,24.971701437983974],[121.55763743869677,24.97176051283775],[121.557591194146,24.971830500464858],[121.55750944724532,24.97195424803785],[121.55742770014201,24.972077986538793],[121.5573459430133,24.97220173406067],[121.55726419558617,24.972325472473422],[121.55718244803779,24.97244921987004],[121.55716146967049,24.972479786329014],[121.55708178482709,24.97256017294337],[121.55697554811265,24.972667354993895],[121.55686930126956,24.972774527979343],[121.55676305424271,24.972881700890632],[121.55665627971158,24.972988343040758],[121.5565282523712,24.97307346029001],[121.5564002248941,24.973158586459192],[121.5562721872949,24.973243703529395],[121.55619386965442,24.973295781426007],[121.55619267967711,24.973299343291437],[121.55617594620612,24.973349430251794],[121.55612979888214,24.973487615444753],[121.5560836415943,24.973625809687604],[121.55603749406994,24.973763994850422],[121.55599133654106,24.973902180035175],[121.55598845353151,24.973910812652054],[121.55596132941194,24.974043952246447],[121.55593257141857,24.974185999656537],[121.55593077900927,24.974194880986417],[121.55589082007636,24.97439226741384],[121.5557178664833,24.974724840801283],[121.55555377578229,24.975030784086943],[121.5554729425524,24.975292720464974],[121.55538152828545,24.97555848808008],[121.55536155139195,24.975697595550336],[121.55539480093827,24.97586738057733],[121.55545702453813,24.976004736834806],[121.55543406392015,24.976030823474908],[121.5553996195522,24.97610227408333],[121.55544910771485,24.97611653440637],[121.55553680433287,24.976147624971173],[121.55553153540252,24.97616533973485],[121.55556075845969,24.976166314043414],[121.55566844453162,24.97636975782948],[121.55527496053956,24.976459800990426],[121.5552547445958,24.976465414474852],[121.55478994903854,24.976594476198287],[121.55459059076297,24.976659192301355],[121.55441291239309,24.976743517705597],[121.55425654808622,24.97684097166603],[121.55424610796997,24.976847474668652],[121.55417087488385,24.976916657334375],[121.55415378727014,24.97693433488909],[121.55404197824373,24.97705000389242],[121.55394942062216,24.977158776007418],[121.55388453624573,24.97728957299629],[121.55378412739185,24.97755175282303],[121.55370915588469,24.977775224697382],[121.55369194593209,24.97782652327445],[121.55356186519741,24.978279254482334],[121.55350750991657,24.978468430871757],[121.55328797076383,24.97923248929926],[121.553171061236,24.979639363697835],[121.55313641852706,24.97972697555772],[121.55310468645577,24.979807226263695],[121.5530982817523,24.980047226255248],[121.55310615679441,24.980151435545533],[121.55312264140733,24.980497475889],[121.5531308378562,24.98079530080239],[121.55313900092916,24.981092295241105],[121.55317574378307,24.98128967800804],[121.55319549004659,24.98139575473819],[121.55320506838854,24.98144720976774],[121.55325098485957,24.98169387325431],[121.55330532022171,24.981985745104435],[121.55333467405202,24.982143423691152],[121.55336296989825,24.98229544208834],[121.5534191078245,24.982521257343983],[121.55344816262412,24.982638130157802],[121.55354509680491,24.983028018563115],[121.55360055388722,24.9832510970655],[121.55365830199368,24.98348339038914],[121.55372721605025,24.983760594743202],[121.55380321208358,24.984090731556925],[121.55381176523255,24.98412788645147],[121.55387920849981,24.984420859282388],[121.55389036007954,24.984692392163083],[121.5538670720727,24.984739579451414],[121.55379189354964,24.98489190955268],[121.55369191796585,24.985092940184042],[121.55345652697656,24.985329647922967],[121.55323441939638,24.98555299234544],[121.55321960660488,24.985567886729243],[121.55304640747173,24.985852762273304],[121.55302049156117,24.985907370270592],[121.55291274371959,24.98605427870247],[121.55274566877132,24.986327267474277],[121.55273092063376,24.98635136483272],[121.55265303049094,24.986487942360434],[121.55251543315266,24.986645181171625],[121.55229942705618,24.98682315051529],[121.55209089887215,24.987001091805862],[121.55194181884491,24.987100448389523],[121.551870980005,24.987141599399045],[121.55175154009304,24.987179517966013],[121.5516357888212,24.98720720295162],[121.55149008760432,24.987224779035923],[121.5513765073401,24.98721955736801],[121.55127796846241,24.987204303836762],[121.5512157771783,24.987181106294468],[121.55115564831168,24.98713837329963],[121.55109129144479,24.98710933351435],[121.55104579235818,24.987093097945166],[121.5509346019416,24.98706620866771],[121.55088607612575,24.987048720320555],[121.55083747151272,24.987013546193907],[121.55079847563073,24.98696066848602],[121.55075117256378,24.986886343653808],[121.5507507488194,24.98688445312345],[121.55074444170619,24.98685631400712],[121.55074422743883,24.986808222090048],[121.55075711679683,24.986742043523147],[121.5507734251271,24.98670290050042],[121.55081268594721,24.98663963970601],[121.55086510037353,24.986567302105236],[121.55093969061888,24.986472185731696],[121.55095857780307,24.98643827846936],[121.55098215710736,24.986377016731826],[121.55099674654683,24.986310055431016],[121.55100300045281,24.98626439886363],[121.55100612877453,24.98624156057545],[121.5510126142099,24.986072079038863],[121.55102059110934,24.985959423895697],[121.55101998873693,24.985824284424396],[121.55100959417402,24.98571009932811],[121.55098165836755,24.98557618054183],[121.55085459289866,24.985282966673413],[121.55068271569928,24.985025209373838],[121.54995822341863,24.984320948590817],[121.54978052883874,24.984148214347265],[121.54934274611051,24.983909936089074],[121.54851955263554,24.98363832834538],[121.54808016260542,24.983542588432787],[121.547392357989,24.983392717859473],[121.54714853332948,24.983339588339028],[121.54659432904046,24.983319657118415],[121.54614091314009,24.983303349077275],[121.5457522893771,24.98332973744663],[121.54564919747796,24.98348451630962],[121.54550702456878,24.98358529264825],[121.5454456941773,24.98361335313968],[121.54468191692692,24.983962800944564],[121.54461219050488,24.98429260934395],[121.54459911759861,24.985509408953185],[121.54459814776972,24.985599678602494],[121.5445980713056,24.985607054849396],[121.54462534486878,24.985832793240856],[121.54462261858392,24.985996401619463],[121.544623020544,24.986087638237414],[121.5446372621828,24.986188267606448],[121.54464107351122,24.986222796424315],[121.54465530710253,24.98635174578612],[121.54464557586013,24.986490209420456],[121.54463238767946,24.986628694732264],[121.54461543415523,24.986699622677033],[121.54460529044422,24.986742060574553],[121.54459909328894,24.986902530825898],[121.5446064824913,24.987012628666996],[121.54459316945122,24.98712279324404],[121.54458328957931,24.987229794444122],[121.54458009200745,24.98728643947718],[121.54453569794475,24.987406197303972],[121.54448109110763,24.987541683339863],[121.54444341899318,24.987611094957202],[121.54442976101481,24.987636260031664],[121.54437859707963,24.987768582622014],[121.54432385140754,24.987872615174204],[121.54428612533685,24.987923084879544],[121.54416937532578,24.988046221935328],[121.54413160760905,24.988087257380307],[121.54408340557953,24.988109453192546],[121.54391103673817,24.9881384045234],[121.54355576767884,24.98815542966731],[121.54334875963656,24.98815304391582],[121.54312592494631,24.988128687056026],[121.54303757958267,24.988099402373418],[121.54294817501379,24.988072231253213],[121.54285790449079,24.98804722501088],[121.5427669612644,24.988024434962377],[121.54267553858499,24.98800391242411],[121.54258373396317,24.987985957301593],[121.54249106583326,24.987971962427128],[121.54239772679647,24.987960829842965],[121.54230406967257,24.98795097779771],[121.54221044728597,24.987940824540743],[121.54219577833904,24.987938930846166],[121.54211721246584,24.98792878832226],[121.54202458347531,24.987913796227144],[121.5419408496258,24.98789842541563],[121.5419323024855,24.987896856435764],[121.54184021804183,24.98787882236079],[121.5417481934674,24.987860495339927],[121.54165609208304,24.987842676710653],[121.54156377720733,24.987826167810088],[121.54147111215642,24.98781176997515],[121.54137796037703,24.98780030601602],[121.54128435388661,24.98779162204408],[121.54119046208871,24.987784686647434],[121.54109645619826,24.987778455055803],[121.54100250743329,24.987771882499338],[121.54090878701503,24.987763924208565],[121.5408154661678,24.987753535414285],[121.54080350233407,24.987751805306047],[121.54072264242274,24.98774011200439],[121.54063011981441,24.987724851207204],[121.54053781874849,24.987708242866425],[121.54044567793908,24.98769066030763],[121.5403536360992,24.987672476856293],[121.54026163194074,24.98765406583772],[121.54016960417461,24.987635800577106],[121.54007749151053,24.987618054399515],[121.53998523265713,24.987601200629875],[121.53989275749727,24.98758559643836],[121.53984810552082,24.987578760356737],[121.53979930461787,24.987571289070885],[121.53970527418524,24.987563216120698],[121.53961178326979,24.98756727011034],[121.53951848102574,24.987576001713283],[121.5394251458729,24.98758619010252],[121.53933182337853,24.987597668789654],[121.53923855911056,24.98761027128637],[121.53914539863736,24.987623831104465],[121.53905238752783,24.987638181755838],[121.53895957135141,24.987653156752476],[121.53886699567816,24.987668589606542],[121.5387743058448,24.987684191469555],[121.53868142656742,24.98770050569063],[121.53858900875353,24.98771874455347],[121.53849770523233,24.987740121722737],[121.53840816883002,24.987765850864673],[121.53832082252715,24.987796665841508],[121.53823456588033,24.98783013696434],[121.53814903295007,24.987865432513473],[121.5380640801127,24.98790219475786],[121.53797956374538,24.987940065966093],[121.53789534022611,24.98797868840641],[121.53781126593375,24.988017704346774],[121.53772719724776,24.98805675605479],[121.53764299054852,24.98809548579767],[121.53755850221721,24.988133535842397],[121.53747339011679,24.988170256538808],[121.5373855246105,24.988202499608484],[121.53729953617987,24.98823731542582],[121.53722001281399,24.988282461451533],[121.53714288477639,24.98833336716723],[121.53707143263466,24.98839012718341],[121.53703382852126,24.988429058083288],[121.53700985687304,24.988453875505876],[121.53695571058074,24.98852344555277],[121.53690645349451,24.988597001440446],[121.53686132246949,24.988673159114057],[121.53681955436156,24.98875053451746],[121.53677934256167,24.988828181419528],[121.53673870848064,24.988906415198752],[121.5366987752531,24.988985271648264],[121.53666075978856,24.989064763597607],[121.53662587899957,24.9891449038775],[121.53659534980206,24.989225705319548],[121.53657038911524,24.989307180755986],[121.5365538497711,24.989390027619816],[121.53654995221636,24.989475631830505],[121.53655590888268,24.989562583702096],[121.53656849072759,24.989649294279754],[121.53658450237045,24.98973418678702],[121.53660480074727,24.989817432806912],[121.53663006105337,24.989899953959146],[121.53663171175683,24.989904696751488],[121.53665860300745,24.989981960494433],[121.53668874632375,24.99006366266452],[121.53671881071222,24.990145270722454],[121.53674802141992,24.990226823611927],[121.53675222734597,24.990237849248494],[121.53677892607102,24.990307838645187],[121.53681067067754,24.99038860870972],[121.53684191397765,24.99046952470549],[121.5368713163979,24.99055097706149],[121.53689967690437,24.99063283587587],[121.53692818480621,24.990714784932997],[121.53692868789676,24.99071624746968],[121.53695641456123,24.990796851713903],[121.53698394062602,24.990879063699936],[121.53701033745607,24.990961448372804],[121.5370351795058,24.991044033214486],[121.53704724988857,24.991086721673156],[121.53705873302742,24.991129471283497],[121.53706693531653,24.99117262204945],[121.53706661080143,24.99121685972398],[121.53706333336207,24.991261543886072],[121.53706330419254,24.991305957898536],[121.53706700111661,24.99135011299372],[121.53707194590902,24.991394265609646],[121.53707742346705,24.991438408423512],[121.5370827186869,24.991482534112606],[121.53708711646382,24.991526635354354],[121.53708990169193,24.99157070482621],[121.53709035926443,24.991614735205758],[121.53708839722152,24.991658744868996],[121.53708494812021,24.991702768601744],[121.53708023363042,24.991746788568648],[121.5370744558901,24.99179078572812],[121.53706781703768,24.99183474103858],[121.53706051921183,24.991878635458466],[121.53705490610922,24.99191034996641],[121.53705276455142,24.99192244994624],[121.53704475519578,24.991966165460394],[121.53703663923298,24.992009769223678],[121.53702811923172,24.99205329887029],[121.53701915374882,24.992096767746734],[121.53700979296295,24.99214018017014],[121.53700008705276,24.992183540457624],[121.53699008619714,24.992226852926336],[121.53697984057486,24.992270121893437],[121.53696940036491,24.992313351676053],[121.53695881574623,24.99235654659137],[121.5369481368979,24.992399710956605],[121.53693746788605,24.992442872841043],[121.53692742940446,24.992486315020972],[121.53691758601121,24.992529898746778],[121.53690716789912,24.992573340624485],[121.53689540525993,24.992616357259894],[121.53688152828444,24.992658665258592],[121.53686476716265,24.992699981225787],[121.53684581519002,24.992740547729184],[121.53682655163644,24.99278103862401],[121.53680700386904,24.99282145824216],[121.53679047960745,24.992855087945284],[121.53678717977641,24.99286180366435],[121.53676708724718,24.992902071971294],[121.53674673416998,24.992942260243726],[121.53672612843344,24.992982365562348],[121.53670527792623,24.993022385007873],[121.53668419053707,24.993062315661064],[121.53666287415457,24.99310215460264],[121.53664133666742,24.99314189891332],[121.53661958596442,24.993181545673856],[121.53659762993419,24.993221091964983],[121.53657547646553,24.99326053486745],[121.5365531334472,24.993299871461986],[121.5365306087679,24.99333909882937],[121.53650791031649,24.993378214050335],[121.53648504598168,24.993417214205653],[121.53646197766979,24.99345607613914],[121.53643820818853,24.993494574867768],[121.5364136871416,24.993532692897762],[121.5363885252439,24.993570486545156],[121.53637315343556,24.99359293848998],[121.53636283321036,24.993608012125993],[121.53633672175609,24.99364532595641],[121.53631030159619,24.993682484352618],[121.53628368344594,24.99371954363089],[121.53625697802065,24.993756560107585],[121.53623029603578,24.99379359009914],[121.5362037482068,24.99383068992204],[121.53617744524934,24.993867915892903],[121.53615149787903,24.993905324328352],[121.53612589506349,24.99394291173501],[121.53610039086767,24.99398055498949],[121.53607495745489,24.994018238692327],[121.53604957836066,24.99405595335349],[121.53602423712066,24.994093689482927],[121.53599891727039,24.994131437590546],[121.5359736023455,24.99416918818625],[121.5359482758816,24.994206931780003],[121.5359229214141,24.994244658881637],[121.5358975224786,24.99428236000107],[121.53587206261068,24.99432002564816],[121.53584652534576,24.994357646332777],[121.53582089421937,24.99439521256478],[121.53579515276701,24.99443271485399],[121.53576957673859,24.994470383493773],[121.53574406231242,24.994508163504545],[121.53571798742782,24.994545587066433],[121.53569072993105,24.99458218627846],[121.53566166766811,24.9946174932392],[121.53563114774569,24.994651889136023],[121.53560025635001,24.994686285443674],[121.53556891894273,24.99472049174686],[121.53553705131075,24.994754308576088],[121.53550456924097,24.994787536461786],[121.5354713885205,24.994819975934323],[121.5354374249365,24.99485142752396],[121.53540259427642,24.994881691760888],[121.53536598398127,24.994909847359143],[121.53532359487912,24.994931916643342],[121.53527759024855,24.994948688048478],[121.5352310264927,24.994961873187915],[121.53521548210469,24.994966084196182],[121.53519941610021,24.994970327440022],[121.53518303511183,24.994974333063734],[121.53516654577211,24.994977831211745],[121.53515015471396,24.994980552028537],[121.53513406857036,24.994982225658692],[121.53511805448079,24.994982545850963],[121.53510363755942,24.994981351937835],[121.53508970595865,24.994978264876377],[121.5350767319256,24.99497320004387],[121.53506396929065,24.994966809671073],[121.53505135897328,24.99495930110052],[121.53503896405978,24.994950784745594],[121.53502684763629,24.994941371019685],[121.53501507278891,24.99493117033629],[121.53500370260365,24.994920293108812],[121.5349928001665,24.994908849750736],[121.53498242856334,24.994896950675546],[121.53497265087992,24.994884706296748],[121.534963530202,24.994872227027845],[121.53495512961526,24.994859623282363],[121.53494751220526,24.994847005473847],[121.53494056017098,24.994834428852876],[121.53493376748106,24.99482178639985],[121.53492709514455,24.99480907148837],[121.5349205385841,24.994796287055408],[121.53491409322223,24.99478343603792],[121.53490775448155,24.994770521372924],[121.53490151778468,24.994757545997352],[121.53489537855418,24.9947445128482],[121.53488933221264,24.994731424862426],[121.53488337418266,24.99471828497704],[121.53487749988686,24.99470509612897],[121.53487170474781,24.99469186125519],[121.53486598418814,24.9946785832927],[121.53486033363039,24.994665265178465],[121.53485474849724,24.994651909849424],[121.53484922421123,24.994638520242564],[121.53484375619497,24.99462509929485],[121.53483833987109,24.994611649943245],[121.53483297066218,24.99459817512471],[121.53482764399085,24.994584677776203],[121.53482235527974,24.994571160834713],[121.53481709995138,24.99455762723719],[121.5348118734285,24.994544079920583],[121.53480667113357,24.994530521821872],[121.53480148848931,24.994516955877994],[121.5347963209183,24.994503385025936],[121.53479116384318,24.994489812202648],[121.53478601268657,24.994476240345097],[121.53478086287102,24.994462672390227],[121.53477570981921,24.99444911127499],[121.53477054895379,24.994435559936353],[121.53476537569733,24.994422021311287],[121.5347601854725,24.994408498336735],[121.5347549737019,24.994394993949637],[121.53474973580816,24.994381511086967],[121.53474446721391,24.99436805268567],[121.5347391633418,24.994354621682703],[121.5347338337845,24.994341212047107],[121.534728526414,24.99432779324584],[121.53472324708909,24.994314362400473],[121.53471799752036,24.99430091943496],[121.53471277941831,24.994287464273327],[121.53470759449348,24.994273996839492],[121.5347024444564,24.99426051705746],[121.5346973310176,24.99424702485118],[121.53469225588763,24.994233520144657],[121.53468722077699,24.994220002861873],[121.53468222739626,24.99420647292676],[121.53467727745588,24.994192930263306],[121.5346723726665,24.99417937479553],[121.53466751473859,24.994165806447356],[121.53466270538264,24.994152225142773],[121.53465794630925,24.99413863080578],[121.53465323922887,24.99412502336034],[121.5346485858521,24.994111402730407],[121.53464398788942,24.99409776883999],[121.53463944705133,24.994084121613046],[121.53463496504843,24.994070460973564],[121.53463054359115,24.99405678684551],[121.5346261843901,24.994043099152876],[121.53462193103215,24.994029384901978],[121.53461802348512,24.99401557150564],[121.53461445234215,24.994001661793504],[121.53461116088104,24.993987672680056],[121.53460809237974,24.993973621079753],[121.53460519011604,24.993959523907087],[121.53460239736789,24.9939453980765],[121.53459965741327,24.993931260502475],[121.53459691353007,24.993917128099433],[121.5345941089963,24.99390301778185],[121.53459118709003,24.993888946464164],[121.53458809108918,24.993874931060837],[121.53458476427188,24.993860988486265],[121.53458114991618,24.99384713565491],[121.53457719130019,24.993833389481175],[121.53457283170204,24.993819766879472],[121.53456801439984,24.993806284764222],[121.5345626826718,24.9937929600498],[121.53454982560358,24.99376372494006],[121.53453620970348,24.99373473493544],[121.53452194375096,24.993705954334207],[121.53450713652562,24.99367734743466],[121.5344918968067,24.993648878535133],[121.53447633337356,24.99362051193402],[121.53446055500534,24.99359221192972],[121.53444467048125,24.993563942820717],[121.53442878858024,24.993535668905537],[121.53441301808127,24.993507354482727],[121.53439746776327,24.993478963850887],[121.534382246405,24.993450461308697],[121.5343674627852,24.99342181115485],[121.53435322568248,24.99339297768809],[121.53433964387536,24.993363925207174],[121.53432683654265,24.993334614159046],[121.53431531942742,24.993304850753237],[121.53430512044103,24.99327461909107],[121.53429594699034,24.9932440254192],[121.5342875064825,24.99321317598424],[121.53427950632486,24.993182177032693],[121.53427165392506,24.99315113481095],[121.53426365669104,24.993120155565446],[121.53425522203091,24.993089345542437],[121.5342460573531,24.993058810988142],[121.53423587006628,24.993028658148738],[121.53422436757933,24.992998993270277],[121.53421129044197,24.992969911102588],[121.5341969879618,24.9929412948236],[121.53418174028893,24.99291304322805],[121.53416568295184,24.992885102894444],[121.534148951479,24.992857420401393],[121.53413168139865,24.99282994232755],[121.53411400823904,24.992802615251573],[121.5340960675283,24.992775385752203],[121.53407799479442,24.992748200408307],[121.5340599255654,24.99272100579874],[121.53404199536911,24.992693748502425],[121.53402433973326,24.992666375098402],[121.53400709418555,24.992638832165735],[121.53399039425366,24.992611066283573],[121.5339741036043,24.992583126467622],[121.53395795996752,24.992555112103208],[121.53394194358438,24.992527033299442],[121.53392603482199,24.992498900122634],[121.5339102140475,24.992470722639094],[121.53389446162805,24.992442510915147],[121.53387875793085,24.99241427501703],[121.53386308332311,24.992386025011047],[121.53384741817197,24.99235777096347],[121.53383174284468,24.99232952294057],[121.5338160377085,24.99230129100858],[121.5338002831306,24.99227308523378],[121.53378445947827,24.992244915682384],[121.53376854711877,24.992216792420624],[121.53375252641935,24.99218872551473],[121.53373637774732,24.9921607250309],[121.53372008146998,24.99213280103535],[121.53370361795463,24.992104963594276],[121.53368696756861,24.992077222773865],[121.53367011492149,24.992049581186368],[121.53365306550255,24.992022005838148],[121.53363579355151,24.991994516839387],[121.53361826704278,24.99196714468541],[121.53360045395084,24.991939919871488],[121.53358232225006,24.991912872892886],[121.53356383991483,24.991886034244867],[121.53354497491962,24.991859434422636],[121.53352569523884,24.991833103921458],[121.53350596884694,24.991807073236473],[121.53348576371833,24.991781372862903],[121.53346512241447,24.991755978421715],[121.53344427594301,24.991730719879946],[121.53342325650112,24.991705573940912],[121.53340207869735,24.99168053101327],[121.53338075714025,24.991655581505707],[121.53335930643843,24.991630715826858],[121.53333774120034,24.9916059243855],[121.53331607603462,24.991581197590268],[121.53329432554979,24.991556525849884],[121.53327250435433,24.99153189957306],[121.53325062705683,24.99150730916855],[121.53322870826582,24.991482745045058],[121.53320676258977,24.991458197611333],[121.5331848046372,24.991433657276126],[121.53316284901666,24.991409114448214],[121.53314091033666,24.991384559536325],[121.53311900320566,24.991359982949263],[121.5330971422322,24.991335375095808],[121.53307534202473,24.99131072638475],[121.53305361719174,24.9912860272249],[121.53303198234174,24.99126126802506],[121.53301045208325,24.991236439194044],[121.53298904102469,24.991211531140678],[121.53296776377451,24.991186534273808],[121.53294663494123,24.991161439002266],[121.53292569380343,24.9911362189051],[121.53290514624092,24.991110732072734],[121.53288497806079,24.991084985728307],[121.5328651183732,24.99105902601852],[121.53285082423616,24.991040028212165],[121.53283663236019,24.991020961112135],[121.53282251653519,24.99100184261845],[121.53280845055095,24.99098269063106],[121.53279440819733,24.990963523049974],[121.5327803632642,24.99094435777516],[121.53276628954143,24.99092521270659],[121.53275216081886,24.990906105744163],[121.53273795088641,24.990887054787894],[121.532723633534,24.990868077737673],[121.53270918255151,24.99084919249344],[121.53269457172878,24.990830416955085],[121.53267977485577,24.990811769022528],[121.53266476839504,24.990793263913133],[121.53264970474383,24.990774733094945],[121.53263464439242,24.99075611554733],[121.5326195312447,24.990737478331532],[121.53260430920461,24.990718888508756],[121.5325889221761,24.990700413140196],[121.53257331406303,24.99068211928703],[121.53255742876934,24.990664074010404],[121.53254121019896,24.990646344371438],[121.53252460225576,24.99062899743119],[121.53250754884363,24.99061210025077],[121.53248999386646,24.99059571989121],[121.53247188122803,24.990579923413502],[121.53245319738423,24.99056470859244],[121.53243403176972,24.990549935865538],[121.53241443168251,24.990535565369914],[121.53239444206875,24.990521561885785],[121.53237410787462,24.990507890193363],[121.53235347404627,24.990494515072946],[121.53233258552987,24.990481401304802],[121.53231148727161,24.990468513669256],[121.53229022421765,24.99045581694663],[121.53226884131412,24.990443275917283],[121.53224738350724,24.990430855361588],[121.5322258957432,24.990418520059965],[121.5322044229682,24.990406234792832],[121.53218301012842,24.990393964340697],[121.53216157950426,24.990381810440578],[121.53213982232272,24.99037011849881],[121.53211778139317,24.990358824527096],[121.53209552400064,24.990347836546704],[121.5320731174303,24.990337062578995],[121.53205062896721,24.99032641064536],[121.53202812589659,24.990315788767195],[121.5320056755036,24.990305104965987],[121.53198334507354,24.990294267263202],[121.53196120189178,24.990283183680383],[121.53193931324357,24.99027176223911],[121.5319177464144,24.990259910961008],[121.53189649642474,24.990247394400104],[121.53187326131712,24.990229448408087],[121.53184840080665,24.990206622110904],[121.5318239516955,24.99018278691738],[121.53180195078131,24.990161814237773],[121.53178443485776,24.990147575483583],[121.53177344071649,24.990143942066982],[121.53177026557817,24.99015348406507],[121.53176993219128,24.990167643915225],[121.53177099264173,24.990183925170236],[121.5317733066568,24.990202119826066],[121.53177673396385,24.990222019878676],[121.53178113429018,24.990243417324056],[121.53178636736304,24.990266104158138],[121.53179229290956,24.990289872376884],[121.53179877065685,24.99031451397628],[121.53180566033184,24.990339820952308],[121.53181282166133,24.990365585301035],[121.5318201143719,24.990391599018462],[121.53182739819005,24.9904176541007],[121.53183453284204,24.99044354254389],[121.53184137805401,24.990469056344146],[121.53184779355198,24.990493987497665],[121.53185363906162,24.990518128000666],[121.53185877493786,24.990541270542625],[121.53186365027956,24.990563882417142],[121.53186871547359,24.99058649077045],[121.53187393943435,24.990609096617888],[121.53187929107617,24.990631700974696],[121.53188473931341,24.990654304856175],[121.53189025306044,24.990676909277614],[121.53189580123153,24.9906995152543],[121.53190135274093,24.990722123801543],[121.53190687650292,24.990744735934644],[121.53191234143173,24.990767352668914],[121.53191771644158,24.99078997501966],[121.53192297044663,24.990812604002222],[121.53192807236104,24.99083524063189],[121.53193299109898,24.990857885924015],[121.53193769557458,24.990880540893958],[121.53194215470194,24.99090320655699],[121.53194633739506,24.990925883928508],[121.53195021256808,24.9909485740238],[121.53195374913496,24.99097127785825],[121.53195691600979,24.9909939964472],[121.53195968210647,24.991016730805963],[121.53196201633897,24.99103948194993],[121.53196388762129,24.991062250894387],[121.53196598211397,24.991119160300705],[121.53196445873289,24.991176298238337],[121.53196004318042,24.99123358746767],[121.5319534625808,24.991290950295685],[121.53194544405969,24.991348309029288],[121.53193671474406,24.991405585975553],[121.53192800176232,24.991462703441595],[121.53191939457933,24.991519543774622],[121.53190719103623,24.991575846839584],[121.53189294497638,24.991631880338137],[121.53187943810822,24.991688010968442],[121.53186970217241,24.991744646241223],[121.53186588373825,24.991802117904346],[121.53186203265588,24.991859532427235],[121.53185167338565,24.991915948625643],[121.5318385040728,24.99197228525696],[121.53182393625129,24.992028526267486],[121.53180731919313,24.992084183120827],[121.53178800216952,24.992138767280302],[121.531765192117,24.99219176346402],[121.53173593549498,24.992242360971268],[121.53170122655386,24.992290741412482],[121.53166365305871,24.992337417728915],[121.5316249416632,24.992382974739094],[121.53158407225813,24.992427963247042],[121.53154145083735,24.99247251932018],[121.53149763575847,24.992516755715354],[121.53145318537976,24.992560785189976],[121.53143031904071,24.99258334751797],[121.53140865806019,24.992604720502104],[121.53136461215932,24.992648674410432],[121.5313216060375,24.992692759674338],[121.53128019805555,24.992737089053783],[121.5312409465751,24.99278177530931],[121.53120440995843,24.99282693120194],[121.53117114656865,24.99287266949313],[121.53114171476955,24.992919102944605],[121.53111706267119,24.992966413069464],[121.53111324849053,24.993017400623508],[121.53113136102127,24.993072163937303],[121.53116160358901,24.993128885257004],[121.53119417950164,24.993185746831774],[121.5312194924227,24.993240964859194],[121.53124101619986,24.99329503489372],[121.53126369959494,24.993348887740595],[121.53128718319911,24.99340258675497],[121.53131110760289,24.993456195292236],[121.53133511339632,24.993509776707967],[121.53135884116891,24.993563394358024],[121.53138193150947,24.99361711159848],[121.53140402500641,24.993670991785613],[121.53142476224737,24.993725098275988],[121.53144378381951,24.993779494426228],[121.53146073030939,24.993834243593167],[121.53147524230288,24.993889409133764],[121.53148637059927,24.993945162017923],[121.53149334078854,24.994001643732716],[121.53149687986013,24.994058717399376],[121.53149773934186,24.994116241338283],[121.53149667076273,24.99417407386949],[121.53149442565325,24.994232073313103],[121.53149175554523,24.994290097989097],[121.53148941197196,24.994348006217532],[121.5314881464681,24.994405656318456],[121.53148806190937,24.994463080833793],[121.53148819088211,24.994520547930446],[121.53148842343168,24.994578052306856],[121.5314886772678,24.994635580619548],[121.53148887010008,24.994693119525095],[121.53148891963802,24.994750655680022],[121.53148874359088,24.99480817574089],[121.53148825966787,24.994865666364245],[121.531487385578,24.994923114206625],[121.53148603903006,24.994980505924634],[121.53148413773276,24.99503782817475],[121.53148159939467,24.99509506761356],[121.53147834172422,24.995152210897576],[121.53147428242788,24.995209244684112],[121.53146585985137,24.9952658253802],[121.53145123664724,24.995321718349896],[121.53143290129049,24.995377077727813],[121.53141334226075,24.995432057649314],[121.53139433434323,24.995486796700288],[121.5313837749209,24.99551627180519],[121.53137932604207,24.995528690204615],[121.5313747926609,24.995541344477438],[121.53135470186939,24.99559574201513],[121.531334218256,24.995650032759748],[121.53131349810845,24.99570426015782],[121.53129269771458,24.99575846765592],[121.53127197336251,24.995812698700696],[121.53125148134065,24.9958669967389],[121.5312313779376,24.99592140521733],[121.53121176777829,24.99597595737764],[121.53119232945146,24.996030595220663],[121.53117319995812,24.996085339150905],[121.53115465706784,24.996140236374828],[121.53113697855082,24.996195334098985],[121.53112044217758,24.996250679530092],[121.53110661420764,24.99630664381246],[121.53109622834826,24.99636341845287],[121.53108612737343,24.996420235115636],[121.53107135405,24.99648230805947],[121.53106368815835,24.996506220864532],[121.53105543077257,24.996529981075856],[121.53104677065946,24.99655363625518],[121.53103935824868,24.996573025489656],[121.53103776201304,24.996577200889863],[121.53103649747229,24.996580393657045],[121.53102845902718,24.996600689467286],[121.53101891589598,24.996624116474774],[121.5310091868135,24.99664749639977],[121.53099932597381,24.996670843729625],[121.53098938757098,24.996694172951752],[121.53097942579926,24.996717498553604],[121.53096949485283,24.99674083502259],[121.5309596489259,24.99676419684617],[121.5309499422128,24.9967875985118],[121.53094042890777,24.996811054506964],[121.53093116320524,24.99683457931914],[121.53092219929951,24.99685818743585],[121.5309135912117,24.996881893321902],[121.53090514426432,24.996905663100932],[121.53089668483828,24.996929460723287],[121.53088826114951,24.996953291390316],[121.5308799214139,24.996977160303448],[121.53087171384746,24.997001072664034],[121.53086368666628,24.997025033673488],[121.53086043143448,24.99703505779904],[121.53085955504973,24.997037756528407],[121.53085588808635,24.99704904853321],[121.53084836632378,24.99707312244463],[121.53084116959475,24.997097260609173],[121.53083434611543,24.997121468228254],[121.53082794410197,24.99714575050333],[121.5308220117707,24.997170112635825],[121.53081659733783,24.9971945598272],[121.53081173150102,24.99721909508149],[121.53080708551332,24.997243673996767],[121.5308025185067,24.99726827654855],[121.53079803018649,24.997292901672722],[121.53079362025798,24.997317548305084],[121.53078928842648,24.99734221538148],[121.53078503439728,24.997366901837744],[121.53078085787567,24.997391606609725],[121.53077675856704,24.997416328633275],[121.53077273617657,24.997441066844186],[121.5307687904097,24.99746582017834],[121.53076492097163,24.997490587571544],[121.5307611275677,24.99751536795964],[121.5307574099032,24.997540160278493],[121.5307537676835,24.99756496346391],[121.53075020061382,24.997589776451747],[121.53074670839952,24.997614598177808],[121.53074329074589,24.997639427577965],[121.53073994735826,24.997664263588035],[121.53073667794187,24.99768910514386],[121.53073348220208,24.997713951181286],[121.53073035984417,24.997738800636125],[121.5307273105735,24.997763652444235],[121.53072433409524,24.99778850554144],[121.53072143011485,24.997813358863567],[121.53071859833756,24.99783821134648],[121.53071583846864,24.997863061925983],[121.53071315021349,24.997887909537926],[121.53071139794541,24.997904544492496],[121.5307020220518,24.998094701582463],[121.5305787990654,24.99824067635487],[121.5304794502654,24.998428653346046],[121.5304300914274,24.99859616849481],[121.53041394323354,24.998722998147986],[121.53043100579977,24.998809142316542],[121.53053277200628,24.999184024722673],[121.5305982382673,24.999359632472597],[121.53072224677204,24.99969227337774],[121.5307252779308,24.99973733223484],[121.53072933736526,24.99978219536901],[121.53073452715584,24.999826783912127],[121.53074094938303,24.999871018995986],[121.53074891005596,24.999914780310153],[121.53076412297904,24.999956888936687],[121.53078585645966,24.999997581694426],[121.53080964254521,25.000037871172758],[121.53083101327788,25.000078769963594],[121.53084563038178,25.000121265541985],[121.53085349966477,25.0001654271132],[121.53085760019798,25.000210541107847],[121.5308605381547,25.00025593323939],[121.53086491971197,25.000300929220828],[121.53087335105037,25.000344854764872],[121.53088748022986,25.000387338126128],[121.53090491600481,25.000429139962378],[121.53092486072379,25.000470339703703],[121.5309467925658,25.000510921541572],[121.53095436334448,25.000523847841656],[121.53099453033224,25.00059016827398],[121.53101934488821,25.000628893593074],[121.53104478027355,25.000667578464647],[121.53107114952961,25.000705960085522],[121.53112778366582,25.000780110203436],[121.53115961217576,25.000920025546296],[121.53141456105024,25.00131721455136],[121.5316118626562,25.001558831022844],[121.53195500057552,25.001851851756303],[121.53238102206674,25.00204406910624],[121.53262740034405,25.002155232095305],[121.53287493041871,25.002298584459815],[121.53300197318636,25.002396211748234],[121.53311642887903,25.00251119271244],[121.53335874355905,25.002770092481065],[121.53339628786848,25.002810206354095],[121.53341881902993,25.002829010536658],[121.5335614920749,25.002948083187636],[121.53377106363473,25.003097339730264],[121.5338465949017,25.00314810258386],[121.53386978294489,25.003163686726115],[121.53401118013517,25.003380237729036],[121.53402537217643,25.00341853372961],[121.53402581427382,25.003520790688775],[121.53378668933938,25.004027440841707],[121.53359074708601,25.004442593598245],[121.53331048175424,25.005036400705222],[121.53303723650274,25.005615328230807],[121.53270897356923,25.006310814565364],[121.53263586490982,25.006465707767543],[121.5323513188531,25.00698345481997],[121.53235216574141,25.00700230533685],[121.5321628156351,25.00736216324201],[121.53189817988023,25.007797708638797],[121.5315784515718,25.00827671886622],[121.53199471038823,25.00853570231858],[121.5319994322759,25.00852704714499],[121.53203284424013,25.008546679513874],[121.53206624525819,25.008566318873573],[121.53209964032841,25.008585968160514],[121.53213302942505,25.008605627359024],[121.53216641252233,25.0086252964534],[121.53219978959442,25.00864497542799],[121.53223316061556,25.00866466426709],[121.53226652555998,25.008684362955034],[121.53229988440185,25.00870407147615],[121.53233323711542,25.008723789814724],[121.5323665836749,25.008743517955136],[121.53239992405453,25.00876325588165],[121.5324332582285,25.008783003578596],[121.53246658617098,25.008802761030303],[121.53249990785629,25.008822528221096],[121.53253322325854,25.008842305135307],[121.53256653235202,25.008862091757194],[121.53259983511089,25.008881888071155],[121.53263313150943,25.00890169406146],[121.5326664215218,25.008921509712454],[121.53269970512221,25.008941335008437],[121.53273298228494,25.008961169933738],[121.53276625298413,25.00898101447268],[121.53279951719406,25.009000868609586],[121.53283277488889,25.009020732328775],[121.53286602604287,25.009040605614548],[121.5328992706302,25.009060488451258],[121.53293250862511,25.00908038082319],[121.53296574000181,25.00910028271469],[121.53299896473449,25.009120194110075],[121.53303218279737,25.00914011499367],[121.5330653941647,25.009160045349763],[121.53309859881067,25.0091799851627],[121.5331317967095,25.009199934416806],[121.53316498783542,25.009219893096393],[121.53319817216261,25.009239861185765],[121.5332313496653,25.009259838669273],[121.5332645203177,25.00927982553122],[121.53329768409404,25.009299821755935],[121.53333084096852,25.009319827327726],[121.53336399091536,25.009339842230926],[121.53339713390878,25.009359866449838],[121.53343026992296,25.009379899968806],[121.53346339893217,25.009399942772134],[121.53349652091059,25.009419994844144],[121.53352963583245,25.00944005616915],[121.53356274367196,25.0094601267315],[121.53359584440334,25.009480206515494],[121.53362893800079,25.00950029550544],[121.53366202443851,25.0095203936857],[121.53369510369075,25.009540501040547],[121.53372817573168,25.009560617554342],[121.53376124053557,25.009580743211362],[121.53379429807659,25.009600877995982],[121.53382734832897,25.00962102189247],[121.53386039126691,25.009641174885175],[121.53389342686465,25.009661336958413],[121.5339264550964,25.009681508096506],[121.53395947593634,25.009701688283776],[121.53399248935875,25.009721877504546],[121.53402549533776,25.00974207574313],[121.53405849384764,25.009762282983843],[121.5340914848626,25.00978249921101],[121.53409696792578,25.009785861379672],[121.53412446835682,25.009802724408964],[121.53415744430455,25.009822958562022],[121.53419041267998,25.0098432016545],[121.53422337345735,25.009863453670718],[121.53425632661086,25.009883714594995],[121.53428927211468,25.00990398441166],[121.53432220994311,25.00992426310503],[121.53435514007032,25.00994455065942],[121.53438793097138,25.009965018821447],[121.53442036463397,25.009985952544344],[121.53445248440526,25.010007295097036],[121.53448433945016,25.010028982122062],[121.53451597893337,25.01005094926192],[121.53454745201962,25.010073132158986],[121.53457880787374,25.01009546645569],[121.53461009566033,25.010117887794348],[121.53464136454406,25.010140331817276],[121.53467266368952,25.010162734166737],[121.53470404226135,25.01018503048497],[121.53473554942404,25.01020715641414],[121.5347672343422,25.010229047596408],[121.53479914618022,25.01025063967387],[121.5348313341026,25.010271868288587],[121.53486384727378,25.010292669082574],[121.53489668197057,25.01031304814705],[121.53492966145677,25.010333239997323],[121.53496275977548,25.01035327823037],[121.53499596912684,25.010373172500525],[121.53502928171108,25.010392932462086],[121.53506268972836,25.0104125677694],[121.5350961853789,25.010432088076826],[121.535129760863,25.01045150303869],[121.53516340838078,25.01047082230935],[121.53519712013257,25.010490055543166],[121.53523088831851,25.01050921239451],[121.53526470513887,25.010528302517756],[121.53529856279397,25.01054733556728],[121.53531532770224,25.010556734024714],[121.53533209997711,25.010566122057735],[121.53534887865504,25.010575500823006],[121.5353656627726,25.010584871477167],[121.53538245136632,25.010594235176878],[121.53539924347263,25.010603593078795],[121.53541603812812,25.010612946339556],[121.53543283436926,25.0106222961158],[121.53544963123264,25.010631643564235],[121.53546642775468,25.010640989841466],[121.53548322297199,25.01065033610416],[121.535500015921,25.010659683508962],[121.53551680563827,25.010669033212544],[121.53553359116037,25.010678386371552],[121.53555037152375,25.01068774414264],[121.53556714576493,25.01069710768248],[121.53558391641478,25.01070647371615],[121.53560072208947,25.010715793952542],[121.53561757314735,25.010725053934607],[121.53563446886717,25.01073425247853],[121.53565140852767,25.010743388400403],[121.53566839140757,25.010752460516365],[121.53568541678563,25.010761467642553],[121.53570248394055,25.010770408595114],[121.53571959215115,25.01077928219014],[121.53573674069605,25.010788087243778],[121.53575392885412,25.010796822572193],[121.53577115590399,25.0108054869915],[121.53578842112444,25.010814079317807],[121.53580572379417,25.01082259836727],[121.53582306319194,25.010831042956028],[121.5358404385965,25.010839411900207],[121.53585794397858,25.010847564360972],[121.53587566725699,25.01085535595844],[121.53589357974687,25.010862813779504],[121.53591165266657,25.010869965126215],[121.53592985723435,25.010876837300746],[121.53594816466857,25.010883457605196],[121.53596654618755,25.010889853341716],[121.53598498008473,25.01089607971608],[121.53600346881574,25.01090221736505],[121.5360220112101,25.010908257536897],[121.53604060557701,25.010914187117738],[121.53605925022578,25.01091999299372],[121.53607794346554,25.010925662050916],[121.53609668360555,25.010931181175494],[121.536115468955,25.010936537253553],[121.53613429782303,25.010941717171235],[121.5361531685189,25.010946707814636],[121.53617208963472,25.010951458689966],[121.53619129188723,25.010955113534962],[121.53621075886495,25.01095776400543],[121.53623033998717,25.010960005920637],[121.53624988467365,25.010962435099916],[121.53625956711345,25.010964021862435],[121.53626925244261,25.0109656090978],[121.53628854095912,25.010969123634137],[121.53629853035517,25.01097096849057],[121.53630781999804,25.010972684114893],[121.53632709072622,25.0109762849341],[121.53634635431044,25.01097992048581],[121.5363656119175,25.010983585164063],[121.5363848647142,25.010987273362925],[121.53640411386742,25.010990979476418],[121.53642336054381,25.0109946978986],[121.53644260591027,25.010998423023526],[121.53646185113352,25.011002149245233],[121.53648109738036,25.011005870957753],[121.53650034581767,25.011009582555157],[121.53651959761206,25.011013278431477],[121.53653885393035,25.01101695298074],[121.53655811593936,25.011020600597007],[121.53657738480587,25.01102421567432],[121.53659665866002,25.011027808592026],[121.5366159331808,25.011031398928537],[121.53663520832134,25.01103498678905],[121.53665448407668,25.011038572166846],[121.53667376044191,25.011042155055254],[121.53669303741208,25.011045735447567],[121.53671231498227,25.011049313337118],[121.53673159314752,25.011052888717195],[121.53675087190288,25.011056461581145],[121.53677015124349,25.01106003192223],[121.53678943116431,25.01106359973379],[121.53680871166046,25.011067165009134],[121.53682799272698,25.011070727741558],[121.53684727435898,25.01107428792441],[121.53686655655144,25.01107784555095],[121.53688583929954,25.01108140061452],[121.53690512259821,25.011084953108437],[121.53692440644262,25.01108850302598],[121.5369436908278,25.01109205036048],[121.53696297574878,25.011095595105257],[121.53698226120063,25.01109913725361],[121.53700154717848,25.011102676798856],[121.53702083367732,25.011106213734287],[121.53704012069223,25.011109748053233],[121.53705940821828,25.011113279749004],[121.53707869625056,25.011116808814897],[121.53709798478407,25.01112033524424],[121.53711727381392,25.01112385903034],[121.53713613005937,25.011127301075764],[121.53716028768946,25.011050022102694],[121.53717306316774,25.010965636773676],[121.53717395110353,25.010881095368024],[121.53717128416763,25.01079621333374],[121.53718213815782,25.010712352617126],[121.53719529270619,25.01062861075676],[121.53720958017387,25.01054493110826],[121.53722488073937,25.010461341745955],[121.53724107458164,25.010377870744207],[121.53725804187991,25.010294546177363],[121.53727566281374,25.010211396119843],[121.5372941659311,25.010128466355575],[121.53731426205428,25.01004580530186],[121.53733572767023,25.00996339610336],[121.53735829049492,25.009881219256396],[121.53737881291929,25.00980929699786],[121.53738167824532,25.00979925525747],[121.53740573733366,25.009717500462873],[121.53743116594502,25.009636059505286],[121.53745805864952,25.00955498369458],[121.5374863314118,25.00947430813197],[121.53751587078665,25.009394052694855],[121.53754625725826,25.009314052127205],[121.53757734797078,25.00923425597532],[121.53760910477949,25.009154669183378],[121.53764148953964,25.00907529669562],[121.5376744641068,25.00899614345631],[121.5377081092265,25.008917240266022],[121.53774291916608,25.0088387239988],[121.53777893792368,25.008760650467142],[121.53781614827734,25.008683062559978],[121.5378539882087,25.008604399045456],[121.53789039753765,25.008518699415493],[121.53792810321679,25.008434091932735],[121.53797054463949,25.008360798812383],[121.53797891624782,25.008352855130546],[121.53802223783065,25.008311747967458],[121.53810781879163,25.008348951928575],[121.53819684662986,25.008393134140015],[121.53828383936691,25.00842245374348],[121.53837472808856,25.008440527814226],[121.53846698209756,25.008450970591035],[121.53855972857335,25.008451424481883],[121.53865247986953,25.008444891196408],[121.53874520578333,25.008439941371556],[121.53883813909543,25.00844212196159],[121.53893060207919,25.008450134928513],[121.53902236209495,25.008463786688896],[121.53911005891271,25.008483949003036],[121.53911239712082,25.008484486578038],[121.53921015608539,25.008506028337962],[121.5391939121058,25.008584846505027],[121.53918929379506,25.008638347353113],[121.53928310198701,25.00860711557542],[121.53937918590533,25.008585899836294],[121.53947099271905,25.008573306674634],[121.53956311517486,25.00856205439916],[121.53965536511059,25.008551294215945],[121.53974755436161,25.008540177331618],[121.53983949476093,25.008527854953222],[121.53993099917868,25.008513482733548],[121.5400220080493,25.00849672164622],[121.54011266264621,25.008478211852132],[121.54020311583263,25.00845870760713],[121.54029352047407,25.008438963166622],[121.54038402943803,25.008419732785654],[121.5404750819107,25.008402115501664],[121.54056685780753,25.008386193847095],[121.540658796586,25.008370656956085],[121.54075033040338,25.008354181745105],[121.54084089141325,25.00833544513212],[121.5409299117658,25.00831312403639],[121.54101646807192,25.008285081480402],[121.54109795593551,25.00824532828718],[121.5411764625079,25.00819864008615],[121.54125506798084,25.008152073054916],[121.54133813885589,25.008113279405386],[121.54142984551883,25.00810799691534],[121.54152283885408,25.008127183387042],[121.54161442630543,25.008141911627877],[121.54169873449432,25.008120254880577],[121.54177786781142,25.008071535568828],[121.54179184355564,25.008068277681783],[121.54180671659782,25.00806690205869],[121.54182197360628,25.008067257890144],[121.54183710124946,25.008069194366964],[121.5418515861955,25.0080725606802],[121.54186510285285,25.00807717303591],[121.54187822451087,25.008082714242935],[121.54189110001055,25.00808898947645],[121.54190379215333,25.008095823279167],[121.54191636374054,25.00810304019384],[121.5419288775735,25.008110464763117],[121.54194139645344,25.00811792152972],[121.54195398318141,25.008125235036257],[121.54196670055863,25.008132229825375],[121.5419796113861,25.008138730439697],[121.54199277846482,25.008144561421815],[121.54200626459573,25.008149547314304],[121.54202012302805,25.00815354130743],[121.54203413413208,25.008157188213993],[121.54204818213675,25.008160815469942],[121.54206226576181,25.00816441872658],[121.54207638372704,25.00816799363517],[121.54209053475205,25.00817153584701],[121.5421047175566,25.008175041013402],[121.54211893086037,25.008178504785622],[121.54213317338314,25.00818192281498],[121.54214744384456,25.008185290752767],[121.5421617409643,25.008188604250254],[121.54217606346212,25.00819185895878],[121.54219041005773,25.0081950505296],[121.54220477947077,25.008198174614005],[121.54221917042096,25.008201226863324],[121.54223358162798,25.008204202928844],[121.54224801181157,25.00820709846184],[121.54226245969133,25.00820990911361],[121.54227692398705,25.008212630535493],[121.54229140341832,25.00821525837874],[121.54230589670487,25.008217788294676],[121.54232040256638,25.00822021593459],[121.5423349197225,25.008222536949784],[121.54234944689291,25.008224746991562],[121.54236398279733,25.008226841711203],[121.54237852615533,25.008228816760056],[121.54239307568669,25.008230667789377],[121.54240763011099,25.008232390450505],[121.54242218814791,25.00823398039471],[121.54243674851718,25.008235433273303],[121.54245130993839,25.00823674473761],[121.5424658711312,25.008237910438904],[121.54248043081527,25.008238926028536],[121.54249498977384,25.008239799407622],[121.54250956186208,25.008240609715475],[121.54252414929452,25.008241371921123],[121.54253875135659,25.00824208604014],[121.54255336733368,25.008242752088112],[121.54256799651124,25.008243370080617],[121.54258263817466,25.008243940033204],[121.5425972916094,25.00824446196146],[121.54261195610083,25.00824493588096],[121.5426266309344,25.008245361807283],[121.54264131539549,25.00824573975599],[121.5426560087696,25.00824606974268],[121.54267071034202,25.008246351782915],[121.54268541939827,25.008246585892277],[121.54270013522378,25.00824677208633],[121.54271485710387,25.00824691038067],[121.54272958432402,25.00824700079085],[121.54274431616969,25.008247043332453],[121.54275905192621,25.008247038021086],[121.54276685772177,25.008247009873493],[121.54277379087904,25.008246984872287],[121.5427885323136,25.008246883901656],[121.54280327551528,25.008246735124764],[121.54281801976956,25.008246538557195],[121.54283276436176,25.008246294214533],[121.5428475085774,25.008246002112333],[121.54286225170186,25.0082456622662],[121.54287699302051,25.008245274691706],[121.54289173181884,25.00824483940443],[121.54290646738224,25.008244356419947],[121.54292119899608,25.008243825753844],[121.54293592594588,25.00824324742172],[121.54295064751697,25.008242621439116],[121.54296536299482,25.008241947821638],[121.54298007166481,25.008241226584865],[121.54299477281238,25.008240457744378],[121.54300946572296,25.00823964131575],[121.54302414968191,25.00823877731459],[121.54303882397475,25.008237865756463],[121.5430534878868,25.008236906656947],[121.54306814070351,25.008235900031654],[121.54308278171031,25.00823484589611],[121.54309741019263,25.008233744265958],[121.54311202543585,25.00823259515676],[121.54312662672544,25.008231398584087],[121.5431412133468,25.00823015456355],[121.54315578458531,25.008228863110688],[121.5431703397264,25.00822752424116],[121.54318487805554,25.00822613797048],[121.54319939885815,25.008224704314284],[121.54321390141956,25.00822322328812],[121.54349193243345,25.008517886527446],[121.5436214937802,25.008655199358486],[121.54382180413968,25.008388725312386],[121.54394268619743,25.008146691665022],[121.54409011023964,25.00790939986808],[121.5441747525518,25.007865601887165],[121.54420122115938,25.007855835953176],[121.54457215519874,25.00780616884266],[121.544662289318,25.007805838761563],[121.54474713308414,25.007805528004415],[121.544816184147,25.00783426423531],[121.54492793428373,25.00792565236514],[121.54499696413949,25.007949558562785],[121.54510844718598,25.007978139149763],[121.54518660610934,25.008007794930478],[121.54531026802593,25.008054715763183],[121.54548536438112,25.008083062794054],[121.54572402971303,25.00809667725732],[121.5458513399109,25.00811070912914],[121.54596274928195,25.008124790239307],[121.54606368635567,25.00816790792171],[121.5463133799813,25.00827812656643],[121.54639341168134,25.008293009045765],[121.54644073312731,25.00830180879233],[121.54660010033389,25.00836887054473],[121.5467489527198,25.00845529990529],[121.54693499289618,25.008560912444302],[121.5470627844827,25.008681238131125],[121.54733937687078,25.008878323570126],[121.54749898089031,25.008998522748843],[121.54764810328773,25.00914775854457],[121.54777627482243,25.00930218633521],[121.54779203289537,25.009321172453387],[121.54785048484838,25.009349946291504],[121.54793534119452,25.009354472705706],[121.54809975349988,25.009363526868107],[121.5481899101441,25.009368024573288],[121.54828009818596,25.009377361158542],[121.54836491158493,25.00937220938439],[121.54843924321138,25.009396094409492],[121.54850841321232,25.009448987597583],[121.54871608544062,25.009646324596225],[121.54881182177945,25.00971360967507],[121.54898706003944,25.009770950197954],[121.54907723847924,25.00978027730184],[121.54918322041465,25.009765386852006],[121.54931546762903,25.009697260040472],[121.54941071981413,25.00965341990558],[121.54949023304877,25.00964829609751],[121.54956985379454,25.00966733098596],[121.54964955065222,25.009705685636384],[121.54976119849714,25.00977292031172],[121.54984624878176,25.009820924134054],[121.54994705941189,25.009835041417492],[121.55003721648521,25.00983954702331],[121.55013255462485,25.00981503522395],[121.55036540647988,25.009712698041184],[121.55065124700384,25.009604747450112],[121.55094929811075,25.00956015525875],[121.5510132550466,25.009562565513903],[121.55114604103142,25.009567569544462],[121.55121180699633,25.00957005226686],[121.55139095413793,25.00961287636642],[121.55147431591448,25.00957994881081],[121.55170006884342,25.009372558104264],[121.55185471794121,25.009274138002095],[121.55214025629995,25.00909913417469],[121.55255659545729,25.008825806599248],[121.55261619742978,25.008814715326288],[121.5529029017926,25.008900617105226],[121.55315146608572,25.008993262535707],[121.55324945206101,25.009029783930377],[121.55351249593177,25.009159260776354],[121.55373984341257,25.00931061870201],[121.55384770449194,25.00941893309615],[121.55394358879445,25.00951642222134],[121.55396804034056,25.009646786800605],[121.55398026118044,25.00971196910601],[121.55408796659775,25.009787674491932],[121.55427933595931,25.009895668350943],[121.55457842152846,25.01007936693758],[121.55469796810524,25.01013327908241],[121.55474602306442,25.01020920647037],[121.55471067775515,25.010307175538227],[121.55468084477042,25.010389861727802],[121.55463997714659,25.010503131740613],[121.55458125341596,25.010709904011062],[121.5546175266758,25.01081848476561],[121.55478499258581,25.010915697284254],[121.55492829905442,25.010947780984775],[121.55501224714975,25.01104531391659],[121.55513223470741,25.011197061245138],[121.55522865914703,25.01141413328825],[121.55525315143542,25.011555367244107],[121.55530092382527,25.011566058648537],[121.55553873895525,25.01139122654964],[121.55561031916153,25.011390959112763],[121.55570586391912,25.011412350706138],[121.55587341947775,25.0115313102529],[121.55588165950758,25.011543955685415],[121.55599355544065,25.01171567471465],[121.55618517433506,25.01187803212687],[121.55632858017152,25.01193184464278],[121.55640060159864,25.012029421375043],[121.55644871724925,25.012116217736395],[121.55654420376197,25.01212673017542],[121.55675874952517,25.012082438818943],[121.55688998226123,25.01208194739619],[121.55698722946762,25.012105189329244],[121.55706913489286,25.012124764543717],[121.55722437177289,25.0121568013034],[121.55745110109378,25.01216682128595],[121.55772554426325,25.012176661967764],[121.55791633102541,25.012154206670022],[121.55802365774231,25.01214292511938],[121.55825008225955,25.012087717247628],[121.55836899324066,25.01200030341523],[121.55853301534722,25.01183284620801],[121.5585827511748,25.011782068642777],[121.55872546925143,25.011683695304967],[121.55901125909979,25.011563035436826],[121.55908078352792,25.011531031375505],[121.55922556668888,25.011464392480104],[121.55925523990935,25.011431662480714],[121.55928492306232,25.01139894146619],[121.55929274422645,25.01138017881221],[121.55934393465672,25.01125739415553],[121.55940304460705,25.01113758603444],[121.55947427978467,25.011061211438218],[121.55954551491534,25.01098484583653],[121.5597007600724,25.01082436550882],[121.55973551097159,25.010788447451493],[121.55978846270426,25.010726514208066],[121.55980063375799,25.010712267241665],[121.55986605216667,25.010635751852174],[121.55989510173906,25.010566072198216],[121.55992505283638,25.01049420435171],[121.55996897993724,25.01038884391219],[121.55998406328096,25.010352656790204],[121.56005510045226,25.01023280349492],[121.5600787597292,25.010189226189922],[121.56010242889685,25.0101456488439],[121.5601499545468,25.01010198163306],[121.56020953173102,25.01008545251627],[121.5602691088988,25.010068923375858],[121.56033299258591,25.010073530745007],[121.56041231699237,25.01007925354658],[121.56059146783637,25.01012206649097],[121.56065116834678,25.010132711212684],[121.56071085895984,25.010143355947616],[121.5608301612945,25.010142906059436],[121.56087177192849,25.0101101307207],[121.56091338258133,25.010077364398498],[121.56101429856311,25.009968267742803],[121.56111520445998,25.00985917105753],[121.56120039089475,25.00969419572966],[121.56132391282097,25.009530177078595],[121.56132944726724,25.00952281636995],[121.56136533994605,25.00948544010842],[121.56140123260322,25.00944806383841],[121.561455071471,25.009424667476015],[121.56165557543653,25.009337556881402],[121.56187060560595,25.009063235922792],[121.56188983079585,25.00903870965095],[121.56190094857575,25.009016948179685],[121.5619279610876,25.008964074998797],[121.56205757415303,25.008915393362265],[121.56209551490467,25.008801324789964],[121.5622080362273,25.00869573149862],[121.56232055739875,25.008590147151942],[121.56243019199557,25.008379405690675],[121.56244740379896,25.008249544080392],[121.56246737388867,25.0080988352556],[121.5625054037893,25.008002298743964],[121.5626635653317,25.007887775249408],[121.5628895772067,25.007822468598626],[121.5629708971222,25.00779897670609],[121.56339394484596,25.00777984213914],[121.56361248700834,25.007842806374473],[121.56364913228158,25.007853365748122],[121.56375496929786,25.007866109441792],[121.56384098661125,25.00774747956583],[121.5638839802361,25.007685970846293],[121.56396070788792,25.0076418666973],[121.56412133510364,25.007542661977322],[121.5642819620593,25.007443457087046],[121.56437052984548,25.007414836076943],[121.5644860226086,25.007379152179837],[121.5645940662623,25.007345879883072],[121.56482983409958,25.00719165196257],[121.5648433564864,25.007182807268467],[121.56486655913483,25.007191512477657],[121.56490115469596,25.00720448982358],[121.5649568262073,25.00728753516766],[121.56501250770123,25.007370580451006],[121.56502921934539,25.007401677676548],[121.56512647888826,25.007582659028955],[121.56518751151992,25.007696234876626],[121.56524044056563,25.00779473754434],[121.5653177994928,25.007886466559285],[121.56533706906285,25.00789515053057],[121.56551982396505,25.007903221934274],[121.5656302150743,25.007858979888102],[121.5657897787173,25.00805117624482],[121.56583803811809,25.008090427215123],[121.56589520232177,25.008107551071213],[121.56596981617454,25.00812990202656],[121.56631472321534,25.008233206195726],[121.56643706219847,25.00822995962722],[121.56650703807742,25.008228095113378],[121.56657948282594,25.008297922033925],[121.56662046993998,25.008324055591423],[121.56666146697832,25.0083501890995],[121.5668261999552,25.008396796129627],[121.56699093305299,25.0084434029748],[121.56699258330015,25.008444633527493],[121.56788326691388,25.009109365656485],[121.56795358624919,25.009104528912165],[121.56809017928146,25.009141482652886],[121.56817521744553,25.009166057163064],[121.56828052215582,25.009217800863397],[121.5684700819528,25.009365001114205],[121.56855356222678,25.009438486356313],[121.56861429065775,25.009482961112383],[121.56866670725022,25.009508147581435],[121.56874046451156,25.009509743349863],[121.56877288339861,25.00952743171983],[121.56890771924184,25.0095419476644],[121.56899613950259,25.009577983421437],[121.56916468449263,25.00967513938737],[121.5692477675758,25.00977408487218],[121.56928471431856,25.009875599370055],[121.56959043020154,25.01033643954325],[121.56957263453481,25.010391840667214],[121.56955419362878,25.01044267606337],[121.56965001139092,25.010578750063843],[121.56979967038288,25.01070286316982],[121.56996861393058,25.010761621019743],[121.57002925638778,25.010782712148384],[121.57007171435642,25.010837394827302],[121.57018859555751,25.010848899849073],[121.57037892426257,25.0109105808778],[121.5705688135949,25.011020789142876],[121.5710076256059,25.011098497494014],[121.57103969632378,25.011105009960968],[121.57104023032787,25.011293315072763],[121.57109878702433,25.011345534160508],[121.57116997810571,25.011357565965973],[121.57120101435734,25.011384594109472],[121.57133231957928,25.011427821565448],[121.57140404027727,25.01142797030389],[121.57142224994506,25.011439723351344],[121.57158732083803,25.011546264683833],[121.5715932663002,25.01157644066924],[121.57174988620048,25.011728954333968],[121.57191469032503,25.011815215579716],[121.57192856500308,25.01188243023747],[121.571990162703,25.01192368623655],[121.57199451699825,25.011986766547412],[121.57200452637491,25.01199592762984],[121.57196659786457,25.012121545401687],[121.57196436108514,25.01221614993937],[121.57199728808455,25.012289800525643],[121.5719735798535,25.012345504525136],[121.57193284418952,25.012387018720084],[121.57190004463926,25.012469218896648],[121.5718774124694,25.01249202051984],[121.5719274135004,25.0125813594024],[121.57192916180003,25.012584485411963],[121.57212783731447,25.012902980101433],[121.57213408891366,25.013009866231418],[121.5721081367993,25.013047450555035],[121.57208761796858,25.013094439255593],[121.57207114498398,25.013142197828042],[121.57206183382384,25.013215324753126],[121.57205434764083,25.01325039142071],[121.57200606322618,25.01329428196938],[121.57200068959499,25.01337688222407],[121.57208453373254,25.013420941560316],[121.5722526126796,25.013529182108865],[121.5722772131867,25.013574047121068],[121.57242583450275,25.01362898852011],[121.57262073150392,25.01353802980752],[121.57273763552674,25.013534636411947],[121.5729482597844,25.013401898075433],[121.57300841657634,25.013286152363897],[121.57304365598762,25.01325372322438],[121.57310104080854,25.013245196253056],[121.5731757185528,25.013252510024536],[121.57327329313492,25.01326630790337],[121.57339677323372,25.01330935601122],[121.57349439902035,25.013346960513005],[121.57361918768211,25.013317634542624],[121.57374479915644,25.013284161418678],[121.5738974274498,25.0132483178768],[121.57394155086085,25.013223798921913],[121.57417555577884,25.013289323882482],[121.57430000559154,25.01322979982869],[121.57443697236867,25.013237107101336],[121.57457685990806,25.013197150155055],[121.57462737120416,25.01318064127772],[121.57494841855099,25.013161921934692],[121.5752097218276,25.01331306101983],[121.57532834805339,25.013521980551108],[121.57538866874555,25.01360769415187],[121.57559074422011,25.01383077149621],[121.57575085622459,25.013952860812957],[121.57594062573028,25.014156421529265],[121.57607967105636,25.014354147790247],[121.57612162075155,25.014415845421755],[121.57619593884742,25.01442233750403],[121.57641215894752,25.014313009427266],[121.57663873133895,25.01419077592775],[121.57677199497992,25.014179244834455],[121.57708098146004,25.014106372287685],[121.5771112454359,25.014099176838954],[121.57731050474621,25.01412598399013],[121.57740152796823,25.014105136887302],[121.577596583489,25.014160949028902],[121.57766241937261,25.014105784702483]]]]},"properties":{"AREA":31250118.80885,"PERF_ID":63008.0,"COUN_ID":"6300800","CPID":"63008","CPTID":"6300800","NPID":63008.0,"NPTID":6300800.0,"PNAME":"臺北市","TNAME":"文山區","PTNAME":"臺北市文山區","TM2_MAX_X":312596.356,"TM2_MAX_Y":2767649.1924,"TM2_MIN_X":303541.0294,"TM2_MIN_Y":2761514.896,"MAX_X":121.6202,"MAX_Y":25.0156,"MIN_X":121.53025,"MIN_Y":24.96057,"city":"臺北市","district":"文山區","store_count":466,"level":"中","source_dataset":"臺北綠色商店.csv"}}]}