{
   "type": "FeatureCollection",
   "features": [
  {
    "type": "Feature",
    "geometry": {
       "type": "Point",
       "coordinates":  [ 121.5149085,25.04466557 ]
    },
    "properties": {
    "city":"taipei",
    "facility_type":"clinic",
    "category":"診所",
    "name":"葛鎂診所",
    "district_code":63000050,
    "district":"中正區",
    "address":"臺北市中正區館前路34號9樓",
    "source_dataset":"taipei_clinic"
    }
  },
  {
    "type": "Feature",
    "geometry": {
       "type": "Point",
       "coordinates":  [ 121.527716,25.0356227 ]
    },
    "properties": {
    "city":"taipei",
    "facility_type":"clinic",
    "category":"診所",
    "name":"永康身心診所",
    "district_code":63000050,
    "district":"中正區",
    "address":"臺北市中正區金山南路1段127號1樓",
    "source_dataset":"taipei_clinic"
    }
  },
  {
    "type": "Feature",
    "geometry": {
       "type": "Point",
       "coordinates":  [ 121.5154552,25.0452932 ]
    },
    "properties": {
    "city":"taipei",
    "facility_type":"clinic",
    "category":"診所",
    "name":"台北新顏診所",
    "district_code":63000050,
    "district":"中正區",
    "address":"臺北市中正區許昌街42號(6樓)",
    "source_dataset":"taipei_clinic"
    }
  },
  {
    "type": "Feature",
    "geometry": {
       "type": "Point",
       "coordinates":  [ 121.5110467,25.0429887 ]
    },
    "properties": {
    "city":"taipei",
    "facility_type":"clinic",
    "category":"診所",
    "name":"醫療財團法人徐元智先生醫藥基金會遠東聯合診所",
    "district_code":63000050,
    "district":"中正區",
    "address":"臺北市中正區永綏街8至14號",
    "source_dataset":"taipei_clinic"
    }
  },
  {
    "type": "Feature",
    "geometry": {
       "type": "Point",
       "coordinates":  [ 121.5168566,25.0444824 ]
    },
    "properties": {
    "city":"taipei",
    "facility_type":"clinic",
    "category":"診所",
    "name":"醫療財團法人好心肝基金會好心肝診所",
    "district_code":63000050,
    "district":"中正區",
    "address":"臺北市中正區公園路30號2樓之2、8樓之1、8樓之2",
    "source_dataset":"taipei_clinic"
    }
  },
  {
    "type": "Feature",
    "geometry": {
       "type": "Point",
       "coordinates":  [ 121.5197163,25.0314662 ]
    },
    "properties": {
    "city":"taipei",
    "facility_type":"clinic",
    "category":"診所",
    "name":"蔡瑞芳眼科診所",
    "district_code":63000050,
    "district":"中正區",
    "address":"臺北市中正區羅斯福路一段73號(實際營業地址一層)、75號2樓",
    "source_dataset":"taipei_clinic"
    }
  },
  {
    "type": "Feature",
    "geometry": {
       "type": "Point",
       "coordinates":  [ 121.5316285,25.04107676 ]
    },
    "properties": {
    "city":"taipei",
    "facility_type":"clinic",
    "category":"診所",
    "name":"小千醫師診所",
    "district_code":63000050,
    "district":"中正區",
    "address":"臺北市中正區忠孝東路二段134巷16號",
    "source_dataset":"taipei_clinic"
    }
  },
  {
    "type": "Feature",
    "geometry": {
       "type": "Point",
       "coordinates":  [ 121.5195177,25.02833674 ]
    },
    "properties": {
    "city":"taipei",
    "facility_type":"clinic",
    "category":"診所",
    "name":"蘭心診所",
    "district_code":63000050,
    "district":"中正區",
    "address":"臺北市中正區南昌路二段11號、15號",
    "source_dataset":"taipei_clinic"
    }
  },
  {
    "type": "Feature",
    "geometry": {
       "type": "Point",
       "coordinates":  [ 121.5277583,25.04127111 ]
    },
    "properties": {
    "city":"taipei",
    "facility_type":"clinic",
    "category":"診所",
    "name":"祈約美醫皮膚科診所",
    "district_code":63000050,
    "district":"中正區",
    "address":"臺北市中正區濟南路2段17號4樓",
    "source_dataset":"taipei_clinic"
    }
  },
  {
    "type": "Feature",
    "geometry": {
       "type": "Point",
       "coordinates":  [ 121.5254452,25.02112716 ]
    },
    "properties": {
    "city":"taipei",
    "facility_type":"clinic",
    "category":"診所",
    "name":"惠森復健科診所",
    "district_code":63000050,
    "district":"中正區",
    "address":"臺北市中正區師大路172號、172號之1號",
    "source_dataset":"taipei_clinic"
    }
  },
  {
    "type": "Feature",
    "geometry": {
       "type": "Point",
       "coordinates":  [ 121.5180284,25.04582575 ]
    },
    "properties": {
    "city":"taipei",
    "facility_type":"clinic",
    "category":"診所",
    "name":"皇妍時尚整形外科診所",
    "district_code":63000050,
    "district":"中正區",
    "address":"臺北市中正區忠孝西路一段6號8樓",
    "source_dataset":"taipei_clinic"
    }
  },
  {
    "type": "Feature",
    "geometry": {
       "type": "Point",
       "coordinates":  [ 121.5288391,25.03442192 ]
    },
    "properties": {
    "city":"taipei",
    "facility_type":"clinic",
    "category":"診所",
    "name":"東妍診所",
    "district_code":63000050,
    "district":"中正區",
    "address":"臺北市中正區信義路二段161巷8號2樓、8號2樓之1、12號(實際營業地址1、2樓)",
    "source_dataset":"taipei_clinic"
    }
  },
  {
    "type": "Feature",
    "geometry": {
       "type": "Point",
       "coordinates":  [ 121.532466,25.03527506 ]
    },
    "properties": {
    "city":"taipei",
    "facility_type":"clinic",
    "category":"診所",
    "name":"宜康診所",
    "district_code":63000050,
    "district":"中正區",
    "address":"臺北市中正區新生南路一段148號",
    "source_dataset":"taipei_clinic"
    }
  },
  {
    "type": "Feature",
    "geometry": {
       "type": "Point",
       "coordinates":  [ 121.5124848,25.04721182 ]
    },
    "properties": {
    "city":"taipei",
    "facility_type":"clinic",
    "category":"診所",
    "name":"藝群台北診所",
    "district_code":63000050,
    "district":"中正區",
    "address":"臺北市中正區忠孝西路一段102號4樓",
    "source_dataset":"taipei_clinic"
    }
  },
  {
    "type": "Feature",
    "geometry": {
       "type": "Point",
       "coordinates":  [ 121.5180284,25.04582575 ]
    },
    "properties": {
    "city":"taipei",
    "facility_type":"clinic",
    "category":"診所",
    "name":"君綺美形診所",
    "district_code":63000050,
    "district":"中正區",
    "address":"臺北市中正區忠孝西路1段6號13樓",
    "source_dataset":"taipei_clinic"
    }
  },
  {
    "type": "Feature",
    "geometry": {
       "type": "Point",
       "coordinates":  [ 121.5313467,25.03382685 ]
    },
    "properties": {
    "city":"taipei",
    "facility_type":"clinic",
    "category":"診所",
    "name":"美嘉美整形外科診所",
    "district_code":63000050,
    "district":"中正區",
    "address":"臺北市中正區信義路二段251號5樓",
    "source_dataset":"taipei_clinic"
    }
  },
  {
    "type": "Feature",
    "geometry": {
       "type": "Point",
       "coordinates":  [ 121.5130979,25.04360909 ]
    },
    "properties": {
    "city":"taipei",
    "facility_type":"clinic",
    "category":"診所",
    "name":"日明耀診所",
    "district_code":63000050,
    "district":"中正區",
    "address":"臺北市中正區重慶南路一段66之1號2樓之1",
    "source_dataset":"taipei_clinic"
    }
  },
  {
    "type": "Feature",
    "geometry": {
       "type": "Point",
       "coordinates":  [ 121.5113602,25.04467234 ]
    },
    "properties": {
    "city":"taipei",
    "facility_type":"clinic",
    "category":"診所",
    "name":"立光診所",
    "district_code":63000050,
    "district":"中正區",
    "address":"臺北市中正區博愛路76號2樓",
    "source_dataset":"taipei_clinic"
    }
  },
  {
    "type": "Feature",
    "geometry": {
       "type": "Point",
       "coordinates":  [ 121.5180284,25.04582575 ]
    },
    "properties": {
    "city":"taipei",
    "facility_type":"clinic",
    "category":"診所",
    "name":"和眾綜合診所",
    "district_code":63000050,
    "district":"中正區",
    "address":"臺北市中正區忠孝西路一段6號",
    "source_dataset":"taipei_clinic"
    }
  },
  {
    "type": "Feature",
    "geometry": {
       "type": "Point",
       "coordinates":  [ 121.513373,25.02765765 ]
    },
    "properties": {
    "city":"taipei",
    "facility_type":"clinic",
    "category":"診所",
    "name":"家禾診所",
    "district_code":63000050,
    "district":"中正區",
    "address":"臺北市中正區三元街217號1樓、2樓",
    "source_dataset":"taipei_clinic"
    }
  },
  {
    "type": "Feature",
    "geometry": {
       "type": "Point",
       "coordinates":  [ 121.5269608,25.03438881 ]
    },
    "properties": {
    "city":"taipei",
    "facility_type":"clinic",
    "category":"診所",
    "name":"虹約復健專科診所",
    "district_code":63000050,
    "district":"中正區",
    "address":"臺北市中正區信義路二段91號2樓之2",
    "source_dataset":"taipei_clinic"
    }
  },
  {
    "type": "Feature",
    "geometry": {
       "type": "Point",
       "coordinates":  [ 121.5226184,25.04274483 ]
    },
    "properties": {
    "city":"taipei",
    "facility_type":"clinic",
    "category":"診所",
    "name":"百麗診所",
    "district_code":63000050,
    "district":"中正區",
    "address":"臺北市中正區林森南路10號6樓之2",
    "source_dataset":"taipei_clinic"
    }
  },
  {
    "type": "Feature",
    "geometry": {
       "type": "Point",
       "coordinates":  [ 121.5226827,25.0263915 ]
    },
    "properties": {
    "city":"taipei",
    "facility_type":"clinic",
    "category":"診所",
    "name":"波菲特醫美診所",
    "district_code":63000050,
    "district":"中正區",
    "address":"臺北市中正區羅斯福路二段116號4樓之1",
    "source_dataset":"taipei_clinic"
    }
  },
  {
    "type": "Feature",
    "geometry": {
       "type": "Point",
       "coordinates":  [ 121.5133719,25.04610266 ]
    },
    "properties": {
    "city":"taipei",
    "facility_type":"clinic",
    "category":"診所",
    "name":"靚白天使時尚美學診所",
    "district_code":63000050,
    "district":"中正區",
    "address":"臺北市中正區重慶南路一段13號9樓",
    "source_dataset":"taipei_clinic"
    }
  },
  {
    "type": "Feature",
    "geometry": {
       "type": "Point",
       "coordinates":  [ 121.5301482,25.03407553 ]
    },
    "properties": {
    "city":"taipei",
    "facility_type":"clinic",
    "category":"診所",
    "name":"身新醫學診所",
    "district_code":63000050,
    "district":"中正區",
    "address":"臺北市中正區連雲街87號5樓",
    "source_dataset":"taipei_clinic"
    }
  },
  {
    "type": "Feature",
    "geometry": {
       "type": "Point",
       "coordinates":  [ 121.5068426,25.02721822 ]
    },
    "properties": {
    "city":"taipei",
    "facility_type":"clinic",
    "category":"診所",
    "name":"李明儒耳鼻喉科診所",
    "district_code":63000050,
    "district":"中正區",
    "address":"臺北市中正區中華路二段341號",
    "source_dataset":"taipei_clinic"
    }
  },
  {
    "type": "Feature",
    "geometry": {
       "type": "Point",
       "coordinates":  [ 121.5226827,25.0263914 ]
    },
    "properties": {
    "city":"taipei",
    "facility_type":"clinic",
    "category":"診所",
    "name":"古亭光澤診所",
    "district_code":63000050,
    "district":"中正區",
    "address":"臺北市中正區羅斯福路2段116號、116號2樓、116號2樓之1",
    "source_dataset":"taipei_clinic"
    }
  },
  {
    "type": "Feature",
    "geometry": {
       "type": "Point",
       "coordinates":  [ 121.5095569,25.0442566 ]
    },
    "properties": {
    "city":"taipei",
    "facility_type":"clinic",
    "category":"診所",
    "name":"目急國際診所",
    "district_code":63000050,
    "district":"中正區",
    "address":"臺北市中正區武昌街一段77號6樓之17",
    "source_dataset":"taipei_clinic"
    }
  },
  {
    "type": "Feature",
    "geometry": {
       "type": "Point",
       "coordinates":  [ 121.5248173,25.02353325 ]
    },
    "properties": {
    "city":"taipei",
    "facility_type":"clinic",
    "category":"診所",
    "name":"元泰診所",
    "district_code":63000050,
    "district":"中正區",
    "address":"臺北市中正區羅斯福路3段2號2樓",
    "source_dataset":"taipei_clinic"
    }
  },
  {
    "type": "Feature",
    "geometry": {
       "type": "Point",
       "coordinates":  [ 121.5139321,25.04175139 ]
    },
    "properties": {
    "city":"taipei",
    "facility_type":"clinic",
    "category":"診所",
    "name":"懷寧復健科診所",
    "district_code":63000050,
    "district":"中正區",
    "address":"臺北市中正區懷寧街110號1樓、7樓",
    "source_dataset":"taipei_clinic"
    }
  },
  {
    "type": "Feature",
    "geometry": {
       "type": "Point",
       "coordinates":  [ 121.530168,25.034192 ]
    },
    "properties": {
    "city":"taipei",
    "facility_type":"clinic",
    "category":"診所",
    "name":"美好健康診所",
    "district_code":63000050,
    "district":"中正區",
    "address":"臺北市中正區連雲街83號(實際營業地址:1樓、2樓、3樓)",
    "source_dataset":"taipei_clinic"
    }
  },
  {
    "type": "Feature",
    "geometry": {
       "type": "Point",
       "coordinates":  [ 121.5243096,25.0240366 ]
    },
    "properties": {
    "city":"taipei",
    "facility_type":"clinic",
    "category":"診所",
    "name":"大心古亭診所",
    "district_code":63000050,
    "district":"中正區",
    "address":"臺北市中正區南昌路二段206號5樓之1",
    "source_dataset":"taipei_clinic"
    }
  },
  {
    "type": "Feature",
    "geometry": {
       "type": "Point",
       "coordinates":  [ 121.5159599,25.0452407 ]
    },
    "properties": {
    "city":"taipei",
    "facility_type":"clinic",
    "category":"診所",
    "name":"博士診所",
    "district_code":63000050,
    "district":"中正區",
    "address":"臺北市中正區南陽街8號地下1樓",
    "source_dataset":"taipei_clinic"
    }
  },
  {
    "type": "Feature",
    "geometry": {
       "type": "Point",
       "coordinates":  [ 121.5129843,25.04221112 ]
    },
    "properties": {
    "city":"taipei",
    "facility_type":"clinic",
    "category":"診所",
    "name":"衡觀診所",
    "district_code":63000050,
    "district":"中正區",
    "address":"臺北市中正區衡陽路20號6樓",
    "source_dataset":"taipei_clinic"
    }
  },
  {
    "type": "Feature",
    "geometry": {
       "type": "Point",
       "coordinates":  [ 121.5090348,25.02527508 ]
    },
    "properties": {
    "city":"taipei",
    "facility_type":"clinic",
    "category":"診所",
    "name":"鈞安診所",
    "district_code":63000050,
    "district":"中正區",
    "address":"臺北市中正區中華路2段431號1樓",
    "source_dataset":"taipei_clinic"
    }
  },
  {
    "type": "Feature",
    "geometry": {
       "type": "Point",
       "coordinates":  [ 121.5148937,25.04540268 ]
    },
    "properties": {
    "city":"taipei",
    "facility_type":"clinic",
    "category":"診所",
    "name":"光澤晶漾診所",
    "district_code":63000050,
    "district":"中正區",
    "address":"臺北市中正區館前路18號6樓",
    "source_dataset":"taipei_clinic"
    }
  },
  {
    "type": "Feature",
    "geometry": {
       "type": "Point",
       "coordinates":  [ 121.5174034,25.04548954 ]
    },
    "properties": {
    "city":"taipei",
    "facility_type":"clinic",
    "category":"診所",
    "name":"台北諾貝爾眼科診所",
    "district_code":63000050,
    "district":"中正區",
    "address":"臺北市中正區公園路13號5樓",
    "source_dataset":"taipei_clinic"
    }
  },
  {
    "type": "Feature",
    "geometry": {
       "type": "Point",
       "coordinates":  [ 121.5148828,25.04636936 ]
    },
    "properties": {
    "city":"taipei",
    "facility_type":"clinic",
    "category":"診所",
    "name":"星和診所",
    "district_code":63000050,
    "district":"中正區",
    "address":"臺北市中正區館前路2號6樓之1",
    "source_dataset":"taipei_clinic"
    }
  },
  {
    "type": "Feature",
    "geometry": {
       "type": "Point",
       "coordinates":  [ 121.5304539,25.04276981 ]
    },
    "properties": {
    "city":"taipei",
    "facility_type":"clinic",
    "category":"診所",
    "name":"捷思身心醫學診所",
    "district_code":63000050,
    "district":"中正區",
    "address":"臺北市中正區忠孝東路二段100號5樓之7",
    "source_dataset":"taipei_clinic"
    }
  },
  {
    "type": "Feature",
    "geometry": {
       "type": "Point",
       "coordinates":  [ 121.5042448,25.03078195 ]
    },
    "properties": {
    "city":"taipei",
    "facility_type":"clinic",
    "category":"診所",
    "name":"臻健康診所",
    "district_code":63000050,
    "district":"中正區",
    "address":"臺北市中正區中華路2段165之1號",
    "source_dataset":"taipei_clinic"
    }
  },
  {
    "type": "Feature",
    "geometry": {
       "type": "Point",
       "coordinates":  [ 121.5180284,25.04582575 ]
    },
    "properties": {
    "city":"taipei",
    "facility_type":"clinic",
    "category":"診所",
    "name":"站前愛爾麗診所",
    "district_code":63000050,
    "district":"中正區",
    "address":"臺北市中正區忠孝西路1段6號8樓",
    "source_dataset":"taipei_clinic"
    }
  },
  {
    "type": "Feature",
    "geometry": {
       "type": "Point",
       "coordinates":  [ 121.5286575,25.01974206 ]
    },
    "properties": {
    "city":"taipei",
    "facility_type":"clinic",
    "category":"診所",
    "name":"佳飛雅醫美診所",
    "district_code":63000050,
    "district":"中正區",
    "address":"臺北市中正區辛亥路1段49號(實際營業地址1層及2層)",
    "source_dataset":"taipei_clinic"
    }
  },
  {
    "type": "Feature",
    "geometry": {
       "type": "Point",
       "coordinates":  [ 121.5230401,25.04467171 ]
    },
    "properties": {
    "city":"taipei",
    "facility_type":"clinic",
    "category":"診所",
    "name":"永愉診所",
    "district_code":63000050,
    "district":"中正區",
    "address":"臺北市中正區忠孝東路1段54號3樓",
    "source_dataset":"taipei_clinic"
    }
  },
  {
    "type": "Feature",
    "geometry": {
       "type": "Point",
       "coordinates":  [ 121.5154761,25.0454268 ]
    },
    "properties": {
    "city":"taipei",
    "facility_type":"clinic",
    "category":"診所",
    "name":"站前聖宜診所",
    "district_code":63000050,
    "district":"中正區",
    "address":"臺北市中正區許昌街42號(7樓)",
    "source_dataset":"taipei_clinic"
    }
  },
  {
    "type": "Feature",
    "geometry": {
       "type": "Point",
       "coordinates":  [ 121.5271078,25.03846167 ]
    },
    "properties": {
    "city":"taipei",
    "facility_type":"clinic",
    "category":"診所",
    "name":"久瑞復健科診所",
    "district_code":63000050,
    "district":"中正區",
    "address":"臺北市中正區仁愛路2段21號、21之1號、23號",
    "source_dataset":"taipei_clinic"
    }
  },
  {
    "type": "Feature",
    "geometry": {
       "type": "Point",
       "coordinates":  [ 121.5319338,25.0416416 ]
    },
    "properties": {
    "city":"taipei",
    "facility_type":"clinic",
    "category":"診所",
    "name":"超全能診所",
    "district_code":63000050,
    "district":"中正區",
    "address":"臺北市中正區忠孝東路2段136號1樓",
    "source_dataset":"taipei_clinic"
    }
  },
  {
    "type": "Feature",
    "geometry": {
       "type": "Point",
       "coordinates":  [ 121.5168566,25.0444824 ]
    },
    "properties": {
    "city":"taipei",
    "facility_type":"clinic",
    "category":"診所",
    "name":"好甘心診所",
    "district_code":63000050,
    "district":"中正區",
    "address":"臺北市中正區公園路30號9樓之1、9樓之2、11樓之1、11樓之2、11樓之3",
    "source_dataset":"taipei_clinic"
    }
  },
  {
    "type": "Feature",
    "geometry": {
       "type": "Point",
       "coordinates":  [ 121.524062,25.0242666 ]
    },
    "properties": {
    "city":"taipei",
    "facility_type":"clinic",
    "category":"診所",
    "name":"古亭適康復健科診所",
    "district_code":63000050,
    "district":"中正區",
    "address":"臺北市中正區南昌路2段196號(1樓)、200號地下1樓、200號1樓、200號2樓",
    "source_dataset":"taipei_clinic"
    }
  },
  {
    "type": "Feature",
    "geometry": {
       "type": "Point",
       "coordinates":  [ 121.5098896,25.03402781 ]
    },
    "properties": {
    "city":"taipei",
    "facility_type":"clinic",
    "category":"診所",
    "name":"美渥館診所",
    "district_code":63000050,
    "district":"中正區",
    "address":"臺北市中正區博愛路224巷5號6樓",
    "source_dataset":"taipei_clinic"
    }
  },
  {
    "type": "Feature",
    "geometry": {
       "type": "Point",
       "coordinates":  [ 121.5324999,25.0369907 ]
    },
    "properties": {
    "city":"taipei",
    "facility_type":"clinic",
    "category":"診所",
    "name":"蒂恩美學診所",
    "district_code":63000050,
    "district":"中正區",
    "address":"臺北市中正區新生南路1段128號4樓",
    "source_dataset":"taipei_clinic"
    }
  },
  {
    "type": "Feature",
    "geometry": {
       "type": "Point",
       "coordinates":  [ 121.5115032,25.04591542 ]
    },
    "properties": {
    "city":"taipei",
    "facility_type":"clinic",
    "category":"診所",
    "name":"銘人診所",
    "district_code":63000050,
    "district":"中正區",
    "address":"臺北市中正區博愛路9號3樓",
    "source_dataset":"taipei_clinic"
    }
  },
  {
    "type": "Feature",
    "geometry": {
       "type": "Point",
       "coordinates":  [ 121.5230401,25.04467171 ]
    },
    "properties": {
    "city":"taipei",
    "facility_type":"clinic",
    "category":"診所",
    "name":"立達診所",
    "district_code":63000050,
    "district":"中正區",
    "address":"臺北市中正區忠孝東路1段54號1樓、54之1號(1樓)、54之2號(1樓)、54號2樓、54號3樓",
    "source_dataset":"taipei_clinic"
    }
  },
  {
    "type": "Feature",
    "geometry": {
       "type": "Point",
       "coordinates":  [ 121.512712,25.0421719 ]
    },
    "properties": {
    "city":"taipei",
    "facility_type":"clinic",
    "category":"診所",
    "name":"力安妥診所",
    "district_code":63000050,
    "district":"中正區",
    "address":"臺北市中正區衡陽路30號(2樓)",
    "source_dataset":"taipei_clinic"
    }
  },
  {
    "type": "Feature",
    "geometry": {
       "type": "Point",
       "coordinates":  [ 121.514903,25.04526952 ]
    },
    "properties": {
    "city":"taipei",
    "facility_type":"clinic",
    "category":"診所",
    "name":"站前美力時尚診所",
    "district_code":63000050,
    "district":"中正區",
    "address":"臺北市中正區館前路20號4樓、11樓",
    "source_dataset":"taipei_clinic"
    }
  },
  {
    "type": "Feature",
    "geometry": {
       "type": "Point",
       "coordinates":  [ 121.5180284,25.04582575 ]
    },
    "properties": {
    "city":"taipei",
    "facility_type":"clinic",
    "category":"診所",
    "name":"君綺美麗診所",
    "district_code":63000050,
    "district":"中正區",
    "address":"臺北市中正區忠孝西路1段6號13樓",
    "source_dataset":"taipei_clinic"
    }
  },
  {
    "type": "Feature",
    "geometry": {
       "type": "Point",
       "coordinates":  [ 121.5286507,25.01999529 ]
    },
    "properties": {
    "city":"taipei",
    "facility_type":"clinic",
    "category":"診所",
    "name":"古亭復健診所",
    "district_code":63000050,
    "district":"中正區",
    "address":"臺北市中正區羅斯福路3段160號1樓、162號(1、2樓)",
    "source_dataset":"taipei_clinic"
    }
  },
  {
    "type": "Feature",
    "geometry": {
       "type": "Point",
       "coordinates":  [ 121.5325259,25.0161649 ]
    },
    "properties": {
    "city":"taipei",
    "facility_type":"clinic",
    "category":"診所",
    "name":"幫痘氏公館皮膚科診所",
    "district_code":63000050,
    "district":"中正區",
    "address":"臺北市中正區羅斯福路3段308號1、2、3樓",
    "source_dataset":"taipei_clinic"
    }
  },
  {
    "type": "Feature",
    "geometry": {
       "type": "Point",
       "coordinates":  [ 121.5204699,25.03008327 ]
    },
    "properties": {
    "city":"taipei",
    "facility_type":"clinic",
    "category":"診所",
    "name":"安妞美學診所",
    "district_code":63000050,
    "district":"中正區",
    "address":"臺北市中正區羅斯福路1段133號2樓",
    "source_dataset":"taipei_clinic"
    }
  },
  {
    "type": "Feature",
    "geometry": {
       "type": "Point",
       "coordinates":  [ 121.5325607,25.04074003 ]
    },
    "properties": {
    "city":"taipei",
    "facility_type":"clinic",
    "category":"診所",
    "name":"千美診所",
    "district_code":63000050,
    "district":"中正區",
    "address":"臺北市中正區新生南路1段60號3樓",
    "source_dataset":"taipei_clinic"
    }
  },
  {
    "type": "Feature",
    "geometry": {
       "type": "Point",
       "coordinates":  [ 121.5240563,25.04484061 ]
    },
    "properties": {
    "city":"taipei",
    "facility_type":"clinic",
    "category":"診所",
    "name":"薇璽美學診所",
    "district_code":63000050,
    "district":"中正區",
    "address":"臺北市中正區忠孝東路1段13號7樓",
    "source_dataset":"taipei_clinic"
    }
  },
  {
    "type": "Feature",
    "geometry": {
       "type": "Point",
       "coordinates":  [ 121.5305375,25.03384548 ]
    },
    "properties": {
    "city":"taipei",
    "facility_type":"clinic",
    "category":"診所",
    "name":"禾瑞印象診所",
    "district_code":63000050,
    "district":"中正區",
    "address":"臺北市中正區信義路2段213號5樓",
    "source_dataset":"taipei_clinic"
    }
  },
  {
    "type": "Feature",
    "geometry": {
       "type": "Point",
       "coordinates":  [ 121.5116118,25.04343958 ]
    },
    "properties": {
    "city":"taipei",
    "facility_type":"clinic",
    "category":"診所",
    "name":"韓娜斯時尚美醫診所",
    "district_code":63000050,
    "district":"中正區",
    "address":"臺北市中正區博愛路83號2樓、85號2樓",
    "source_dataset":"taipei_clinic"
    }
  },
  {
    "type": "Feature",
    "geometry": {
       "type": "Point",
       "coordinates":  [ 121.5200264,25.02103508 ]
    },
    "properties": {
    "city":"taipei",
    "facility_type":"clinic",
    "category":"診所",
    "name":"海漾大健康管理診所",
    "district_code":63000050,
    "district":"中正區",
    "address":"臺北市中正區水源路77號7樓之1",
    "source_dataset":"taipei_clinic"
    }
  },
  {
    "type": "Feature",
    "geometry": {
       "type": "Point",
       "coordinates":  [ 121.5295409,25.0380061 ]
    },
    "properties": {
    "city":"taipei",
    "facility_type":"clinic",
    "category":"診所",
    "name":"晶翎美學診所",
    "district_code":63000050,
    "district":"中正區",
    "address":"臺北市中正區仁愛路2段70號1、2樓、72號(1樓)",
    "source_dataset":"taipei_clinic"
    }
  },
  {
    "type": "Feature",
    "geometry": {
       "type": "Point",
       "coordinates":  [ 121.5137663,25.04686551 ]
    },
    "properties": {
    "city":"taipei",
    "facility_type":"clinic",
    "category":"診所",
    "name":"台北澄清眼科診所",
    "district_code":63000050,
    "district":"中正區",
    "address":"臺北市中正區忠孝西路1段80號3樓",
    "source_dataset":"taipei_clinic"
    }
  },
  {
    "type": "Feature",
    "geometry": {
       "type": "Point",
       "coordinates":  [ 121.5116051,25.042701 ]
    },
    "properties": {
    "city":"taipei",
    "facility_type":"clinic",
    "category":"診所",
    "name":"慢活靜心診所",
    "district_code":63000050,
    "district":"中正區",
    "address":"臺北市中正區博愛路105號3樓",
    "source_dataset":"taipei_clinic"
    }
  },
  {
    "type": "Feature",
    "geometry": {
       "type": "Point",
       "coordinates":  [ 121.5148828,25.04636936 ]
    },
    "properties": {
    "city":"taipei",
    "facility_type":"clinic",
    "category":"診所",
    "name":"珍顏唯上診所",
    "district_code":63000050,
    "district":"中正區",
    "address":"臺北市中正區館前路2號6樓",
    "source_dataset":"taipei_clinic"
    }
  },
  {
    "type": "Feature",
    "geometry": {
       "type": "Point",
       "coordinates":  [ 121.5151274,25.0453997 ]
    },
    "properties": {
    "city":"taipei",
    "facility_type":"clinic",
    "category":"診所",
    "name":"濰視眼科診所",
    "district_code":63000050,
    "district":"中正區",
    "address":"臺北市中正區館前路43號(2樓)",
    "source_dataset":"taipei_clinic"
    }
  },
  {
    "type": "Feature",
    "geometry": {
       "type": "Point",
       "coordinates":  [ 121.5325038,25.04119529 ]
    },
    "properties": {
    "city":"taipei",
    "facility_type":"clinic",
    "category":"診所",
    "name":"醫健診所",
    "district_code":63000050,
    "district":"中正區",
    "address":"臺北市中正區新生南路1段56號8樓",
    "source_dataset":"taipei_clinic"
    }
  },
  {
    "type": "Feature",
    "geometry": {
       "type": "Point",
       "coordinates":  [ 121.5159522,25.03049364 ]
    },
    "properties": {
    "city":"taipei",
    "facility_type":"clinic",
    "category":"診所",
    "name":"臺北市立聯合醫院附設中正門診部",
    "district_code":63000050,
    "district":"中正區",
    "address":"臺北市中正區牯嶺街24號",
    "source_dataset":"taipei_clinic"
    }
  },
  {
    "type": "Feature",
    "geometry": {
       "type": "Point",
       "coordinates":  [ 121.5239982,25.04012267 ]
    },
    "properties": {
    "city":"taipei",
    "facility_type":"clinic",
    "category":"診所",
    "name":"國軍台北門診中心附設民眾診療服務處",
    "district_code":63000050,
    "district":"中正區",
    "address":"臺北市中正區紹興南街7號",
    "source_dataset":"taipei_clinic"
    }
  },
  {
    "type": "Feature",
    "geometry": {
       "type": "Point",
       "coordinates":  [ 121.5163423,25.03895229 ]
    },
    "properties": {
    "city":"taipei",
    "facility_type":"clinic",
    "category":"診所",
    "name":"外交部醫務室",
    "district_code":63000050,
    "district":"中正區",
    "address":"臺北市中正區凱達格蘭大道2號",
    "source_dataset":"taipei_clinic"
    }
  },
  {
    "type": "Feature",
    "geometry": {
       "type": "Point",
       "coordinates":  [ 121.5227569,25.04329771 ]
    },
    "properties": {
    "city":"taipei",
    "facility_type":"clinic",
    "category":"診所",
    "name":"衛生福利部疾病管制署健康中心",
    "district_code":63000050,
    "district":"中正區",
    "address":"臺北市中正區林森南路6號1樓",
    "source_dataset":"taipei_clinic"
    }
  },
  {
    "type": "Feature",
    "geometry": {
       "type": "Point",
       "coordinates":  [ 121.516894,25.0340418 ]
    },
    "properties": {
    "city":"taipei",
    "facility_type":"clinic",
    "category":"診所",
    "name":"中央銀行秘書處醫務室",
    "district_code":63000050,
    "district":"中正區",
    "address":"臺北市中正區羅斯福路一段2號(實際營業地址:第二大樓2樓)",
    "source_dataset":"taipei_clinic"
    }
  },
  {
    "type": "Feature",
    "geometry": {
       "type": "Point",
       "coordinates":  [ 121.5142485,25.04543617 ]
    },
    "properties": {
    "city":"taipei",
    "facility_type":"clinic",
    "category":"診所",
    "name":"敦智內科診所",
    "district_code":63000050,
    "district":"中正區",
    "address":"臺北市中正區懷寧街１９號",
    "source_dataset":"taipei_clinic"
    }
  },
  {
    "type": "Feature",
    "geometry": {
       "type": "Point",
       "coordinates":  [ 121.5216651,25.04384249 ]
    },
    "properties": {
    "city":"taipei",
    "facility_type":"clinic",
    "category":"診所",
    "name":"吉星診所",
    "district_code":63000050,
    "district":"中正區",
    "address":"臺北市中正區青島東路４－５號１樓",
    "source_dataset":"taipei_clinic"
    }
  },
  {
    "type": "Feature",
    "geometry": {
       "type": "Point",
       "coordinates":  [ 121.5091803,25.02812026 ]
    },
    "properties": {
    "city":"taipei",
    "facility_type":"clinic",
    "category":"診所",
    "name":"劉瑞聰診所",
    "district_code":63000050,
    "district":"中正區",
    "address":"臺北市中正區汀州路一段１９４號",
    "source_dataset":"taipei_clinic"
    }
  },
  {
    "type": "Feature",
    "geometry": {
       "type": "Point",
       "coordinates":  [ 121.5278505,25.03605999 ]
    },
    "properties": {
    "city":"taipei",
    "facility_type":"clinic",
    "category":"診所",
    "name":"孫睿亮診所",
    "district_code":63000050,
    "district":"中正區",
    "address":"臺北市中正區金山南路一段１２１號",
    "source_dataset":"taipei_clinic"
    }
  },
  {
    "type": "Feature",
    "geometry": {
       "type": "Point",
       "coordinates":  [ 121.5318328,25.03381158 ]
    },
    "properties": {
    "city":"taipei",
    "facility_type":"clinic",
    "category":"診所",
    "name":"鄭文宗耳鼻喉科診所",
    "district_code":63000050,
    "district":"中正區",
    "address":"臺北市中正區信義路二段２６７號",
    "source_dataset":"taipei_clinic"
    }
  },
  {
    "type": "Feature",
    "geometry": {
       "type": "Point",
       "coordinates":  [ 121.5042507,25.03097603 ]
    },
    "properties": {
    "city":"taipei",
    "facility_type":"clinic",
    "category":"診所",
    "name":"古亭中心耳鼻喉科診所",
    "district_code":63000050,
    "district":"中正區",
    "address":"臺北市中正區中華路二段１６１號",
    "source_dataset":"taipei_clinic"
    }
  },
  {
    "type": "Feature",
    "geometry": {
       "type": "Point",
       "coordinates":  [ 121.5202927,25.03281714 ]
    },
    "properties": {
    "city":"taipei",
    "facility_type":"clinic",
    "category":"診所",
    "name":"林診所",
    "district_code":63000050,
    "district":"中正區",
    "address":"臺北市中正區寧波東街２２號",
    "source_dataset":"taipei_clinic"
    }
  },
  {
    "type": "Feature",
    "geometry": {
       "type": "Point",
       "coordinates":  [ 121.5240029,25.0221175 ]
    },
    "properties": {
    "city":"taipei",
    "facility_type":"clinic",
    "category":"診所",
    "name":"朱小兒科診所",
    "district_code":63000050,
    "district":"中正區",
    "address":"臺北市中正區汀州路二段２２０號１樓",
    "source_dataset":"taipei_clinic"
    }
  },
  {
    "type": "Feature",
    "geometry": {
       "type": "Point",
       "coordinates":  [ 121.5074467,25.03024021 ]
    },
    "properties": {
    "city":"taipei",
    "facility_type":"clinic",
    "category":"診所",
    "name":"雙合耳鼻喉科聯合診所",
    "district_code":63000050,
    "district":"中正區",
    "address":"臺北市中正區汀州路一段96號",
    "source_dataset":"taipei_clinic"
    }
  },
  {
    "type": "Feature",
    "geometry": {
       "type": "Point",
       "coordinates":  [ 121.5064406,25.0276502 ]
    },
    "properties": {
    "city":"taipei",
    "facility_type":"clinic",
    "category":"診所",
    "name":"張孟源內科診所",
    "district_code":63000050,
    "district":"中正區",
    "address":"臺北市中正區中華路二段３２５號",
    "source_dataset":"taipei_clinic"
    }
  },
  {
    "type": "Feature",
    "geometry": {
       "type": "Point",
       "coordinates":  [ 121.5233565,25.04062499 ]
    },
    "properties": {
    "city":"taipei",
    "facility_type":"clinic",
    "category":"診所",
    "name":"周正成小兒科診所",
    "district_code":63000050,
    "district":"中正區",
    "address":"臺北市中正區徐州路24號",
    "source_dataset":"taipei_clinic"
    }
  },
  {
    "type": "Feature",
    "geometry": {
       "type": "Point",
       "coordinates":  [ 121.5172724,25.0309959 ]
    },
    "properties": {
    "city":"taipei",
    "facility_type":"clinic",
    "category":"診所",
    "name":"丞泰耳鼻喉科診所",
    "district_code":63000050,
    "district":"中正區",
    "address":"臺北市中正區南昌路一段７８號",
    "source_dataset":"taipei_clinic"
    }
  },
  {
    "type": "Feature",
    "geometry": {
       "type": "Point",
       "coordinates":  [ 121.523485,25.02281464 ]
    },
    "properties": {
    "city":"taipei",
    "facility_type":"clinic",
    "category":"診所",
    "name":"蕭耳鼻喉科診所",
    "district_code":63000050,
    "district":"中正區",
    "address":"臺北市中正區汀州路二段二六一號",
    "source_dataset":"taipei_clinic"
    }
  },
  {
    "type": "Feature",
    "geometry": {
       "type": "Point",
       "coordinates":  [ 121.5177857,25.0261185 ]
    },
    "properties": {
    "city":"taipei",
    "facility_type":"clinic",
    "category":"診所",
    "name":"彭內科診所",
    "district_code":63000050,
    "district":"中正區",
    "address":"臺北市中正區廈門街35號",
    "source_dataset":"taipei_clinic"
    }
  },
  {
    "type": "Feature",
    "geometry": {
       "type": "Point",
       "coordinates":  [ 121.5133719,25.04610266 ]
    },
    "properties": {
    "city":"taipei",
    "facility_type":"clinic",
    "category":"診所",
    "name":"車參聖整形外科診所",
    "district_code":63000050,
    "district":"中正區",
    "address":"臺北市中正區重慶南路1段13號5樓、6樓",
    "source_dataset":"taipei_clinic"
    }
  },
  {
    "type": "Feature",
    "geometry": {
       "type": "Point",
       "coordinates":  [ 121.5174145,25.03080539 ]
    },
    "properties": {
    "city":"taipei",
    "facility_type":"clinic",
    "category":"診所",
    "name":"池振坤耳鼻喉科診所",
    "district_code":63000050,
    "district":"中正區",
    "address":"臺北市中正區南昌路一段88號2樓之1",
    "source_dataset":"taipei_clinic"
    }
  },
  {
    "type": "Feature",
    "geometry": {
       "type": "Point",
       "coordinates":  [ 121.5255215,25.0396026 ]
    },
    "properties": {
    "city":"taipei",
    "facility_type":"clinic",
    "category":"診所",
    "name":"劉家庭醫學科診所",
    "district_code":63000050,
    "district":"中正區",
    "address":"臺北市中正區杭州南路一段一四五號一、二樓",
    "source_dataset":"taipei_clinic"
    }
  },
  {
    "type": "Feature",
    "geometry": {
       "type": "Point",
       "coordinates":  [ 121.5226073,25.0429136 ]
    },
    "properties": {
    "city":"taipei",
    "facility_type":"clinic",
    "category":"診所",
    "name":"柯滄銘婦產科診所",
    "district_code":63000050,
    "district":"中正區",
    "address":"臺北市中正區林森南路10號、10之1號、10號2樓、12號2樓、10號4樓、10號4樓之2",
    "source_dataset":"taipei_clinic"
    }
  },
  {
    "type": "Feature",
    "geometry": {
       "type": "Point",
       "coordinates":  [ 121.515823,25.04630433 ]
    },
    "properties": {
    "city":"taipei",
    "facility_type":"clinic",
    "category":"診所",
    "name":"蕙瑛婦產科診所",
    "district_code":63000050,
    "district":"中正區",
    "address":"臺北市中正區忠孝西路一段五十號二十四樓之二十四",
    "source_dataset":"taipei_clinic"
    }
  },
  {
    "type": "Feature",
    "geometry": {
       "type": "Point",
       "coordinates":  [ 121.5132293,25.04157054 ]
    },
    "properties": {
    "city":"taipei",
    "facility_type":"clinic",
    "category":"診所",
    "name":"林超群眼科診所",
    "district_code":63000050,
    "district":"中正區",
    "address":"臺北市中正區重慶南路一段143號2樓",
    "source_dataset":"taipei_clinic"
    }
  },
  {
    "type": "Feature",
    "geometry": {
       "type": "Point",
       "coordinates":  [ 121.5310059,25.04379986 ]
    },
    "properties": {
    "city":"taipei",
    "facility_type":"clinic",
    "category":"診所",
    "name":"紹毅內兒科診所",
    "district_code":63000050,
    "district":"中正區",
    "address":"臺北市中正區八德路1段50號1樓、50 號2樓、52號(1樓)、52之1號(2樓)",
    "source_dataset":"taipei_clinic"
    }
  },
  {
    "type": "Feature",
    "geometry": {
       "type": "Point",
       "coordinates":  [ 121.521933,25.0427145 ]
    },
    "properties": {
    "city":"taipei",
    "facility_type":"clinic",
    "category":"診所",
    "name":"羅綺皮膚科診所",
    "district_code":63000050,
    "district":"中正區",
    "address":"臺北市中正區濟南路一段7號4樓",
    "source_dataset":"taipei_clinic"
    }
  },
  {
    "type": "Feature",
    "geometry": {
       "type": "Point",
       "coordinates":  [ 121.5154426,25.0435416 ]
    },
    "properties": {
    "city":"taipei",
    "facility_type":"clinic",
    "category":"診所",
    "name":"戰痘診所",
    "district_code":63000050,
    "district":"中正區",
    "address":"臺北市中正區襄陽路17號(1樓)",
    "source_dataset":"taipei_clinic"
    }
  },
  {
    "type": "Feature",
    "geometry": {
       "type": "Point",
       "coordinates":  [ 121.5208735,25.0244653 ]
    },
    "properties": {
    "city":"taipei",
    "facility_type":"clinic",
    "category":"診所",
    "name":"同泰診所",
    "district_code":63000050,
    "district":"中正區",
    "address":"臺北市中正區汀州路二段一三六號、一三八號",
    "source_dataset":"taipei_clinic"
    }
  },
  {
    "type": "Feature",
    "geometry": {
       "type": "Point",
       "coordinates":  [ 121.5124433,25.0286311 ]
    },
    "properties": {
    "city":"taipei",
    "facility_type":"clinic",
    "category":"診所",
    "name":"親子診所",
    "district_code":63000050,
    "district":"中正區",
    "address":"臺北市中正區和平西路二段５０號",
    "source_dataset":"taipei_clinic"
    }
  },
  {
    "type": "Feature",
    "geometry": {
       "type": "Point",
       "coordinates":  [ 121.5292547,25.0408252 ]
    },
    "properties": {
    "city":"taipei",
    "facility_type":"clinic",
    "category":"診所",
    "name":"惠恩診所",
    "district_code":63000050,
    "district":"中正區",
    "address":"臺北市中正區濟南路二段四十八巷三至二號",
    "source_dataset":"taipei_clinic"
    }
  },
  {
    "type": "Feature",
    "geometry": {
       "type": "Point",
       "coordinates":  [ 121.532466,25.03527506 ]
    },
    "properties": {
    "city":"taipei",
    "facility_type":"clinic",
    "category":"診所",
    "name":"李相台診所",
    "district_code":63000050,
    "district":"中正區",
    "address":"臺北市中正區新生南路一段１４８號２樓之１",
    "source_dataset":"taipei_clinic"
    }
  },
  {
    "type": "Feature",
    "geometry": {
       "type": "Point",
       "coordinates":  [ 121.5160001,25.0412685 ]
    },
    "properties": {
    "city":"taipei",
    "facility_type":"clinic",
    "category":"診所",
    "name":"長虹診所",
    "district_code":63000050,
    "district":"中正區",
    "address":"臺北市中正區公園路十三號一、二、四樓，地下一樓",
    "source_dataset":"taipei_clinic"
    }
  },
  {
    "type": "Feature",
    "geometry": {
       "type": "Point",
       "coordinates":  [ 121.521454,25.02804945 ]
    },
    "properties": {
    "city":"taipei",
    "facility_type":"clinic",
    "category":"診所",
    "name":"蔡明勳診所",
    "district_code":63000050,
    "district":"中正區",
    "address":"臺北市中正區羅斯福路二段４０號１樓",
    "source_dataset":"taipei_clinic"
    }
  },
  {
    "type": "Feature",
    "geometry": {
       "type": "Point",
       "coordinates":  [ 121.5151238,25.04496242 ]
    },
    "properties": {
    "city":"taipei",
    "facility_type":"clinic",
    "category":"診所",
    "name":"拉菲爾人本診所",
    "district_code":63000050,
    "district":"中正區",
    "address":"臺北市中正區館前路49號11樓",
    "source_dataset":"taipei_clinic"
    }
  },
  {
    "type": "Feature",
    "geometry": {
       "type": "Point",
       "coordinates":  [ 121.5237191,25.02236086 ]
    },
    "properties": {
    "city":"taipei",
    "facility_type":"clinic",
    "category":"診所",
    "name":"怡和診所",
    "district_code":63000050,
    "district":"中正區",
    "address":"臺北市中正區汀州路二段二一二號",
    "source_dataset":"taipei_clinic"
    }
  },
  {
    "type": "Feature",
    "geometry": {
       "type": "Point",
       "coordinates":  [ 121.5299712,25.03454651 ]
    },
    "properties": {
    "city":"taipei",
    "facility_type":"clinic",
    "category":"診所",
    "name":"奕康耳鼻喉科診所",
    "district_code":63000050,
    "district":"中正區",
    "address":"臺北市中正區連雲街72號2樓",
    "source_dataset":"taipei_clinic"
    }
  },
  {
    "type": "Feature",
    "geometry": {
       "type": "Point",
       "coordinates":  [ 121.5177813,25.03061544 ]
    },
    "properties": {
    "city":"taipei",
    "facility_type":"clinic",
    "category":"診所",
    "name":"李世輝耳鼻喉科診所",
    "district_code":63000050,
    "district":"中正區",
    "address":"臺北市中正區南昌路一段79號",
    "source_dataset":"taipei_clinic"
    }
  },
  {
    "type": "Feature",
    "geometry": {
       "type": "Point",
       "coordinates":  [ 121.5280471,25.03802494 ]
    },
    "properties": {
    "city":"taipei",
    "facility_type":"clinic",
    "category":"診所",
    "name":"東京風采整形外科診所",
    "district_code":63000050,
    "district":"中正區",
    "address":"臺北市中正區仁愛路二段48號7樓",
    "source_dataset":"taipei_clinic"
    }
  },
  {
    "type": "Feature",
    "geometry": {
       "type": "Point",
       "coordinates":  [ 121.519083,25.02591453 ]
    },
    "properties": {
    "city":"taipei",
    "facility_type":"clinic",
    "category":"診所",
    "name":"健康101診所",
    "district_code":63000050,
    "district":"中正區",
    "address":"臺北市中正區牯嶺街97號1樓",
    "source_dataset":"taipei_clinic"
    }
  },
  {
    "type": "Feature",
    "geometry": {
       "type": "Point",
       "coordinates":  [ 121.5148954,25.04581397 ]
    },
    "properties": {
    "city":"taipei",
    "facility_type":"clinic",
    "category":"診所",
    "name":"站前大學眼科診所",
    "district_code":63000050,
    "district":"中正區",
    "address":"臺北市中正區館前路8號3樓",
    "source_dataset":"taipei_clinic"
    }
  },
  {
    "type": "Feature",
    "geometry": {
       "type": "Point",
       "coordinates":  [ 121.53263,25.01609714 ]
    },
    "properties": {
    "city":"taipei",
    "facility_type":"clinic",
    "category":"診所",
    "name":"美學院整形外科診所",
    "district_code":63000050,
    "district":"中正區",
    "address":"臺北市中正區羅斯福路三段312號7樓",
    "source_dataset":"taipei_clinic"
    }
  },
  {
    "type": "Feature",
    "geometry": {
       "type": "Point",
       "coordinates":  [ 121.5324852,25.03604425 ]
    },
    "properties": {
    "city":"taipei",
    "facility_type":"clinic",
    "category":"診所",
    "name":"新生活診所",
    "district_code":63000050,
    "district":"中正區",
    "address":"臺北市中正區新生南路一段140號2樓",
    "source_dataset":"taipei_clinic"
    }
  },
  {
    "type": "Feature",
    "geometry": {
       "type": "Point",
       "coordinates":  [ 121.5198716,25.0421407 ]
    },
    "properties": {
    "city":"taipei",
    "facility_type":"clinic",
    "category":"診所",
    "name":"風華整形外科診所",
    "district_code":63000050,
    "district":"中正區",
    "address":"臺北市中正區忠孝西路1段6號2、3樓",
    "source_dataset":"taipei_clinic"
    }
  },
  {
    "type": "Feature",
    "geometry": {
       "type": "Point",
       "coordinates":  [ 121.5161388,25.04348698 ]
    },
    "properties": {
    "city":"taipei",
    "facility_type":"clinic",
    "category":"診所",
    "name":"新公園診所",
    "district_code":63000050,
    "district":"中正區",
    "address":"臺北市中正區襄陽路3號3樓",
    "source_dataset":"taipei_clinic"
    }
  },
  {
    "type": "Feature",
    "geometry": {
       "type": "Point",
       "coordinates":  [ 121.5168566,25.0444824 ]
    },
    "properties": {
    "city":"taipei",
    "facility_type":"clinic",
    "category":"診所",
    "name":"好健康診所",
    "district_code":63000050,
    "district":"中正區",
    "address":"臺北市中正區公園路30號11樓",
    "source_dataset":"taipei_clinic"
    }
  },
  {
    "type": "Feature",
    "geometry": {
       "type": "Point",
       "coordinates":  [ 121.5198716,25.0421407 ]
    },
    "properties": {
    "city":"taipei",
    "facility_type":"clinic",
    "category":"診所",
    "name":"美兆診所",
    "district_code":63000050,
    "district":"中正區",
    "address":"臺北市中正區忠孝西路1段66號44.45樓",
    "source_dataset":"taipei_clinic"
    }
  },
  {
    "type": "Feature",
    "geometry": {
       "type": "Point",
       "coordinates":  [ 121.5325038,25.04119529 ]
    },
    "properties": {
    "city":"taipei",
    "facility_type":"clinic",
    "category":"診所",
    "name":"美診所",
    "district_code":63000050,
    "district":"中正區",
    "address":"臺北市中正區新生南路1段56號4樓",
    "source_dataset":"taipei_clinic"
    }
  },
  {
    "type": "Feature",
    "geometry": {
       "type": "Point",
       "coordinates":  [ 121.519057,25.03131016 ]
    },
    "properties": {
    "city":"taipei",
    "facility_type":"clinic",
    "category":"診所",
    "name":"星采皮膚專科診所",
    "district_code":63000050,
    "district":"中正區",
    "address":"臺北市中正區羅斯福路一段32號2樓",
    "source_dataset":"taipei_clinic"
    }
  },
  {
    "type": "Feature",
    "geometry": {
       "type": "Point",
       "coordinates":  [ 121.515823,25.04630433 ]
    },
    "properties": {
    "city":"taipei",
    "facility_type":"clinic",
    "category":"診所",
    "name":"長春藤台北忠孝診所",
    "district_code":63000050,
    "district":"中正區",
    "address":"臺北市中正區忠孝西路1段50號27樓、27樓之3",
    "source_dataset":"taipei_clinic"
    }
  },
  {
    "type": "Feature",
    "geometry": {
       "type": "Point",
       "coordinates":  [ 121.5208999,25.02663507 ]
    },
    "properties": {
    "city":"taipei",
    "facility_type":"clinic",
    "category":"診所",
    "name":"?安診所",
    "district_code":63000050,
    "district":"中正區",
    "address":"臺北市中正區和平西路一段20號5樓",
    "source_dataset":"taipei_clinic"
    }
  },
  {
    "type": "Feature",
    "geometry": {
       "type": "Point",
       "coordinates":  [ 121.5211961,25.02910766 ]
    },
    "properties": {
    "city":"taipei",
    "facility_type":"clinic",
    "category":"診所",
    "name":"悅心診所",
    "district_code":63000050,
    "district":"中正區",
    "address":"臺北市中正區羅斯福路2段7之2號、7之3號",
    "source_dataset":"taipei_clinic"
    }
  },
  {
    "type": "Feature",
    "geometry": {
       "type": "Point",
       "coordinates":  [ 121.5133485,25.04495904 ]
    },
    "properties": {
    "city":"taipei",
    "facility_type":"clinic",
    "category":"診所",
    "name":"美麗新診所",
    "district_code":63000050,
    "district":"中正區",
    "address":"臺北市中正區重慶南路1段43號2樓之1、2樓之2",
    "source_dataset":"taipei_clinic"
    }
  },
  {
    "type": "Feature",
    "geometry": {
       "type": "Point",
       "coordinates":  [ 121.5187623,25.04607847 ]
    },
    "properties": {
    "city":"taipei",
    "facility_type":"clinic",
    "category":"診所",
    "name":"時尚診所",
    "district_code":63000050,
    "district":"中正區",
    "address":"臺北市中正區忠孝西路一段33號10樓",
    "source_dataset":"taipei_clinic"
    }
  },
  {
    "type": "Feature",
    "geometry": {
       "type": "Point",
       "coordinates":  [ 121.5216527,25.0452974 ]
    },
    "properties": {
    "city":"taipei",
    "facility_type":"clinic",
    "category":"診所",
    "name":"米蘭時尚診所",
    "district_code":63000050,
    "district":"中正區",
    "address":"臺北市中正區忠孝東路1段43號、45號、45號2樓之1、45號2樓之2、45號2樓之3、45號2樓之5、47號、47之1號、45號10樓之1、45號10樓之2",
    "source_dataset":"taipei_clinic"
    }
  },
  {
    "type": "Feature",
    "geometry": {
       "type": "Point",
       "coordinates":  [ 121.5324664,25.0409171 ]
    },
    "properties": {
    "city":"taipei",
    "facility_type":"clinic",
    "category":"診所",
    "name":"宏孕診所",
    "district_code":63000050,
    "district":"中正區",
    "address":"臺北市中正區新生南路1段56號14、15樓",
    "source_dataset":"taipei_clinic"
    }
  },
  {
    "type": "Feature",
    "geometry": {
       "type": "Point",
       "coordinates":  [ 121.5139338,25.0432027 ]
    },
    "properties": {
    "city":"taipei",
    "facility_type":"clinic",
    "category":"診所",
    "name":"禾馨婦產科診所",
    "district_code":63000050,
    "district":"中正區",
    "address":"臺北市中正區懷寧街78號、78號2樓",
    "source_dataset":"taipei_clinic"
    }
  },
  {
    "type": "Feature",
    "geometry": {
       "type": "Point",
       "coordinates":  [ 121.5137609,25.04241394 ]
    },
    "properties": {
    "city":"taipei",
    "facility_type":"clinic",
    "category":"診所",
    "name":"慕顏時尚美學診所",
    "district_code":63000050,
    "district":"中正區",
    "address":"臺北市中正區衡陽路7號14樓",
    "source_dataset":"taipei_clinic"
    }
  },
  {
    "type": "Feature",
    "geometry": {
       "type": "Point",
       "coordinates":  [ 121.5179344,25.04628235 ]
    },
    "properties": {
    "city":"taipei",
    "facility_type":"clinic",
    "category":"診所",
    "name":"渾然天成診所",
    "district_code":63000050,
    "district":"中正區",
    "address":"臺北市中正區忠孝西路1段45號3樓",
    "source_dataset":"taipei_clinic"
    }
  },
  {
    "type": "Feature",
    "geometry": {
       "type": "Point",
       "coordinates":  [ 121.5139338,25.0432027 ]
    },
    "properties": {
    "city":"taipei",
    "facility_type":"clinic",
    "category":"診所",
    "name":"祈新婦產科診所",
    "district_code":63000050,
    "district":"中正區",
    "address":"臺北市中正區懷寧街78號9、10樓",
    "source_dataset":"taipei_clinic"
    }
  },
  {
    "type": "Feature",
    "geometry": {
       "type": "Point",
       "coordinates":  [ 121.5298662,25.0188004 ]
    },
    "properties": {
    "city":"taipei",
    "facility_type":"clinic",
    "category":"診所",
    "name":"平安身心精神科診所",
    "district_code":63000050,
    "district":"中正區",
    "address":"臺北市中正區羅斯福路三段218號",
    "source_dataset":"taipei_clinic"
    }
  },
  {
    "type": "Feature",
    "geometry": {
       "type": "Point",
       "coordinates":  [ 121.515879,25.04545235 ]
    },
    "properties": {
    "city":"taipei",
    "facility_type":"clinic",
    "category":"診所",
    "name":"悠媞時尚診所",
    "district_code":63000050,
    "district":"中正區",
    "address":"臺北市中正區許昌街30號4樓",
    "source_dataset":"taipei_clinic"
    }
  },
  {
    "type": "Feature",
    "geometry": {
       "type": "Point",
       "coordinates":  [ 121.5229481,25.02602274 ]
    },
    "properties": {
    "city":"taipei",
    "facility_type":"clinic",
    "category":"診所",
    "name":"佳妍診所",
    "district_code":63000050,
    "district":"中正區",
    "address":"臺北市中正區羅斯福路2段136號2樓",
    "source_dataset":"taipei_clinic"
    }
  },
  {
    "type": "Feature",
    "geometry": {
       "type": "Point",
       "coordinates":  [ 121.5220446,25.02725181 ]
    },
    "properties": {
    "city":"taipei",
    "facility_type":"clinic",
    "category":"診所",
    "name":"博士眼科診所",
    "district_code":63000050,
    "district":"中正區",
    "address":"臺北市中正區羅斯福路二段70號4樓之6、70號4樓之7、70號4樓之8",
    "source_dataset":"taipei_clinic"
    }
  },
  {
    "type": "Feature",
    "geometry": {
       "type": "Point",
       "coordinates":  [ 121.5147298,25.05346175 ]
    },
    "properties": {
    "city":"taipei",
    "facility_type":"clinic",
    "category":"診所",
    "name":"時尚假期整形醫美診所",
    "district_code":63000060,
    "district":"大同區",
    "address":"臺北市大同區南京西路278號2樓",
    "source_dataset":"taipei_clinic"
    }
  },
  {
    "type": "Feature",
    "geometry": {
       "type": "Point",
       "coordinates":  [ 121.5199007,25.05231444 ]
    },
    "properties": {
    "city":"taipei",
    "facility_type":"clinic",
    "category":"診所",
    "name":"喜顏快時尚診所",
    "district_code":63000060,
    "district":"大同區",
    "address":"臺北市大同區南京西路18巷4弄4之1號1樓",
    "source_dataset":"taipei_clinic"
    }
  },
  {
    "type": "Feature",
    "geometry": {
       "type": "Point",
       "coordinates":  [ 121.5113064,25.0627243 ]
    },
    "properties": {
    "city":"taipei",
    "facility_type":"clinic",
    "category":"診所",
    "name":"台全診所",
    "district_code":63000060,
    "district":"大同區",
    "address":"臺北市大同區承德路1段17之1號(1樓)、17之2號(1樓)、17之3號(1樓)、17之4號(1樓)及17號地下1層",
    "source_dataset":"taipei_clinic"
    }
  },
  {
    "type": "Feature",
    "geometry": {
       "type": "Point",
       "coordinates":  [ 121.5162533,25.0656996 ]
    },
    "properties": {
    "city":"taipei",
    "facility_type":"clinic",
    "category":"診所",
    "name":"臺北市立聯合醫院附設大同門診部",
    "district_code":63000060,
    "district":"大同區",
    "address":"臺北市大同區昌吉街52號(1樓及2樓)",
    "source_dataset":"taipei_clinic"
    }
  },
  {
    "type": "Feature",
    "geometry": {
       "type": "Point",
       "coordinates":  [ 121.5127879,25.05883559 ]
    },
    "properties": {
    "city":"taipei",
    "facility_type":"clinic",
    "category":"診所",
    "name":"鈞生診所",
    "district_code":63000060,
    "district":"大同區",
    "address":"臺北市大同區甘州街２８號",
    "source_dataset":"taipei_clinic"
    }
  },
  {
    "type": "Feature",
    "geometry": {
       "type": "Point",
       "coordinates":  [ 121.5134606,25.06509022 ]
    },
    "properties": {
    "city":"taipei",
    "facility_type":"clinic",
    "category":"診所",
    "name":"施小兒科診所",
    "district_code":63000060,
    "district":"大同區",
    "address":"臺北市大同區重慶北路三段２８號",
    "source_dataset":"taipei_clinic"
    }
  },
  {
    "type": "Feature",
    "geometry": {
       "type": "Point",
       "coordinates":  [ 121.5167092,25.0690992 ]
    },
    "properties": {
    "city":"taipei",
    "facility_type":"clinic",
    "category":"診所",
    "name":"蔡健生內、神經科診所",
    "district_code":63000060,
    "district":"大同區",
    "address":"臺北市大同區大龍街１８７巷３０號",
    "source_dataset":"taipei_clinic"
    }
  },
  {
    "type": "Feature",
    "geometry": {
       "type": "Point",
       "coordinates":  [ 121.513889,25.0574739 ]
    },
    "properties": {
    "city":"taipei",
    "facility_type":"clinic",
    "category":"診所",
    "name":"蔡皮膚科診所",
    "district_code":63000060,
    "district":"大同區",
    "address":"臺北市大同區重慶北路二段１１５號",
    "source_dataset":"taipei_clinic"
    }
  },
  {
    "type": "Feature",
    "geometry": {
       "type": "Point",
       "coordinates":  [ 121.5202697,25.05576565 ]
    },
    "properties": {
    "city":"taipei",
    "facility_type":"clinic",
    "category":"診所",
    "name":"黃博裕小兒科診所",
    "district_code":63000060,
    "district":"大同區",
    "address":"臺北市大同區赤峰街４９巷２１號",
    "source_dataset":"taipei_clinic"
    }
  },
  {
    "type": "Feature",
    "geometry": {
       "type": "Point",
       "coordinates":  [ 121.515453,25.05160296 ]
    },
    "properties": {
    "city":"taipei",
    "facility_type":"clinic",
    "category":"診所",
    "name":"桂林內科診所",
    "district_code":63000060,
    "district":"大同區",
    "address":"臺北市大同區太原路６２號",
    "source_dataset":"taipei_clinic"
    }
  },
  {
    "type": "Feature",
    "geometry": {
       "type": "Point",
       "coordinates":  [ 121.5139759,25.05935328 ]
    },
    "properties": {
    "city":"taipei",
    "facility_type":"clinic",
    "category":"診所",
    "name":"陳重熙內科小兒科診所",
    "district_code":63000060,
    "district":"大同區",
    "address":"臺北市大同區保安街３之４號",
    "source_dataset":"taipei_clinic"
    }
  },
  {
    "type": "Feature",
    "geometry": {
       "type": "Point",
       "coordinates":  [ 121.5139818,25.07024847 ]
    },
    "properties": {
    "city":"taipei",
    "facility_type":"clinic",
    "category":"診所",
    "name":"余自興眼科診所",
    "district_code":63000060,
    "district":"大同區",
    "address":"臺北市大同區重慶北路三段二一三號一樓",
    "source_dataset":"taipei_clinic"
    }
  },
  {
    "type": "Feature",
    "geometry": {
       "type": "Point",
       "coordinates":  [ 121.5135837,25.07139926 ]
    },
    "properties": {
    "city":"taipei",
    "facility_type":"clinic",
    "category":"診所",
    "name":"黃眼科診所",
    "district_code":63000060,
    "district":"大同區",
    "address":"臺北市大同區重慶北路三段２５６號２樓",
    "source_dataset":"taipei_clinic"
    }
  },
  {
    "type": "Feature",
    "geometry": {
       "type": "Point",
       "coordinates":  [ 121.5128326,25.06877266 ]
    },
    "properties": {
    "city":"taipei",
    "facility_type":"clinic",
    "category":"診所",
    "name":"大龍峒耳鼻喉科診所",
    "district_code":63000060,
    "district":"大同區",
    "address":"臺北市大同區民族西路223之5號",
    "source_dataset":"taipei_clinic"
    }
  },
  {
    "type": "Feature",
    "geometry": {
       "type": "Point",
       "coordinates":  [ 121.5126736,25.05906106 ]
    },
    "properties": {
    "city":"taipei",
    "facility_type":"clinic",
    "category":"診所",
    "name":"包眼科診所",
    "district_code":63000060,
    "district":"大同區",
    "address":"臺北市大同區保安街５４之１號",
    "source_dataset":"taipei_clinic"
    }
  },
  {
    "type": "Feature",
    "geometry": {
       "type": "Point",
       "coordinates":  [ 121.517319,25.06272173 ]
    },
    "properties": {
    "city":"taipei",
    "facility_type":"clinic",
    "category":"診所",
    "name":"朱世輝耳鼻喉科診所",
    "district_code":63000060,
    "district":"大同區",
    "address":"臺北市大同區民權西路１０６號2樓",
    "source_dataset":"taipei_clinic"
    }
  },
  {
    "type": "Feature",
    "geometry": {
       "type": "Point",
       "coordinates":  [ 121.5118878,25.05053444 ]
    },
    "properties": {
    "city":"taipei",
    "facility_type":"clinic",
    "category":"診所",
    "name":"周承良耳鼻喉科診所",
    "district_code":63000060,
    "district":"大同區",
    "address":"臺北市大同區延平北路一段二十二號",
    "source_dataset":"taipei_clinic"
    }
  },
  {
    "type": "Feature",
    "geometry": {
       "type": "Point",
       "coordinates":  [ 121.5139262,25.05265428 ]
    },
    "properties": {
    "city":"taipei",
    "facility_type":"clinic",
    "category":"診所",
    "name":"張漢權內科診所",
    "district_code":63000060,
    "district":"大同區",
    "address":"臺北市大同區重慶北路一段９２號",
    "source_dataset":"taipei_clinic"
    }
  },
  {
    "type": "Feature",
    "geometry": {
       "type": "Point",
       "coordinates":  [ 121.5143158,25.0597941 ]
    },
    "properties": {
    "city":"taipei",
    "facility_type":"clinic",
    "category":"診所",
    "name":"聖心婦家醫診所",
    "district_code":63000060,
    "district":"大同區",
    "address":"臺北市大同區保安街1之1號(1樓)",
    "source_dataset":"taipei_clinic"
    }
  },
  {
    "type": "Feature",
    "geometry": {
       "type": "Point",
       "coordinates":  [ 121.51752,25.06270491 ]
    },
    "properties": {
    "city":"taipei",
    "facility_type":"clinic",
    "category":"診所",
    "name":"中華民國防癆協會第一胸腔病防治所",
    "district_code":63000060,
    "district":"大同區",
    "address":"臺北市大同區民權西路一○四號二樓",
    "source_dataset":"taipei_clinic"
    }
  },
  {
    "type": "Feature",
    "geometry": {
       "type": "Point",
       "coordinates":  [ 121.511881,25.05062325 ]
    },
    "properties": {
    "city":"taipei",
    "facility_type":"clinic",
    "category":"診所",
    "name":"周皮膚科診所",
    "district_code":63000060,
    "district":"大同區",
    "address":"臺北市大同區延平北路一段二十六號",
    "source_dataset":"taipei_clinic"
    }
  },
  {
    "type": "Feature",
    "geometry": {
       "type": "Point",
       "coordinates":  [ 121.5137377,25.06226271 ]
    },
    "properties": {
    "city":"taipei",
    "facility_type":"clinic",
    "category":"診所",
    "name":"延平耳鼻喉科診所",
    "district_code":63000060,
    "district":"大同區",
    "address":"臺北市大同區重慶北路二段二三五之四號一樓",
    "source_dataset":"taipei_clinic"
    }
  },
  {
    "type": "Feature",
    "geometry": {
       "type": "Point",
       "coordinates":  [ 121.5187699,25.05316751 ]
    },
    "properties": {
    "city":"taipei",
    "facility_type":"clinic",
    "category":"診所",
    "name":"台北聖仁皮膚科診所",
    "district_code":63000060,
    "district":"大同區",
    "address":"臺北市大同區南京西路71號2樓",
    "source_dataset":"taipei_clinic"
    }
  },
  {
    "type": "Feature",
    "geometry": {
       "type": "Point",
       "coordinates":  [ 121.5131454,25.05827692 ]
    },
    "properties": {
    "city":"taipei",
    "facility_type":"clinic",
    "category":"診所",
    "name":"黃隆慶婦產科診所",
    "district_code":63000060,
    "district":"大同區",
    "address":"臺北市大同區歸綏街181號2樓之1",
    "source_dataset":"taipei_clinic"
    }
  },
  {
    "type": "Feature",
    "geometry": {
       "type": "Point",
       "coordinates":  [ 121.5161289,25.06894713 ]
    },
    "properties": {
    "city":"taipei",
    "facility_type":"clinic",
    "category":"診所",
    "name":"廣安診所",
    "district_code":63000060,
    "district":"大同區",
    "address":"臺北市大同區大龍街１７７巷３號",
    "source_dataset":"taipei_clinic"
    }
  },
  {
    "type": "Feature",
    "geometry": {
       "type": "Point",
       "coordinates":  [ 121.5139313,25.06748717 ]
    },
    "properties": {
    "city":"taipei",
    "facility_type":"clinic",
    "category":"診所",
    "name":"羅志弘診所",
    "district_code":63000060,
    "district":"大同區",
    "address":"臺北市大同區重慶北路三段１１５號",
    "source_dataset":"taipei_clinic"
    }
  },
  {
    "type": "Feature",
    "geometry": {
       "type": "Point",
       "coordinates":  [ 121.5123314,25.0591614 ]
    },
    "properties": {
    "city":"taipei",
    "facility_type":"clinic",
    "category":"診所",
    "name":"夏立雲診所",
    "district_code":63000060,
    "district":"大同區",
    "address":"臺北市大同區保安街４３號",
    "source_dataset":"taipei_clinic"
    }
  },
  {
    "type": "Feature",
    "geometry": {
       "type": "Point",
       "coordinates":  [ 121.515205,25.07307041 ]
    },
    "properties": {
    "city":"taipei",
    "facility_type":"clinic",
    "category":"診所",
    "name":"趙黎海診所",
    "district_code":63000060,
    "district":"大同區",
    "address":"臺北市大同區哈密街六十七號",
    "source_dataset":"taipei_clinic"
    }
  },
  {
    "type": "Feature",
    "geometry": {
       "type": "Point",
       "coordinates":  [ 121.5191825,25.050303 ]
    },
    "properties": {
    "city":"taipei",
    "facility_type":"clinic",
    "category":"診所",
    "name":"建成診所",
    "district_code":63000060,
    "district":"大同區",
    "address":"臺北市大同區長安西路82號",
    "source_dataset":"taipei_clinic"
    }
  },
  {
    "type": "Feature",
    "geometry": {
       "type": "Point",
       "coordinates":  [ 121.5147477,25.051401 ]
    },
    "properties": {
    "city":"taipei",
    "facility_type":"clinic",
    "category":"診所",
    "name":"廣博診所",
    "district_code":63000060,
    "district":"大同區",
    "address":"臺北市大同區長安西路二二O巷五號",
    "source_dataset":"taipei_clinic"
    }
  },
  {
    "type": "Feature",
    "geometry": {
       "type": "Point",
       "coordinates":  [ 121.5171487,25.05204859 ]
    },
    "properties": {
    "city":"taipei",
    "facility_type":"clinic",
    "category":"診所",
    "name":"伊甸診所",
    "district_code":63000060,
    "district":"大同區",
    "address":"臺北市大同區承德路一段66號8樓",
    "source_dataset":"taipei_clinic"
    }
  },
  {
    "type": "Feature",
    "geometry": {
       "type": "Point",
       "coordinates":  [ 121.5116401,25.0543401 ]
    },
    "properties": {
    "city":"taipei",
    "facility_type":"clinic",
    "category":"診所",
    "name":"林仲皮膚科診所",
    "district_code":63000060,
    "district":"大同區",
    "address":"臺北市大同區延平北路2段20號",
    "source_dataset":"taipei_clinic"
    }
  },
  {
    "type": "Feature",
    "geometry": {
       "type": "Point",
       "coordinates":  [ 121.5098505,25.05320318 ]
    },
    "properties": {
    "city":"taipei",
    "facility_type":"clinic",
    "category":"診所",
    "name":"和泰內科診所",
    "district_code":63000060,
    "district":"大同區",
    "address":"臺北市大同區南京西路406號8樓",
    "source_dataset":"taipei_clinic"
    }
  },
  {
    "type": "Feature",
    "geometry": {
       "type": "Point",
       "coordinates":  [ 121.515086,25.0514479 ]
    },
    "properties": {
    "city":"taipei",
    "facility_type":"clinic",
    "category":"診所",
    "name":"羅源彰診所",
    "district_code":63000060,
    "district":"大同區",
    "address":"臺北市大同區長安西路137號",
    "source_dataset":"taipei_clinic"
    }
  },
  {
    "type": "Feature",
    "geometry": {
       "type": "Point",
       "coordinates":  [ 121.5189682,25.05035139 ]
    },
    "properties": {
    "city":"taipei",
    "facility_type":"clinic",
    "category":"診所",
    "name":"梅約內科診所",
    "district_code":63000060,
    "district":"大同區",
    "address":"臺北市大同區長安西路88號1、2、3樓",
    "source_dataset":"taipei_clinic"
    }
  },
  {
    "type": "Feature",
    "geometry": {
       "type": "Point",
       "coordinates":  [ 121.5139786,25.07017054 ]
    },
    "properties": {
    "city":"taipei",
    "facility_type":"clinic",
    "category":"診所",
    "name":"慶吉診所",
    "district_code":63000060,
    "district":"大同區",
    "address":"臺北市大同區重慶北路三段209號",
    "source_dataset":"taipei_clinic"
    }
  },
  {
    "type": "Feature",
    "geometry": {
       "type": "Point",
       "coordinates":  [ 121.5139096,25.06634774 ]
    },
    "properties": {
    "city":"taipei",
    "facility_type":"clinic",
    "category":"診所",
    "name":"澤康診所",
    "district_code":63000060,
    "district":"大同區",
    "address":"臺北市大同區重慶北路三段71號",
    "source_dataset":"taipei_clinic"
    }
  },
  {
    "type": "Feature",
    "geometry": {
       "type": "Point",
       "coordinates":  [ 121.5128537,25.05967673 ]
    },
    "properties": {
    "city":"taipei",
    "facility_type":"clinic",
    "category":"診所",
    "name":"建順診所",
    "district_code":63000060,
    "district":"大同區",
    "address":"臺北市大同區甘州街51號",
    "source_dataset":"taipei_clinic"
    }
  },
  {
    "type": "Feature",
    "geometry": {
       "type": "Point",
       "coordinates":  [ 121.5189682,25.05035139 ]
    },
    "properties": {
    "city":"taipei",
    "facility_type":"clinic",
    "category":"診所",
    "name":"梅約診所",
    "district_code":63000060,
    "district":"大同區",
    "address":"臺北市大同區長安西路88號1、2、3樓",
    "source_dataset":"taipei_clinic"
    }
  },
  {
    "type": "Feature",
    "geometry": {
       "type": "Point",
       "coordinates":  [ 121.5174404,25.0566598 ]
    },
    "properties": {
    "city":"taipei",
    "facility_type":"clinic",
    "category":"診所",
    "name":"夏凱納生活診所",
    "district_code":63000060,
    "district":"大同區",
    "address":"臺北市大同區五原路15號、19號2樓",
    "source_dataset":"taipei_clinic"
    }
  },
  {
    "type": "Feature",
    "geometry": {
       "type": "Point",
       "coordinates":  [ 121.5166062,25.06844764 ]
    },
    "properties": {
    "city":"taipei",
    "facility_type":"clinic",
    "category":"診所",
    "name":"宜康復健科診所",
    "district_code":63000060,
    "district":"大同區",
    "address":"臺北市大同區民族西路124號、124之1號及126號",
    "source_dataset":"taipei_clinic"
    }
  },
  {
    "type": "Feature",
    "geometry": {
       "type": "Point",
       "coordinates":  [ 121.5198536,25.05261058 ]
    },
    "properties": {
    "city":"taipei",
    "facility_type":"clinic",
    "category":"診所",
    "name":"南西司鉑診所",
    "district_code":63000060,
    "district":"大同區",
    "address":"臺北市大同區南京西路30號10樓之1",
    "source_dataset":"taipei_clinic"
    }
  },
  {
    "type": "Feature",
    "geometry": {
       "type": "Point",
       "coordinates":  [ 121.5198557,25.0526014 ]
    },
    "properties": {
    "city":"taipei",
    "facility_type":"clinic",
    "category":"診所",
    "name":"永欣診所",
    "district_code":63000060,
    "district":"大同區",
    "address":"臺北市大同區南京西路30號3樓之3",
    "source_dataset":"taipei_clinic"
    }
  },
  {
    "type": "Feature",
    "geometry": {
       "type": "Point",
       "coordinates":  [ 121.5199933,25.05257769 ]
    },
    "properties": {
    "city":"taipei",
    "facility_type":"clinic",
    "category":"診所",
    "name":"南西維格皮膚科診所",
    "district_code":63000060,
    "district":"大同區",
    "address":"臺北市大同區南京西路22號3樓之1、3樓之2",
    "source_dataset":"taipei_clinic"
    }
  },
  {
    "type": "Feature",
    "geometry": {
       "type": "Point",
       "coordinates":  [ 121.5167145,25.05728171 ]
    },
    "properties": {
    "city":"taipei",
    "facility_type":"clinic",
    "category":"診所",
    "name":"祥恩耳鼻喉科診所",
    "district_code":63000060,
    "district":"大同區",
    "address":"臺北市大同區民生西路195號",
    "source_dataset":"taipei_clinic"
    }
  },
  {
    "type": "Feature",
    "geometry": {
       "type": "Point",
       "coordinates":  [ 121.5188847,25.05731117 ]
    },
    "properties": {
    "city":"taipei",
    "facility_type":"clinic",
    "category":"診所",
    "name":"祐雙診所",
    "district_code":63000060,
    "district":"大同區",
    "address":"臺北市大同區民生西路138號2樓",
    "source_dataset":"taipei_clinic"
    }
  },
  {
    "type": "Feature",
    "geometry": {
       "type": "Point",
       "coordinates":  [ 121.5200572,25.0525668 ]
    },
    "properties": {
    "city":"taipei",
    "facility_type":"clinic",
    "category":"診所",
    "name":"永茂醫美診所",
    "district_code":63000060,
    "district":"大同區",
    "address":"臺北市大同區南京西路22號8樓",
    "source_dataset":"taipei_clinic"
    }
  },
  {
    "type": "Feature",
    "geometry": {
       "type": "Point",
       "coordinates":  [ 121.5144161,25.05689217 ]
    },
    "properties": {
    "city":"taipei",
    "facility_type":"clinic",
    "category":"診所",
    "name":"寧夏診所",
    "district_code":63000060,
    "district":"大同區",
    "address":"臺北市大同區民生西路236號",
    "source_dataset":"taipei_clinic"
    }
  },
  {
    "type": "Feature",
    "geometry": {
       "type": "Point",
       "coordinates":  [ 121.5135665,25.0710051 ]
    },
    "properties": {
    "city":"taipei",
    "facility_type":"clinic",
    "category":"診所",
    "name":"大同耳鼻喉科診所",
    "district_code":63000060,
    "district":"大同區",
    "address":"臺北市大同區重慶北路三段250之3、250之4號",
    "source_dataset":"taipei_clinic"
    }
  },
  {
    "type": "Feature",
    "geometry": {
       "type": "Point",
       "coordinates":  [ 121.5177977,25.0514658 ]
    },
    "properties": {
    "city":"taipei",
    "facility_type":"clinic",
    "category":"診所",
    "name":"紘成診所",
    "district_code":63000060,
    "district":"大同區",
    "address":"臺北市大同區長安西路53巷7弄1之1號1樓",
    "source_dataset":"taipei_clinic"
    }
  },
  {
    "type": "Feature",
    "geometry": {
       "type": "Point",
       "coordinates":  [ 121.5141169,25.0542294 ]
    },
    "properties": {
    "city":"taipei",
    "facility_type":"clinic",
    "category":"診所",
    "name":"志勛皮膚科診所",
    "district_code":63000060,
    "district":"大同區",
    "address":"臺北市大同區重慶北路二段2、4號(實際營業地址:1、2及3樓)",
    "source_dataset":"taipei_clinic"
    }
  },
  {
    "type": "Feature",
    "geometry": {
       "type": "Point",
       "coordinates":  [ 121.5158363,25.0491127 ]
    },
    "properties": {
    "city":"taipei",
    "facility_type":"clinic",
    "category":"診所",
    "name":"京站好萊塢診所",
    "district_code":63000060,
    "district":"大同區",
    "address":"臺北市大同區鄭州路3號(1樓、2樓、3樓)",
    "source_dataset":"taipei_clinic"
    }
  },
  {
    "type": "Feature",
    "geometry": {
       "type": "Point",
       "coordinates":  [ 121.5167532,25.05068197 ]
    },
    "properties": {
    "city":"taipei",
    "facility_type":"clinic",
    "category":"診所",
    "name":"夢工場整形醫美診所",
    "district_code":63000060,
    "district":"大同區",
    "address":"臺北市大同區承德路一段32號5樓",
    "source_dataset":"taipei_clinic"
    }
  },
  {
    "type": "Feature",
    "geometry": {
       "type": "Point",
       "coordinates":  [ 121.5139886,25.05391002 ]
    },
    "properties": {
    "city":"taipei",
    "facility_type":"clinic",
    "category":"診所",
    "name":"朵薇診所",
    "district_code":63000060,
    "district":"大同區",
    "address":"臺北市大同區南京西路288號3樓之9、3樓之10、3樓之11",
    "source_dataset":"taipei_clinic"
    }
  },
  {
    "type": "Feature",
    "geometry": {
       "type": "Point",
       "coordinates":  [ 121.5118262,25.0636155 ]
    },
    "properties": {
    "city":"taipei",
    "facility_type":"clinic",
    "category":"診所",
    "name":"新旅程復健科診所",
    "district_code":63000060,
    "district":"大同區",
    "address":"臺北市大同區民權西路237之7號(實際營業樓層:1樓、2樓)及237之9號(實際營業樓層:1樓、2樓)",
    "source_dataset":"taipei_clinic"
    }
  },
  {
    "type": "Feature",
    "geometry": {
       "type": "Point",
       "coordinates":  [ 121.5180041,25.05955401 ]
    },
    "properties": {
    "city":"taipei",
    "facility_type":"clinic",
    "category":"診所",
    "name":"佑佳內科診所",
    "district_code":63000060,
    "district":"大同區",
    "address":"臺北市大同區承德路2段142號1樓及2樓",
    "source_dataset":"taipei_clinic"
    }
  },
  {
    "type": "Feature",
    "geometry": {
       "type": "Point",
       "coordinates":  [ 121.5116764,25.05212809 ]
    },
    "properties": {
    "city":"taipei",
    "facility_type":"clinic",
    "category":"診所",
    "name":"喜聖診所",
    "district_code":63000060,
    "district":"大同區",
    "address":"臺北市大同區長安西路235號(1樓)、237號(1樓)、239號2樓之1、239號2樓之2",
    "source_dataset":"taipei_clinic"
    }
  },
  {
    "type": "Feature",
    "geometry": {
       "type": "Point",
       "coordinates":  [ 121.5157416,25.06276233 ]
    },
    "properties": {
    "city":"taipei",
    "facility_type":"clinic",
    "category":"診所",
    "name":"賢福診所",
    "district_code":63000060,
    "district":"大同區",
    "address":"臺北市大同區民權西路148號2樓",
    "source_dataset":"taipei_clinic"
    }
  },
  {
    "type": "Feature",
    "geometry": {
       "type": "Point",
       "coordinates":  [ 121.5189724,25.0720651 ]
    },
    "properties": {
    "city":"taipei",
    "facility_type":"clinic",
    "category":"診所",
    "name":"泉源診所",
    "district_code":63000060,
    "district":"大同區",
    "address":"臺北市大同區庫倫街51之5號(1樓)",
    "source_dataset":"taipei_clinic"
    }
  },
  {
    "type": "Feature",
    "geometry": {
       "type": "Point",
       "coordinates":  [ 121.5185086,25.07240609 ]
    },
    "properties": {
    "city":"taipei",
    "facility_type":"clinic",
    "category":"診所",
    "name":"牧人所身心醫學診所",
    "district_code":63000060,
    "district":"大同區",
    "address":"臺北市大同區承德路3段232號1樓",
    "source_dataset":"taipei_clinic"
    }
  },
  {
    "type": "Feature",
    "geometry": {
       "type": "Point",
       "coordinates":  [ 121.5144821,25.0721497 ]
    },
    "properties": {
    "city":"taipei",
    "facility_type":"clinic",
    "category":"診所",
    "name":"圓山診所",
    "district_code":63000060,
    "district":"大同區",
    "address":"臺北市大同區酒泉街131號(1樓)",
    "source_dataset":"taipei_clinic"
    }
  },
  {
    "type": "Feature",
    "geometry": {
       "type": "Point",
       "coordinates":  [ 121.5117232,25.05285055 ]
    },
    "properties": {
    "city":"taipei",
    "facility_type":"clinic",
    "category":"診所",
    "name":"秀冠植髮診所",
    "district_code":63000060,
    "district":"大同區",
    "address":"臺北市大同區延平北路1段110號2樓",
    "source_dataset":"taipei_clinic"
    }
  },
  {
    "type": "Feature",
    "geometry": {
       "type": "Point",
       "coordinates":  [ 121.5120682,25.06273724 ]
    },
    "properties": {
    "city":"taipei",
    "facility_type":"clinic",
    "category":"診所",
    "name":"千暘診所",
    "district_code":63000060,
    "district":"大同區",
    "address":"臺北市大同區民權西路268號2樓、2樓之1、2樓之3",
    "source_dataset":"taipei_clinic"
    }
  },
  {
    "type": "Feature",
    "geometry": {
       "type": "Point",
       "coordinates":  [ 121.5136827,25.0523477 ]
    },
    "properties": {
    "city":"taipei",
    "facility_type":"clinic",
    "category":"診所",
    "name":"聖方診所",
    "district_code":63000060,
    "district":"大同區",
    "address":"臺北市大同區長安西路177巷2號(1樓、2樓、3樓)",
    "source_dataset":"taipei_clinic"
    }
  },
  {
    "type": "Feature",
    "geometry": {
       "type": "Point",
       "coordinates":  [ 121.5109697,25.0503203 ]
    },
    "properties": {
    "city":"taipei",
    "facility_type":"clinic",
    "category":"診所",
    "name":"美平方健康美學診所",
    "district_code":63000060,
    "district":"大同區",
    "address":"臺北市大同區鄭州路119號2樓之1",
    "source_dataset":"taipei_clinic"
    }
  },
  {
    "type": "Feature",
    "geometry": {
       "type": "Point",
       "coordinates":  [ 121.5199715,25.060238 ]
    },
    "properties": {
    "city":"taipei",
    "facility_type":"clinic",
    "category":"診所",
    "name":"悅昇診所",
    "district_code":63000060,
    "district":"大同區",
    "address":"臺北市大同區錦西街50之1號(1樓)",
    "source_dataset":"taipei_clinic"
    }
  },
  {
    "type": "Feature",
    "geometry": {
       "type": "Point",
       "coordinates":  [ 121.5193898,25.0527103 ]
    },
    "properties": {
    "city":"taipei",
    "facility_type":"clinic",
    "category":"診所",
    "name":"妍植國際醫美診所",
    "district_code":63000060,
    "district":"大同區",
    "address":"臺北市大同區南京西路44號(1、2、3樓)",
    "source_dataset":"taipei_clinic"
    }
  },
  {
    "type": "Feature",
    "geometry": {
       "type": "Point",
       "coordinates":  [ 121.5227741,25.0622191 ]
    },
    "properties": {
    "city":"taipei",
    "facility_type":"clinic",
    "category":"診所",
    "name":"玉妍美醫美診所",
    "district_code":null,
    "district":"",
    "address":"臺北市中山區中山北路2段145號(1樓、2樓)",
    "source_dataset":"taipei_clinic"
    }
  },
  {
    "type": "Feature",
    "geometry": {
       "type": "Point",
       "coordinates":  [ 121.560388,25.0811607 ]
    },
    "properties": {
    "city":"taipei",
    "facility_type":"clinic",
    "category":"診所",
    "name":"薇光御境美學診所",
    "district_code":63000040,
    "district":"中山區",
    "address":"臺北市中山區樂群二路265巷40號(1、2樓)、42號(1、2樓)",
    "source_dataset":"taipei_clinic"
    }
  },
  {
    "type": "Feature",
    "geometry": {
       "type": "Point",
       "coordinates":  [ 121.5309386,25.05359738 ]
    },
    "properties": {
    "city":"taipei",
    "facility_type":"clinic",
    "category":"診所",
    "name":"沐慕身心診所",
    "district_code":63000040,
    "district":"中山區",
    "address":"臺北市中山區四平街20號5樓",
    "source_dataset":"taipei_clinic"
    }
  },
  {
    "type": "Feature",
    "geometry": {
       "type": "Point",
       "coordinates":  [ 121.537478,25.06049867 ]
    },
    "properties": {
    "city":"taipei",
    "facility_type":"clinic",
    "category":"診所",
    "name":"泓采診所",
    "district_code":63000040,
    "district":"中山區",
    "address":"臺北市中山區建國北路2段137號1樓",
    "source_dataset":"taipei_clinic"
    }
  },
  {
    "type": "Feature",
    "geometry": {
       "type": "Point",
       "coordinates":  [ 121.5439298,25.06006995 ]
    },
    "properties": {
    "city":"taipei",
    "facility_type":"clinic",
    "category":"診所",
    "name":"晨昕診所",
    "district_code":63000040,
    "district":"中山區",
    "address":"臺北市中山區復興北路350號3樓",
    "source_dataset":"taipei_clinic"
    }
  },
  {
    "type": "Feature",
    "geometry": {
       "type": "Point",
       "coordinates":  [ 121.554461,25.0821445 ]
    },
    "properties": {
    "city":"taipei",
    "facility_type":"clinic",
    "category":"診所",
    "name":"大直光澤診所",
    "district_code":63000040,
    "district":"中山區",
    "address":"臺北市中山區敬業二路88號(1樓)",
    "source_dataset":"taipei_clinic"
    }
  },
  {
    "type": "Feature",
    "geometry": {
       "type": "Point",
       "coordinates":  [ 121.5607995,25.0807537 ]
    },
    "properties": {
    "city":"taipei",
    "facility_type":"clinic",
    "category":"診所",
    "name":"肌優谷大直萬豪診所",
    "district_code":63000040,
    "district":"中山區",
    "address":"臺北市中山區樂群二路265巷16號(1、2樓)",
    "source_dataset":"taipei_clinic"
    }
  },
  {
    "type": "Feature",
    "geometry": {
       "type": "Point",
       "coordinates":  [ 121.5254823,25.0614079 ]
    },
    "properties": {
    "city":"taipei",
    "facility_type":"clinic",
    "category":"診所",
    "name":"禾康診所",
    "district_code":63000040,
    "district":"中山區",
    "address":"臺北市中山區林森北路486號1樓",
    "source_dataset":"taipei_clinic"
    }
  },
  {
    "type": "Feature",
    "geometry": {
       "type": "Point",
       "coordinates":  [ 121.5406439,25.0605744 ]
    },
    "properties": {
    "city":"taipei",
    "facility_type":"clinic",
    "category":"診所",
    "name":"中山適康復健科診所",
    "district_code":63000040,
    "district":"中山區",
    "address":"臺北市中山區龍江路268號(1樓)、270號2樓之1",
    "source_dataset":"taipei_clinic"
    }
  },
  {
    "type": "Feature",
    "geometry": {
       "type": "Point",
       "coordinates":  [ 121.5589626,25.08303259 ]
    },
    "properties": {
    "city":"taipei",
    "facility_type":"clinic",
    "category":"診所",
    "name":"大直佳醫美人診所",
    "district_code":63000040,
    "district":"中山區",
    "address":"臺北市中山區樂群三路287號1樓",
    "source_dataset":"taipei_clinic"
    }
  },
  {
    "type": "Feature",
    "geometry": {
       "type": "Point",
       "coordinates":  [ 121.5208258,25.04873946 ]
    },
    "properties": {
    "city":"taipei",
    "facility_type":"clinic",
    "category":"診所",
    "name":"生技明生診所",
    "district_code":63000040,
    "district":"中山區",
    "address":"臺北市中山區中山北路1段72號2樓、2樓之1及2樓之2",
    "source_dataset":"taipei_clinic"
    }
  },
  {
    "type": "Feature",
    "geometry": {
       "type": "Point",
       "coordinates":  [ 121.5223036,25.06321255 ]
    },
    "properties": {
    "city":"taipei",
    "facility_type":"clinic",
    "category":"診所",
    "name":"台兒中山集英診所",
    "district_code":63000040,
    "district":"中山區",
    "address":"臺北市中山區中山北路2段162號4樓及162號4樓之1",
    "source_dataset":"taipei_clinic"
    }
  },
  {
    "type": "Feature",
    "geometry": {
       "type": "Point",
       "coordinates":  [ 121.5537914,25.0850504 ]
    },
    "properties": {
    "city":"taipei",
    "facility_type":"clinic",
    "category":"診所",
    "name":"美迪大直婦產科診所",
    "district_code":63000040,
    "district":"中山區",
    "address":"臺北市中山區北安路780號2樓",
    "source_dataset":"taipei_clinic"
    }
  },
  {
    "type": "Feature",
    "geometry": {
       "type": "Point",
       "coordinates":  [ 121.5254074,25.063213 ]
    },
    "properties": {
    "city":"taipei",
    "facility_type":"clinic",
    "category":"診所",
    "name":"悅姿醫美診所",
    "district_code":63000040,
    "district":"中山區",
    "address":"臺北市中山區林森北路526號(1、2樓)",
    "source_dataset":"taipei_clinic"
    }
  },
  {
    "type": "Feature",
    "geometry": {
       "type": "Point",
       "coordinates":  [ 121.5313575,25.05185462 ]
    },
    "properties": {
    "city":"taipei",
    "facility_type":"clinic",
    "category":"診所",
    "name":"極緻醫美診所",
    "district_code":63000040,
    "district":"中山區",
    "address":"臺北市中山區南京東路2段96號5樓",
    "source_dataset":"taipei_clinic"
    }
  },
  {
    "type": "Feature",
    "geometry": {
       "type": "Point",
       "coordinates":  [ 121.5439073,25.05923167 ]
    },
    "properties": {
    "city":"taipei",
    "facility_type":"clinic",
    "category":"診所",
    "name":"振芝沃本診所",
    "district_code":63000040,
    "district":"中山區",
    "address":"臺北市中山區復興北路290號2樓之1",
    "source_dataset":"taipei_clinic"
    }
  },
  {
    "type": "Feature",
    "geometry": {
       "type": "Point",
       "coordinates":  [ 121.52464,25.06679863 ]
    },
    "properties": {
    "city":"taipei",
    "facility_type":"clinic",
    "category":"診所",
    "name":"德式診所",
    "district_code":63000040,
    "district":"中山區",
    "address":"臺北市中山區德惠街9號4樓之9、4樓之10",
    "source_dataset":"taipei_clinic"
    }
  },
  {
    "type": "Feature",
    "geometry": {
       "type": "Point",
       "coordinates":  [ 121.5216978,25.0525437 ]
    },
    "properties": {
    "city":"taipei",
    "facility_type":"clinic",
    "category":"診所",
    "name":"晶緻美學診所",
    "district_code":63000040,
    "district":"中山區",
    "address":"臺北市中山區南京西路1之1號4樓",
    "source_dataset":"taipei_clinic"
    }
  },
  {
    "type": "Feature",
    "geometry": {
       "type": "Point",
       "coordinates":  [ 121.5307966,25.05186378 ]
    },
    "properties": {
    "city":"taipei",
    "facility_type":"clinic",
    "category":"診所",
    "name":"美麗線時尚診所",
    "district_code":63000040,
    "district":"中山區",
    "address":"臺北市中山區南京東路2段76號2樓",
    "source_dataset":"taipei_clinic"
    }
  },
  {
    "type": "Feature",
    "geometry": {
       "type": "Point",
       "coordinates":  [ 121.5433406,25.05167087 ]
    },
    "properties": {
    "city":"taipei",
    "facility_type":"clinic",
    "category":"診所",
    "name":"中美診所",
    "district_code":63000040,
    "district":"中山區",
    "address":"臺北市中山區南京東路3段210號6樓",
    "source_dataset":"taipei_clinic"
    }
  },
  {
    "type": "Feature",
    "geometry": {
       "type": "Point",
       "coordinates":  [ 121.5537914,25.0850504 ]
    },
    "properties": {
    "city":"taipei",
    "facility_type":"clinic",
    "category":"診所",
    "name":"上質健康管理診所",
    "district_code":63000040,
    "district":"中山區",
    "address":"臺北市中山區北安路780號6樓",
    "source_dataset":"taipei_clinic"
    }
  },
  {
    "type": "Feature",
    "geometry": {
       "type": "Point",
       "coordinates":  [ 121.5613094,25.08095617 ]
    },
    "properties": {
    "city":"taipei",
    "facility_type":"clinic",
    "category":"診所",
    "name":"瑞新時尚診所",
    "district_code":63000040,
    "district":"中山區",
    "address":"臺北市中山區植福路308號9樓",
    "source_dataset":"taipei_clinic"
    }
  },
  {
    "type": "Feature",
    "geometry": {
       "type": "Point",
       "coordinates":  [ 121.5363831,25.0581135 ]
    },
    "properties": {
    "city":"taipei",
    "facility_type":"clinic",
    "category":"診所",
    "name":"初日診所",
    "district_code":63000040,
    "district":"中山區",
    "address":"臺北市中山區民生東路2段163號3樓",
    "source_dataset":"taipei_clinic"
    }
  },
  {
    "type": "Feature",
    "geometry": {
       "type": "Point",
       "coordinates":  [ 121.5437601,25.0495375 ]
    },
    "properties": {
    "city":"taipei",
    "facility_type":"clinic",
    "category":"診所",
    "name":"萊佳形象美學診所",
    "district_code":63000040,
    "district":"中山區",
    "address":"臺北市中山區復興北路48號2樓",
    "source_dataset":"taipei_clinic"
    }
  },
  {
    "type": "Feature",
    "geometry": {
       "type": "Point",
       "coordinates":  [ 121.5226127,25.0526041 ]
    },
    "properties": {
    "city":"taipei",
    "facility_type":"clinic",
    "category":"診所",
    "name":"中山元晨診所",
    "district_code":63000040,
    "district":"中山區",
    "address":"臺北市中山區中山北路1段145號(7樓)",
    "source_dataset":"taipei_clinic"
    }
  },
  {
    "type": "Feature",
    "geometry": {
       "type": "Point",
       "coordinates":  [ 121.5425212,25.05209062 ]
    },
    "properties": {
    "city":"taipei",
    "facility_type":"clinic",
    "category":"診所",
    "name":"美麗境界南京復興診所",
    "district_code":63000040,
    "district":"中山區",
    "address":"臺北市中山區南京東路三段201號4樓之1",
    "source_dataset":"taipei_clinic"
    }
  },
  {
    "type": "Feature",
    "geometry": {
       "type": "Point",
       "coordinates":  [ 121.5329483,25.05974668 ]
    },
    "properties": {
    "city":"taipei",
    "facility_type":"clinic",
    "category":"診所",
    "name":"品漾診所",
    "district_code":63000040,
    "district":"中山區",
    "address":"臺北市中山區松江路274號6樓",
    "source_dataset":"taipei_clinic"
    }
  },
  {
    "type": "Feature",
    "geometry": {
       "type": "Point",
       "coordinates":  [ 121.5220846,25.05247137 ]
    },
    "properties": {
    "city":"taipei",
    "facility_type":"clinic",
    "category":"診所",
    "name":"千代田八千代診所",
    "district_code":63000040,
    "district":"中山區",
    "address":"臺北市中山區南京西路1號6樓之7之8及7樓之11之12",
    "source_dataset":"taipei_clinic"
    }
  },
  {
    "type": "Feature",
    "geometry": {
       "type": "Point",
       "coordinates":  [ 121.559291,25.079518 ]
    },
    "properties": {
    "city":"taipei",
    "facility_type":"clinic",
    "category":"診所",
    "name":"永育樂群診所",
    "district_code":63000040,
    "district":"中山區",
    "address":"臺北市中山區樂群二路210之2號(1樓)",
    "source_dataset":"taipei_clinic"
    }
  },
  {
    "type": "Feature",
    "geometry": {
       "type": "Point",
       "coordinates":  [ 121.5299207,25.05187135 ]
    },
    "properties": {
    "city":"taipei",
    "facility_type":"clinic",
    "category":"診所",
    "name":"心湛美學診所",
    "district_code":63000040,
    "district":"中山區",
    "address":"臺北市中山區南京東路2段60號12樓",
    "source_dataset":"taipei_clinic"
    }
  },
  {
    "type": "Feature",
    "geometry": {
       "type": "Point",
       "coordinates":  [ 121.5516761,25.07986868 ]
    },
    "properties": {
    "city":"taipei",
    "facility_type":"clinic",
    "category":"診所",
    "name":"柏克萊眼科診所",
    "district_code":63000040,
    "district":"中山區",
    "address":"臺北市中山區明水路573號1樓",
    "source_dataset":"taipei_clinic"
    }
  },
  {
    "type": "Feature",
    "geometry": {
       "type": "Point",
       "coordinates":  [ 121.5402678,25.0528896 ]
    },
    "properties": {
    "city":"taipei",
    "facility_type":"clinic",
    "category":"診所",
    "name":"康倪美學診所",
    "district_code":63000040,
    "district":"中山區",
    "address":"臺北市中山區龍江路106巷1號(1樓)及龍江路108號(1樓)、108號2樓、108號2樓之1",
    "source_dataset":"taipei_clinic"
    }
  },
  {
    "type": "Feature",
    "geometry": {
       "type": "Point",
       "coordinates":  [ 121.5216978,25.0525437 ]
    },
    "properties": {
    "city":"taipei",
    "facility_type":"clinic",
    "category":"診所",
    "name":"東方八千代診所",
    "district_code":63000040,
    "district":"中山區",
    "address":"臺北市中山區南京西路1之1號8樓",
    "source_dataset":"taipei_clinic"
    }
  },
  {
    "type": "Feature",
    "geometry": {
       "type": "Point",
       "coordinates":  [ 121.5225375,25.06623836 ]
    },
    "properties": {
    "city":"taipei",
    "facility_type":"clinic",
    "category":"診所",
    "name":"芙美醫學診所",
    "district_code":63000040,
    "district":"中山區",
    "address":"臺北市中山區中山北路3段45號2樓",
    "source_dataset":"taipei_clinic"
    }
  },
  {
    "type": "Feature",
    "geometry": {
       "type": "Point",
       "coordinates":  [ 121.5286446,25.05188662 ]
    },
    "properties": {
    "city":"taipei",
    "facility_type":"clinic",
    "category":"診所",
    "name":"中山淨妍醫美診所",
    "district_code":63000040,
    "district":"中山區",
    "address":"臺北市中山區南京東路2段20號3樓",
    "source_dataset":"taipei_clinic"
    }
  },
  {
    "type": "Feature",
    "geometry": {
       "type": "Point",
       "coordinates":  [ 121.5232438,25.0539051 ]
    },
    "properties": {
    "city":"taipei",
    "facility_type":"clinic",
    "category":"診所",
    "name":"晶華美醫診所",
    "district_code":63000040,
    "district":"中山區",
    "address":"臺北市中山區中山北路2段39巷2之2號2、3、4樓",
    "source_dataset":"taipei_clinic"
    }
  },
  {
    "type": "Feature",
    "geometry": {
       "type": "Point",
       "coordinates":  [ 121.5511359,25.0843493 ]
    },
    "properties": {
    "city":"taipei",
    "facility_type":"clinic",
    "category":"診所",
    "name":"健柏診所",
    "district_code":63000040,
    "district":"中山區",
    "address":"臺北市中山區明水路688號(地下一層)、1樓、2樓",
    "source_dataset":"taipei_clinic"
    }
  },
  {
    "type": "Feature",
    "geometry": {
       "type": "Point",
       "coordinates":  [ 121.5408718,25.0624386 ]
    },
    "properties": {
    "city":"taipei",
    "facility_type":"clinic",
    "category":"診所",
    "name":"台北維德診所",
    "district_code":63000040,
    "district":"中山區",
    "address":"臺北市中山區民權東路3段66號(1、2樓)",
    "source_dataset":"taipei_clinic"
    }
  },
  {
    "type": "Feature",
    "geometry": {
       "type": "Point",
       "coordinates":  [ 121.5283397,25.05444554 ]
    },
    "properties": {
    "city":"taipei",
    "facility_type":"clinic",
    "category":"診所",
    "name":"煥顏診所",
    "district_code":63000040,
    "district":"中山區",
    "address":"臺北市中山區新生北路2段33巷9號1樓",
    "source_dataset":"taipei_clinic"
    }
  },
  {
    "type": "Feature",
    "geometry": {
       "type": "Point",
       "coordinates":  [ 121.5343978,25.0483277 ]
    },
    "properties": {
    "city":"taipei",
    "facility_type":"clinic",
    "category":"診所",
    "name":"羅浮婦女診所",
    "district_code":63000040,
    "district":"中山區",
    "address":"臺北市中山區長安東路2段88號12樓、90號12樓",
    "source_dataset":"taipei_clinic"
    }
  },
  {
    "type": "Feature",
    "geometry": {
       "type": "Point",
       "coordinates":  [ 121.5318663,25.0547083 ]
    },
    "properties": {
    "city":"taipei",
    "facility_type":"clinic",
    "category":"診所",
    "name":"中山全美診所",
    "district_code":63000040,
    "district":"中山區",
    "address":"臺北市中山區長春路152號(1樓、2樓)",
    "source_dataset":"taipei_clinic"
    }
  },
  {
    "type": "Feature",
    "geometry": {
       "type": "Point",
       "coordinates":  [ 121.5437805,25.05029622 ]
    },
    "properties": {
    "city":"taipei",
    "facility_type":"clinic",
    "category":"診所",
    "name":"得心身醫學台北總診所",
    "district_code":63000040,
    "district":"中山區",
    "address":"臺北市中山區復興北路60號3樓之2",
    "source_dataset":"taipei_clinic"
    }
  },
  {
    "type": "Feature",
    "geometry": {
       "type": "Point",
       "coordinates":  [ 121.5282398,25.05619511 ]
    },
    "properties": {
    "city":"taipei",
    "facility_type":"clinic",
    "category":"診所",
    "name":"皙妍診所",
    "district_code":63000040,
    "district":"中山區",
    "address":"臺北市中山區新生北路2段53之3號1樓",
    "source_dataset":"taipei_clinic"
    }
  },
  {
    "type": "Feature",
    "geometry": {
       "type": "Point",
       "coordinates":  [ 121.5239052,25.06026033 ]
    },
    "properties": {
    "city":"taipei",
    "facility_type":"clinic",
    "category":"診所",
    "name":"安和美醫美外科診所",
    "district_code":63000040,
    "district":"中山區",
    "address":"臺北市中山區錦州街12號2樓之1",
    "source_dataset":"taipei_clinic"
    }
  },
  {
    "type": "Feature",
    "geometry": {
       "type": "Point",
       "coordinates":  [ 121.557544,25.08015292 ]
    },
    "properties": {
    "city":"taipei",
    "facility_type":"clinic",
    "category":"診所",
    "name":"聚英尊爵視光眼科診所",
    "district_code":63000040,
    "district":"中山區",
    "address":"臺北市中山區樂群二路173號1樓及187號2樓之1",
    "source_dataset":"taipei_clinic"
    }
  },
  {
    "type": "Feature",
    "geometry": {
       "type": "Point",
       "coordinates":  [ 121.5225521,25.0562674 ]
    },
    "properties": {
    "city":"taipei",
    "facility_type":"clinic",
    "category":"診所",
    "name":"豐秀整形外科診所",
    "district_code":63000040,
    "district":"中山區",
    "address":"臺北市中山區中山北路2段52號2樓",
    "source_dataset":"taipei_clinic"
    }
  },
  {
    "type": "Feature",
    "geometry": {
       "type": "Point",
       "coordinates":  [ 121.5413605,25.04820463 ]
    },
    "properties": {
    "city":"taipei",
    "facility_type":"clinic",
    "category":"診所",
    "name":"元鼎診所",
    "district_code":63000040,
    "district":"中山區",
    "address":"臺北市中山區長安東路2段184號2樓之1",
    "source_dataset":"taipei_clinic"
    }
  },
  {
    "type": "Feature",
    "geometry": {
       "type": "Point",
       "coordinates":  [ 121.5255667,25.0650395 ]
    },
    "properties": {
    "city":"taipei",
    "facility_type":"clinic",
    "category":"診所",
    "name":"維醫診所",
    "district_code":63000040,
    "district":"中山區",
    "address":"臺北市中山區林森北路574號(1樓、2樓、3樓、4樓)",
    "source_dataset":"taipei_clinic"
    }
  },
  {
    "type": "Feature",
    "geometry": {
       "type": "Point",
       "coordinates":  [ 121.5438628,25.05360764 ]
    },
    "properties": {
    "city":"taipei",
    "facility_type":"clinic",
    "category":"診所",
    "name":"卓越健康診所",
    "district_code":63000040,
    "district":"中山區",
    "address":"臺北市中山區復興北路166號4樓",
    "source_dataset":"taipei_clinic"
    }
  },
  {
    "type": "Feature",
    "geometry": {
       "type": "Point",
       "coordinates":  [ 121.5307966,25.05186378 ]
    },
    "properties": {
    "city":"taipei",
    "facility_type":"clinic",
    "category":"診所",
    "name":"璞蘊整形外科診所",
    "district_code":63000040,
    "district":"中山區",
    "address":"臺北市中山區南京東路2段76號5樓",
    "source_dataset":"taipei_clinic"
    }
  },
  {
    "type": "Feature",
    "geometry": {
       "type": "Point",
       "coordinates":  [ 121.5329483,25.05974668 ]
    },
    "properties": {
    "city":"taipei",
    "facility_type":"clinic",
    "category":"診所",
    "name":"睦霖復健科診所",
    "district_code":63000040,
    "district":"中山區",
    "address":"臺北市中山區松江路274號2樓",
    "source_dataset":"taipei_clinic"
    }
  },
  {
    "type": "Feature",
    "geometry": {
       "type": "Point",
       "coordinates":  [ 121.5290913,25.06279426 ]
    },
    "properties": {
    "city":"taipei",
    "facility_type":"clinic",
    "category":"診所",
    "name":"花漾國際美學診所",
    "district_code":63000040,
    "district":"中山區",
    "address":"臺北市中山區民權東路2段21號3樓",
    "source_dataset":"taipei_clinic"
    }
  },
  {
    "type": "Feature",
    "geometry": {
       "type": "Point",
       "coordinates":  [ 121.5244296,25.05196056 ]
    },
    "properties": {
    "city":"taipei",
    "facility_type":"clinic",
    "category":"診所",
    "name":"恆美學中山診所",
    "district_code":63000040,
    "district":"中山區",
    "address":"臺北市中山區南京東路1段46號7樓",
    "source_dataset":"taipei_clinic"
    }
  },
  {
    "type": "Feature",
    "geometry": {
       "type": "Point",
       "coordinates":  [ 121.5439544,25.05977956 ]
    },
    "properties": {
    "city":"taipei",
    "facility_type":"clinic",
    "category":"診所",
    "name":"新田身心診所",
    "district_code":63000040,
    "district":"中山區",
    "address":"臺北市中山區復興北路344號2樓",
    "source_dataset":"taipei_clinic"
    }
  },
  {
    "type": "Feature",
    "geometry": {
       "type": "Point",
       "coordinates":  [ 121.5408178,25.0585555 ]
    },
    "properties": {
    "city":"taipei",
    "facility_type":"clinic",
    "category":"診所",
    "name":"偉俐民生診所",
    "district_code":63000040,
    "district":"中山區",
    "address":"臺北市中山區龍江路245號(1樓)",
    "source_dataset":"taipei_clinic"
    }
  },
  {
    "type": "Feature",
    "geometry": {
       "type": "Point",
       "coordinates":  [ 121.5329505,25.05980936 ]
    },
    "properties": {
    "city":"taipei",
    "facility_type":"clinic",
    "category":"診所",
    "name":"MyHair生髮植鬍診所",
    "district_code":63000040,
    "district":"中山區",
    "address":"臺北市中山區松江路276號7樓",
    "source_dataset":"taipei_clinic"
    }
  },
  {
    "type": "Feature",
    "geometry": {
       "type": "Point",
       "coordinates":  [ 121.5323632,25.04836415 ]
    },
    "properties": {
    "city":"taipei",
    "facility_type":"clinic",
    "category":"診所",
    "name":"長安東診所",
    "district_code":63000040,
    "district":"中山區",
    "address":"臺北市中山區長安東路2段50之2號1樓",
    "source_dataset":"taipei_clinic"
    }
  },
  {
    "type": "Feature",
    "geometry": {
       "type": "Point",
       "coordinates":  [ 121.5603193,25.0801215 ]
    },
    "properties": {
    "city":"taipei",
    "facility_type":"clinic",
    "category":"診所",
    "name":"力安醫學診所",
    "district_code":63000040,
    "district":"中山區",
    "address":"臺北市中山區樂群二路267號4樓",
    "source_dataset":"taipei_clinic"
    }
  },
  {
    "type": "Feature",
    "geometry": {
       "type": "Point",
       "coordinates":  [ 121.5228326,25.0533272 ]
    },
    "properties": {
    "city":"taipei",
    "facility_type":"clinic",
    "category":"診所",
    "name":"美朵整形外科診所",
    "district_code":63000040,
    "district":"中山區",
    "address":"臺北市中山區中山北路2段31號5樓",
    "source_dataset":"taipei_clinic"
    }
  },
  {
    "type": "Feature",
    "geometry": {
       "type": "Point",
       "coordinates":  [ 121.5284226,25.05233637 ]
    },
    "properties": {
    "city":"taipei",
    "facility_type":"clinic",
    "category":"診所",
    "name":"莎斐爾整形外科診所",
    "district_code":63000040,
    "district":"中山區",
    "address":"臺北市中山區南京東路2段11號7樓",
    "source_dataset":"taipei_clinic"
    }
  },
  {
    "type": "Feature",
    "geometry": {
       "type": "Point",
       "coordinates":  [ 121.5305867,25.0476656 ]
    },
    "properties": {
    "city":"taipei",
    "facility_type":"clinic",
    "category":"診所",
    "name":"翡翠診所",
    "district_code":63000040,
    "district":"中山區",
    "address":"臺北市中山區松江路38巷33號1樓",
    "source_dataset":"taipei_clinic"
    }
  },
  {
    "type": "Feature",
    "geometry": {
       "type": "Point",
       "coordinates":  [ 121.5213741,25.05260434 ]
    },
    "properties": {
    "city":"taipei",
    "facility_type":"clinic",
    "category":"診所",
    "name":"銀河星辰醫美診所",
    "district_code":63000040,
    "district":"中山區",
    "address":"臺北市中山區南京西路5之1號5樓之1",
    "source_dataset":"taipei_clinic"
    }
  },
  {
    "type": "Feature",
    "geometry": {
       "type": "Point",
       "coordinates":  [ 121.5240983,25.0648225 ]
    },
    "properties": {
    "city":"taipei",
    "facility_type":"clinic",
    "category":"診所",
    "name":"綠葉親子診所",
    "district_code":63000040,
    "district":"中山區",
    "address":"臺北市中山區農安街12之1號(1樓)",
    "source_dataset":"taipei_clinic"
    }
  },
  {
    "type": "Feature",
    "geometry": {
       "type": "Point",
       "coordinates":  [ 121.5304029,25.04703079 ]
    },
    "properties": {
    "city":"taipei",
    "facility_type":"clinic",
    "category":"診所",
    "name":"喜安診所",
    "district_code":63000040,
    "district":"中山區",
    "address":"臺北市中山區新生北路1段66號3樓",
    "source_dataset":"taipei_clinic"
    }
  },
  {
    "type": "Feature",
    "geometry": {
       "type": "Point",
       "coordinates":  [ 121.5223693,25.05258349 ]
    },
    "properties": {
    "city":"taipei",
    "facility_type":"clinic",
    "category":"診所",
    "name":"吾霏醫美食驗室診所",
    "district_code":63000040,
    "district":"中山區",
    "address":"臺北市中山區中山北路2段2號4樓",
    "source_dataset":"taipei_clinic"
    }
  },
  {
    "type": "Feature",
    "geometry": {
       "type": "Point",
       "coordinates":  [ 121.5225521,25.0562674 ]
    },
    "properties": {
    "city":"taipei",
    "facility_type":"clinic",
    "category":"診所",
    "name":"存奕美學診所",
    "district_code":63000040,
    "district":"中山區",
    "address":"臺北市中山區中山北路2段52號3樓、3樓之1、3樓之2",
    "source_dataset":"taipei_clinic"
    }
  },
  {
    "type": "Feature",
    "geometry": {
       "type": "Point",
       "coordinates":  [ 121.5322703,25.04789426 ]
    },
    "properties": {
    "city":"taipei",
    "facility_type":"clinic",
    "category":"診所",
    "name":"欣妍診所",
    "district_code":63000040,
    "district":"中山區",
    "address":"臺北市中山區松江路46巷12號1樓",
    "source_dataset":"taipei_clinic"
    }
  },
  {
    "type": "Feature",
    "geometry": {
       "type": "Point",
       "coordinates":  [ 121.5330076,25.06365537 ]
    },
    "properties": {
    "city":"taipei",
    "facility_type":"clinic",
    "category":"診所",
    "name":"新英格蘭診所",
    "district_code":63000040,
    "district":"中山區",
    "address":"臺北市中山區松江路396號1樓",
    "source_dataset":"taipei_clinic"
    }
  },
  {
    "type": "Feature",
    "geometry": {
       "type": "Point",
       "coordinates":  [ 121.5362608,25.05811524 ]
    },
    "properties": {
    "city":"taipei",
    "facility_type":"clinic",
    "category":"診所",
    "name":"詩宓診所",
    "district_code":63000040,
    "district":"中山區",
    "address":"臺北市中山區民生東路2段161號3樓",
    "source_dataset":"taipei_clinic"
    }
  },
  {
    "type": "Feature",
    "geometry": {
       "type": "Point",
       "coordinates":  [ 121.542574,25.047355 ]
    },
    "properties": {
    "city":"taipei",
    "facility_type":"clinic",
    "category":"診所",
    "name":"中崙國際診所",
    "district_code":63000040,
    "district":"中山區",
    "address":"臺北市中山區八德路2段303號(1樓)、305號(1樓及2樓)、307號(1樓及2樓)",
    "source_dataset":"taipei_clinic"
    }
  },
  {
    "type": "Feature",
    "geometry": {
       "type": "Point",
       "coordinates":  [ 121.539522,25.06191709 ]
    },
    "properties": {
    "city":"taipei",
    "facility_type":"clinic",
    "category":"診所",
    "name":"達康診所",
    "district_code":63000040,
    "district":"中山區",
    "address":"臺北市中山區龍江路298巷21號1樓",
    "source_dataset":"taipei_clinic"
    }
  },
  {
    "type": "Feature",
    "geometry": {
       "type": "Point",
       "coordinates":  [ 121.5244905,25.0538647 ]
    },
    "properties": {
    "city":"taipei",
    "facility_type":"clinic",
    "category":"診所",
    "name":"佳飛雅緻美學診所",
    "district_code":63000040,
    "district":"中山區",
    "address":"臺北市中山區中山北路2段39巷18號(1、2樓)",
    "source_dataset":"taipei_clinic"
    }
  },
  {
    "type": "Feature",
    "geometry": {
       "type": "Point",
       "coordinates":  [ 121.5231473,25.05960099 ]
    },
    "properties": {
    "city":"taipei",
    "facility_type":"clinic",
    "category":"診所",
    "name":"中山顧家泌尿科診所",
    "district_code":63000040,
    "district":"中山區",
    "address":"臺北市中山區中山北路2段99號2樓",
    "source_dataset":"taipei_clinic"
    }
  },
  {
    "type": "Feature",
    "geometry": {
       "type": "Point",
       "coordinates":  [ 121.5437528,25.04925524 ]
    },
    "properties": {
    "city":"taipei",
    "facility_type":"clinic",
    "category":"診所",
    "name":"采騰診所",
    "district_code":63000040,
    "district":"中山區",
    "address":"臺北市中山區復興北路38號6樓、40號6樓",
    "source_dataset":"taipei_clinic"
    }
  },
  {
    "type": "Feature",
    "geometry": {
       "type": "Point",
       "coordinates":  [ 121.5301899,25.0517639 ]
    },
    "properties": {
    "city":"taipei",
    "facility_type":"clinic",
    "category":"診所",
    "name":"南京粹究美學診所",
    "district_code":63000040,
    "district":"中山區",
    "address":"臺北市中山區南京東路2段62號10樓",
    "source_dataset":"taipei_clinic"
    }
  },
  {
    "type": "Feature",
    "geometry": {
       "type": "Point",
       "coordinates":  [ 121.5420318,25.05083604 ]
    },
    "properties": {
    "city":"taipei",
    "facility_type":"clinic",
    "category":"診所",
    "name":"金蘋果美學診所",
    "district_code":63000040,
    "district":"中山區",
    "address":"臺北市中山區遼寧街107之2號1樓",
    "source_dataset":"taipei_clinic"
    }
  },
  {
    "type": "Feature",
    "geometry": {
       "type": "Point",
       "coordinates":  [ 121.5209427,25.0526691 ]
    },
    "properties": {
    "city":"taipei",
    "facility_type":"clinic",
    "category":"診所",
    "name":"晶緻玥禾診所",
    "district_code":63000040,
    "district":"中山區",
    "address":"臺北市中山區南京西路1之1號2樓",
    "source_dataset":"taipei_clinic"
    }
  },
  {
    "type": "Feature",
    "geometry": {
       "type": "Point",
       "coordinates":  [ 121.5333824,25.05223189 ]
    },
    "properties": {
    "city":"taipei",
    "facility_type":"clinic",
    "category":"診所",
    "name":"君綺整形外科診所",
    "district_code":63000040,
    "district":"中山區",
    "address":"臺北市中山區南京東路2段111號2樓",
    "source_dataset":"taipei_clinic"
    }
  },
  {
    "type": "Feature",
    "geometry": {
       "type": "Point",
       "coordinates":  [ 121.5486435,25.08194407 ]
    },
    "properties": {
    "city":"taipei",
    "facility_type":"clinic",
    "category":"診所",
    "name":"大直佳恩診所",
    "district_code":63000040,
    "district":"中山區",
    "address":"臺北市中山區北安路591號1樓及地下層",
    "source_dataset":"taipei_clinic"
    }
  },
  {
    "type": "Feature",
    "geometry": {
       "type": "Point",
       "coordinates":  [ 121.525124,25.05819682 ]
    },
    "properties": {
    "city":"taipei",
    "facility_type":"clinic",
    "category":"診所",
    "name":"秀仁整形外科診所",
    "district_code":63000040,
    "district":"中山區",
    "address":"臺北市中山區民生東路一段29號9樓之1",
    "source_dataset":"taipei_clinic"
    }
  },
  {
    "type": "Feature",
    "geometry": {
       "type": "Point",
       "coordinates":  [ 121.5318639,25.05185676 ]
    },
    "properties": {
    "city":"taipei",
    "facility_type":"clinic",
    "category":"診所",
    "name":"黃建榮婦產科診所",
    "district_code":63000040,
    "district":"中山區",
    "address":"臺北市中山區南京東路二段100號11樓、11樓之1、11樓之2、11樓之3、11樓之4及11樓之5",
    "source_dataset":"taipei_clinic"
    }
  },
  {
    "type": "Feature",
    "geometry": {
       "type": "Point",
       "coordinates":  [ 121.5242833,25.05196418 ]
    },
    "properties": {
    "city":"taipei",
    "facility_type":"clinic",
    "category":"診所",
    "name":"美麗好診所",
    "district_code":63000040,
    "district":"中山區",
    "address":"臺北市中山區南京東路一段42號3樓",
    "source_dataset":"taipei_clinic"
    }
  },
  {
    "type": "Feature",
    "geometry": {
       "type": "Point",
       "coordinates":  [ 121.5251449,25.0504072 ]
    },
    "properties": {
    "city":"taipei",
    "facility_type":"clinic",
    "category":"診所",
    "name":"法緹美學時尚診所",
    "district_code":63000040,
    "district":"中山區",
    "address":"臺北市中山區林森北路109號(實際營業地址：3樓)",
    "source_dataset":"taipei_clinic"
    }
  },
  {
    "type": "Feature",
    "geometry": {
       "type": "Point",
       "coordinates":  [ 121.5217053,25.05224085 ]
    },
    "properties": {
    "city":"taipei",
    "facility_type":"clinic",
    "category":"診所",
    "name":"希望美醫診所",
    "district_code":63000040,
    "district":"中山區",
    "address":"臺北市中山區南京西路8號8樓",
    "source_dataset":"taipei_clinic"
    }
  },
  {
    "type": "Feature",
    "geometry": {
       "type": "Point",
       "coordinates":  [ 121.5331919,25.04968493 ]
    },
    "properties": {
    "city":"taipei",
    "facility_type":"clinic",
    "category":"診所",
    "name":"彥靚診所",
    "district_code":63000040,
    "district":"中山區",
    "address":"臺北市中山區松江路75之1號3樓",
    "source_dataset":"taipei_clinic"
    }
  },
  {
    "type": "Feature",
    "geometry": {
       "type": "Point",
       "coordinates":  [ 121.5254308,25.0607616 ]
    },
    "properties": {
    "city":"taipei",
    "facility_type":"clinic",
    "category":"診所",
    "name":"四季和安婦幼診所",
    "district_code":63000040,
    "district":"中山區",
    "address":"臺北市中山區林森北路452號地下1樓、458號及458號3樓、460號及460號2樓、錦州街23巷3號3樓",
    "source_dataset":"taipei_clinic"
    }
  },
  {
    "type": "Feature",
    "geometry": {
       "type": "Point",
       "coordinates":  [ 121.543809,25.05136284 ]
    },
    "properties": {
    "city":"taipei",
    "facility_type":"clinic",
    "category":"診所",
    "name":"心禾診所",
    "district_code":63000040,
    "district":"中山區",
    "address":"臺北市中山區復興北路92號11樓之1",
    "source_dataset":"taipei_clinic"
    }
  },
  {
    "type": "Feature",
    "geometry": {
       "type": "Point",
       "coordinates":  [ 121.5440433,25.0608421 ]
    },
    "properties": {
    "city":"taipei",
    "facility_type":"clinic",
    "category":"診所",
    "name":"創興診所",
    "district_code":63000040,
    "district":"中山區",
    "address":"臺北市中山區復興北路378號地下二樓",
    "source_dataset":"taipei_clinic"
    }
  },
  {
    "type": "Feature",
    "geometry": {
       "type": "Point",
       "coordinates":  [ 121.5487516,25.0824638 ]
    },
    "properties": {
    "city":"taipei",
    "facility_type":"clinic",
    "category":"診所",
    "name":"景?復健科診所",
    "district_code":63000040,
    "district":"中山區",
    "address":"臺北市中山區北安路607號、607之1號、595巷1號地下一層",
    "source_dataset":"taipei_clinic"
    }
  },
  {
    "type": "Feature",
    "geometry": {
       "type": "Point",
       "coordinates":  [ 121.548768,25.082687 ]
    },
    "properties": {
    "city":"taipei",
    "facility_type":"clinic",
    "category":"診所",
    "name":"固?診所",
    "district_code":63000040,
    "district":"中山區",
    "address":"臺北市中山區北安路613號、595巷1號地下一層",
    "source_dataset":"taipei_clinic"
    }
  },
  {
    "type": "Feature",
    "geometry": {
       "type": "Point",
       "coordinates":  [ 121.5336591,25.05183813 ]
    },
    "properties": {
    "city":"taipei",
    "facility_type":"clinic",
    "category":"診所",
    "name":"鈺璽診所",
    "district_code":63000040,
    "district":"中山區",
    "address":"臺北市中山區南京東路二段132號4樓",
    "source_dataset":"taipei_clinic"
    }
  },
  {
    "type": "Feature",
    "geometry": {
       "type": "Point",
       "coordinates":  [ 121.5286446,25.05188662 ]
    },
    "properties": {
    "city":"taipei",
    "facility_type":"clinic",
    "category":"診所",
    "name":"粹究美學診所",
    "district_code":63000040,
    "district":"中山區",
    "address":"臺北市中山區 南京東路2段20號2樓",
    "source_dataset":"taipei_clinic"
    }
  },
  {
    "type": "Feature",
    "geometry": {
       "type": "Point",
       "coordinates":  [ 121.5464584,25.07940104 ]
    },
    "properties": {
    "city":"taipei",
    "facility_type":"clinic",
    "category":"診所",
    "name":"上直診所",
    "district_code":63000040,
    "district":"中山區",
    "address":"臺北市中山區北安路458巷41弄49號",
    "source_dataset":"taipei_clinic"
    }
  },
  {
    "type": "Feature",
    "geometry": {
       "type": "Point",
       "coordinates":  [ 121.5230609,25.05758269 ]
    },
    "properties": {
    "city":"taipei",
    "facility_type":"clinic",
    "category":"診所",
    "name":"馨美診所",
    "district_code":63000040,
    "district":"中山區",
    "address":"臺北市中山區中山北路二段77之1號2樓",
    "source_dataset":"taipei_clinic"
    }
  },
  {
    "type": "Feature",
    "geometry": {
       "type": "Point",
       "coordinates":  [ 121.5355504,25.06022846 ]
    },
    "properties": {
    "city":"taipei",
    "facility_type":"clinic",
    "category":"診所",
    "name":"育仁診所",
    "district_code":63000040,
    "district":"中山區",
    "address":"臺北市中山區錦州街286號",
    "source_dataset":"taipei_clinic"
    }
  },
  {
    "type": "Feature",
    "geometry": {
       "type": "Point",
       "coordinates":  [ 121.5389659,25.05215522 ]
    },
    "properties": {
    "city":"taipei",
    "facility_type":"clinic",
    "category":"診所",
    "name":"高地植髮家診所",
    "district_code":63000040,
    "district":"中山區",
    "address":"臺北市中山區南京東路三段91號2樓",
    "source_dataset":"taipei_clinic"
    }
  },
  {
    "type": "Feature",
    "geometry": {
       "type": "Point",
       "coordinates":  [ 121.5234985,25.06377867 ]
    },
    "properties": {
    "city":"taipei",
    "facility_type":"clinic",
    "category":"診所",
    "name":"好日子診所",
    "district_code":63000040,
    "district":"中山區",
    "address":"臺北市中山區中山北路二段183巷3之3號",
    "source_dataset":"taipei_clinic"
    }
  },
  {
    "type": "Feature",
    "geometry": {
       "type": "Point",
       "coordinates":  [ 121.5487899,25.08253091 ]
    },
    "properties": {
    "city":"taipei",
    "facility_type":"clinic",
    "category":"診所",
    "name":"詹益偉耳鼻喉科診所",
    "district_code":63000040,
    "district":"中山區",
    "address":"臺北市中山區北安路611號",
    "source_dataset":"taipei_clinic"
    }
  },
  {
    "type": "Feature",
    "geometry": {
       "type": "Point",
       "coordinates":  [ 121.5439312,25.05878498 ]
    },
    "properties": {
    "city":"taipei",
    "facility_type":"clinic",
    "category":"診所",
    "name":"振芝心身醫學診所",
    "district_code":63000040,
    "district":"中山區",
    "address":"臺北市中山區復興北路282號2樓",
    "source_dataset":"taipei_clinic"
    }
  },
  {
    "type": "Feature",
    "geometry": {
       "type": "Point",
       "coordinates":  [ 121.5408454,25.06052813 ]
    },
    "properties": {
    "city":"taipei",
    "facility_type":"clinic",
    "category":"診所",
    "name":"麗安耳鼻喉科診所",
    "district_code":63000040,
    "district":"中山區",
    "address":"臺北市中山區龍江路289號",
    "source_dataset":"taipei_clinic"
    }
  },
  {
    "type": "Feature",
    "geometry": {
       "type": "Point",
       "coordinates":  [ 121.5377908,25.06611046 ]
    },
    "properties": {
    "city":"taipei",
    "facility_type":"clinic",
    "category":"診所",
    "name":"禾宇復健科診所",
    "district_code":63000040,
    "district":"中山區",
    "address":"臺北市中山區龍江路356巷79號",
    "source_dataset":"taipei_clinic"
    }
  },
  {
    "type": "Feature",
    "geometry": {
       "type": "Point",
       "coordinates":  [ 121.5256017,25.06644338 ]
    },
    "properties": {
    "city":"taipei",
    "facility_type":"clinic",
    "category":"診所",
    "name":"永暉診所",
    "district_code":63000040,
    "district":"中山區",
    "address":"臺北市中山區林森北路612號3樓、614號3樓",
    "source_dataset":"taipei_clinic"
    }
  },
  {
    "type": "Feature",
    "geometry": {
       "type": "Point",
       "coordinates":  [ 121.5343978,25.0483277 ]
    },
    "properties": {
    "city":"taipei",
    "facility_type":"clinic",
    "category":"診所",
    "name":"柏安診所",
    "district_code":63000040,
    "district":"中山區",
    "address":"臺北市中山區長安東路二段88號10樓及90號10樓",
    "source_dataset":"taipei_clinic"
    }
  },
  {
    "type": "Feature",
    "geometry": {
       "type": "Point",
       "coordinates":  [ 121.5341938,25.06039343 ]
    },
    "properties": {
    "city":"taipei",
    "facility_type":"clinic",
    "category":"診所",
    "name":"玉山診所",
    "district_code":63000040,
    "district":"中山區",
    "address":"臺北市中山區錦州街251號(實際營業:二層)",
    "source_dataset":"taipei_clinic"
    }
  },
  {
    "type": "Feature",
    "geometry": {
       "type": "Point",
       "coordinates":  [ 121.5433367,25.06211218 ]
    },
    "properties": {
    "city":"taipei",
    "facility_type":"clinic",
    "category":"診所",
    "name":"巴黎國際長春診所",
    "district_code":63000040,
    "district":"中山區",
    "address":"臺北市中山區民權東路3段78號(實際營業地址:一層、二層)",
    "source_dataset":"taipei_clinic"
    }
  },
  {
    "type": "Feature",
    "geometry": {
       "type": "Point",
       "coordinates":  [ 121.553259,25.0832629 ]
    },
    "properties": {
    "city":"taipei",
    "facility_type":"clinic",
    "category":"診所",
    "name":"洛桑醫學診所",
    "district_code":63000040,
    "district":"中山區",
    "address":"臺北市中山區敬業一路128巷28號4樓",
    "source_dataset":"taipei_clinic"
    }
  },
  {
    "type": "Feature",
    "geometry": {
       "type": "Point",
       "coordinates":  [ 121.5581866,25.08014334 ]
    },
    "properties": {
    "city":"taipei",
    "facility_type":"clinic",
    "category":"診所",
    "name":"送子鳥11診所",
    "district_code":63000040,
    "district":"中山區",
    "address":"臺北市中山區樂群二路187號1樓、189號1樓、189號2樓、189號2樓之1",
    "source_dataset":"taipei_clinic"
    }
  },
  {
    "type": "Feature",
    "geometry": {
       "type": "Point",
       "coordinates":  [ 121.5237037,25.05199227 ]
    },
    "properties": {
    "city":"taipei",
    "facility_type":"clinic",
    "category":"診所",
    "name":"南西好萊塢診所",
    "district_code":63000040,
    "district":"中山區",
    "address":"臺北市中山區南京東路一段24號3樓",
    "source_dataset":"taipei_clinic"
    }
  },
  {
    "type": "Feature",
    "geometry": {
       "type": "Point",
       "coordinates":  [ 121.5358255,25.06022258 ]
    },
    "properties": {
    "city":"taipei",
    "facility_type":"clinic",
    "category":"診所",
    "name":"由麗美型診所",
    "district_code":63000040,
    "district":"中山區",
    "address":"臺北市中山區錦州街296號",
    "source_dataset":"taipei_clinic"
    }
  },
  {
    "type": "Feature",
    "geometry": {
       "type": "Point",
       "coordinates":  [ 121.5352797,25.04831725 ]
    },
    "properties": {
    "city":"taipei",
    "facility_type":"clinic",
    "category":"診所",
    "name":"生基婦產科診所",
    "district_code":63000040,
    "district":"中山區",
    "address":"臺北市中山區長安東路二段108號2樓、2樓之1、2樓之2、2樓之3、2樓之4",
    "source_dataset":"taipei_clinic"
    }
  },
  {
    "type": "Feature",
    "geometry": {
       "type": "Point",
       "coordinates":  [ 121.5237037,25.05199227 ]
    },
    "properties": {
    "city":"taipei",
    "facility_type":"clinic",
    "category":"診所",
    "name":"南西光澤診所",
    "district_code":63000040,
    "district":"中山區",
    "address":"臺北市中山區南京東路一段24號7樓",
    "source_dataset":"taipei_clinic"
    }
  },
  {
    "type": "Feature",
    "geometry": {
       "type": "Point",
       "coordinates":  [ 121.5437654,25.04973958 ]
    },
    "properties": {
    "city":"taipei",
    "facility_type":"clinic",
    "category":"診所",
    "name":"杰膚美診所",
    "district_code":63000040,
    "district":"中山區",
    "address":"臺北市中山區復興北路50號2樓",
    "source_dataset":"taipei_clinic"
    }
  },
  {
    "type": "Feature",
    "geometry": {
       "type": "Point",
       "coordinates":  [ 121.543663,25.04577066 ]
    },
    "properties": {
    "city":"taipei",
    "facility_type":"clinic",
    "category":"診所",
    "name":"醫髮診所",
    "district_code":63000040,
    "district":"中山區",
    "address":"臺北市中山區復興南路1段36之9號9樓、36之10號9樓",
    "source_dataset":"taipei_clinic"
    }
  },
  {
    "type": "Feature",
    "geometry": {
       "type": "Point",
       "coordinates":  [ 121.523495,25.0556037 ]
    },
    "properties": {
    "city":"taipei",
    "facility_type":"clinic",
    "category":"診所",
    "name":"丹朵醫學診所",
    "district_code":63000040,
    "district":"中山區",
    "address":"臺北市中山區長春路3巷13、15號",
    "source_dataset":"taipei_clinic"
    }
  },
  {
    "type": "Feature",
    "geometry": {
       "type": "Point",
       "coordinates":  [ 121.5343978,25.0483277 ]
    },
    "properties": {
    "city":"taipei",
    "facility_type":"clinic",
    "category":"診所",
    "name":"佑昇診所",
    "district_code":63000040,
    "district":"中山區",
    "address":"臺北市中山區長安東路2段88號8樓、90號8樓",
    "source_dataset":"taipei_clinic"
    }
  },
  {
    "type": "Feature",
    "geometry": {
       "type": "Point",
       "coordinates":  [ 121.548568,25.080786 ]
    },
    "properties": {
    "city":"taipei",
    "facility_type":"clinic",
    "category":"診所",
    "name":"又喜明眼科診所",
    "district_code":63000040,
    "district":"中山區",
    "address":"臺北市中山區北安路572號(實際營業樓層1樓、2樓)",
    "source_dataset":"taipei_clinic"
    }
  },
  {
    "type": "Feature",
    "geometry": {
       "type": "Point",
       "coordinates":  [ 121.5338842,25.04833563 ]
    },
    "properties": {
    "city":"taipei",
    "facility_type":"clinic",
    "category":"診所",
    "name":"澤林毛髮診所",
    "district_code":63000040,
    "district":"中山區",
    "address":"臺北市中山區長安東路二段78號6樓",
    "source_dataset":"taipei_clinic"
    }
  },
  {
    "type": "Feature",
    "geometry": {
       "type": "Point",
       "coordinates":  [ 121.5281835,25.051898 ]
    },
    "properties": {
    "city":"taipei",
    "facility_type":"clinic",
    "category":"診所",
    "name":"越診所",
    "district_code":63000040,
    "district":"中山區",
    "address":"臺北市中山區南京東路2段37號(1樓、2樓)、39號(1樓、2樓)、41巷2號(1樓、2樓)、6號(1樓、2樓)、8號(1樓、2樓)、8之1號(1樓、2樓)",
    "source_dataset":"taipei_clinic"
    }
  },
  {
    "type": "Feature",
    "geometry": {
       "type": "Point",
       "coordinates":  [ 121.5430857,25.06215371 ]
    },
    "properties": {
    "city":"taipei",
    "facility_type":"clinic",
    "category":"診所",
    "name":"魏嘉宏皮膚科診所",
    "district_code":63000040,
    "district":"中山區",
    "address":"臺北市中山區民權東路三段72號(實際營業:一層、二層)",
    "source_dataset":"taipei_clinic"
    }
  },
  {
    "type": "Feature",
    "geometry": {
       "type": "Point",
       "coordinates":  [ 121.5230996,25.0585608 ]
    },
    "properties": {
    "city":"taipei",
    "facility_type":"clinic",
    "category":"診所",
    "name":"美麗晶華診所",
    "district_code":63000040,
    "district":"中山區",
    "address":"臺北市中山區中山北路二段81之2號(實際營業樓層:一層、二層、三層)",
    "source_dataset":"taipei_clinic"
    }
  },
  {
    "type": "Feature",
    "geometry": {
       "type": "Point",
       "coordinates":  [ 121.5290421,25.05188431 ]
    },
    "properties": {
    "city":"taipei",
    "facility_type":"clinic",
    "category":"診所",
    "name":"葛萊美診所",
    "district_code":63000040,
    "district":"中山區",
    "address":"臺北市中山區南京東路二段26號2樓、3樓、4樓",
    "source_dataset":"taipei_clinic"
    }
  },
  {
    "type": "Feature",
    "geometry": {
       "type": "Point",
       "coordinates":  [ 121.5318639,25.05185676 ]
    },
    "properties": {
    "city":"taipei",
    "facility_type":"clinic",
    "category":"診所",
    "name":"南京愛爾麗診所",
    "district_code":63000040,
    "district":"中山區",
    "address":"臺北市中山區南京東路二段100號2樓",
    "source_dataset":"taipei_clinic"
    }
  },
  {
    "type": "Feature",
    "geometry": {
       "type": "Point",
       "coordinates":  [ 121.5328876,25.06067159 ]
    },
    "properties": {
    "city":"taipei",
    "facility_type":"clinic",
    "category":"診所",
    "name":"孕醫診所",
    "district_code":63000040,
    "district":"中山區",
    "address":"臺北市中山區松江路318號2樓",
    "source_dataset":"taipei_clinic"
    }
  },
  {
    "type": "Feature",
    "geometry": {
       "type": "Point",
       "coordinates":  [ 121.5235171,25.06180275 ]
    },
    "properties": {
    "city":"taipei",
    "facility_type":"clinic",
    "category":"診所",
    "name":"虎林診所",
    "district_code":63000040,
    "district":"中山區",
    "address":"臺北市中山區中山北路2段137巷1號5樓之26",
    "source_dataset":"taipei_clinic"
    }
  },
  {
    "type": "Feature",
    "geometry": {
       "type": "Point",
       "coordinates":  [ 121.5610988,25.0806297 ]
    },
    "properties": {
    "city":"taipei",
    "facility_type":"clinic",
    "category":"診所",
    "name":"李宜霖診所",
    "district_code":63000040,
    "district":"中山區",
    "address":"臺北市中山區植福路296號、298號、308號3樓之5",
    "source_dataset":"taipei_clinic"
    }
  },
  {
    "type": "Feature",
    "geometry": {
       "type": "Point",
       "coordinates":  [ 121.5437501,25.05753387 ]
    },
    "properties": {
    "city":"taipei",
    "facility_type":"clinic",
    "category":"診所",
    "name":"民生展欣眼科診所",
    "district_code":63000040,
    "district":"中山區",
    "address":"臺北市中山區民生東路三段92號",
    "source_dataset":"taipei_clinic"
    }
  },
  {
    "type": "Feature",
    "geometry": {
       "type": "Point",
       "coordinates":  [ 121.5375238,25.06044917 ]
    },
    "properties": {
    "city":"taipei",
    "facility_type":"clinic",
    "category":"診所",
    "name":"麗星診所",
    "district_code":63000040,
    "district":"中山區",
    "address":"臺北市中山區建國北路二段135號7樓",
    "source_dataset":"taipei_clinic"
    }
  },
  {
    "type": "Feature",
    "geometry": {
       "type": "Point",
       "coordinates":  [ 121.5486642,25.08202459 ]
    },
    "properties": {
    "city":"taipei",
    "facility_type":"clinic",
    "category":"診所",
    "name":"進安身心診所",
    "district_code":63000040,
    "district":"中山區",
    "address":"臺北市中山區北安路593號、593號地下",
    "source_dataset":"taipei_clinic"
    }
  },
  {
    "type": "Feature",
    "geometry": {
       "type": "Point",
       "coordinates":  [ 121.5329505,25.05980936 ]
    },
    "properties": {
    "city":"taipei",
    "facility_type":"clinic",
    "category":"診所",
    "name":"名瑿醫美診所",
    "district_code":63000040,
    "district":"中山區",
    "address":"臺北市中山區松江路276號3樓",
    "source_dataset":"taipei_clinic"
    }
  },
  {
    "type": "Feature",
    "geometry": {
       "type": "Point",
       "coordinates":  [ 121.5220679,25.06586964 ]
    },
    "properties": {
    "city":"taipei",
    "facility_type":"clinic",
    "category":"診所",
    "name":"全人健康診所",
    "district_code":63000040,
    "district":"中山區",
    "address":"臺北市中山區中山北路三段38號2樓",
    "source_dataset":"taipei_clinic"
    }
  },
  {
    "type": "Feature",
    "geometry": {
       "type": "Point",
       "coordinates":  [ 121.5438601,25.05347197 ]
    },
    "properties": {
    "city":"taipei",
    "facility_type":"clinic",
    "category":"診所",
    "name":"瑞醫時尚醫美診所",
    "district_code":63000040,
    "district":"中山區",
    "address":"臺北市中山區復興北路164號3樓",
    "source_dataset":"taipei_clinic"
    }
  },
  {
    "type": "Feature",
    "geometry": {
       "type": "Point",
       "coordinates":  [ 121.542804,25.047412 ]
    },
    "properties": {
    "city":"taipei",
    "facility_type":"clinic",
    "category":"診所",
    "name":"賦真妍皮膚專科診所",
    "district_code":63000040,
    "district":"中山區",
    "address":"臺北市中山區八德路2段315號(1樓及2樓)、317號(1樓及2樓)、319號(1樓及2樓)",
    "source_dataset":"taipei_clinic"
    }
  },
  {
    "type": "Feature",
    "geometry": {
       "type": "Point",
       "coordinates":  [ 121.5332566,25.05302376 ]
    },
    "properties": {
    "city":"taipei",
    "facility_type":"clinic",
    "category":"診所",
    "name":"元和雅整形外科診所",
    "district_code":63000040,
    "district":"中山區",
    "address":"臺北市中山區松江路125號2樓、2樓之1",
    "source_dataset":"taipei_clinic"
    }
  },
  {
    "type": "Feature",
    "geometry": {
       "type": "Point",
       "coordinates":  [ 121.5302263,25.0518549 ]
    },
    "properties": {
    "city":"taipei",
    "facility_type":"clinic",
    "category":"診所",
    "name":"明錦生髮植髮診所",
    "district_code":63000040,
    "district":"中山區",
    "address":"臺北市中山區南京東路二路62號7樓",
    "source_dataset":"taipei_clinic"
    }
  },
  {
    "type": "Feature",
    "geometry": {
       "type": "Point",
       "coordinates":  [ 121.5286446,25.05188662 ]
    },
    "properties": {
    "city":"taipei",
    "facility_type":"clinic",
    "category":"診所",
    "name":"AR進階鼻美學時尚診所",
    "district_code":63000040,
    "district":"中山區",
    "address":"臺北市中山區南京東路二段20號7樓之1至之5",
    "source_dataset":"taipei_clinic"
    }
  },
  {
    "type": "Feature",
    "geometry": {
       "type": "Point",
       "coordinates":  [ 121.5329505,25.05980936 ]
    },
    "properties": {
    "city":"taipei",
    "facility_type":"clinic",
    "category":"診所",
    "name":"繼承婦產科診所",
    "district_code":63000040,
    "district":"中山區",
    "address":"臺北市中山區松江路276號5樓及5樓之1",
    "source_dataset":"taipei_clinic"
    }
  },
  {
    "type": "Feature",
    "geometry": {
       "type": "Point",
       "coordinates":  [ 121.5333096,25.05426615 ]
    },
    "properties": {
    "city":"taipei",
    "facility_type":"clinic",
    "category":"診所",
    "name":"晨曦生活診所",
    "district_code":63000040,
    "district":"中山區",
    "address":"臺北市中山區松江路131之3號",
    "source_dataset":"taipei_clinic"
    }
  },
  {
    "type": "Feature",
    "geometry": {
       "type": "Point",
       "coordinates":  [ 121.5216979,25.05254373 ]
    },
    "properties": {
    "city":"taipei",
    "facility_type":"clinic",
    "category":"診所",
    "name":"中山璀璨診所",
    "district_code":63000040,
    "district":"中山區",
    "address":"臺北市中山區南京西路1之2號（實際營業地址：五層）",
    "source_dataset":"taipei_clinic"
    }
  },
  {
    "type": "Feature",
    "geometry": {
       "type": "Point",
       "coordinates":  [ 121.553139,25.08179373 ]
    },
    "properties": {
    "city":"taipei",
    "facility_type":"clinic",
    "category":"診所",
    "name":"金時診所",
    "district_code":63000040,
    "district":"中山區",
    "address":"臺北市中山區敬業二路69巷20號1樓",
    "source_dataset":"taipei_clinic"
    }
  },
  {
    "type": "Feature",
    "geometry": {
       "type": "Point",
       "coordinates":  [ 121.539393,25.0628576 ]
    },
    "properties": {
    "city":"taipei",
    "facility_type":"clinic",
    "category":"診所",
    "name":"台北佐登微爾醫美診所",
    "district_code":63000040,
    "district":"中山區",
    "address":"臺北市中山區民權東路1段48號(1樓、2樓、2樓之1)、50號(1樓)",
    "source_dataset":"taipei_clinic"
    }
  },
  {
    "type": "Feature",
    "geometry": {
       "type": "Point",
       "coordinates":  [ 121.5408896,25.06613725 ]
    },
    "properties": {
    "city":"taipei",
    "facility_type":"clinic",
    "category":"診所",
    "name":"龍江固?診所",
    "district_code":63000040,
    "district":"中山區",
    "address":"臺北市中山區龍江路360號1樓",
    "source_dataset":"taipei_clinic"
    }
  },
  {
    "type": "Feature",
    "geometry": {
       "type": "Point",
       "coordinates":  [ 121.5336588,25.04854333 ]
    },
    "properties": {
    "city":"taipei",
    "facility_type":"clinic",
    "category":"診所",
    "name":"欣莘時尚美學診所",
    "district_code":63000040,
    "district":"中山區",
    "address":"臺北市中山區長安東路2段63號2樓、63號2樓之1",
    "source_dataset":"taipei_clinic"
    }
  },
  {
    "type": "Feature",
    "geometry": {
       "type": "Point",
       "coordinates":  [ 121.5366009,25.06439264 ]
    },
    "properties": {
    "city":"taipei",
    "facility_type":"clinic",
    "category":"診所",
    "name":"?新診所",
    "district_code":63000040,
    "district":"中山區",
    "address":"臺北市中山區建國北路三段42號5樓、6樓",
    "source_dataset":"taipei_clinic"
    }
  },
  {
    "type": "Feature",
    "geometry": {
       "type": "Point",
       "coordinates":  [ 121.5436817,25.04630376 ]
    },
    "properties": {
    "city":"taipei",
    "facility_type":"clinic",
    "category":"診所",
    "name":"肌優谷診所",
    "district_code":63000040,
    "district":"中山區",
    "address":"臺北市中山區復興南路一段三十四號二樓",
    "source_dataset":"taipei_clinic"
    }
  },
  {
    "type": "Feature",
    "geometry": {
       "type": "Point",
       "coordinates":  [ 121.5237037,25.05199227 ]
    },
    "properties": {
    "city":"taipei",
    "facility_type":"clinic",
    "category":"診所",
    "name":"鄭紹隆整形外科診所",
    "district_code":63000040,
    "district":"中山區",
    "address":"臺北市中山區南京東路一段二十四號五樓",
    "source_dataset":"taipei_clinic"
    }
  },
  {
    "type": "Feature",
    "geometry": {
       "type": "Point",
       "coordinates":  [ 121.5435022,25.05746248 ]
    },
    "properties": {
    "city":"taipei",
    "facility_type":"clinic",
    "category":"診所",
    "name":"民生承安診所",
    "district_code":63000040,
    "district":"中山區",
    "address":"臺北市中山區民生東路3段90號1樓、2樓",
    "source_dataset":"taipei_clinic"
    }
  },
  {
    "type": "Feature",
    "geometry": {
       "type": "Point",
       "coordinates":  [ 121.5377742,25.05218117 ]
    },
    "properties": {
    "city":"taipei",
    "facility_type":"clinic",
    "category":"診所",
    "name":"萌髮診所",
    "district_code":63000040,
    "district":"中山區",
    "address":"臺北市中山區南京東路三段21號8樓",
    "source_dataset":"taipei_clinic"
    }
  },
  {
    "type": "Feature",
    "geometry": {
       "type": "Point",
       "coordinates":  [ 121.5229545,25.05202909 ]
    },
    "properties": {
    "city":"taipei",
    "facility_type":"clinic",
    "category":"診所",
    "name":"李久恆整形外科診所",
    "district_code":63000040,
    "district":"中山區",
    "address":"臺北市中山區南京東路一段2號6樓",
    "source_dataset":"taipei_clinic"
    }
  },
  {
    "type": "Feature",
    "geometry": {
       "type": "Point",
       "coordinates":  [ 121.5228356,25.05338229 ]
    },
    "properties": {
    "city":"taipei",
    "facility_type":"clinic",
    "category":"診所",
    "name":"雅得麗生活診所",
    "district_code":63000040,
    "district":"中山區",
    "address":"臺北市中山區中山北路二段33號3樓",
    "source_dataset":"taipei_clinic"
    }
  },
  {
    "type": "Feature",
    "geometry": {
       "type": "Point",
       "coordinates":  [ 121.5254504,25.06013736 ]
    },
    "properties": {
    "city":"taipei",
    "facility_type":"clinic",
    "category":"診所",
    "name":"青山診所",
    "district_code":63000040,
    "district":"中山區",
    "address":"臺北市中山區林森北路432號2樓之3",
    "source_dataset":"taipei_clinic"
    }
  },
  {
    "type": "Feature",
    "geometry": {
       "type": "Point",
       "coordinates":  [ 121.5243167,25.05819973 ]
    },
    "properties": {
    "city":"taipei",
    "facility_type":"clinic",
    "category":"診所",
    "name":"春泉診所",
    "district_code":63000040,
    "district":"中山區",
    "address":"臺北市中山區民生東路一段25號2樓",
    "source_dataset":"taipei_clinic"
    }
  },
  {
    "type": "Feature",
    "geometry": {
       "type": "Point",
       "coordinates":  [ 121.5427179,25.05447029 ]
    },
    "properties": {
    "city":"taipei",
    "facility_type":"clinic",
    "category":"診所",
    "name":"宇康復健科診所",
    "district_code":63000040,
    "district":"中山區",
    "address":"臺北市中山區長春路368號2樓",
    "source_dataset":"taipei_clinic"
    }
  },
  {
    "type": "Feature",
    "geometry": {
       "type": "Point",
       "coordinates":  [ 121.5431725,25.06009973 ]
    },
    "properties": {
    "city":"taipei",
    "facility_type":"clinic",
    "category":"診所",
    "name":"明誠診所",
    "district_code":63000040,
    "district":"中山區",
    "address":"臺北市中山區錦州街446號",
    "source_dataset":"taipei_clinic"
    }
  },
  {
    "type": "Feature",
    "geometry": {
       "type": "Point",
       "coordinates":  [ 121.5436431,25.04510734 ]
    },
    "properties": {
    "city":"taipei",
    "facility_type":"clinic",
    "category":"診所",
    "name":"微風整形外科診所",
    "district_code":63000040,
    "district":"中山區",
    "address":"臺北市中山區復興南路一段52號",
    "source_dataset":"taipei_clinic"
    }
  },
  {
    "type": "Feature",
    "geometry": {
       "type": "Point",
       "coordinates":  [ 121.5350968,25.05294427 ]
    },
    "properties": {
    "city":"taipei",
    "facility_type":"clinic",
    "category":"診所",
    "name":"至誠整形外科診所",
    "district_code":63000040,
    "district":"中山區",
    "address":"臺北市中山區伊通街87巷3號",
    "source_dataset":"taipei_clinic"
    }
  },
  {
    "type": "Feature",
    "geometry": {
       "type": "Point",
       "coordinates":  [ 121.5226195,25.05744701 ]
    },
    "properties": {
    "city":"taipei",
    "facility_type":"clinic",
    "category":"診所",
    "name":"澄心診所",
    "district_code":63000040,
    "district":"中山區",
    "address":"臺北市中山區中山北路二段82號2樓",
    "source_dataset":"taipei_clinic"
    }
  },
  {
    "type": "Feature",
    "geometry": {
       "type": "Point",
       "coordinates":  [ 121.548768,25.082687 ]
    },
    "properties": {
    "city":"taipei",
    "facility_type":"clinic",
    "category":"診所",
    "name":"高固?診所",
    "district_code":63000040,
    "district":"中山區",
    "address":"臺北市中山區北安路613號、595巷1號地下一層",
    "source_dataset":"taipei_clinic"
    }
  },
  {
    "type": "Feature",
    "geometry": {
       "type": "Point",
       "coordinates":  [ 121.5307576,25.04859556 ]
    },
    "properties": {
    "city":"taipei",
    "facility_type":"clinic",
    "category":"診所",
    "name":"宏仁診所",
    "district_code":63000040,
    "district":"中山區",
    "address":"臺北市中山區長安東路二段17號",
    "source_dataset":"taipei_clinic"
    }
  },
  {
    "type": "Feature",
    "geometry": {
       "type": "Point",
       "coordinates":  [ 121.5490299,25.08370825 ]
    },
    "properties": {
    "city":"taipei",
    "facility_type":"clinic",
    "category":"診所",
    "name":"莊宇龍診所",
    "district_code":63000040,
    "district":"中山區",
    "address":"臺北市中山區北安路637號",
    "source_dataset":"taipei_clinic"
    }
  },
  {
    "type": "Feature",
    "geometry": {
       "type": "Point",
       "coordinates":  [ 121.5438801,25.06086249 ]
    },
    "properties": {
    "city":"taipei",
    "facility_type":"clinic",
    "category":"診所",
    "name":"創健診所",
    "district_code":63000040,
    "district":"中山區",
    "address":"臺北市中山區復興北路378號地下一層",
    "source_dataset":"taipei_clinic"
    }
  },
  {
    "type": "Feature",
    "geometry": {
       "type": "Point",
       "coordinates":  [ 121.5312961,25.05784481 ]
    },
    "properties": {
    "city":"taipei",
    "facility_type":"clinic",
    "category":"診所",
    "name":"長春耳鼻喉科診所",
    "district_code":63000040,
    "district":"中山區",
    "address":"臺北市中山區民生東路二段110號",
    "source_dataset":"taipei_clinic"
    }
  },
  {
    "type": "Feature",
    "geometry": {
       "type": "Point",
       "coordinates":  [ 121.5255376,25.06433095 ]
    },
    "properties": {
    "city":"taipei",
    "facility_type":"clinic",
    "category":"診所",
    "name":"采醫漾麗診所",
    "district_code":63000040,
    "district":"中山區",
    "address":"臺北市中山區林森北路556號2樓",
    "source_dataset":"taipei_clinic"
    }
  },
  {
    "type": "Feature",
    "geometry": {
       "type": "Point",
       "coordinates":  [ 121.523064,25.06827988 ]
    },
    "properties": {
    "city":"taipei",
    "facility_type":"clinic",
    "category":"診所",
    "name":"魅力必緹診所",
    "district_code":63000040,
    "district":"中山區",
    "address":"臺北市中山區中山北路三段57號2樓",
    "source_dataset":"taipei_clinic"
    }
  },
  {
    "type": "Feature",
    "geometry": {
       "type": "Point",
       "coordinates":  [ 121.5561586,25.079678 ]
    },
    "properties": {
    "city":"taipei",
    "facility_type":"clinic",
    "category":"診所",
    "name":"英爵醫美診所",
    "district_code":63000040,
    "district":"中山區",
    "address":"臺北市中山區敬業三路153號及155號",
    "source_dataset":"taipei_clinic"
    }
  },
  {
    "type": "Feature",
    "geometry": {
       "type": "Point",
       "coordinates":  [ 121.5333647,25.0605578 ]
    },
    "properties": {
    "city":"taipei",
    "facility_type":"clinic",
    "category":"診所",
    "name":"綺麗嘉美型診所",
    "district_code":63000040,
    "district":"中山區",
    "address":"臺北市中山區松江路338號(實際營業樓層:2、3樓)",
    "source_dataset":"taipei_clinic"
    }
  },
  {
    "type": "Feature",
    "geometry": {
       "type": "Point",
       "coordinates":  [ 121.5437528,25.04925524 ]
    },
    "properties": {
    "city":"taipei",
    "facility_type":"clinic",
    "category":"診所",
    "name":"旭恩復健科診所",
    "district_code":63000040,
    "district":"中山區",
    "address":"臺北市中山區復興北路38號2樓",
    "source_dataset":"taipei_clinic"
    }
  },
  {
    "type": "Feature",
    "geometry": {
       "type": "Point",
       "coordinates":  [ 121.5223693,25.05258349 ]
    },
    "properties": {
    "city":"taipei",
    "facility_type":"clinic",
    "category":"診所",
    "name":"楊菘宇整形外科診所",
    "district_code":63000040,
    "district":"中山區",
    "address":"臺北市中山區中山北路二段2號5樓",
    "source_dataset":"taipei_clinic"
    }
  },
  {
    "type": "Feature",
    "geometry": {
       "type": "Point",
       "coordinates":  [ 121.5461001,25.079699 ]
    },
    "properties": {
    "city":"taipei",
    "facility_type":"clinic",
    "category":"診所",
    "name":"愛鄰診所",
    "district_code":63000040,
    "district":"中山區",
    "address":"臺北市中山區北安路520之1號",
    "source_dataset":"taipei_clinic"
    }
  },
  {
    "type": "Feature",
    "geometry": {
       "type": "Point",
       "coordinates":  [ 121.5210861,25.05757269 ]
    },
    "properties": {
    "city":"taipei",
    "facility_type":"clinic",
    "category":"診所",
    "name":"佳禾骨科診所",
    "district_code":63000040,
    "district":"中山區",
    "address":"臺北市中山區民生西路54號3樓",
    "source_dataset":"taipei_clinic"
    }
  },
  {
    "type": "Feature",
    "geometry": {
       "type": "Point",
       "coordinates":  [ 121.5238508,25.0616425 ]
    },
    "properties": {
    "city":"taipei",
    "facility_type":"clinic",
    "category":"診所",
    "name":"思雲診所",
    "district_code":63000040,
    "district":"中山區",
    "address":"臺北市中山區中山北路二段137巷10號、地下室",
    "source_dataset":"taipei_clinic"
    }
  },
  {
    "type": "Feature",
    "geometry": {
       "type": "Point",
       "coordinates":  [ 121.5209983,25.04906311 ]
    },
    "properties": {
    "city":"taipei",
    "facility_type":"clinic",
    "category":"診所",
    "name":"怡仁診所",
    "district_code":63000040,
    "district":"中山區",
    "address":"臺北市中山區中山北路1段82號5樓",
    "source_dataset":"taipei_clinic"
    }
  },
  {
    "type": "Feature",
    "geometry": {
       "type": "Point",
       "coordinates":  [ 121.5236688,25.05485955 ]
    },
    "properties": {
    "city":"taipei",
    "facility_type":"clinic",
    "category":"診所",
    "name":"四季花妍整形診所",
    "district_code":63000040,
    "district":"中山區",
    "address":"臺北市中山區長春路16號5樓",
    "source_dataset":"taipei_clinic"
    }
  },
  {
    "type": "Feature",
    "geometry": {
       "type": "Point",
       "coordinates":  [ 121.5273384,25.0518815 ]
    },
    "properties": {
    "city":"taipei",
    "facility_type":"clinic",
    "category":"診所",
    "name":"星光整形外科診所",
    "district_code":63000040,
    "district":"中山區",
    "address":"臺北市中山區南京東路一段138號3樓",
    "source_dataset":"taipei_clinic"
    }
  },
  {
    "type": "Feature",
    "geometry": {
       "type": "Point",
       "coordinates":  [ 121.5229899,25.04978003 ]
    },
    "properties": {
    "city":"taipei",
    "facility_type":"clinic",
    "category":"診所",
    "name":"黃偉俐診所",
    "district_code":63000040,
    "district":"中山區",
    "address":"臺北市中山區天津街37號2樓",
    "source_dataset":"taipei_clinic"
    }
  },
  {
    "type": "Feature",
    "geometry": {
       "type": "Point",
       "coordinates":  [ 121.5213741,25.05260434 ]
    },
    "properties": {
    "city":"taipei",
    "facility_type":"clinic",
    "category":"診所",
    "name":"黃雅芬兒童心智診所",
    "district_code":63000040,
    "district":"中山區",
    "address":"臺北市中山區南京西路5之1號12樓之1",
    "source_dataset":"taipei_clinic"
    }
  },
  {
    "type": "Feature",
    "geometry": {
       "type": "Point",
       "coordinates":  [ 121.5222607,25.0633405 ]
    },
    "properties": {
    "city":"taipei",
    "facility_type":"clinic",
    "category":"診所",
    "name":"中山民權王耳鼻喉科診所",
    "district_code":63000040,
    "district":"中山區",
    "address":"臺北市中山區中山北路二段166號之2",
    "source_dataset":"taipei_clinic"
    }
  },
  {
    "type": "Feature",
    "geometry": {
       "type": "Point",
       "coordinates":  [ 121.521906,25.05766735 ]
    },
    "properties": {
    "city":"taipei",
    "facility_type":"clinic",
    "category":"診所",
    "name":"信安診所",
    "district_code":63000040,
    "district":"中山區",
    "address":"臺北市中山區民生西路24號3樓",
    "source_dataset":"taipei_clinic"
    }
  },
  {
    "type": "Feature",
    "geometry": {
       "type": "Point",
       "coordinates":  [ 121.5435022,25.05746248 ]
    },
    "properties": {
    "city":"taipei",
    "facility_type":"clinic",
    "category":"診所",
    "name":"興安診所",
    "district_code":63000040,
    "district":"中山區",
    "address":"臺北市中山區民生東路3段90號2樓、9 0號2樓之3",
    "source_dataset":"taipei_clinic"
    }
  },
  {
    "type": "Feature",
    "geometry": {
       "type": "Point",
       "coordinates":  [ 121.5333774,25.05989566 ]
    },
    "properties": {
    "city":"taipei",
    "facility_type":"clinic",
    "category":"診所",
    "name":"恆麗美型診所",
    "district_code":63000040,
    "district":"中山區",
    "address":"臺北市中山區松江路273號3樓",
    "source_dataset":"taipei_clinic"
    }
  },
  {
    "type": "Feature",
    "geometry": {
       "type": "Point",
       "coordinates":  [ 121.5408718,25.0624386 ]
    },
    "properties": {
    "city":"taipei",
    "facility_type":"clinic",
    "category":"診所",
    "name":"聚英視光眼科診所",
    "district_code":63000040,
    "district":"中山區",
    "address":"臺北市中山區民權東路3段54、56號及56號4樓之1",
    "source_dataset":"taipei_clinic"
    }
  },
  {
    "type": "Feature",
    "geometry": {
       "type": "Point",
       "coordinates":  [ 121.5285785,25.06476375 ]
    },
    "properties": {
    "city":"taipei",
    "facility_type":"clinic",
    "category":"診所",
    "name":"農安診所",
    "district_code":63000040,
    "district":"中山區",
    "address":"臺北市中山區農安街62號",
    "source_dataset":"taipei_clinic"
    }
  },
  {
    "type": "Feature",
    "geometry": {
       "type": "Point",
       "coordinates":  [ 121.5335023,25.0648688 ]
    },
    "properties": {
    "city":"taipei",
    "facility_type":"clinic",
    "category":"診所",
    "name":"瀚仕診所",
    "district_code":63000040,
    "district":"中山區",
    "address":"臺北市中山區松江路369號2樓",
    "source_dataset":"taipei_clinic"
    }
  },
  {
    "type": "Feature",
    "geometry": {
       "type": "Point",
       "coordinates":  [ 121.5374956,25.0546258 ]
    },
    "properties": {
    "city":"taipei",
    "facility_type":"clinic",
    "category":"診所",
    "name":"京硯皮膚科診所",
    "district_code":63000040,
    "district":"中山區",
    "address":"臺北市中山區長春路210號1樓、212號(1樓)、212之1號(1樓)、212之2號(1樓)",
    "source_dataset":"taipei_clinic"
    }
  },
  {
    "type": "Feature",
    "geometry": {
       "type": "Point",
       "coordinates":  [ 121.5349841,25.06189677 ]
    },
    "properties": {
    "city":"taipei",
    "facility_type":"clinic",
    "category":"診所",
    "name":"杏慈診所",
    "district_code":63000040,
    "district":"中山區",
    "address":"臺北市中山區民權東路二段152巷2之1號",
    "source_dataset":"taipei_clinic"
    }
  },
  {
    "type": "Feature",
    "geometry": {
       "type": "Point",
       "coordinates":  [ 121.5233785,25.0539241 ]
    },
    "properties": {
    "city":"taipei",
    "facility_type":"clinic",
    "category":"診所",
    "name":"微煦心靈診所",
    "district_code":63000040,
    "district":"中山區",
    "address":"臺北市中山區中山北路二段39巷6號2樓之1",
    "source_dataset":"taipei_clinic"
    }
  },
  {
    "type": "Feature",
    "geometry": {
       "type": "Point",
       "coordinates":  [ 121.5257767,25.06453813 ]
    },
    "properties": {
    "city":"taipei",
    "facility_type":"clinic",
    "category":"診所",
    "name":"慶生診所",
    "district_code":63000040,
    "district":"中山區",
    "address":"臺北市中山區林森北路561號2樓之7及之8",
    "source_dataset":"taipei_clinic"
    }
  },
  {
    "type": "Feature",
    "geometry": {
       "type": "Point",
       "coordinates":  [ 121.5307966,25.05186378 ]
    },
    "properties": {
    "city":"taipei",
    "facility_type":"clinic",
    "category":"診所",
    "name":"曼都整形外科診所",
    "district_code":63000040,
    "district":"中山區",
    "address":"臺北市中山區南京東路2段76號7樓",
    "source_dataset":"taipei_clinic"
    }
  },
  {
    "type": "Feature",
    "geometry": {
       "type": "Point",
       "coordinates":  [ 121.5328624,25.05497794 ]
    },
    "properties": {
    "city":"taipei",
    "facility_type":"clinic",
    "category":"診所",
    "name":"施宏男復健科診所",
    "district_code":63000040,
    "district":"中山區",
    "address":"臺北市中山區松江路158號3樓、3樓之1",
    "source_dataset":"taipei_clinic"
    }
  },
  {
    "type": "Feature",
    "geometry": {
       "type": "Point",
       "coordinates":  [ 121.5412458,25.0470844 ]
    },
    "properties": {
    "city":"taipei",
    "facility_type":"clinic",
    "category":"診所",
    "name":"長安診所",
    "district_code":63000040,
    "district":"中山區",
    "address":"臺北市中山區八德路2段259號（1樓、2樓）",
    "source_dataset":"taipei_clinic"
    }
  },
  {
    "type": "Feature",
    "geometry": {
       "type": "Point",
       "coordinates":  [ 121.5244107,25.06485334 ]
    },
    "properties": {
    "city":"taipei",
    "facility_type":"clinic",
    "category":"診所",
    "name":"康心美婦診所",
    "district_code":63000040,
    "district":"中山區",
    "address":"臺北市中山區農安街14號2樓、雙城街17之4號2樓",
    "source_dataset":"taipei_clinic"
    }
  },
  {
    "type": "Feature",
    "geometry": {
       "type": "Point",
       "coordinates":  [ 121.5398848,25.06591661 ]
    },
    "properties": {
    "city":"taipei",
    "facility_type":"clinic",
    "category":"診所",
    "name":"哲民診所",
    "district_code":63000040,
    "district":"中山區",
    "address":"臺北市中山區龍江路356巷24號",
    "source_dataset":"taipei_clinic"
    }
  },
  {
    "type": "Feature",
    "geometry": {
       "type": "Point",
       "coordinates":  [ 121.5239917,25.05197944 ]
    },
    "properties": {
    "city":"taipei",
    "facility_type":"clinic",
    "category":"診所",
    "name":"群英楊麗珍黃景昱皮膚科診所",
    "district_code":63000040,
    "district":"中山區",
    "address":"臺北市中山區南京東路一段36號3樓",
    "source_dataset":"taipei_clinic"
    }
  },
  {
    "type": "Feature",
    "geometry": {
       "type": "Point",
       "coordinates":  [ 121.5553739,25.08038215 ]
    },
    "properties": {
    "city":"taipei",
    "facility_type":"clinic",
    "category":"診所",
    "name":"美無極美學診所",
    "district_code":63000040,
    "district":"中山區",
    "address":"臺北市中山區樂群二路103號、105號",
    "source_dataset":"taipei_clinic"
    }
  },
  {
    "type": "Feature",
    "geometry": {
       "type": "Point",
       "coordinates":  [ 121.5423184,25.05209136 ]
    },
    "properties": {
    "city":"taipei",
    "facility_type":"clinic",
    "category":"診所",
    "name":"達特琳醫美診所",
    "district_code":63000040,
    "district":"中山區",
    "address":"臺北市中山區南京東路三段195號3樓",
    "source_dataset":"taipei_clinic"
    }
  },
  {
    "type": "Feature",
    "geometry": {
       "type": "Point",
       "coordinates":  [ 121.5435366,25.06166504 ]
    },
    "properties": {
    "city":"taipei",
    "facility_type":"clinic",
    "category":"診所",
    "name":"耘康復健科診所",
    "district_code":63000040,
    "district":"中山區",
    "address":"臺北市中山區復興北路402巷8弄2號",
    "source_dataset":"taipei_clinic"
    }
  },
  {
    "type": "Feature",
    "geometry": {
       "type": "Point",
       "coordinates":  [ 121.5303803,25.06108394 ]
    },
    "properties": {
    "city":"taipei",
    "facility_type":"clinic",
    "category":"診所",
    "name":"元林診所",
    "district_code":63000040,
    "district":"中山區",
    "address":"臺北市中山區吉林路239號3樓、239號3樓之1",
    "source_dataset":"taipei_clinic"
    }
  },
  {
    "type": "Feature",
    "geometry": {
       "type": "Point",
       "coordinates":  [ 121.5255376,25.06433095 ]
    },
    "properties": {
    "city":"taipei",
    "facility_type":"clinic",
    "category":"診所",
    "name":"晴光診所",
    "district_code":63000040,
    "district":"中山區",
    "address":"臺北市中山區林森北路556號",
    "source_dataset":"taipei_clinic"
    }
  },
  {
    "type": "Feature",
    "geometry": {
       "type": "Point",
       "coordinates":  [ 121.5403642,25.05440365 ]
    },
    "properties": {
    "city":"taipei",
    "facility_type":"clinic",
    "category":"診所",
    "name":"喜悅健康診所",
    "district_code":63000040,
    "district":"中山區",
    "address":"臺北市中山區龍江路152號地下一層、152號地下一層之2",
    "source_dataset":"taipei_clinic"
    }
  },
  {
    "type": "Feature",
    "geometry": {
       "type": "Point",
       "coordinates":  [ 121.5327524,25.04868136 ]
    },
    "properties": {
    "city":"taipei",
    "facility_type":"clinic",
    "category":"診所",
    "name":"安康復健科診所",
    "district_code":63000040,
    "district":"中山區",
    "address":"臺北市中山區松江路54號2樓",
    "source_dataset":"taipei_clinic"
    }
  },
  {
    "type": "Feature",
    "geometry": {
       "type": "Point",
       "coordinates":  [ 121.5320821,25.06471233 ]
    },
    "properties": {
    "city":"taipei",
    "facility_type":"clinic",
    "category":"診所",
    "name":"聖和骨外科診所",
    "district_code":63000040,
    "district":"中山區",
    "address":"臺北市中山區農安街138之1號、140號",
    "source_dataset":"taipei_clinic"
    }
  },
  {
    "type": "Feature",
    "geometry": {
       "type": "Point",
       "coordinates":  [ 121.5301926,25.04864712 ]
    },
    "properties": {
    "city":"taipei",
    "facility_type":"clinic",
    "category":"診所",
    "name":"陳博光教授診所",
    "district_code":63000040,
    "district":"中山區",
    "address":"臺北市中山區長安東路二段1號1樓、2樓",
    "source_dataset":"taipei_clinic"
    }
  },
  {
    "type": "Feature",
    "geometry": {
       "type": "Point",
       "coordinates":  [ 121.5216361,25.05763827 ]
    },
    "properties": {
    "city":"taipei",
    "facility_type":"clinic",
    "category":"診所",
    "name":"雙連婦產科小兒科診所",
    "district_code":63000040,
    "district":"中山區",
    "address":"臺北市中山區民生西路30號4樓",
    "source_dataset":"taipei_clinic"
    }
  },
  {
    "type": "Feature",
    "geometry": {
       "type": "Point",
       "coordinates":  [ 121.5406268,25.0606048 ]
    },
    "properties": {
    "city":"taipei",
    "facility_type":"clinic",
    "category":"診所",
    "name":"榮星診所",
    "district_code":63000040,
    "district":"中山區",
    "address":"臺北市中山區龍江路272號 (實際營業地址:1樓、地下一層)及274號 (實際營業地址:1樓)",
    "source_dataset":"taipei_clinic"
    }
  },
  {
    "type": "Feature",
    "geometry": {
       "type": "Point",
       "coordinates":  [ 121.5213741,25.05260434 ]
    },
    "properties": {
    "city":"taipei",
    "facility_type":"clinic",
    "category":"診所",
    "name":"好美醫美診所",
    "district_code":63000040,
    "district":"中山區",
    "address":"臺北市中山區南京西路5之1號6樓",
    "source_dataset":"taipei_clinic"
    }
  },
  {
    "type": "Feature",
    "geometry": {
       "type": "Point",
       "coordinates":  [ 121.5485283,25.08219568 ]
    },
    "properties": {
    "city":"taipei",
    "facility_type":"clinic",
    "category":"診所",
    "name":"惟?診所",
    "district_code":63000040,
    "district":"中山區",
    "address":"臺北市中山區北安路595巷1號地下一層",
    "source_dataset":"taipei_clinic"
    }
  },
  {
    "type": "Feature",
    "geometry": {
       "type": "Point",
       "coordinates":  [ 121.5241438,25.05789291 ]
    },
    "properties": {
    "city":"taipei",
    "facility_type":"clinic",
    "category":"診所",
    "name":"優視眼科診所",
    "district_code":63000040,
    "district":"中山區",
    "address":"臺北市中山區民生東路一段30號2樓",
    "source_dataset":"taipei_clinic"
    }
  },
  {
    "type": "Feature",
    "geometry": {
       "type": "Point",
       "coordinates":  [ 121.5335013,25.06439478 ]
    },
    "properties": {
    "city":"taipei",
    "facility_type":"clinic",
    "category":"診所",
    "name":"臺北市立聯合醫院附設中山門診部",
    "district_code":63000040,
    "district":"中山區",
    "address":"臺北市中山區松江路３６７號１樓",
    "source_dataset":"taipei_clinic"
    }
  },
  {
    "type": "Feature",
    "geometry": {
       "type": "Point",
       "coordinates":  [ 121.5430116,25.07978133 ]
    },
    "properties": {
    "city":"taipei",
    "facility_type":"clinic",
    "category":"診所",
    "name":"國防部醫務組診所",
    "district_code":63000040,
    "district":"中山區",
    "address":"臺北市中山區北安路409號",
    "source_dataset":"taipei_clinic"
    }
  },
  {
    "type": "Feature",
    "geometry": {
       "type": "Point",
       "coordinates":  [ 121.5341903,25.057629 ]
    },
    "properties": {
    "city":"taipei",
    "facility_type":"clinic",
    "category":"診所",
    "name":"長榮海運股份有限公司醫務室",
    "district_code":63000040,
    "district":"中山區",
    "address":"臺北市中山區民生東路二段１６６號７樓",
    "source_dataset":"taipei_clinic"
    }
  },
  {
    "type": "Feature",
    "geometry": {
       "type": "Point",
       "coordinates":  [ 121.5242222,25.0579181 ]
    },
    "properties": {
    "city":"taipei",
    "facility_type":"clinic",
    "category":"診所",
    "name":"生泉婦產科診所",
    "district_code":63000040,
    "district":"中山區",
    "address":"臺北市中山區民生東路一段30號3、4、5樓",
    "source_dataset":"taipei_clinic"
    }
  },
  {
    "type": "Feature",
    "geometry": {
       "type": "Point",
       "coordinates":  [ 121.5312804,25.05810734 ]
    },
    "properties": {
    "city":"taipei",
    "facility_type":"clinic",
    "category":"診所",
    "name":"陳?輝診所",
    "district_code":63000040,
    "district":"中山區",
    "address":"臺北市中山區民生東路二段１０３號",
    "source_dataset":"taipei_clinic"
    }
  },
  {
    "type": "Feature",
    "geometry": {
       "type": "Point",
       "coordinates":  [ 121.5306494,25.0486072 ]
    },
    "properties": {
    "city":"taipei",
    "facility_type":"clinic",
    "category":"診所",
    "name":"曾婦產科診所",
    "district_code":63000040,
    "district":"中山區",
    "address":"臺北市中山區長安東路二段11之1號〈實際營業場所在一樓〉",
    "source_dataset":"taipei_clinic"
    }
  },
  {
    "type": "Feature",
    "geometry": {
       "type": "Point",
       "coordinates":  [ 121.5310463,25.06344125 ]
    },
    "properties": {
    "city":"taipei",
    "facility_type":"clinic",
    "category":"診所",
    "name":"陳家庭醫學科診所",
    "district_code":63000040,
    "district":"中山區",
    "address":"臺北市中山區吉林路３１５巷１８號",
    "source_dataset":"taipei_clinic"
    }
  },
  {
    "type": "Feature",
    "geometry": {
       "type": "Point",
       "coordinates":  [ 121.5303186,25.05773648 ]
    },
    "properties": {
    "city":"taipei",
    "facility_type":"clinic",
    "category":"診所",
    "name":"黃中豪婦產科診所",
    "district_code":63000040,
    "district":"中山區",
    "address":"臺北市中山區吉林路１３１號２Ｆ",
    "source_dataset":"taipei_clinic"
    }
  },
  {
    "type": "Feature",
    "geometry": {
       "type": "Point",
       "coordinates":  [ 121.5223246,25.0603928 ]
    },
    "properties": {
    "city":"taipei",
    "facility_type":"clinic",
    "category":"診所",
    "name":"賴國良婦產科診所",
    "district_code":63000040,
    "district":"中山區",
    "address":"臺北市中山區錦西街１之５號",
    "source_dataset":"taipei_clinic"
    }
  },
  {
    "type": "Feature",
    "geometry": {
       "type": "Point",
       "coordinates":  [ 121.5291256,25.06279469 ]
    },
    "properties": {
    "city":"taipei",
    "facility_type":"clinic",
    "category":"診所",
    "name":"李堯?內兒科診所",
    "district_code":63000040,
    "district":"中山區",
    "address":"臺北市中山區民權東路二段２３號",
    "source_dataset":"taipei_clinic"
    }
  },
  {
    "type": "Feature",
    "geometry": {
       "type": "Point",
       "coordinates":  [ 121.541065,25.04821175 ]
    },
    "properties": {
    "city":"taipei",
    "facility_type":"clinic",
    "category":"診所",
    "name":"趙素芳婦產科診所",
    "district_code":63000040,
    "district":"中山區",
    "address":"臺北市中山區長安東路二段一七八之六號二樓",
    "source_dataset":"taipei_clinic"
    }
  },
  {
    "type": "Feature",
    "geometry": {
       "type": "Point",
       "coordinates":  [ 121.5345612,25.0482593 ]
    },
    "properties": {
    "city":"taipei",
    "facility_type":"clinic",
    "category":"診所",
    "name":"木生婦幼診所",
    "district_code":63000040,
    "district":"中山區",
    "address":"臺北市中山區長安東路二段90號1-4樓、88號4樓",
    "source_dataset":"taipei_clinic"
    }
  },
  {
    "type": "Feature",
    "geometry": {
       "type": "Point",
       "coordinates":  [ 121.5303444,25.05876664 ]
    },
    "properties": {
    "city":"taipei",
    "facility_type":"clinic",
    "category":"診所",
    "name":"富生婦產科診所",
    "district_code":63000040,
    "district":"中山區",
    "address":"臺北市中山區吉林路１５７號",
    "source_dataset":"taipei_clinic"
    }
  },
  {
    "type": "Feature",
    "geometry": {
       "type": "Point",
       "coordinates":  [ 121.53883,25.05480705 ]
    },
    "properties": {
    "city":"taipei",
    "facility_type":"clinic",
    "category":"診所",
    "name":"葉小兒科診所",
    "district_code":63000040,
    "district":"中山區",
    "address":"臺北市中山區長春路２２７號",
    "source_dataset":"taipei_clinic"
    }
  },
  {
    "type": "Feature",
    "geometry": {
       "type": "Point",
       "coordinates":  [ 121.5476508,25.08186659 ]
    },
    "properties": {
    "city":"taipei",
    "facility_type":"clinic",
    "category":"診所",
    "name":"柏泉內科小兒科診所",
    "district_code":63000040,
    "district":"中山區",
    "address":"臺北市中山區北安路５９５巷２０弄５號",
    "source_dataset":"taipei_clinic"
    }
  },
  {
    "type": "Feature",
    "geometry": {
       "type": "Point",
       "coordinates":  [ 121.5304937,25.05785104 ]
    },
    "properties": {
    "city":"taipei",
    "facility_type":"clinic",
    "category":"診所",
    "name":"歐婦產科診所",
    "district_code":63000040,
    "district":"中山區",
    "address":"臺北市中山區民生東路二段８０號",
    "source_dataset":"taipei_clinic"
    }
  },
  {
    "type": "Feature",
    "geometry": {
       "type": "Point",
       "coordinates":  [ 121.5307987,25.0623402 ]
    },
    "properties": {
    "city":"taipei",
    "facility_type":"clinic",
    "category":"診所",
    "name":"楊光榮嗓音耳鼻喉科診所",
    "district_code":63000040,
    "district":"中山區",
    "address":"臺北市中山區民權東路二段56號(實際開業地址：1樓及2樓)",
    "source_dataset":"taipei_clinic"
    }
  },
  {
    "type": "Feature",
    "geometry": {
       "type": "Point",
       "coordinates":  [ 121.5222607,25.0633405 ]
    },
    "properties": {
    "city":"taipei",
    "facility_type":"clinic",
    "category":"診所",
    "name":"王三郎婦產科診所",
    "district_code":63000040,
    "district":"中山區",
    "address":"臺北市中山區中山北路二段166號之2",
    "source_dataset":"taipei_clinic"
    }
  },
  {
    "type": "Feature",
    "geometry": {
       "type": "Point",
       "coordinates":  [ 121.5266704,25.05481569 ]
    },
    "properties": {
    "city":"taipei",
    "facility_type":"clinic",
    "category":"診所",
    "name":"吳輝明婦產科診所",
    "district_code":63000040,
    "district":"中山區",
    "address":"臺北市中山區長春路７８號２Ｆ",
    "source_dataset":"taipei_clinic"
    }
  },
  {
    "type": "Feature",
    "geometry": {
       "type": "Point",
       "coordinates":  [ 121.5230527,25.05728556 ]
    },
    "properties": {
    "city":"taipei",
    "facility_type":"clinic",
    "category":"診所",
    "name":"李義男婦產科診所",
    "district_code":63000040,
    "district":"中山區",
    "address":"臺北市中山區中山北路二段７１號４樓",
    "source_dataset":"taipei_clinic"
    }
  },
  {
    "type": "Feature",
    "geometry": {
       "type": "Point",
       "coordinates":  [ 121.530135,25.0615129 ]
    },
    "properties": {
    "city":"taipei",
    "facility_type":"clinic",
    "category":"診所",
    "name":"輝雄診所",
    "district_code":63000040,
    "district":"中山區",
    "address":"臺北市中山區吉林路300號1、2、3、4樓302號 1、2、3、4樓",
    "source_dataset":"taipei_clinic"
    }
  },
  {
    "type": "Feature",
    "geometry": {
       "type": "Point",
       "coordinates":  [ 121.5412147,25.06444554 ]
    },
    "properties": {
    "city":"taipei",
    "facility_type":"clinic",
    "category":"診所",
    "name":"林錦祥耳鼻喉科診所",
    "district_code":63000040,
    "district":"中山區",
    "address":"臺北市中山區五常街９１號１樓",
    "source_dataset":"taipei_clinic"
    }
  },
  {
    "type": "Feature",
    "geometry": {
       "type": "Point",
       "coordinates":  [ 121.5209617,25.06125144 ]
    },
    "properties": {
    "city":"taipei",
    "facility_type":"clinic",
    "category":"診所",
    "name":"周賢章耳鼻喉科診所",
    "district_code":63000040,
    "district":"中山區",
    "address":"臺北市中山區天祥路２６號",
    "source_dataset":"taipei_clinic"
    }
  },
  {
    "type": "Feature",
    "geometry": {
       "type": "Point",
       "coordinates":  [ 121.521906,25.05766735 ]
    },
    "properties": {
    "city":"taipei",
    "facility_type":"clinic",
    "category":"診所",
    "name":"楊錦標神經科診所",
    "district_code":63000040,
    "district":"中山區",
    "address":"臺北市中山區民生西路24號5樓",
    "source_dataset":"taipei_clinic"
    }
  },
  {
    "type": "Feature",
    "geometry": {
       "type": "Point",
       "coordinates":  [ 121.5482792,25.0808774 ]
    },
    "properties": {
    "city":"taipei",
    "facility_type":"clinic",
    "category":"診所",
    "name":"北安聯合診所",
    "district_code":63000040,
    "district":"中山區",
    "address":"臺北市中山區北安路569之2號 569之3號  569之4號 569之1號二 樓 569之2號二 樓 569之3號二 樓 569之4號二 樓",
    "source_dataset":"taipei_clinic"
    }
  },
  {
    "type": "Feature",
    "geometry": {
       "type": "Point",
       "coordinates":  [ 121.5406675,25.0610055 ]
    },
    "properties": {
    "city":"taipei",
    "facility_type":"clinic",
    "category":"診所",
    "name":"陳世澤內科診所",
    "district_code":63000040,
    "district":"中山區",
    "address":"臺北市中山區龍江路２８４－１號",
    "source_dataset":"taipei_clinic"
    }
  },
  {
    "type": "Feature",
    "geometry": {
       "type": "Point",
       "coordinates":  [ 121.521906,25.05766735 ]
    },
    "properties": {
    "city":"taipei",
    "facility_type":"clinic",
    "category":"診所",
    "name":"宗北內科診所",
    "district_code":63000040,
    "district":"中山區",
    "address":"臺北市中山區民生西路24號2樓",
    "source_dataset":"taipei_clinic"
    }
  },
  {
    "type": "Feature",
    "geometry": {
       "type": "Point",
       "coordinates":  [ 121.5426752,25.04983209 ]
    },
    "properties": {
    "city":"taipei",
    "facility_type":"clinic",
    "category":"診所",
    "name":"世珍婦產診所",
    "district_code":63000040,
    "district":"中山區",
    "address":"臺北市中山區朱崙街四十六號",
    "source_dataset":"taipei_clinic"
    }
  },
  {
    "type": "Feature",
    "geometry": {
       "type": "Point",
       "coordinates":  [ 121.5227356,25.06019958 ]
    },
    "properties": {
    "city":"taipei",
    "facility_type":"clinic",
    "category":"診所",
    "name":"中山實美整形外科診所",
    "district_code":63000040,
    "district":"中山區",
    "address":"臺北市中山區中山北路二段１０６之２號４樓",
    "source_dataset":"taipei_clinic"
    }
  },
  {
    "type": "Feature",
    "geometry": {
       "type": "Point",
       "coordinates":  [ 121.521829,25.05078418 ]
    },
    "properties": {
    "city":"taipei",
    "facility_type":"clinic",
    "category":"診所",
    "name":"東方整形外科診所",
    "district_code":63000040,
    "district":"中山區",
    "address":"臺北市中山區中山北路一段１２２號２樓",
    "source_dataset":"taipei_clinic"
    }
  },
  {
    "type": "Feature",
    "geometry": {
       "type": "Point",
       "coordinates":  [ 121.5488632,25.08168595 ]
    },
    "properties": {
    "city":"taipei",
    "facility_type":"clinic",
    "category":"診所",
    "name":"德美診所",
    "district_code":63000040,
    "district":"中山區",
    "address":"臺北市中山區北安路五九六號一樓",
    "source_dataset":"taipei_clinic"
    }
  },
  {
    "type": "Feature",
    "geometry": {
       "type": "Point",
       "coordinates":  [ 121.5411098,25.04841377 ]
    },
    "properties": {
    "city":"taipei",
    "facility_type":"clinic",
    "category":"診所",
    "name":"英政耳鼻喉科診所",
    "district_code":63000040,
    "district":"中山區",
    "address":"臺北市中山區長安東路二段１６９之9號",
    "source_dataset":"taipei_clinic"
    }
  },
  {
    "type": "Feature",
    "geometry": {
       "type": "Point",
       "coordinates":  [ 121.540307,25.05173923 ]
    },
    "properties": {
    "city":"taipei",
    "facility_type":"clinic",
    "category":"診所",
    "name":"蔡仁雨皮膚科診所",
    "district_code":63000040,
    "district":"中山區",
    "address":"臺北市中山區南京東路三段１１８號３樓",
    "source_dataset":"taipei_clinic"
    }
  },
  {
    "type": "Feature",
    "geometry": {
       "type": "Point",
       "coordinates":  [ 121.524261,25.0524125 ]
    },
    "properties": {
    "city":"taipei",
    "facility_type":"clinic",
    "category":"診所",
    "name":"瑞光眼科診所",
    "district_code":63000040,
    "district":"中山區",
    "address":"臺北市中山區南京東路一段25號、25號2樓",
    "source_dataset":"taipei_clinic"
    }
  },
  {
    "type": "Feature",
    "geometry": {
       "type": "Point",
       "coordinates":  [ 121.5233951,25.05785573 ]
    },
    "properties": {
    "city":"taipei",
    "facility_type":"clinic",
    "category":"診所",
    "name":"鄭志誠小兒科診所",
    "district_code":63000040,
    "district":"中山區",
    "address":"臺北市中山區民生東路一段八號",
    "source_dataset":"taipei_clinic"
    }
  },
  {
    "type": "Feature",
    "geometry": {
       "type": "Point",
       "coordinates":  [ 121.5362614,25.04850641 ]
    },
    "properties": {
    "city":"taipei",
    "facility_type":"clinic",
    "category":"診所",
    "name":"黃大倫婦產科診所",
    "district_code":63000040,
    "district":"中山區",
    "address":"臺北市中山區長安東路二段一三一之三號一樓二樓",
    "source_dataset":"taipei_clinic"
    }
  },
  {
    "type": "Feature",
    "geometry": {
       "type": "Point",
       "coordinates":  [ 121.531334,25.054937 ]
    },
    "properties": {
    "city":"taipei",
    "facility_type":"clinic",
    "category":"診所",
    "name":"潘外科內科診所",
    "district_code":63000040,
    "district":"中山區",
    "address":"臺北市中山區長春路135之1號2樓",
    "source_dataset":"taipei_clinic"
    }
  },
  {
    "type": "Feature",
    "geometry": {
       "type": "Point",
       "coordinates":  [ 121.5333538,25.05357645 ]
    },
    "properties": {
    "city":"taipei",
    "facility_type":"clinic",
    "category":"診所",
    "name":"王俊民皮膚科診所",
    "district_code":63000040,
    "district":"中山區",
    "address":"臺北市中山區松江路一二七之一號三樓",
    "source_dataset":"taipei_clinic"
    }
  },
  {
    "type": "Feature",
    "geometry": {
       "type": "Point",
       "coordinates":  [ 121.5353877,25.0482694 ]
    },
    "properties": {
    "city":"taipei",
    "facility_type":"clinic",
    "category":"診所",
    "name":"蔡國賢耳鼻喉科診所",
    "district_code":63000040,
    "district":"中山區",
    "address":"臺北市中山區長安東路二段108之2號(1樓)",
    "source_dataset":"taipei_clinic"
    }
  },
  {
    "type": "Feature",
    "geometry": {
       "type": "Point",
       "coordinates":  [ 121.52096,25.06111677 ]
    },
    "properties": {
    "city":"taipei",
    "facility_type":"clinic",
    "category":"診所",
    "name":"全安診所",
    "district_code":63000040,
    "district":"中山區",
    "address":"臺北市中山區天祥路20號",
    "source_dataset":"taipei_clinic"
    }
  },
  {
    "type": "Feature",
    "geometry": {
       "type": "Point",
       "coordinates":  [ 121.5222066,25.05676638 ]
    },
    "properties": {
    "city":"taipei",
    "facility_type":"clinic",
    "category":"診所",
    "name":"登彩整形外科診所",
    "district_code":63000040,
    "district":"中山區",
    "address":"臺北市中山區中山北路二段62巷5號1樓",
    "source_dataset":"taipei_clinic"
    }
  },
  {
    "type": "Feature",
    "geometry": {
       "type": "Point",
       "coordinates":  [ 121.531267,25.04858708 ]
    },
    "properties": {
    "city":"taipei",
    "facility_type":"clinic",
    "category":"診所",
    "name":"光華家醫科診所",
    "district_code":63000040,
    "district":"中山區",
    "address":"臺北市中山區長安東路2段33號1樓",
    "source_dataset":"taipei_clinic"
    }
  },
  {
    "type": "Feature",
    "geometry": {
       "type": "Point",
       "coordinates":  [ 121.5406294,25.05923881 ]
    },
    "properties": {
    "city":"taipei",
    "facility_type":"clinic",
    "category":"診所",
    "name":"劉雲祥診所",
    "district_code":63000040,
    "district":"中山區",
    "address":"臺北市中山區龍江路２４６號",
    "source_dataset":"taipei_clinic"
    }
  },
  {
    "type": "Feature",
    "geometry": {
       "type": "Point",
       "coordinates":  [ 121.5427736,25.04838079 ]
    },
    "properties": {
    "city":"taipei",
    "facility_type":"clinic",
    "category":"診所",
    "name":"晏安診所",
    "district_code":63000040,
    "district":"中山區",
    "address":"臺北市中山區長安東路二段１８９號之６",
    "source_dataset":"taipei_clinic"
    }
  },
  {
    "type": "Feature",
    "geometry": {
       "type": "Point",
       "coordinates":  [ 121.534876,25.04888205 ]
    },
    "properties": {
    "city":"taipei",
    "facility_type":"clinic",
    "category":"診所",
    "name":"劉宣彥診所",
    "district_code":63000040,
    "district":"中山區",
    "address":"臺北市中山區伊通街十七之四號",
    "source_dataset":"taipei_clinic"
    }
  },
  {
    "type": "Feature",
    "geometry": {
       "type": "Point",
       "coordinates":  [ 121.5238873,25.05821007 ]
    },
    "properties": {
    "city":"taipei",
    "facility_type":"clinic",
    "category":"診所",
    "name":"池明仁整形外科診所",
    "district_code":63000040,
    "district":"中山區",
    "address":"臺北市中山區民生東路一段13號5樓",
    "source_dataset":"taipei_clinic"
    }
  },
  {
    "type": "Feature",
    "geometry": {
       "type": "Point",
       "coordinates":  [ 121.5425371,25.05447368 ]
    },
    "properties": {
    "city":"taipei",
    "facility_type":"clinic",
    "category":"診所",
    "name":"芯慈耳鼻喉科診所",
    "district_code":63000040,
    "district":"中山區",
    "address":"臺北市中山區長春路364號",
    "source_dataset":"taipei_clinic"
    }
  },
  {
    "type": "Feature",
    "geometry": {
       "type": "Point",
       "coordinates":  [ 121.5232722,25.06410378 ]
    },
    "properties": {
    "city":"taipei",
    "facility_type":"clinic",
    "category":"診所",
    "name":"陳正熹耳鼻喉科診所",
    "district_code":63000040,
    "district":"中山區",
    "address":"臺北市中山區雙城街１０巷１８號１樓",
    "source_dataset":"taipei_clinic"
    }
  },
  {
    "type": "Feature",
    "geometry": {
       "type": "Point",
       "coordinates":  [ 121.5317489,25.05783038 ]
    },
    "properties": {
    "city":"taipei",
    "facility_type":"clinic",
    "category":"診所",
    "name":"如田診所",
    "district_code":63000040,
    "district":"中山區",
    "address":"臺北市中山區民生東路二段一二八號一樓",
    "source_dataset":"taipei_clinic"
    }
  },
  {
    "type": "Feature",
    "geometry": {
       "type": "Point",
       "coordinates":  [ 121.5248695,25.06178471 ]
    },
    "properties": {
    "city":"taipei",
    "facility_type":"clinic",
    "category":"診所",
    "name":"鼎廬診所",
    "district_code":63000040,
    "district":"中山區",
    "address":"臺北市中山區中山北路二段１３７巷３７號１樓",
    "source_dataset":"taipei_clinic"
    }
  },
  {
    "type": "Feature",
    "geometry": {
       "type": "Point",
       "coordinates":  [ 121.5411334,25.05938135 ]
    },
    "properties": {
    "city":"taipei",
    "facility_type":"clinic",
    "category":"診所",
    "name":"蔡瓊瑤眼科診所",
    "district_code":63000040,
    "district":"中山區",
    "address":"臺北市中山區龍江路２７１巷６號",
    "source_dataset":"taipei_clinic"
    }
  },
  {
    "type": "Feature",
    "geometry": {
       "type": "Point",
       "coordinates":  [ 121.5364625,25.05442639 ]
    },
    "properties": {
    "city":"taipei",
    "facility_type":"clinic",
    "category":"診所",
    "name":"長春眼科聯合診所",
    "district_code":63000040,
    "district":"中山區",
    "address":"臺北市中山區建國北路二段６６號",
    "source_dataset":"taipei_clinic"
    }
  },
  {
    "type": "Feature",
    "geometry": {
       "type": "Point",
       "coordinates":  [ 121.5303729,25.0598745 ]
    },
    "properties": {
    "city":"taipei",
    "facility_type":"clinic",
    "category":"診所",
    "name":"德容聯合診所",
    "district_code":63000040,
    "district":"中山區",
    "address":"臺北市中山區吉林路197號、197號2樓",
    "source_dataset":"taipei_clinic"
    }
  },
  {
    "type": "Feature",
    "geometry": {
       "type": "Point",
       "coordinates":  [ 121.5301209,25.05969108 ]
    },
    "properties": {
    "city":"taipei",
    "facility_type":"clinic",
    "category":"診所",
    "name":"王宗前診所",
    "district_code":63000040,
    "district":"中山區",
    "address":"臺北市中山區吉林路２５０號",
    "source_dataset":"taipei_clinic"
    }
  },
  {
    "type": "Feature",
    "geometry": {
       "type": "Point",
       "coordinates":  [ 121.5483172,25.0819988 ]
    },
    "properties": {
    "city":"taipei",
    "facility_type":"clinic",
    "category":"診所",
    "name":"大直診所",
    "district_code":63000040,
    "district":"中山區",
    "address":"臺北市中山區北安路595巷2弄2號(1樓及地下層)、6號1樓",
    "source_dataset":"taipei_clinic"
    }
  },
  {
    "type": "Feature",
    "geometry": {
       "type": "Point",
       "coordinates":  [ 121.538508,25.06032598 ]
    },
    "properties": {
    "city":"taipei",
    "facility_type":"clinic",
    "category":"診所",
    "name":"正恩耳鼻喉科診所",
    "district_code":63000040,
    "district":"中山區",
    "address":"臺北市中山區錦州街321號",
    "source_dataset":"taipei_clinic"
    }
  },
  {
    "type": "Feature",
    "geometry": {
       "type": "Point",
       "coordinates":  [ 121.5407174,25.05531319 ]
    },
    "properties": {
    "city":"taipei",
    "facility_type":"clinic",
    "category":"診所",
    "name":"龍江小兒科診所",
    "district_code":63000040,
    "district":"中山區",
    "address":"臺北市中山區龍江路１８１－１號１樓",
    "source_dataset":"taipei_clinic"
    }
  },
  {
    "type": "Feature",
    "geometry": {
       "type": "Point",
       "coordinates":  [ 121.5416467,25.06590631 ]
    },
    "properties": {
    "city":"taipei",
    "facility_type":"clinic",
    "category":"診所",
    "name":"晉宏診所",
    "district_code":63000040,
    "district":"中山區",
    "address":"臺北市中山區復興北路５１４巷５６號１樓",
    "source_dataset":"taipei_clinic"
    }
  },
  {
    "type": "Feature",
    "geometry": {
       "type": "Point",
       "coordinates":  [ 121.5499096,25.08360274 ]
    },
    "properties": {
    "city":"taipei",
    "facility_type":"clinic",
    "category":"診所",
    "name":"大直復健科診所",
    "district_code":63000040,
    "district":"中山區",
    "address":"臺北市中山區北安路630巷25弄16號",
    "source_dataset":"taipei_clinic"
    }
  },
  {
    "type": "Feature",
    "geometry": {
       "type": "Point",
       "coordinates":  [ 121.5409858,25.05646679 ]
    },
    "properties": {
    "city":"taipei",
    "facility_type":"clinic",
    "category":"診所",
    "name":"寧康聯合診所",
    "district_code":63000040,
    "district":"中山區",
    "address":"臺北市中山區龍江路209巷6之1號",
    "source_dataset":"taipei_clinic"
    }
  },
  {
    "type": "Feature",
    "geometry": {
       "type": "Point",
       "coordinates":  [ 121.5223787,25.0577417 ]
    },
    "properties": {
    "city":"taipei",
    "facility_type":"clinic",
    "category":"診所",
    "name":"宏林診所",
    "district_code":63000040,
    "district":"中山區",
    "address":"臺北市中山區民生西路6號、6號2樓、6號2樓之1",
    "source_dataset":"taipei_clinic"
    }
  },
  {
    "type": "Feature",
    "geometry": {
       "type": "Point",
       "coordinates":  [ 121.542831,25.05471783 ]
    },
    "properties": {
    "city":"taipei",
    "facility_type":"clinic",
    "category":"診所",
    "name":"吳振力診所",
    "district_code":63000040,
    "district":"中山區",
    "address":"臺北市中山區長春路三０九號",
    "source_dataset":"taipei_clinic"
    }
  },
  {
    "type": "Feature",
    "geometry": {
       "type": "Point",
       "coordinates":  [ 121.5302988,25.05673873 ]
    },
    "properties": {
    "city":"taipei",
    "facility_type":"clinic",
    "category":"診所",
    "name":"慶恩小兒科診所",
    "district_code":63000040,
    "district":"中山區",
    "address":"臺北市中山區吉林路一一七號",
    "source_dataset":"taipei_clinic"
    }
  },
  {
    "type": "Feature",
    "geometry": {
       "type": "Point",
       "coordinates":  [ 121.5427736,25.04838079 ]
    },
    "properties": {
    "city":"taipei",
    "facility_type":"clinic",
    "category":"診所",
    "name":"敦北諾貝爾診所",
    "district_code":63000040,
    "district":"中山區",
    "address":"臺北市中山區長安東路二段189號2樓之2",
    "source_dataset":"taipei_clinic"
    }
  },
  {
    "type": "Feature",
    "geometry": {
       "type": "Point",
       "coordinates":  [ 121.5472257,25.052779 ]
    },
    "properties": {
    "city":"taipei",
    "facility_type":"clinic",
    "category":"診所",
    "name":"南京小岩井診所",
    "district_code":63000010,
    "district":"松山區",
    "address":"臺北市松山區南京東路3段303巷8弄6號1樓",
    "source_dataset":"taipei_clinic"
    }
  },
  {
    "type": "Feature",
    "geometry": {
       "type": "Point",
       "coordinates":  [ 121.5575368,25.05175046 ]
    },
    "properties": {
    "city":"taipei",
    "facility_type":"clinic",
    "category":"診所",
    "name":"嬌妮美診所",
    "district_code":63000010,
    "district":"松山區",
    "address":"臺北市松山區南京東路5段3號9樓",
    "source_dataset":"taipei_clinic"
    }
  },
  {
    "type": "Feature",
    "geometry": {
       "type": "Point",
       "coordinates":  [ 121.5468061,25.05198232 ]
    },
    "properties": {
    "city":"taipei",
    "facility_type":"clinic",
    "category":"診所",
    "name":"佳利安診所",
    "district_code":63000010,
    "district":"松山區",
    "address":"臺北市松山區南京東路3段305號8樓",
    "source_dataset":"taipei_clinic"
    }
  },
  {
    "type": "Feature",
    "geometry": {
       "type": "Point",
       "coordinates":  [ 121.5445121,25.06021718 ]
    },
    "properties": {
    "city":"taipei",
    "facility_type":"clinic",
    "category":"診所",
    "name":"安德森整形外科診所",
    "district_code":63000010,
    "district":"松山區",
    "address":"臺北市松山區復興北路337號3樓",
    "source_dataset":"taipei_clinic"
    }
  },
  {
    "type": "Feature",
    "geometry": {
       "type": "Point",
       "coordinates":  [ 121.5461647,25.06182546 ]
    },
    "properties": {
    "city":"taipei",
    "facility_type":"clinic",
    "category":"診所",
    "name":"立健美診所",
    "district_code":63000010,
    "district":"松山區",
    "address":"臺北市松山區民權東路3段130號1樓",
    "source_dataset":"taipei_clinic"
    }
  },
  {
    "type": "Feature",
    "geometry": {
       "type": "Point",
       "coordinates":  [ 121.5508634,25.0543861 ]
    },
    "properties": {
    "city":"taipei",
    "facility_type":"clinic",
    "category":"診所",
    "name":"宸曜診所",
    "district_code":63000010,
    "district":"松山區",
    "address":"臺北市松山區敦化北路155巷8號1、2樓",
    "source_dataset":"taipei_clinic"
    }
  },
  {
    "type": "Feature",
    "geometry": {
       "type": "Point",
       "coordinates":  [ 121.5442165,25.04998494 ]
    },
    "properties": {
    "city":"taipei",
    "facility_type":"clinic",
    "category":"診所",
    "name":"芯橙診所",
    "district_code":63000010,
    "district":"松山區",
    "address":"臺北市松山區復興北路33號6樓",
    "source_dataset":"taipei_clinic"
    }
  },
  {
    "type": "Feature",
    "geometry": {
       "type": "Point",
       "coordinates":  [ 121.5448032,25.0515749 ]
    },
    "properties": {
    "city":"taipei",
    "facility_type":"clinic",
    "category":"診所",
    "name":"守葳診所",
    "district_code":63000010,
    "district":"松山區",
    "address":"臺北市松山區南京東路3段256巷46號1、2樓",
    "source_dataset":"taipei_clinic"
    }
  },
  {
    "type": "Feature",
    "geometry": {
       "type": "Point",
       "coordinates":  [ 121.5457657,25.05374168 ]
    },
    "properties": {
    "city":"taipei",
    "facility_type":"clinic",
    "category":"診所",
    "name":"馥之美診所",
    "district_code":63000010,
    "district":"松山區",
    "address":"臺北市松山區慶城街24之1號5樓",
    "source_dataset":"taipei_clinic"
    }
  },
  {
    "type": "Feature",
    "geometry": {
       "type": "Point",
       "coordinates":  [ 121.5492897,25.04633029 ]
    },
    "properties": {
    "city":"taipei",
    "facility_type":"clinic",
    "category":"診所",
    "name":"蘭瑞診所",
    "district_code":63000010,
    "district":"松山區",
    "address":"臺北市松山區敦化南路1段25號3樓",
    "source_dataset":"taipei_clinic"
    }
  },
  {
    "type": "Feature",
    "geometry": {
       "type": "Point",
       "coordinates":  [ 121.5492897,25.04633029 ]
    },
    "properties": {
    "city":"taipei",
    "facility_type":"clinic",
    "category":"診所",
    "name":"君綺國際診所",
    "district_code":63000010,
    "district":"松山區",
    "address":"臺北市松山區敦化南路1段25號2樓",
    "source_dataset":"taipei_clinic"
    }
  },
  {
    "type": "Feature",
    "geometry": {
       "type": "Point",
       "coordinates":  [ 121.557434,25.0517706 ]
    },
    "properties": {
    "city":"taipei",
    "facility_type":"clinic",
    "category":"診所",
    "name":"麗得醫美整形外科診所",
    "district_code":63000010,
    "district":"松山區",
    "address":"臺北市松山區南京東路5段1號5樓",
    "source_dataset":"taipei_clinic"
    }
  },
  {
    "type": "Feature",
    "geometry": {
       "type": "Point",
       "coordinates":  [ 121.5650519,25.0544256 ]
    },
    "properties": {
    "city":"taipei",
    "facility_type":"clinic",
    "category":"診所",
    "name":"南京安澐診所",
    "district_code":63000010,
    "district":"松山區",
    "address":"臺北市松山區健康路303號(1樓)",
    "source_dataset":"taipei_clinic"
    }
  },
  {
    "type": "Feature",
    "geometry": {
       "type": "Point",
       "coordinates":  [ 121.5442344,25.05085872 ]
    },
    "properties": {
    "city":"taipei",
    "facility_type":"clinic",
    "category":"診所",
    "name":"韓后國際健康醫美診所",
    "district_code":63000010,
    "district":"松山區",
    "address":"臺北市松山區復興北路69號10樓",
    "source_dataset":"taipei_clinic"
    }
  },
  {
    "type": "Feature",
    "geometry": {
       "type": "Point",
       "coordinates":  [ 121.5574266,25.0518277 ]
    },
    "properties": {
    "city":"taipei",
    "facility_type":"clinic",
    "category":"診所",
    "name":"微醫未來美學診所",
    "district_code":63000010,
    "district":"松山區",
    "address":"臺北市松山區南京東路5段166、168號11樓",
    "source_dataset":"taipei_clinic"
    }
  },
  {
    "type": "Feature",
    "geometry": {
       "type": "Point",
       "coordinates":  [ 121.5645186,25.06091416 ]
    },
    "properties": {
    "city":"taipei",
    "facility_type":"clinic",
    "category":"診所",
    "name":"畇力診所",
    "district_code":63000010,
    "district":"松山區",
    "address":"臺北市松山區富錦街512號1樓",
    "source_dataset":"taipei_clinic"
    }
  },
  {
    "type": "Feature",
    "geometry": {
       "type": "Point",
       "coordinates":  [ 121.5444477,25.05798668 ]
    },
    "properties": {
    "city":"taipei",
    "facility_type":"clinic",
    "category":"診所",
    "name":"姿晨健康美學診所",
    "district_code":63000010,
    "district":"松山區",
    "address":"臺北市松山區民生東路3段101號2樓、2樓之1及2樓之2",
    "source_dataset":"taipei_clinic"
    }
  },
  {
    "type": "Feature",
    "geometry": {
       "type": "Point",
       "coordinates":  [ 121.5444178,25.05968331 ]
    },
    "properties": {
    "city":"taipei",
    "facility_type":"clinic",
    "category":"診所",
    "name":"尚安診所",
    "district_code":63000010,
    "district":"松山區",
    "address":"臺北市松山區復興北路331號4樓",
    "source_dataset":"taipei_clinic"
    }
  },
  {
    "type": "Feature",
    "geometry": {
       "type": "Point",
       "coordinates":  [ 121.5464214,25.0563135 ]
    },
    "properties": {
    "city":"taipei",
    "facility_type":"clinic",
    "category":"診所",
    "name":"長庚醫療財團法人長庚診所",
    "district_code":63000010,
    "district":"松山區",
    "address":"臺北市松山區民生東路三段130巷9號2、3、4樓",
    "source_dataset":"taipei_clinic"
    }
  },
  {
    "type": "Feature",
    "geometry": {
       "type": "Point",
       "coordinates":  [ 121.5464644,25.0618386 ]
    },
    "properties": {
    "city":"taipei",
    "facility_type":"clinic",
    "category":"診所",
    "name":"李士虹皮膚科診所",
    "district_code":63000010,
    "district":"松山區",
    "address":"臺北市松山區民權東路3段136號3樓之1",
    "source_dataset":"taipei_clinic"
    }
  },
  {
    "type": "Feature",
    "geometry": {
       "type": "Point",
       "coordinates":  [ 121.5494339,25.05470888 ]
    },
    "properties": {
    "city":"taipei",
    "facility_type":"clinic",
    "category":"診所",
    "name":"富樂診所",
    "district_code":63000010,
    "district":"松山區",
    "address":"臺北市松山區敦化北路167號1樓A區",
    "source_dataset":"taipei_clinic"
    }
  },
  {
    "type": "Feature",
    "geometry": {
       "type": "Point",
       "coordinates":  [ 121.5532456,25.04658092 ]
    },
    "properties": {
    "city":"taipei",
    "facility_type":"clinic",
    "category":"診所",
    "name":"光一診所",
    "district_code":63000010,
    "district":"松山區",
    "address":"臺北市松山區延吉街22巷1號1樓",
    "source_dataset":"taipei_clinic"
    }
  },
  {
    "type": "Feature",
    "geometry": {
       "type": "Point",
       "coordinates":  [ 121.5572219,25.05231133 ]
    },
    "properties": {
    "city":"taipei",
    "facility_type":"clinic",
    "category":"診所",
    "name":"景賀醫美診所",
    "district_code":63000010,
    "district":"松山區",
    "address":"臺北市松山區光復北路125號1樓",
    "source_dataset":"taipei_clinic"
    }
  },
  {
    "type": "Feature",
    "geometry": {
       "type": "Point",
       "coordinates":  [ 121.5442191,25.05008325 ]
    },
    "properties": {
    "city":"taipei",
    "facility_type":"clinic",
    "category":"診所",
    "name":"泛亞皮膚科整形外科診所",
    "district_code":63000010,
    "district":"松山區",
    "address":"臺北市松山區復興北路35號4樓",
    "source_dataset":"taipei_clinic"
    }
  },
  {
    "type": "Feature",
    "geometry": {
       "type": "Point",
       "coordinates":  [ 121.5469375,25.05199648 ]
    },
    "properties": {
    "city":"taipei",
    "facility_type":"clinic",
    "category":"診所",
    "name":"?眼明眼科診所",
    "district_code":63000010,
    "district":"松山區",
    "address":"臺北市松山區南京東路三段309號2樓",
    "source_dataset":"taipei_clinic"
    }
  },
  {
    "type": "Feature",
    "geometry": {
       "type": "Point",
       "coordinates":  [ 121.5555046,25.05519153 ]
    },
    "properties": {
    "city":"taipei",
    "facility_type":"clinic",
    "category":"診所",
    "name":"松原復健診所",
    "district_code":63000010,
    "district":"松山區",
    "address":"臺北市松山區光復北路206號",
    "source_dataset":"taipei_clinic"
    }
  },
  {
    "type": "Feature",
    "geometry": {
       "type": "Point",
       "coordinates":  [ 121.5527769,25.0528422 ]
    },
    "properties": {
    "city":"taipei",
    "facility_type":"clinic",
    "category":"診所",
    "name":"佳德診所",
    "district_code":63000010,
    "district":"松山區",
    "address":"臺北市松山區健康路18號、18之1號1樓及地下1層",
    "source_dataset":"taipei_clinic"
    }
  },
  {
    "type": "Feature",
    "geometry": {
       "type": "Point",
       "coordinates":  [ 121.5553603,25.05841609 ]
    },
    "properties": {
    "city":"taipei",
    "facility_type":"clinic",
    "category":"診所",
    "name":"安德復復健專科診所",
    "district_code":63000010,
    "district":"松山區",
    "address":"臺北市松山區光復北路181號地下二層",
    "source_dataset":"taipei_clinic"
    }
  },
  {
    "type": "Feature",
    "geometry": {
       "type": "Point",
       "coordinates":  [ 121.5592886,25.05876949 ]
    },
    "properties": {
    "city":"taipei",
    "facility_type":"clinic",
    "category":"診所",
    "name":"景賀診所",
    "district_code":63000010,
    "district":"松山區",
    "address":"臺北市松山區民生東路5段85號",
    "source_dataset":"taipei_clinic"
    }
  },
  {
    "type": "Feature",
    "geometry": {
       "type": "Point",
       "coordinates":  [ 121.5532813,25.05823805 ]
    },
    "properties": {
    "city":"taipei",
    "facility_type":"clinic",
    "category":"診所",
    "name":"弘光耳鼻喉科診所",
    "district_code":63000010,
    "district":"松山區",
    "address":"臺北市松山區民生東路四段117號",
    "source_dataset":"taipei_clinic"
    }
  },
  {
    "type": "Feature",
    "geometry": {
       "type": "Point",
       "coordinates":  [ 121.5469375,25.05199648 ]
    },
    "properties": {
    "city":"taipei",
    "facility_type":"clinic",
    "category":"診所",
    "name":"蘋果樹醫美診所",
    "district_code":63000010,
    "district":"松山區",
    "address":"臺北市松山區南京東路三段309號3樓",
    "source_dataset":"taipei_clinic"
    }
  },
  {
    "type": "Feature",
    "geometry": {
       "type": "Point",
       "coordinates":  [ 121.5508576,25.05190561 ]
    },
    "properties": {
    "city":"taipei",
    "facility_type":"clinic",
    "category":"診所",
    "name":"何兆芬健康診所",
    "district_code":63000010,
    "district":"松山區",
    "address":"臺北市松山區南京東路四段47號2樓",
    "source_dataset":"taipei_clinic"
    }
  },
  {
    "type": "Feature",
    "geometry": {
       "type": "Point",
       "coordinates":  [ 121.554041,25.0511976 ]
    },
    "properties": {
    "city":"taipei",
    "facility_type":"clinic",
    "category":"診所",
    "name":"金贊診所",
    "district_code":63000010,
    "district":"松山區",
    "address":"臺北市松山區南京東路四段66號2樓、寧安街68巷25號2樓",
    "source_dataset":"taipei_clinic"
    }
  },
  {
    "type": "Feature",
    "geometry": {
       "type": "Point",
       "coordinates":  [ 121.5635067,25.0559384 ]
    },
    "properties": {
    "city":"taipei",
    "facility_type":"clinic",
    "category":"診所",
    "name":"生昇復健專科診所",
    "district_code":63000010,
    "district":"松山區",
    "address":"臺北市松山區三民路39號",
    "source_dataset":"taipei_clinic"
    }
  },
  {
    "type": "Feature",
    "geometry": {
       "type": "Point",
       "coordinates":  [ 121.5472863,25.05198864 ]
    },
    "properties": {
    "city":"taipei",
    "facility_type":"clinic",
    "category":"診所",
    "name":"美人魚時尚婦產科診所",
    "district_code":63000010,
    "district":"松山區",
    "address":"臺北市松山區南京東路三段331號9樓",
    "source_dataset":"taipei_clinic"
    }
  },
  {
    "type": "Feature",
    "geometry": {
       "type": "Point",
       "coordinates":  [ 121.5530369,25.05132441 ]
    },
    "properties": {
    "city":"taipei",
    "facility_type":"clinic",
    "category":"診所",
    "name":"聯青診所",
    "district_code":63000010,
    "district":"松山區",
    "address":"臺北市松山區南京東路4段16號5樓",
    "source_dataset":"taipei_clinic"
    }
  },
  {
    "type": "Feature",
    "geometry": {
       "type": "Point",
       "coordinates":  [ 121.5597867,25.05130166 ]
    },
    "properties": {
    "city":"taipei",
    "facility_type":"clinic",
    "category":"診所",
    "name":"立悅皮膚科診所",
    "district_code":63000010,
    "district":"松山區",
    "address":"臺北市松山區南京東路五段46號4樓",
    "source_dataset":"taipei_clinic"
    }
  },
  {
    "type": "Feature",
    "geometry": {
       "type": "Point",
       "coordinates":  [ 121.5623333,25.06073742 ]
    },
    "properties": {
    "city":"taipei",
    "facility_type":"clinic",
    "category":"診所",
    "name":"鈞賀診所",
    "district_code":63000010,
    "district":"松山區",
    "address":"臺北市松山區富錦街462號",
    "source_dataset":"taipei_clinic"
    }
  },
  {
    "type": "Feature",
    "geometry": {
       "type": "Point",
       "coordinates":  [ 121.5477233,25.06102299 ]
    },
    "properties": {
    "city":"taipei",
    "facility_type":"clinic",
    "category":"診所",
    "name":"美仕媞時尚醫美診所",
    "district_code":63000010,
    "district":"松山區",
    "address":"臺北市松山區敦化北路244巷33號1樓",
    "source_dataset":"taipei_clinic"
    }
  },
  {
    "type": "Feature",
    "geometry": {
       "type": "Point",
       "coordinates":  [ 121.5602471,25.05015937 ]
    },
    "properties": {
    "city":"taipei",
    "facility_type":"clinic",
    "category":"診所",
    "name":"新心診所",
    "district_code":63000010,
    "district":"松山區",
    "address":"臺北市松山區光復北路11巷63號",
    "source_dataset":"taipei_clinic"
    }
  },
  {
    "type": "Feature",
    "geometry": {
       "type": "Point",
       "coordinates":  [ 121.5638365,25.05650258 ]
    },
    "properties": {
    "city":"taipei",
    "facility_type":"clinic",
    "category":"診所",
    "name":"李政洋身心診所",
    "district_code":63000010,
    "district":"松山區",
    "address":"臺北市松山區三民路84號",
    "source_dataset":"taipei_clinic"
    }
  },
  {
    "type": "Feature",
    "geometry": {
       "type": "Point",
       "coordinates":  [ 121.5442932,25.05363681 ]
    },
    "properties": {
    "city":"taipei",
    "facility_type":"clinic",
    "category":"診所",
    "name":"佳家美學診所",
    "district_code":63000010,
    "district":"松山區",
    "address":"臺北市松山區復興北路145號3樓",
    "source_dataset":"taipei_clinic"
    }
  },
  {
    "type": "Feature",
    "geometry": {
       "type": "Point",
       "coordinates":  [ 121.5655775,25.051596 ]
    },
    "properties": {
    "city":"taipei",
    "facility_type":"clinic",
    "category":"診所",
    "name":"松山大愛眼科診所",
    "district_code":63000010,
    "district":"松山區",
    "address":"臺北市松山區南京東路五段269號1、2、3樓",
    "source_dataset":"taipei_clinic"
    }
  },
  {
    "type": "Feature",
    "geometry": {
       "type": "Point",
       "coordinates":  [ 121.5454468,25.05616305 ]
    },
    "properties": {
    "city":"taipei",
    "facility_type":"clinic",
    "category":"診所",
    "name":"臻品絕色診所",
    "district_code":63000010,
    "district":"松山區",
    "address":"臺北市松山區興安街157號",
    "source_dataset":"taipei_clinic"
    }
  },
  {
    "type": "Feature",
    "geometry": {
       "type": "Point",
       "coordinates":  [ 121.550605,25.05190161 ]
    },
    "properties": {
    "city":"taipei",
    "facility_type":"clinic",
    "category":"診所",
    "name":"極光美學診所",
    "district_code":63000010,
    "district":"松山區",
    "address":"臺北市松山區南京東路四段25號2樓",
    "source_dataset":"taipei_clinic"
    }
  },
  {
    "type": "Feature",
    "geometry": {
       "type": "Point",
       "coordinates":  [ 121.5566912,25.05137504 ]
    },
    "properties": {
    "city":"taipei",
    "facility_type":"clinic",
    "category":"診所",
    "name":"尚志塾遠絡診所",
    "district_code":63000010,
    "district":"松山區",
    "address":"臺北市松山區南京東路四段164號3樓之1",
    "source_dataset":"taipei_clinic"
    }
  },
  {
    "type": "Feature",
    "geometry": {
       "type": "Point",
       "coordinates":  [ 121.550882,25.0519352 ]
    },
    "properties": {
    "city":"taipei",
    "facility_type":"clinic",
    "category":"診所",
    "name":"?悅診所",
    "district_code":63000010,
    "district":"松山區",
    "address":"臺北市松山區南京東路5段163之1號(1、2樓)",
    "source_dataset":"taipei_clinic"
    }
  },
  {
    "type": "Feature",
    "geometry": {
       "type": "Point",
       "coordinates":  [ 121.5652482,25.057104 ]
    },
    "properties": {
    "city":"taipei",
    "facility_type":"clinic",
    "category":"診所",
    "name":"延壽耳鼻喉科診所",
    "district_code":63000010,
    "district":"松山區",
    "address":"臺北市松山區延壽街113號",
    "source_dataset":"taipei_clinic"
    }
  },
  {
    "type": "Feature",
    "geometry": {
       "type": "Point",
       "coordinates":  [ 121.5450706,25.0533915 ]
    },
    "properties": {
    "city":"taipei",
    "facility_type":"clinic",
    "category":"診所",
    "name":"髮王植髮診所",
    "district_code":63000010,
    "district":"松山區",
    "address":"臺北市松山區慶城街21之3號3樓",
    "source_dataset":"taipei_clinic"
    }
  },
  {
    "type": "Feature",
    "geometry": {
       "type": "Point",
       "coordinates":  [ 121.5454185,25.04781738 ]
    },
    "properties": {
    "city":"taipei",
    "facility_type":"clinic",
    "category":"診所",
    "name":"達特邱診所",
    "district_code":63000010,
    "district":"松山區",
    "address":"臺北市松山區八德路二段350號2樓",
    "source_dataset":"taipei_clinic"
    }
  },
  {
    "type": "Feature",
    "geometry": {
       "type": "Point",
       "coordinates":  [ 121.5635238,25.05580069 ]
    },
    "properties": {
    "city":"taipei",
    "facility_type":"clinic",
    "category":"診所",
    "name":"澄東耳鼻喉科診所",
    "district_code":63000010,
    "district":"松山區",
    "address":"臺北市松山區三民路37號",
    "source_dataset":"taipei_clinic"
    }
  },
  {
    "type": "Feature",
    "geometry": {
       "type": "Point",
       "coordinates":  [ 121.545208,25.05162613 ]
    },
    "properties": {
    "city":"taipei",
    "facility_type":"clinic",
    "category":"診所",
    "name":"W頂尖醫美診所",
    "district_code":63000010,
    "district":"松山區",
    "address":"臺北市松山區南京東路三段270號4樓",
    "source_dataset":"taipei_clinic"
    }
  },
  {
    "type": "Feature",
    "geometry": {
       "type": "Point",
       "coordinates":  [ 121.5603091,25.05015884 ]
    },
    "properties": {
    "city":"taipei",
    "facility_type":"clinic",
    "category":"診所",
    "name":"悠適復健科診所",
    "district_code":63000010,
    "district":"松山區",
    "address":"臺北市松山區光復北路11巷65號1樓、67號1樓",
    "source_dataset":"taipei_clinic"
    }
  },
  {
    "type": "Feature",
    "geometry": {
       "type": "Point",
       "coordinates":  [ 121.5442384,25.05105069 ]
    },
    "properties": {
    "city":"taipei",
    "facility_type":"clinic",
    "category":"診所",
    "name":"欣悅超美診所",
    "district_code":63000010,
    "district":"松山區",
    "address":"臺北市松山區復興北路73號3樓",
    "source_dataset":"taipei_clinic"
    }
  },
  {
    "type": "Feature",
    "geometry": {
       "type": "Point",
       "coordinates":  [ 121.5564335,25.0517573 ]
    },
    "properties": {
    "city":"taipei",
    "facility_type":"clinic",
    "category":"診所",
    "name":"聖光眼科診所",
    "district_code":63000010,
    "district":"松山區",
    "address":"臺北市松山區南京東路四段181、183號",
    "source_dataset":"taipei_clinic"
    }
  },
  {
    "type": "Feature",
    "geometry": {
       "type": "Point",
       "coordinates":  [ 121.5444209,25.0598046 ]
    },
    "properties": {
    "city":"taipei",
    "facility_type":"clinic",
    "category":"診所",
    "name":"康活診所",
    "district_code":63000010,
    "district":"松山區",
    "address":"臺北市松山區復興北路333號5樓",
    "source_dataset":"taipei_clinic"
    }
  },
  {
    "type": "Feature",
    "geometry": {
       "type": "Point",
       "coordinates":  [ 121.546401,25.04832456 ]
    },
    "properties": {
    "city":"taipei",
    "facility_type":"clinic",
    "category":"診所",
    "name":"駿昂耳鼻喉科診所",
    "district_code":63000010,
    "district":"松山區",
    "address":"臺北市松山區八德路2段395號1樓及397號1樓",
    "source_dataset":"taipei_clinic"
    }
  },
  {
    "type": "Feature",
    "geometry": {
       "type": "Point",
       "coordinates":  [ 121.5569228,25.0482268 ]
    },
    "properties": {
    "city":"taipei",
    "facility_type":"clinic",
    "category":"診所",
    "name":"樂康診所",
    "district_code":63000010,
    "district":"松山區",
    "address":"臺北市松山區八德路三段 221之1號",
    "source_dataset":"taipei_clinic"
    }
  },
  {
    "type": "Feature",
    "geometry": {
       "type": "Point",
       "coordinates":  [ 121.5571497,25.04824934 ]
    },
    "properties": {
    "city":"taipei",
    "facility_type":"clinic",
    "category":"診所",
    "name":"佑家診所",
    "district_code":63000010,
    "district":"松山區",
    "address":"臺北市松山區八德路三段233號",
    "source_dataset":"taipei_clinic"
    }
  },
  {
    "type": "Feature",
    "geometry": {
       "type": "Point",
       "coordinates":  [ 121.5485637,25.0537434 ]
    },
    "properties": {
    "city":"taipei",
    "facility_type":"clinic",
    "category":"診所",
    "name":"安兒康小兒專科診所",
    "district_code":63000010,
    "district":"松山區",
    "address":"臺北市松山區敦化北路116號、118號、118號2樓",
    "source_dataset":"taipei_clinic"
    }
  },
  {
    "type": "Feature",
    "geometry": {
       "type": "Point",
       "coordinates":  [ 121.5626647,25.05122241 ]
    },
    "properties": {
    "city":"taipei",
    "facility_type":"clinic",
    "category":"診所",
    "name":"南京光澤診所",
    "district_code":63000010,
    "district":"松山區",
    "address":"臺北市松山區南京東路五段154號2樓、156號2樓",
    "source_dataset":"taipei_clinic"
    }
  },
  {
    "type": "Feature",
    "geometry": {
       "type": "Point",
       "coordinates":  [ 121.568195,25.05514881 ]
    },
    "properties": {
    "city":"taipei",
    "facility_type":"clinic",
    "category":"診所",
    "name":"原邑診所",
    "district_code":63000010,
    "district":"松山區",
    "address":"臺北市松山區健康路325巷6弄21號",
    "source_dataset":"taipei_clinic"
    }
  },
  {
    "type": "Feature",
    "geometry": {
       "type": "Point",
       "coordinates":  [ 121.5513162,25.05368714 ]
    },
    "properties": {
    "city":"taipei",
    "facility_type":"clinic",
    "category":"診所",
    "name":"妍棠美學診所",
    "district_code":63000010,
    "district":"松山區",
    "address":"臺北市松山區敦化北路145巷49號",
    "source_dataset":"taipei_clinic"
    }
  },
  {
    "type": "Feature",
    "geometry": {
       "type": "Point",
       "coordinates":  [ 121.565682,25.0511759 ]
    },
    "properties": {
    "city":"taipei",
    "facility_type":"clinic",
    "category":"診所",
    "name":"傑尼斯時尚醫美整形外科診所",
    "district_code":63000010,
    "district":"松山區",
    "address":"臺北市松山區南京東路五段230號3樓之7、3樓之8",
    "source_dataset":"taipei_clinic"
    }
  },
  {
    "type": "Feature",
    "geometry": {
       "type": "Point",
       "coordinates":  [ 121.5580509,25.05086108 ]
    },
    "properties": {
    "city":"taipei",
    "facility_type":"clinic",
    "category":"診所",
    "name":"泰安親親家庭診所",
    "district_code":63000010,
    "district":"松山區",
    "address":"臺北市松山區光復北路97號",
    "source_dataset":"taipei_clinic"
    }
  },
  {
    "type": "Feature",
    "geometry": {
       "type": "Point",
       "coordinates":  [ 121.545739,25.05369195 ]
    },
    "properties": {
    "city":"taipei",
    "facility_type":"clinic",
    "category":"診所",
    "name":"恩緹悠活時尚診所",
    "district_code":63000010,
    "district":"松山區",
    "address":"臺北市松山區慶城街24號4樓",
    "source_dataset":"taipei_clinic"
    }
  },
  {
    "type": "Feature",
    "geometry": {
       "type": "Point",
       "coordinates":  [ 121.5408718,25.0624386 ]
    },
    "properties": {
    "city":"taipei",
    "facility_type":"clinic",
    "category":"診所",
    "name":"弘宇診所",
    "district_code":63000010,
    "district":"松山區",
    "address":"臺北市松山區民權東路3段160巷2之6號(1樓)",
    "source_dataset":"taipei_clinic"
    }
  },
  {
    "type": "Feature",
    "geometry": {
       "type": "Point",
       "coordinates":  [ 121.5543189,25.05182556 ]
    },
    "properties": {
    "city":"taipei",
    "facility_type":"clinic",
    "category":"診所",
    "name":"佑達骨科診所",
    "district_code":63000010,
    "district":"松山區",
    "address":"臺北市松山區南京東路4段95號1樓",
    "source_dataset":"taipei_clinic"
    }
  },
  {
    "type": "Feature",
    "geometry": {
       "type": "Point",
       "coordinates":  [ 121.5521379,25.04551124 ]
    },
    "properties": {
    "city":"taipei",
    "facility_type":"clinic",
    "category":"診所",
    "name":"朱家庭醫學科診所",
    "district_code":63000010,
    "district":"松山區",
    "address":"臺北市松山區八德路3段12巷57弄39之1號1樓",
    "source_dataset":"taipei_clinic"
    }
  },
  {
    "type": "Feature",
    "geometry": {
       "type": "Point",
       "coordinates":  [ 121.5535801,25.046961 ]
    },
    "properties": {
    "city":"taipei",
    "facility_type":"clinic",
    "category":"診所",
    "name":"康健診所",
    "district_code":63000010,
    "district":"松山區",
    "address":"臺北市松山區延吉街9之4號(1樓)及11號2樓",
    "source_dataset":"taipei_clinic"
    }
  },
  {
    "type": "Feature",
    "geometry": {
       "type": "Point",
       "coordinates":  [ 121.5472021,25.05250543 ]
    },
    "properties": {
    "city":"taipei",
    "facility_type":"clinic",
    "category":"診所",
    "name":"吉祥預防醫學診所",
    "district_code":63000010,
    "district":"松山區",
    "address":"臺北市松山區南京東路三段303巷6弄9號1樓",
    "source_dataset":"taipei_clinic"
    }
  },
  {
    "type": "Feature",
    "geometry": {
       "type": "Point",
       "coordinates":  [ 121.5449937,25.05203762 ]
    },
    "properties": {
    "city":"taipei",
    "facility_type":"clinic",
    "category":"診所",
    "name":"名悅時尚診所",
    "district_code":63000010,
    "district":"松山區",
    "address":"臺北市松山區南京東路3段259號9樓",
    "source_dataset":"taipei_clinic"
    }
  },
  {
    "type": "Feature",
    "geometry": {
       "type": "Point",
       "coordinates":  [ 121.5650468,25.0588484 ]
    },
    "properties": {
    "city":"taipei",
    "facility_type":"clinic",
    "category":"診所",
    "name":"宥全診所",
    "district_code":63000010,
    "district":"松山區",
    "address":"臺北市松山區民生東路5段216號1樓",
    "source_dataset":"taipei_clinic"
    }
  },
  {
    "type": "Feature",
    "geometry": {
       "type": "Point",
       "coordinates":  [ 121.5492946,25.04786011 ]
    },
    "properties": {
    "city":"taipei",
    "facility_type":"clinic",
    "category":"診所",
    "name":"依定美時尚診所",
    "district_code":63000010,
    "district":"松山區",
    "address":"臺北市松山區八德路3段2號2樓",
    "source_dataset":"taipei_clinic"
    }
  },
  {
    "type": "Feature",
    "geometry": {
       "type": "Point",
       "coordinates":  [ 121.5530369,25.05132441 ]
    },
    "properties": {
    "city":"taipei",
    "facility_type":"clinic",
    "category":"診所",
    "name":"聯欣診所",
    "district_code":63000010,
    "district":"松山區",
    "address":"臺北市松山區南京東路4段16號5樓",
    "source_dataset":"taipei_clinic"
    }
  },
  {
    "type": "Feature",
    "geometry": {
       "type": "Point",
       "coordinates":  [ 121.5442384,25.05105069 ]
    },
    "properties": {
    "city":"taipei",
    "facility_type":"clinic",
    "category":"診所",
    "name":"全煜耳鼻喉科診所",
    "district_code":63000010,
    "district":"松山區",
    "address":"臺北市松山區復興北路73號2樓",
    "source_dataset":"taipei_clinic"
    }
  },
  {
    "type": "Feature",
    "geometry": {
       "type": "Point",
       "coordinates":  [ 121.5449937,25.05203762 ]
    },
    "properties": {
    "city":"taipei",
    "facility_type":"clinic",
    "category":"診所",
    "name":"瑞麗嘉健康美學慶中診所",
    "district_code":63000010,
    "district":"松山區",
    "address":"臺北市松山區南京東路3段259號5樓",
    "source_dataset":"taipei_clinic"
    }
  },
  {
    "type": "Feature",
    "geometry": {
       "type": "Point",
       "coordinates":  [ 121.5455476,25.05250548 ]
    },
    "properties": {
    "city":"taipei",
    "facility_type":"clinic",
    "category":"診所",
    "name":"禾玥醫學診所",
    "district_code":63000010,
    "district":"松山區",
    "address":"臺北市松山區南京東路3段269巷6號1樓",
    "source_dataset":"taipei_clinic"
    }
  },
  {
    "type": "Feature",
    "geometry": {
       "type": "Point",
       "coordinates":  [ 121.5595616,25.05171475 ]
    },
    "properties": {
    "city":"taipei",
    "facility_type":"clinic",
    "category":"診所",
    "name":"麥茵茲美形診所",
    "district_code":63000010,
    "district":"松山區",
    "address":"臺北市松山區南京東路5段71號2樓之3、2樓之4及3樓之5",
    "source_dataset":"taipei_clinic"
    }
  },
  {
    "type": "Feature",
    "geometry": {
       "type": "Point",
       "coordinates":  [ 121.5538469,25.05143722 ]
    },
    "properties": {
    "city":"taipei",
    "facility_type":"clinic",
    "category":"診所",
    "name":"恆美學診所",
    "district_code":63000010,
    "district":"松山區",
    "address":"臺北市松山區南京東路4段56號2樓",
    "source_dataset":"taipei_clinic"
    }
  },
  {
    "type": "Feature",
    "geometry": {
       "type": "Point",
       "coordinates":  [ 121.5459346,25.05857569 ]
    },
    "properties": {
    "city":"taipei",
    "facility_type":"clinic",
    "category":"診所",
    "name":"髮立現診所",
    "district_code":63000010,
    "district":"松山區",
    "address":"臺北市松山區民生東路3段113巷6弄3號1樓",
    "source_dataset":"taipei_clinic"
    }
  },
  {
    "type": "Feature",
    "geometry": {
       "type": "Point",
       "coordinates":  [ 121.5449937,25.05203762 ]
    },
    "properties": {
    "city":"taipei",
    "facility_type":"clinic",
    "category":"診所",
    "name":"耀渼麗醫學美容診所",
    "district_code":63000010,
    "district":"松山區",
    "address":"臺北市松山區南京東路3段259號4樓",
    "source_dataset":"taipei_clinic"
    }
  },
  {
    "type": "Feature",
    "geometry": {
       "type": "Point",
       "coordinates":  [ 121.5485592,25.05045277 ]
    },
    "properties": {
    "city":"taipei",
    "facility_type":"clinic",
    "category":"診所",
    "name":"佳思優醫美整形診所",
    "district_code":63000010,
    "district":"松山區",
    "address":"臺北市松山區敦化北路8號1樓(1、2層)",
    "source_dataset":"taipei_clinic"
    }
  },
  {
    "type": "Feature",
    "geometry": {
       "type": "Point",
       "coordinates":  [ 121.5773136,25.0496778 ]
    },
    "properties": {
    "city":"taipei",
    "facility_type":"clinic",
    "category":"診所",
    "name":"臺北市立聯合醫院附設松山門診部",
    "district_code":63000010,
    "district":"松山區",
    "address":"臺北市松山區八德路4段694號(1樓)",
    "source_dataset":"taipei_clinic"
    }
  },
  {
    "type": "Feature",
    "geometry": {
       "type": "Point",
       "coordinates":  [ 121.5556227,25.06365905 ]
    },
    "properties": {
    "city":"taipei",
    "facility_type":"clinic",
    "category":"診所",
    "name":"交通部民用航空局航空醫務中心",
    "district_code":63000010,
    "district":"松山區",
    "address":"臺北市松山區敦化北路405巷123弄10號",
    "source_dataset":"taipei_clinic"
    }
  },
  {
    "type": "Feature",
    "geometry": {
       "type": "Point",
       "coordinates":  [ 121.5664714,25.05115104 ]
    },
    "properties": {
    "city":"taipei",
    "facility_type":"clinic",
    "category":"診所",
    "name":"榮恩耳鼻喉科小兒科聯合診所",
    "district_code":63000010,
    "district":"松山區",
    "address":"臺北市松山區南京東路五段２５８號",
    "source_dataset":"taipei_clinic"
    }
  },
  {
    "type": "Feature",
    "geometry": {
       "type": "Point",
       "coordinates":  [ 121.5678698,25.04935862 ]
    },
    "properties": {
    "city":"taipei",
    "facility_type":"clinic",
    "category":"診所",
    "name":"林聰賢婦產科診所",
    "district_code":63000010,
    "district":"松山區",
    "address":"臺北市松山區八德路四段３４５號２Ｆ",
    "source_dataset":"taipei_clinic"
    }
  },
  {
    "type": "Feature",
    "geometry": {
       "type": "Point",
       "coordinates":  [ 121.5621512,25.05849357 ]
    },
    "properties": {
    "city":"taipei",
    "facility_type":"clinic",
    "category":"診所",
    "name":"劉內兒科診所",
    "district_code":63000010,
    "district":"松山區",
    "address":"臺北市松山區民生東路五段148號、148之1號",
    "source_dataset":"taipei_clinic"
    }
  },
  {
    "type": "Feature",
    "geometry": {
       "type": "Point",
       "coordinates":  [ 121.5753698,25.05017444 ]
    },
    "properties": {
    "city":"taipei",
    "facility_type":"clinic",
    "category":"診所",
    "name":"趙耳鼻喉科診所",
    "district_code":63000010,
    "district":"松山區",
    "address":"臺北市松山區八德路四段６４９號一樓",
    "source_dataset":"taipei_clinic"
    }
  },
  {
    "type": "Feature",
    "geometry": {
       "type": "Point",
       "coordinates":  [ 121.5640804,25.06066469 ]
    },
    "properties": {
    "city":"taipei",
    "facility_type":"clinic",
    "category":"診所",
    "name":"康明哲小兒科內科診所",
    "district_code":63000010,
    "district":"松山區",
    "address":"臺北市松山區三民路１３６巷１５號",
    "source_dataset":"taipei_clinic"
    }
  },
  {
    "type": "Feature",
    "geometry": {
       "type": "Point",
       "coordinates":  [ 121.5651087,25.04904326 ]
    },
    "properties": {
    "city":"taipei",
    "facility_type":"clinic",
    "category":"診所",
    "name":"松山內兒科診所",
    "district_code":63000010,
    "district":"松山區",
    "address":"臺北市松山區八德路四段２５５號",
    "source_dataset":"taipei_clinic"
    }
  },
  {
    "type": "Feature",
    "geometry": {
       "type": "Point",
       "coordinates":  [ 121.5559437,25.05846024 ]
    },
    "properties": {
    "city":"taipei",
    "facility_type":"clinic",
    "category":"診所",
    "name":"王俊彰耳鼻喉科診所",
    "district_code":63000010,
    "district":"松山區",
    "address":"臺北市松山區民生東路五段１７號",
    "source_dataset":"taipei_clinic"
    }
  },
  {
    "type": "Feature",
    "geometry": {
       "type": "Point",
       "coordinates":  [ 121.5634067,25.06068269 ]
    },
    "properties": {
    "city":"taipei",
    "facility_type":"clinic",
    "category":"診所",
    "name":"林志聖眼科診所",
    "district_code":63000010,
    "district":"松山區",
    "address":"臺北市松山區三民路１４０號",
    "source_dataset":"taipei_clinic"
    }
  },
  {
    "type": "Feature",
    "geometry": {
       "type": "Point",
       "coordinates":  [ 121.5616975,25.05812997 ]
    },
    "properties": {
    "city":"taipei",
    "facility_type":"clinic",
    "category":"診所",
    "name":"張芳杰內兒科診所",
    "district_code":63000010,
    "district":"松山區",
    "address":"臺北市松山區民生東路五段１３８巷７號",
    "source_dataset":"taipei_clinic"
    }
  },
  {
    "type": "Feature",
    "geometry": {
       "type": "Point",
       "coordinates":  [ 121.5651473,25.04904762 ]
    },
    "properties": {
    "city":"taipei",
    "facility_type":"clinic",
    "category":"診所",
    "name":"高國隆婦產科診所",
    "district_code":63000010,
    "district":"松山區",
    "address":"臺北市松山區八德路四段257號2樓",
    "source_dataset":"taipei_clinic"
    }
  },
  {
    "type": "Feature",
    "geometry": {
       "type": "Point",
       "coordinates":  [ 121.5607886,25.04837317 ]
    },
    "properties": {
    "city":"taipei",
    "facility_type":"clinic",
    "category":"診所",
    "name":"陳大昕耳鼻喉科診所",
    "district_code":63000010,
    "district":"松山區",
    "address":"臺北市松山區八德路四段１００號",
    "source_dataset":"taipei_clinic"
    }
  },
  {
    "type": "Feature",
    "geometry": {
       "type": "Point",
       "coordinates":  [ 121.5633289,25.05791644 ]
    },
    "properties": {
    "city":"taipei",
    "facility_type":"clinic",
    "category":"診所",
    "name":"吳耳鼻喉科診所",
    "district_code":63000010,
    "district":"松山區",
    "address":"臺北市松山區三民路１１３巷１－１號",
    "source_dataset":"taipei_clinic"
    }
  },
  {
    "type": "Feature",
    "geometry": {
       "type": "Point",
       "coordinates":  [ 121.5603628,25.05678588 ]
    },
    "properties": {
    "city":"taipei",
    "facility_type":"clinic",
    "category":"診所",
    "name":"陳炳堅內科診所",
    "district_code":63000010,
    "district":"松山區",
    "address":"臺北市松山區延壽街３２７號",
    "source_dataset":"taipei_clinic"
    }
  },
  {
    "type": "Feature",
    "geometry": {
       "type": "Point",
       "coordinates":  [ 121.5549625,25.04798034 ]
    },
    "properties": {
    "city":"taipei",
    "facility_type":"clinic",
    "category":"診所",
    "name":"康瑞耳鼻喉科診所",
    "district_code":63000010,
    "district":"松山區",
    "address":"臺北市松山區八德路三段154號1樓",
    "source_dataset":"taipei_clinic"
    }
  },
  {
    "type": "Feature",
    "geometry": {
       "type": "Point",
       "coordinates":  [ 121.5616986,25.05853211 ]
    },
    "properties": {
    "city":"taipei",
    "facility_type":"clinic",
    "category":"診所",
    "name":"吳慶南內科診所",
    "district_code":63000010,
    "district":"松山區",
    "address":"臺北市松山區民生東路五段１３８巷１號",
    "source_dataset":"taipei_clinic"
    }
  },
  {
    "type": "Feature",
    "geometry": {
       "type": "Point",
       "coordinates":  [ 121.5526167,25.0460739 ]
    },
    "properties": {
    "city":"taipei",
    "facility_type":"clinic",
    "category":"診所",
    "name":"華南小兒科診所",
    "district_code":63000010,
    "district":"松山區",
    "address":"臺北市松山區延吉街３０巷１５號",
    "source_dataset":"taipei_clinic"
    }
  },
  {
    "type": "Feature",
    "geometry": {
       "type": "Point",
       "coordinates":  [ 121.5659775,25.04913949 ]
    },
    "properties": {
    "city":"taipei",
    "facility_type":"clinic",
    "category":"診所",
    "name":"江建中診所",
    "district_code":63000010,
    "district":"松山區",
    "address":"臺北市松山區八德路4段285號1樓",
    "source_dataset":"taipei_clinic"
    }
  },
  {
    "type": "Feature",
    "geometry": {
       "type": "Point",
       "coordinates":  [ 121.5585464,25.05177026 ]
    },
    "properties": {
    "city":"taipei",
    "facility_type":"clinic",
    "category":"診所",
    "name":"尚群眼科診所",
    "district_code":63000010,
    "district":"松山區",
    "address":"臺北市松山區南京東路五段４３號１樓",
    "source_dataset":"taipei_clinic"
    }
  },
  {
    "type": "Feature",
    "geometry": {
       "type": "Point",
       "coordinates":  [ 121.5590485,25.05836364 ]
    },
    "properties": {
    "city":"taipei",
    "facility_type":"clinic",
    "category":"診所",
    "name":"民生翁耳鼻喉科診所",
    "district_code":63000010,
    "district":"松山區",
    "address":"臺北市松山區民生東路五段78號1樓",
    "source_dataset":"taipei_clinic"
    }
  },
  {
    "type": "Feature",
    "geometry": {
       "type": "Point",
       "coordinates":  [ 121.5643511,25.05235736 ]
    },
    "properties": {
    "city":"taipei",
    "facility_type":"clinic",
    "category":"診所",
    "name":"江崇萍小兒科診所",
    "district_code":63000010,
    "district":"松山區",
    "address":"臺北市松山區南京東路五段２５１巷２４弄２７號",
    "source_dataset":"taipei_clinic"
    }
  },
  {
    "type": "Feature",
    "geometry": {
       "type": "Point",
       "coordinates":  [ 121.5519412,25.04806612 ]
    },
    "properties": {
    "city":"taipei",
    "facility_type":"clinic",
    "category":"診所",
    "name":"安德聯合診所",
    "district_code":63000010,
    "district":"松山區",
    "address":"臺北市松山區八德路三段３４號４樓及１２樓",
    "source_dataset":"taipei_clinic"
    }
  },
  {
    "type": "Feature",
    "geometry": {
       "type": "Point",
       "coordinates":  [ 121.5640002,25.06111273 ]
    },
    "properties": {
    "city":"taipei",
    "facility_type":"clinic",
    "category":"診所",
    "name":"安成診所",
    "district_code":63000010,
    "district":"松山區",
    "address":"臺北市松山區富錦街４９７號",
    "source_dataset":"taipei_clinic"
    }
  },
  {
    "type": "Feature",
    "geometry": {
       "type": "Point",
       "coordinates":  [ 121.5552905,25.04795635 ]
    },
    "properties": {
    "city":"taipei",
    "facility_type":"clinic",
    "category":"診所",
    "name":"美佳皮膚科診所",
    "district_code":63000010,
    "district":"松山區",
    "address":"臺北市松山區八德路三段１６４號２樓",
    "source_dataset":"taipei_clinic"
    }
  },
  {
    "type": "Feature",
    "geometry": {
       "type": "Point",
       "coordinates":  [ 121.5550043,25.04797705 ]
    },
    "properties": {
    "city":"taipei",
    "facility_type":"clinic",
    "category":"診所",
    "name":"傅眼科診所",
    "district_code":63000010,
    "district":"松山區",
    "address":"臺北市松山區八德路三段156號3樓",
    "source_dataset":"taipei_clinic"
    }
  },
  {
    "type": "Feature",
    "geometry": {
       "type": "Point",
       "coordinates":  [ 121.5524985,25.05686152 ]
    },
    "properties": {
    "city":"taipei",
    "facility_type":"clinic",
    "category":"診所",
    "name":"王貞乃皮膚科診所",
    "district_code":63000010,
    "district":"松山區",
    "address":"臺北市松山區民生東路四段80巷6弄7號",
    "source_dataset":"taipei_clinic"
    }
  },
  {
    "type": "Feature",
    "geometry": {
       "type": "Point",
       "coordinates":  [ 121.5605059,25.06018966 ]
    },
    "properties": {
    "city":"taipei",
    "facility_type":"clinic",
    "category":"診所",
    "name":"王躬仁診所",
    "district_code":63000010,
    "district":"松山區",
    "address":"臺北市松山區新中街１２之３號１樓",
    "source_dataset":"taipei_clinic"
    }
  },
  {
    "type": "Feature",
    "geometry": {
       "type": "Point",
       "coordinates":  [ 121.55619,25.04816251 ]
    },
    "properties": {
    "city":"taipei",
    "facility_type":"clinic",
    "category":"診所",
    "name":"車參薇小兒科診所",
    "district_code":63000010,
    "district":"松山區",
    "address":"臺北市松山區八德路三段195號１樓",
    "source_dataset":"taipei_clinic"
    }
  },
  {
    "type": "Feature",
    "geometry": {
       "type": "Point",
       "coordinates":  [ 121.5646506,25.04808626 ]
    },
    "properties": {
    "city":"taipei",
    "facility_type":"clinic",
    "category":"診所",
    "name":"洪小兒科診所",
    "district_code":63000010,
    "district":"松山區",
    "address":"臺北市松山區市民大道五段１６５號１樓",
    "source_dataset":"taipei_clinic"
    }
  },
  {
    "type": "Feature",
    "geometry": {
       "type": "Point",
       "coordinates":  [ 121.5523677,25.05815428 ]
    },
    "properties": {
    "city":"taipei",
    "facility_type":"clinic",
    "category":"診所",
    "name":"方一強眼科診所",
    "district_code":63000010,
    "district":"松山區",
    "address":"臺北市松山區民生東路四段１０１號２樓",
    "source_dataset":"taipei_clinic"
    }
  },
  {
    "type": "Feature",
    "geometry": {
       "type": "Point",
       "coordinates":  [ 121.5449022,25.05273472 ]
    },
    "properties": {
    "city":"taipei",
    "facility_type":"clinic",
    "category":"診所",
    "name":"趙彥宇邱慧嫻皮膚科聯合診所",
    "district_code":63000010,
    "district":"松山區",
    "address":"臺北市松山區慶城街8之1號3樓及8號3樓",
    "source_dataset":"taipei_clinic"
    }
  },
  {
    "type": "Feature",
    "geometry": {
       "type": "Point",
       "coordinates":  [ 121.5574058,25.0480445 ]
    },
    "properties": {
    "city":"taipei",
    "facility_type":"clinic",
    "category":"診所",
    "name":"京華皮膚科診所",
    "district_code":63000010,
    "district":"松山區",
    "address":"臺北市松山區八德路三段238號",
    "source_dataset":"taipei_clinic"
    }
  },
  {
    "type": "Feature",
    "geometry": {
       "type": "Point",
       "coordinates":  [ 121.5472863,25.05198864 ]
    },
    "properties": {
    "city":"taipei",
    "facility_type":"clinic",
    "category":"診所",
    "name":"英爵聯合診所",
    "district_code":63000010,
    "district":"松山區",
    "address":"臺北市松山區南京東路3段331號2樓",
    "source_dataset":"taipei_clinic"
    }
  },
  {
    "type": "Feature",
    "geometry": {
       "type": "Point",
       "coordinates":  [ 121.5512194,25.04807217 ]
    },
    "properties": {
    "city":"taipei",
    "facility_type":"clinic",
    "category":"診所",
    "name":"閎新耳鼻喉科皮膚科聯合診所",
    "district_code":63000010,
    "district":"松山區",
    "address":"臺北市松山區八德路三段20之2號",
    "source_dataset":"taipei_clinic"
    }
  },
  {
    "type": "Feature",
    "geometry": {
       "type": "Point",
       "coordinates":  [ 121.5473276,25.05250418 ]
    },
    "properties": {
    "city":"taipei",
    "facility_type":"clinic",
    "category":"診所",
    "name":"完全優整合醫學診所",
    "district_code":63000010,
    "district":"松山區",
    "address":"臺北市松山區南京東路三段303巷6弄11號",
    "source_dataset":"taipei_clinic"
    }
  },
  {
    "type": "Feature",
    "geometry": {
       "type": "Point",
       "coordinates":  [ 121.560348,25.05928371 ]
    },
    "properties": {
    "city":"taipei",
    "facility_type":"clinic",
    "category":"診所",
    "name":"日聖眼科診所",
    "district_code":63000010,
    "district":"松山區",
    "address":"臺北市松山區新中街３５號",
    "source_dataset":"taipei_clinic"
    }
  },
  {
    "type": "Feature",
    "geometry": {
       "type": "Point",
       "coordinates":  [ 121.5571867,25.0527659 ]
    },
    "properties": {
    "city":"taipei",
    "facility_type":"clinic",
    "category":"診所",
    "name":"正風復健科診所",
    "district_code":63000010,
    "district":"松山區",
    "address":"臺北市松山區光復北路133及135號1樓",
    "source_dataset":"taipei_clinic"
    }
  },
  {
    "type": "Feature",
    "geometry": {
       "type": "Point",
       "coordinates":  [ 121.553089,25.05658135 ]
    },
    "properties": {
    "city":"taipei",
    "facility_type":"clinic",
    "category":"診所",
    "name":"大家好診所",
    "district_code":63000010,
    "district":"松山區",
    "address":"臺北市松山區民生東路四段８０巷１１弄２號１樓",
    "source_dataset":"taipei_clinic"
    }
  },
  {
    "type": "Feature",
    "geometry": {
       "type": "Point",
       "coordinates":  [ 121.5493413,25.05363711 ]
    },
    "properties": {
    "city":"taipei",
    "facility_type":"clinic",
    "category":"診所",
    "name":"湘豐診所",
    "district_code":63000010,
    "district":"松山區",
    "address":"臺北市松山區敦化北路１４１號５樓",
    "source_dataset":"taipei_clinic"
    }
  },
  {
    "type": "Feature",
    "geometry": {
       "type": "Point",
       "coordinates":  [ 121.5660367,25.05924027 ]
    },
    "properties": {
    "city":"taipei",
    "facility_type":"clinic",
    "category":"診所",
    "name":"蔡恭禮內兒科診所",
    "district_code":63000010,
    "district":"松山區",
    "address":"臺北市松山區新東街28號之2",
    "source_dataset":"taipei_clinic"
    }
  },
  {
    "type": "Feature",
    "geometry": {
       "type": "Point",
       "coordinates":  [ 121.5658071,25.05248338 ]
    },
    "properties": {
    "city":"taipei",
    "facility_type":"clinic",
    "category":"診所",
    "name":"林忠志診所",
    "district_code":63000010,
    "district":"松山區",
    "address":"臺北市松山區南京東路五段291巷20弄3之3號",
    "source_dataset":"taipei_clinic"
    }
  },
  {
    "type": "Feature",
    "geometry": {
       "type": "Point",
       "coordinates":  [ 121.5582845,25.0481359 ]
    },
    "properties": {
    "city":"taipei",
    "facility_type":"clinic",
    "category":"診所",
    "name":"王世興醫師診所",
    "district_code":63000010,
    "district":"松山區",
    "address":"臺北市松山區八德路四段10號",
    "source_dataset":"taipei_clinic"
    }
  },
  {
    "type": "Feature",
    "geometry": {
       "type": "Point",
       "coordinates":  [ 121.560077,25.05877572 ]
    },
    "properties": {
    "city":"taipei",
    "facility_type":"clinic",
    "category":"診所",
    "name":"詹前俊小兒科診所",
    "district_code":63000010,
    "district":"松山區",
    "address":"臺北市松山區民生東路五段１０５號",
    "source_dataset":"taipei_clinic"
    }
  },
  {
    "type": "Feature",
    "geometry": {
       "type": "Point",
       "coordinates":  [ 121.5476379,25.06026821 ]
    },
    "properties": {
    "city":"taipei",
    "facility_type":"clinic",
    "category":"診所",
    "name":"周玄文診所",
    "district_code":63000010,
    "district":"松山區",
    "address":"臺北市松山區民權東路三段１６０巷１９弄６號",
    "source_dataset":"taipei_clinic"
    }
  },
  {
    "type": "Feature",
    "geometry": {
       "type": "Point",
       "coordinates":  [ 121.5749314,25.04984504 ]
    },
    "properties": {
    "city":"taipei",
    "facility_type":"clinic",
    "category":"診所",
    "name":"余內科診所",
    "district_code":63000010,
    "district":"松山區",
    "address":"臺北市松山區八德路四段６４６號",
    "source_dataset":"taipei_clinic"
    }
  },
  {
    "type": "Feature",
    "geometry": {
       "type": "Point",
       "coordinates":  [ 121.5634692,25.05597654 ]
    },
    "properties": {
    "city":"taipei",
    "facility_type":"clinic",
    "category":"診所",
    "name":"雷湘安皮膚科診所",
    "district_code":63000010,
    "district":"松山區",
    "address":"臺北市松山區三民路43巷1號",
    "source_dataset":"taipei_clinic"
    }
  },
  {
    "type": "Feature",
    "geometry": {
       "type": "Point",
       "coordinates":  [ 121.559343,25.05131222 ]
    },
    "properties": {
    "city":"taipei",
    "facility_type":"clinic",
    "category":"診所",
    "name":"張國華整形外科診所",
    "district_code":63000010,
    "district":"松山區",
    "address":"臺北市松山區南京東路五段34號2樓",
    "source_dataset":"taipei_clinic"
    }
  },
  {
    "type": "Feature",
    "geometry": {
       "type": "Point",
       "coordinates":  [ 121.5580011,25.04894528 ]
    },
    "properties": {
    "city":"taipei",
    "facility_type":"clinic",
    "category":"診所",
    "name":"林永濤整形外科診所",
    "district_code":63000010,
    "district":"松山區",
    "address":"臺北市松山區光復北路７號７樓",
    "source_dataset":"taipei_clinic"
    }
  },
  {
    "type": "Feature",
    "geometry": {
       "type": "Point",
       "coordinates":  [ 121.5495486,25.06146111 ]
    },
    "properties": {
    "city":"taipei",
    "facility_type":"clinic",
    "category":"診所",
    "name":"安禾聯合診所",
    "district_code":63000010,
    "district":"松山區",
    "address":"臺北市松山區民權東路三段一七八號三樓",
    "source_dataset":"taipei_clinic"
    }
  },
  {
    "type": "Feature",
    "geometry": {
       "type": "Point",
       "coordinates":  [ 121.5677556,25.05154682 ]
    },
    "properties": {
    "city":"taipei",
    "facility_type":"clinic",
    "category":"診所",
    "name":"親親家庭診所",
    "district_code":63000010,
    "district":"松山區",
    "address":"臺北市松山區南京東路五段347號",
    "source_dataset":"taipei_clinic"
    }
  },
  {
    "type": "Feature",
    "geometry": {
       "type": "Point",
       "coordinates":  [ 121.5656595,25.05891402 ]
    },
    "properties": {
    "city":"taipei",
    "facility_type":"clinic",
    "category":"診所",
    "name":"黎博彥診所",
    "district_code":63000010,
    "district":"松山區",
    "address":"臺北市松山區民生東路五段230號",
    "source_dataset":"taipei_clinic"
    }
  },
  {
    "type": "Feature",
    "geometry": {
       "type": "Point",
       "coordinates":  [ 121.5522216,25.05852888 ]
    },
    "properties": {
    "city":"taipei",
    "facility_type":"clinic",
    "category":"診所",
    "name":"美麗優品時尚診所",
    "district_code":63000010,
    "district":"松山區",
    "address":"臺北市松山區民生東路四段97巷2弄1號",
    "source_dataset":"taipei_clinic"
    }
  },
  {
    "type": "Feature",
    "geometry": {
       "type": "Point",
       "coordinates":  [ 121.5467418,25.06050067 ]
    },
    "properties": {
    "city":"taipei",
    "facility_type":"clinic",
    "category":"診所",
    "name":"宇恩復健科診所",
    "district_code":63000010,
    "district":"松山區",
    "address":"臺北市松山區民權東路三段140巷15號3樓",
    "source_dataset":"taipei_clinic"
    }
  },
  {
    "type": "Feature",
    "geometry": {
       "type": "Point",
       "coordinates":  [ 121.5466577,25.04730856 ]
    },
    "properties": {
    "city":"taipei",
    "facility_type":"clinic",
    "category":"診所",
    "name":"正顏診所",
    "district_code":63000010,
    "district":"松山區",
    "address":"臺北市松山區八德路二段410巷12號",
    "source_dataset":"taipei_clinic"
    }
  },
  {
    "type": "Feature",
    "geometry": {
       "type": "Point",
       "coordinates":  [ 121.5492983,25.04691499 ]
    },
    "properties": {
    "city":"taipei",
    "facility_type":"clinic",
    "category":"診所",
    "name":"奧斯卡眼科診所",
    "district_code":63000010,
    "district":"松山區",
    "address":"臺北市松山區敦化南路1段7號2樓及3樓之1",
    "source_dataset":"taipei_clinic"
    }
  },
  {
    "type": "Feature",
    "geometry": {
       "type": "Point",
       "coordinates":  [ 121.5534148,25.04681332 ]
    },
    "properties": {
    "city":"taipei",
    "facility_type":"clinic",
    "category":"診所",
    "name":"邱楠超診所",
    "district_code":63000010,
    "district":"松山區",
    "address":"臺北市松山區延吉街20號1樓",
    "source_dataset":"taipei_clinic"
    }
  },
  {
    "type": "Feature",
    "geometry": {
       "type": "Point",
       "coordinates":  [ 121.5534615,25.05144713 ]
    },
    "properties": {
    "city":"taipei",
    "facility_type":"clinic",
    "category":"診所",
    "name":"祐腎內科診所",
    "district_code":63000010,
    "district":"松山區",
    "address":"臺北市松山區南京東路四段50號8樓",
    "source_dataset":"taipei_clinic"
    }
  },
  {
    "type": "Feature",
    "geometry": {
       "type": "Point",
       "coordinates":  [ 121.5553923,25.05595089 ]
    },
    "properties": {
    "city":"taipei",
    "facility_type":"clinic",
    "category":"診所",
    "name":"介壽診所",
    "district_code":63000010,
    "district":"松山區",
    "address":"臺北市松山區光復北路226號",
    "source_dataset":"taipei_clinic"
    }
  },
  {
    "type": "Feature",
    "geometry": {
       "type": "Point",
       "coordinates":  [ 121.5530679,25.0515056 ]
    },
    "properties": {
    "city":"taipei",
    "facility_type":"clinic",
    "category":"診所",
    "name":"聯安診所",
    "district_code":63000010,
    "district":"松山區",
    "address":"臺北市松山區南京東路4段16號地下二樓",
    "source_dataset":"taipei_clinic"
    }
  },
  {
    "type": "Feature",
    "geometry": {
       "type": "Point",
       "coordinates":  [ 121.5460583,25.05885208 ]
    },
    "properties": {
    "city":"taipei",
    "facility_type":"clinic",
    "category":"診所",
    "name":"怡碩視光眼科診所",
    "district_code":63000010,
    "district":"松山區",
    "address":"臺北市松山區復興北路313巷28號",
    "source_dataset":"taipei_clinic"
    }
  },
  {
    "type": "Feature",
    "geometry": {
       "type": "Point",
       "coordinates":  [ 121.5596903,25.05880508 ]
    },
    "properties": {
    "city":"taipei",
    "facility_type":"clinic",
    "category":"診所",
    "name":"裕昇診所",
    "district_code":63000010,
    "district":"松山區",
    "address":"臺北市松山區民生東路5段95號",
    "source_dataset":"taipei_clinic"
    }
  },
  {
    "type": "Feature",
    "geometry": {
       "type": "Point",
       "coordinates":  [ 121.5503472,25.05421561 ]
    },
    "properties": {
    "city":"taipei",
    "facility_type":"clinic",
    "category":"診所",
    "name":"永承診所",
    "district_code":63000010,
    "district":"松山區",
    "address":"臺北市松山區敦化北路155巷9號地下一層",
    "source_dataset":"taipei_clinic"
    }
  },
  {
    "type": "Feature",
    "geometry": {
       "type": "Point",
       "coordinates":  [ 121.5635651,25.05377595 ]
    },
    "properties": {
    "city":"taipei",
    "facility_type":"clinic",
    "category":"診所",
    "name":"松山信合美眼科診所",
    "district_code":63000010,
    "district":"松山區",
    "address":"臺北市松山區三民路      9號、9之3號、9之4號、9之5號、9之6號、9之8號",
    "source_dataset":"taipei_clinic"
    }
  },
  {
    "type": "Feature",
    "geometry": {
       "type": "Point",
       "coordinates":  [ 121.5442989,25.02157465 ]
    },
    "properties": {
    "city":"taipei",
    "facility_type":"clinic",
    "category":"診所",
    "name":"臺北市立聯合醫院附設大安門診部",
    "district_code":63000030,
    "district":"大安區",
    "address":"臺北市大安區辛亥路3段15號",
    "source_dataset":"taipei_clinic"
    }
  },
  {
    "type": "Feature",
    "geometry": {
       "type": "Point",
       "coordinates":  [ 121.5337006,25.01698107 ]
    },
    "properties": {
    "city":"taipei",
    "facility_type":"clinic",
    "category":"診所",
    "name":"國立台灣大學保健中心",
    "district_code":63000030,
    "district":"大安區",
    "address":"臺北市大安區羅斯福路四段１號",
    "source_dataset":"taipei_clinic"
    }
  },
  {
    "type": "Feature",
    "geometry": {
       "type": "Point",
       "coordinates":  [ 121.5263754,25.03422882 ]
    },
    "properties": {
    "city":"taipei",
    "facility_type":"clinic",
    "category":"診所",
    "name":"信恩美醫診所",
    "district_code":63000030,
    "district":"大安區",
    "address":"臺北市大安區信義路二段７２號４樓",
    "source_dataset":"taipei_clinic"
    }
  },
  {
    "type": "Feature",
    "geometry": {
       "type": "Point",
       "coordinates":  [ 121.5515268,25.03356297 ]
    },
    "properties": {
    "city":"taipei",
    "facility_type":"clinic",
    "category":"診所",
    "name":"張少萌婦產科診所",
    "district_code":63000030,
    "district":"大安區",
    "address":"臺北市大安區信義路四段１９９巷２號４樓之１之２",
    "source_dataset":"taipei_clinic"
    }
  },
  {
    "type": "Feature",
    "geometry": {
       "type": "Point",
       "coordinates":  [ 121.5446626,25.02846972 ]
    },
    "properties": {
    "city":"taipei",
    "facility_type":"clinic",
    "category":"診所",
    "name":"劉耳鼻喉科診所",
    "district_code":63000030,
    "district":"大安區",
    "address":"臺北市大安區復興南路2段151巷27號、27之1號",
    "source_dataset":"taipei_clinic"
    }
  },
  {
    "type": "Feature",
    "geometry": {
       "type": "Point",
       "coordinates":  [ 121.5441468,25.02497781 ]
    },
    "properties": {
    "city":"taipei",
    "facility_type":"clinic",
    "category":"診所",
    "name":"曹眼科診所",
    "district_code":63000030,
    "district":"大安區",
    "address":"臺北市大安區和平東路二段２６９號２樓",
    "source_dataset":"taipei_clinic"
    }
  },
  {
    "type": "Feature",
    "geometry": {
       "type": "Point",
       "coordinates":  [ 121.5468475,25.04135697 ]
    },
    "properties": {
    "city":"taipei",
    "facility_type":"clinic",
    "category":"診所",
    "name":"忠孝眼科診所",
    "district_code":63000030,
    "district":"大安區",
    "address":"臺北市大安區忠孝東路四段１１２號６樓－７",
    "source_dataset":"taipei_clinic"
    }
  },
  {
    "type": "Feature",
    "geometry": {
       "type": "Point",
       "coordinates":  [ 121.5526778,25.0304018 ]
    },
    "properties": {
    "city":"taipei",
    "facility_type":"clinic",
    "category":"診所",
    "name":"董曉青眼科診所",
    "district_code":63000030,
    "district":"大安區",
    "address":"臺北市大安區安和路二段69巷6號2樓",
    "source_dataset":"taipei_clinic"
    }
  },
  {
    "type": "Feature",
    "geometry": {
       "type": "Point",
       "coordinates":  [ 121.5547917,25.02199074 ]
    },
    "properties": {
    "city":"taipei",
    "facility_type":"clinic",
    "category":"診所",
    "name":"大安黃耳鼻喉科診所",
    "district_code":63000030,
    "district":"大安區",
    "address":"臺北市大安區和平東路3段234號",
    "source_dataset":"taipei_clinic"
    }
  },
  {
    "type": "Feature",
    "geometry": {
       "type": "Point",
       "coordinates":  [ 121.5285903,25.02368094 ]
    },
    "properties": {
    "city":"taipei",
    "facility_type":"clinic",
    "category":"診所",
    "name":"黃禎祥診所",
    "district_code":63000030,
    "district":"大安區",
    "address":"臺北市大安區師大路７１號",
    "source_dataset":"taipei_clinic"
    }
  },
  {
    "type": "Feature",
    "geometry": {
       "type": "Point",
       "coordinates":  [ 121.542117,25.025254 ]
    },
    "properties": {
    "city":"taipei",
    "facility_type":"clinic",
    "category":"診所",
    "name":"陳秀鳳婦產科診所",
    "district_code":63000030,
    "district":"大安區",
    "address":"臺北市大安區和平東路二段１９１號２樓",
    "source_dataset":"taipei_clinic"
    }
  },
  {
    "type": "Feature",
    "geometry": {
       "type": "Point",
       "coordinates":  [ 121.5491689,25.03461356 ]
    },
    "properties": {
    "city":"taipei",
    "facility_type":"clinic",
    "category":"診所",
    "name":"大安林內科診所",
    "district_code":63000030,
    "district":"大安區",
    "address":"臺北市大安區敦化南路一段３２１號５樓",
    "source_dataset":"taipei_clinic"
    }
  },
  {
    "type": "Feature",
    "geometry": {
       "type": "Point",
       "coordinates":  [ 121.5290743,25.02260771 ]
    },
    "properties": {
    "city":"taipei",
    "facility_type":"clinic",
    "category":"診所",
    "name":"新鑫耳鼻喉科診所",
    "district_code":63000030,
    "district":"大安區",
    "address":"臺北市大安區師大路１０５巷１３號１樓",
    "source_dataset":"taipei_clinic"
    }
  },
  {
    "type": "Feature",
    "geometry": {
       "type": "Point",
       "coordinates":  [ 121.5457216,25.02489084 ]
    },
    "properties": {
    "city":"taipei",
    "facility_type":"clinic",
    "category":"診所",
    "name":"陳志明診所",
    "district_code":63000030,
    "district":"大安區",
    "address":"臺北市大安區和平東路二段３３７號",
    "source_dataset":"taipei_clinic"
    }
  },
  {
    "type": "Feature",
    "geometry": {
       "type": "Point",
       "coordinates":  [ 121.5406138,25.04290845 ]
    },
    "properties": {
    "city":"taipei",
    "facility_type":"clinic",
    "category":"診所",
    "name":"蔡國仁內兒科診所",
    "district_code":63000030,
    "district":"大安區",
    "address":"臺北市大安區忠孝東路三段２１７巷４弄２１號",
    "source_dataset":"taipei_clinic"
    }
  },
  {
    "type": "Feature",
    "geometry": {
       "type": "Point",
       "coordinates":  [ 121.5450037,25.0336612 ]
    },
    "properties": {
    "city":"taipei",
    "facility_type":"clinic",
    "category":"診所",
    "name":"詹骨科診所",
    "district_code":63000030,
    "district":"大安區",
    "address":"臺北市大安區信義路四段５３巷６號",
    "source_dataset":"taipei_clinic"
    }
  },
  {
    "type": "Feature",
    "geometry": {
       "type": "Point",
       "coordinates":  [ 121.5454398,25.03353139 ]
    },
    "properties": {
    "city":"taipei",
    "facility_type":"clinic",
    "category":"診所",
    "name":"吳坤光婦產科診所",
    "district_code":63000030,
    "district":"大安區",
    "address":"臺北市大安區信義路四段５９號",
    "source_dataset":"taipei_clinic"
    }
  },
  {
    "type": "Feature",
    "geometry": {
       "type": "Point",
       "coordinates":  [ 121.5548764,25.02190607 ]
    },
    "properties": {
    "city":"taipei",
    "facility_type":"clinic",
    "category":"診所",
    "name":"劉達昌眼科診所",
    "district_code":63000030,
    "district":"大安區",
    "address":"臺北市大安區和平東路三段２３８號",
    "source_dataset":"taipei_clinic"
    }
  },
  {
    "type": "Feature",
    "geometry": {
       "type": "Point",
       "coordinates":  [ 121.5460077,25.04484667 ]
    },
    "properties": {
    "city":"taipei",
    "facility_type":"clinic",
    "category":"診所",
    "name":"林青穀家庭醫學科診所",
    "district_code":63000030,
    "district":"大安區",
    "address":"臺北市大安區大安路1段2之1號",
    "source_dataset":"taipei_clinic"
    }
  },
  {
    "type": "Feature",
    "geometry": {
       "type": "Point",
       "coordinates":  [ 121.5460712,25.0441073 ]
    },
    "properties": {
    "city":"taipei",
    "facility_type":"clinic",
    "category":"診所",
    "name":"博全婦產科診所",
    "district_code":63000030,
    "district":"大安區",
    "address":"臺北市大安區大安路一段18號、16巷1、1-1、3、3-1、5、5-1號2樓",
    "source_dataset":"taipei_clinic"
    }
  },
  {
    "type": "Feature",
    "geometry": {
       "type": "Point",
       "coordinates":  [ 121.5567021,25.03330006 ]
    },
    "properties": {
    "city":"taipei",
    "facility_type":"clinic",
    "category":"診所",
    "name":"鄭耳鼻喉科診所",
    "district_code":63000030,
    "district":"大安區",
    "address":"臺北市大安區信義路四段３４１號",
    "source_dataset":"taipei_clinic"
    }
  },
  {
    "type": "Feature",
    "geometry": {
       "type": "Point",
       "coordinates":  [ 121.5452225,25.02516325 ]
    },
    "properties": {
    "city":"taipei",
    "facility_type":"clinic",
    "category":"診所",
    "name":"施崇仁耳鼻喉科診所",
    "district_code":63000030,
    "district":"大安區",
    "address":"臺北市大安區和平東路二段３１１巷13號１Ｆ",
    "source_dataset":"taipei_clinic"
    }
  },
  {
    "type": "Feature",
    "geometry": {
       "type": "Point",
       "coordinates":  [ 121.53911,25.04240692 ]
    },
    "properties": {
    "city":"taipei",
    "facility_type":"clinic",
    "category":"診所",
    "name":"林繼國診所",
    "district_code":63000030,
    "district":"大安區",
    "address":"臺北市大安區忠孝東路三段２１７巷１弄１２號１樓",
    "source_dataset":"taipei_clinic"
    }
  },
  {
    "type": "Feature",
    "geometry": {
       "type": "Point",
       "coordinates":  [ 121.54984,25.03966828 ]
    },
    "properties": {
    "city":"taipei",
    "facility_type":"clinic",
    "category":"診所",
    "name":"馬大勳婦產科診所",
    "district_code":63000030,
    "district":"大安區",
    "address":"臺北市大安區安和路一段１１號２樓－１",
    "source_dataset":"taipei_clinic"
    }
  },
  {
    "type": "Feature",
    "geometry": {
       "type": "Point",
       "coordinates":  [ 121.5469007,25.04348931 ]
    },
    "properties": {
    "city":"taipei",
    "facility_type":"clinic",
    "category":"診所",
    "name":"頂好林耳鼻喉科診所",
    "district_code":63000030,
    "district":"大安區",
    "address":"臺北市大安區敦化南路一段１６０巷５０號",
    "source_dataset":"taipei_clinic"
    }
  },
  {
    "type": "Feature",
    "geometry": {
       "type": "Point",
       "coordinates":  [ 121.5285969,25.0236597 ]
    },
    "properties": {
    "city":"taipei",
    "facility_type":"clinic",
    "category":"診所",
    "name":"黃禎憲皮膚科診所",
    "district_code":63000030,
    "district":"大安區",
    "address":"臺北市大安區師大路７1號2樓及７7號",
    "source_dataset":"taipei_clinic"
    }
  },
  {
    "type": "Feature",
    "geometry": {
       "type": "Point",
       "coordinates":  [ 121.533837,25.0205161 ]
    },
    "properties": {
    "city":"taipei",
    "facility_type":"clinic",
    "category":"診所",
    "name":"大學眼科診所",
    "district_code":63000030,
    "district":"大安區",
    "address":"臺北市大安區新生南路3段54之3號1樓、54巷2號2樓、54巷2號2樓之1",
    "source_dataset":"taipei_clinic"
    }
  },
  {
    "type": "Feature",
    "geometry": {
       "type": "Point",
       "coordinates":  [ 121.5522782,25.02550669 ]
    },
    "properties": {
    "city":"taipei",
    "facility_type":"clinic",
    "category":"診所",
    "name":"陳建銓耳鼻喉科診所",
    "district_code":63000030,
    "district":"大安區",
    "address":"臺北市大安區樂利路９３號１Ｆ",
    "source_dataset":"taipei_clinic"
    }
  },
  {
    "type": "Feature",
    "geometry": {
       "type": "Point",
       "coordinates":  [ 121.5524928,25.04123425 ]
    },
    "properties": {
    "city":"taipei",
    "facility_type":"clinic",
    "category":"診所",
    "name":"張尚哲婦產科診所",
    "district_code":63000030,
    "district":"大安區",
    "address":"臺北市大安區忠孝東路四段２１０號４Ｆ",
    "source_dataset":"taipei_clinic"
    }
  },
  {
    "type": "Feature",
    "geometry": {
       "type": "Point",
       "coordinates":  [ 121.536098,25.0256434 ]
    },
    "properties": {
    "city":"taipei",
    "facility_type":"clinic",
    "category":"診所",
    "name":"李翔耳鼻喉科診所",
    "district_code":63000030,
    "district":"大安區",
    "address":"臺北市大安區和平東路2段18之8號2Ｆ",
    "source_dataset":"taipei_clinic"
    }
  },
  {
    "type": "Feature",
    "geometry": {
       "type": "Point",
       "coordinates":  [ 121.5511656,25.04168708 ]
    },
    "properties": {
    "city":"taipei",
    "facility_type":"clinic",
    "category":"診所",
    "name":"霍天年整形外科診所",
    "district_code":63000030,
    "district":"大安區",
    "address":"臺北市大安區忠孝東路四段一九一號六樓之一",
    "source_dataset":"taipei_clinic"
    }
  },
  {
    "type": "Feature",
    "geometry": {
       "type": "Point",
       "coordinates":  [ 121.5280843,25.0210768 ]
    },
    "properties": {
    "city":"taipei",
    "facility_type":"clinic",
    "category":"診所",
    "name":"葉明憲小兒科診所",
    "district_code":63000030,
    "district":"大安區",
    "address":"臺北市大安區羅斯福路三段１９１號２Ｆ",
    "source_dataset":"taipei_clinic"
    }
  },
  {
    "type": "Feature",
    "geometry": {
       "type": "Point",
       "coordinates":  [ 121.5497616,25.02213668 ]
    },
    "properties": {
    "city":"taipei",
    "facility_type":"clinic",
    "category":"診所",
    "name":"張渝醫師診所",
    "district_code":63000030,
    "district":"大安區",
    "address":"臺北市大安區基隆路二段２７０號１Ｆ",
    "source_dataset":"taipei_clinic"
    }
  },
  {
    "type": "Feature",
    "geometry": {
       "type": "Point",
       "coordinates":  [ 121.5301616,25.01912307 ]
    },
    "properties": {
    "city":"taipei",
    "facility_type":"clinic",
    "category":"診所",
    "name":"羅斯福診所",
    "district_code":63000030,
    "district":"大安區",
    "address":"臺北市大安區羅斯福路3段253號2樓，2樓之1，2樓之3",
    "source_dataset":"taipei_clinic"
    }
  },
  {
    "type": "Feature",
    "geometry": {
       "type": "Point",
       "coordinates":  [ 121.5429539,25.0247199 ]
    },
    "properties": {
    "city":"taipei",
    "facility_type":"clinic",
    "category":"診所",
    "name":"啟誠聯合診所",
    "district_code":63000030,
    "district":"大安區",
    "address":"臺北市大安區和平東路二段120號1樓、2樓、3樓、4樓",
    "source_dataset":"taipei_clinic"
    }
  },
  {
    "type": "Feature",
    "geometry": {
       "type": "Point",
       "coordinates":  [ 121.555108,25.03477046 ]
    },
    "properties": {
    "city":"taipei",
    "facility_type":"clinic",
    "category":"診所",
    "name":"通化延吉診所",
    "district_code":63000030,
    "district":"大安區",
    "address":"臺北市大安區信義路四段２６５巷３６號",
    "source_dataset":"taipei_clinic"
    }
  },
  {
    "type": "Feature",
    "geometry": {
       "type": "Point",
       "coordinates":  [ 121.5513263,25.02428172 ]
    },
    "properties": {
    "city":"taipei",
    "facility_type":"clinic",
    "category":"診所",
    "name":"林正宗婦產科診所",
    "district_code":63000030,
    "district":"大安區",
    "address":"臺北市大安區和平東路三段100號2樓",
    "source_dataset":"taipei_clinic"
    }
  },
  {
    "type": "Feature",
    "geometry": {
       "type": "Point",
       "coordinates":  [ 121.5485004,25.04254636 ]
    },
    "properties": {
    "city":"taipei",
    "facility_type":"clinic",
    "category":"診所",
    "name":"蔣曉山整形外科診所",
    "district_code":63000030,
    "district":"大安區",
    "address":"臺北市大安區敦化南路一段１９２號２樓",
    "source_dataset":"taipei_clinic"
    }
  },
  {
    "type": "Feature",
    "geometry": {
       "type": "Point",
       "coordinates":  [ 121.5222729,25.027618 ]
    },
    "properties": {
    "city":"taipei",
    "facility_type":"clinic",
    "category":"診所",
    "name":"李婦產科診所",
    "district_code":63000030,
    "district":"大安區",
    "address":"臺北市大安區羅斯福路2段41號8樓之1",
    "source_dataset":"taipei_clinic"
    }
  },
  {
    "type": "Feature",
    "geometry": {
       "type": "Point",
       "coordinates":  [ 121.5334554,25.04200329 ]
    },
    "properties": {
    "city":"taipei",
    "facility_type":"clinic",
    "category":"診所",
    "name":"經典整形外科診所",
    "district_code":63000030,
    "district":"大安區",
    "address":"臺北市大安區忠孝東路4段94之5號(6樓)",
    "source_dataset":"taipei_clinic"
    }
  },
  {
    "type": "Feature",
    "geometry": {
       "type": "Point",
       "coordinates":  [ 121.5298109,25.01971593 ]
    },
    "properties": {
    "city":"taipei",
    "facility_type":"clinic",
    "category":"診所",
    "name":"皇家診所",
    "district_code":63000030,
    "district":"大安區",
    "address":"臺北市大安區羅斯福路三段２２７號１０樓",
    "source_dataset":"taipei_clinic"
    }
  },
  {
    "type": "Feature",
    "geometry": {
       "type": "Point",
       "coordinates":  [ 121.5554566,25.03827723 ]
    },
    "properties": {
    "city":"taipei",
    "facility_type":"clinic",
    "category":"診所",
    "name":"劉賢平婦產科診所",
    "district_code":63000030,
    "district":"大安區",
    "address":"臺北市大安區延吉街１７５號２樓",
    "source_dataset":"taipei_clinic"
    }
  },
  {
    "type": "Feature",
    "geometry": {
       "type": "Point",
       "coordinates":  [ 121.542117,25.025254 ]
    },
    "properties": {
    "city":"taipei",
    "facility_type":"clinic",
    "category":"診所",
    "name":"景德耳鼻喉科診所",
    "district_code":63000030,
    "district":"大安區",
    "address":"臺北市大安區和平東路二段１９１號",
    "source_dataset":"taipei_clinic"
    }
  },
  {
    "type": "Feature",
    "geometry": {
       "type": "Point",
       "coordinates":  [ 121.5447441,25.03823548 ]
    },
    "properties": {
    "city":"taipei",
    "facility_type":"clinic",
    "category":"診所",
    "name":"誼安診所",
    "district_code":63000030,
    "district":"大安區",
    "address":"臺北市大安區仁愛路四段二五號三A",
    "source_dataset":"taipei_clinic"
    }
  },
  {
    "type": "Feature",
    "geometry": {
       "type": "Point",
       "coordinates":  [ 121.5573756,25.03620481 ]
    },
    "properties": {
    "city":"taipei",
    "facility_type":"clinic",
    "category":"診所",
    "name":"黃清浩耳鼻喉科診所",
    "district_code":63000030,
    "district":"大安區",
    "address":"臺北市大安區光復南路430號",
    "source_dataset":"taipei_clinic"
    }
  },
  {
    "type": "Feature",
    "geometry": {
       "type": "Point",
       "coordinates":  [ 121.5514031,25.04126477 ]
    },
    "properties": {
    "city":"taipei",
    "facility_type":"clinic",
    "category":"診所",
    "name":"忠孝大學眼科診所",
    "district_code":63000030,
    "district":"大安區",
    "address":"臺北市大安區忠孝東路4段178號1樓、178號2樓、178之1號1樓、178之1號2樓",
    "source_dataset":"taipei_clinic"
    }
  },
  {
    "type": "Feature",
    "geometry": {
       "type": "Point",
       "coordinates":  [ 121.554072,25.029318 ]
    },
    "properties": {
    "city":"taipei",
    "facility_type":"clinic",
    "category":"診所",
    "name":"呂小兒科診所",
    "district_code":63000030,
    "district":"大安區",
    "address":"臺北市大安區通化街二十四巷六號一樓",
    "source_dataset":"taipei_clinic"
    }
  },
  {
    "type": "Feature",
    "geometry": {
       "type": "Point",
       "coordinates":  [ 121.5303123,25.01897851 ]
    },
    "properties": {
    "city":"taipei",
    "facility_type":"clinic",
    "category":"診所",
    "name":"陳惠章婦產科家庭醫學科診所",
    "district_code":63000030,
    "district":"大安區",
    "address":"臺北市大安區羅斯福路三段二六一號二樓",
    "source_dataset":"taipei_clinic"
    }
  },
  {
    "type": "Feature",
    "geometry": {
       "type": "Point",
       "coordinates":  [ 121.5430495,25.03318891 ]
    },
    "properties": {
    "city":"taipei",
    "facility_type":"clinic",
    "category":"診所",
    "name":"黃崇禮皮膚科診所",
    "district_code":63000030,
    "district":"大安區",
    "address":"臺北市大安區信義路三段192-1號3樓",
    "source_dataset":"taipei_clinic"
    }
  },
  {
    "type": "Feature",
    "geometry": {
       "type": "Point",
       "coordinates":  [ 121.5296862,25.03355994 ]
    },
    "properties": {
    "city":"taipei",
    "facility_type":"clinic",
    "category":"診所",
    "name":"秋江外科診所",
    "district_code":63000030,
    "district":"大安區",
    "address":"臺北市大安區信義路二段一七八號二樓",
    "source_dataset":"taipei_clinic"
    }
  },
  {
    "type": "Feature",
    "geometry": {
       "type": "Point",
       "coordinates":  [ 121.5433703,25.03290558 ]
    },
    "properties": {
    "city":"taipei",
    "facility_type":"clinic",
    "category":"診所",
    "name":"窈窕診所",
    "district_code":63000030,
    "district":"大安區",
    "address":"臺北市大安區復興南路2段6號4樓",
    "source_dataset":"taipei_clinic"
    }
  },
  {
    "type": "Feature",
    "geometry": {
       "type": "Point",
       "coordinates":  [ 121.5505006,25.0412823 ]
    },
    "properties": {
    "city":"taipei",
    "facility_type":"clinic",
    "category":"診所",
    "name":"適健復健科診所",
    "district_code":63000030,
    "district":"大安區",
    "address":"臺北市大安區忠孝東路4段166號8樓、9樓",
    "source_dataset":"taipei_clinic"
    }
  },
  {
    "type": "Feature",
    "geometry": {
       "type": "Point",
       "coordinates":  [ 121.5483413,25.024169 ]
    },
    "properties": {
    "city":"taipei",
    "facility_type":"clinic",
    "category":"診所",
    "name":"家安復健科診所",
    "district_code":63000030,
    "district":"大安區",
    "address":"臺北市大安區敦化南路二段一六八及一七0號地下一樓",
    "source_dataset":"taipei_clinic"
    }
  },
  {
    "type": "Feature",
    "geometry": {
       "type": "Point",
       "coordinates":  [ 121.5497749,25.03829915 ]
    },
    "properties": {
    "city":"taipei",
    "facility_type":"clinic",
    "category":"診所",
    "name":"綺顏診所",
    "district_code":63000030,
    "district":"大安區",
    "address":"臺北市大安區仁愛路四段一0九號二樓B室",
    "source_dataset":"taipei_clinic"
    }
  },
  {
    "type": "Feature",
    "geometry": {
       "type": "Point",
       "coordinates":  [ 121.54984,25.03966828 ]
    },
    "properties": {
    "city":"taipei",
    "facility_type":"clinic",
    "category":"診所",
    "name":"蘇仁和耳鼻喉科診所",
    "district_code":63000030,
    "district":"大安區",
    "address":"臺北市大安區安和路一段十一號四樓之一",
    "source_dataset":"taipei_clinic"
    }
  },
  {
    "type": "Feature",
    "geometry": {
       "type": "Point",
       "coordinates":  [ 121.5659843,25.0342834 ]
    },
    "properties": {
    "city":"taipei",
    "facility_type":"clinic",
    "category":"診所",
    "name":"游鴻儒皮膚科診所",
    "district_code":63000030,
    "district":"大安區",
    "address":"臺北市大安區仁愛路四段一五一巷三六號二樓",
    "source_dataset":"taipei_clinic"
    }
  },
  {
    "type": "Feature",
    "geometry": {
       "type": "Point",
       "coordinates":  [ 121.5433783,25.0249441 ]
    },
    "properties": {
    "city":"taipei",
    "facility_type":"clinic",
    "category":"診所",
    "name":"薇妮斯整形外科診所",
    "district_code":63000030,
    "district":"大安區",
    "address":"臺北市大安區忠孝東路4段120之12號12樓",
    "source_dataset":"taipei_clinic"
    }
  },
  {
    "type": "Feature",
    "geometry": {
       "type": "Point",
       "coordinates":  [ 121.5453725,25.04137468 ]
    },
    "properties": {
    "city":"taipei",
    "facility_type":"clinic",
    "category":"診所",
    "name":"儷人整形外科診所",
    "district_code":63000030,
    "district":"大安區",
    "address":"臺北市大安區忠孝東路四段六十號五樓之一",
    "source_dataset":"taipei_clinic"
    }
  },
  {
    "type": "Feature",
    "geometry": {
       "type": "Point",
       "coordinates":  [ 121.5483589,25.02417399 ]
    },
    "properties": {
    "city":"taipei",
    "facility_type":"clinic",
    "category":"診所",
    "name":"尖端診所",
    "district_code":63000030,
    "district":"大安區",
    "address":"臺北市大安區敦化南路二段一六八號十一樓",
    "source_dataset":"taipei_clinic"
    }
  },
  {
    "type": "Feature",
    "geometry": {
       "type": "Point",
       "coordinates":  [ 121.5307028,25.01858722 ]
    },
    "properties": {
    "city":"taipei",
    "facility_type":"clinic",
    "category":"診所",
    "name":"滿意婦產科診所",
    "district_code":63000030,
    "district":"大安區",
    "address":"臺北市大安區羅斯福路三段二七一號三樓及三樓之一",
    "source_dataset":"taipei_clinic"
    }
  },
  {
    "type": "Feature",
    "geometry": {
       "type": "Point",
       "coordinates":  [ 121.523047,25.02684652 ]
    },
    "properties": {
    "city":"taipei",
    "facility_type":"clinic",
    "category":"診所",
    "name":"和平大愛眼科診所",
    "district_code":63000030,
    "district":"大安區",
    "address":"臺北市大安區和平東路一段六號二樓",
    "source_dataset":"taipei_clinic"
    }
  },
  {
    "type": "Feature",
    "geometry": {
       "type": "Point",
       "coordinates":  [ 121.5540586,25.02268013 ]
    },
    "properties": {
    "city":"taipei",
    "facility_type":"clinic",
    "category":"診所",
    "name":"宜德復健科診所",
    "district_code":63000030,
    "district":"大安區",
    "address":"臺北市大安區和平東路三段二一0號",
    "source_dataset":"taipei_clinic"
    }
  },
  {
    "type": "Feature",
    "geometry": {
       "type": "Point",
       "coordinates":  [ 121.5434965,25.03969162 ]
    },
    "properties": {
    "city":"taipei",
    "facility_type":"clinic",
    "category":"診所",
    "name":"杏語心靈診所",
    "district_code":63000030,
    "district":"大安區",
    "address":"臺北市大安區復興南路1段200號11樓",
    "source_dataset":"taipei_clinic"
    }
  },
  {
    "type": "Feature",
    "geometry": {
       "type": "Point",
       "coordinates":  [ 121.5563273,25.04158688 ]
    },
    "properties": {
    "city":"taipei",
    "facility_type":"clinic",
    "category":"診所",
    "name":"漂亮愛爾麗整形外科診所",
    "district_code":63000030,
    "district":"大安區",
    "address":"臺北市大安區忠孝東路4段325號3樓",
    "source_dataset":"taipei_clinic"
    }
  },
  {
    "type": "Feature",
    "geometry": {
       "type": "Point",
       "coordinates":  [ 121.5309049,25.02991491 ]
    },
    "properties": {
    "city":"taipei",
    "facility_type":"clinic",
    "category":"診所",
    "name":"華漾皮膚專科診所",
    "district_code":63000030,
    "district":"大安區",
    "address":"臺北市大安區金華街二四九號",
    "source_dataset":"taipei_clinic"
    }
  },
  {
    "type": "Feature",
    "geometry": {
       "type": "Point",
       "coordinates":  [ 121.5485902,25.0406964 ]
    },
    "properties": {
    "city":"taipei",
    "facility_type":"clinic",
    "category":"診所",
    "name":"鍾啟榮皮膚科診所",
    "district_code":63000030,
    "district":"大安區",
    "address":"臺北市大安區敦化南路一段二OO號三樓之一",
    "source_dataset":"taipei_clinic"
    }
  },
  {
    "type": "Feature",
    "geometry": {
       "type": "Point",
       "coordinates":  [ 121.525648,25.03458346 ]
    },
    "properties": {
    "city":"taipei",
    "facility_type":"clinic",
    "category":"診所",
    "name":"曾皮膚科診所",
    "district_code":63000030,
    "district":"大安區",
    "address":"臺北市大安區信義路二段三十八號一樓",
    "source_dataset":"taipei_clinic"
    }
  },
  {
    "type": "Feature",
    "geometry": {
       "type": "Point",
       "coordinates":  [ 121.5499128,25.03305692 ]
    },
    "properties": {
    "city":"taipei",
    "facility_type":"clinic",
    "category":"診所",
    "name":"琳安診所",
    "district_code":63000030,
    "district":"大安區",
    "address":"臺北市大安區信義路4段138號3樓、140號3樓",
    "source_dataset":"taipei_clinic"
    }
  },
  {
    "type": "Feature",
    "geometry": {
       "type": "Point",
       "coordinates":  [ 121.5527267,25.02479844 ]
    },
    "properties": {
    "city":"taipei",
    "facility_type":"clinic",
    "category":"診所",
    "name":"張國麟耳鼻喉科診所",
    "district_code":63000030,
    "district":"大安區",
    "address":"臺北市大安區和平東路三段一四七號一樓",
    "source_dataset":"taipei_clinic"
    }
  },
  {
    "type": "Feature",
    "geometry": {
       "type": "Point",
       "coordinates":  [ 121.5453261,25.04202819 ]
    },
    "properties": {
    "city":"taipei",
    "facility_type":"clinic",
    "category":"診所",
    "name":"極緻皮膚專科診所",
    "district_code":63000030,
    "district":"大安區",
    "address":"臺北市大安區忠孝東路四段49巷2號7樓",
    "source_dataset":"taipei_clinic"
    }
  },
  {
    "type": "Feature",
    "geometry": {
       "type": "Point",
       "coordinates":  [ 121.5446818,25.0336716 ]
    },
    "properties": {
    "city":"taipei",
    "facility_type":"clinic",
    "category":"診所",
    "name":"大安春暉診所",
    "district_code":63000030,
    "district":"大安區",
    "address":"臺北市大安區大安路一段一八O號二樓",
    "source_dataset":"taipei_clinic"
    }
  },
  {
    "type": "Feature",
    "geometry": {
       "type": "Point",
       "coordinates":  [ 121.5317921,25.026541 ]
    },
    "properties": {
    "city":"taipei",
    "facility_type":"clinic",
    "category":"診所",
    "name":"許世賓婦產科診所",
    "district_code":63000030,
    "district":"大安區",
    "address":"臺北市大安區和平東路一段169號2、4樓，171號2樓",
    "source_dataset":"taipei_clinic"
    }
  },
  {
    "type": "Feature",
    "geometry": {
       "type": "Point",
       "coordinates":  [ 121.5460635,25.0393976 ]
    },
    "properties": {
    "city":"taipei",
    "facility_type":"clinic",
    "category":"診所",
    "name":"長松眼科診所",
    "district_code":63000030,
    "district":"大安區",
    "address":"臺北市大安區大安路一段一二六巷一號",
    "source_dataset":"taipei_clinic"
    }
  },
  {
    "type": "Feature",
    "geometry": {
       "type": "Point",
       "coordinates":  [ 121.5482707,25.03130757 ]
    },
    "properties": {
    "city":"taipei",
    "facility_type":"clinic",
    "category":"診所",
    "name":"周大中婦產科診所",
    "district_code":63000030,
    "district":"大安區",
    "address":"臺北市大安區敦化南路二段四十六號二樓",
    "source_dataset":"taipei_clinic"
    }
  },
  {
    "type": "Feature",
    "geometry": {
       "type": "Point",
       "coordinates":  [ 121.5117427,24.9932593 ]
    },
    "properties": {
    "city":"taipei",
    "facility_type":"clinic",
    "category":"診所",
    "name":"貝拉整形外科診所",
    "district_code":63000030,
    "district":"大安區",
    "address":"臺北市大安區安和路1段141巷6號 (實際營業地址:1樓)",
    "source_dataset":"taipei_clinic"
    }
  },
  {
    "type": "Feature",
    "geometry": {
       "type": "Point",
       "coordinates":  [ 121.5557944,25.03691554 ]
    },
    "properties": {
    "city":"taipei",
    "facility_type":"clinic",
    "category":"診所",
    "name":"慈民骨科診所",
    "district_code":63000030,
    "district":"大安區",
    "address":"臺北市大安區延吉街233巷2號",
    "source_dataset":"taipei_clinic"
    }
  },
  {
    "type": "Feature",
    "geometry": {
       "type": "Point",
       "coordinates":  [ 121.5573792,25.03939031 ]
    },
    "properties": {
    "city":"taipei",
    "facility_type":"clinic",
    "category":"診所",
    "name":"尚行美皮膚專科診所",
    "district_code":63000030,
    "district":"大安區",
    "address":"臺北市大安區光復南路288號2樓之5、4樓之3",
    "source_dataset":"taipei_clinic"
    }
  },
  {
    "type": "Feature",
    "geometry": {
       "type": "Point",
       "coordinates":  [ 121.5525767,25.04166222 ]
    },
    "properties": {
    "city":"taipei",
    "facility_type":"clinic",
    "category":"診所",
    "name":"知美整形外科診所",
    "district_code":63000030,
    "district":"大安區",
    "address":"臺北市大安區忠孝東路4段221號6樓",
    "source_dataset":"taipei_clinic"
    }
  },
  {
    "type": "Feature",
    "geometry": {
       "type": "Point",
       "coordinates":  [ 121.5436998,25.02794949 ]
    },
    "properties": {
    "city":"taipei",
    "facility_type":"clinic",
    "category":"診所",
    "name":"大安耳鼻喉科診所",
    "district_code":63000030,
    "district":"大安區",
    "address":"臺北市大安區復興南路二段163號",
    "source_dataset":"taipei_clinic"
    }
  },
  {
    "type": "Feature",
    "geometry": {
       "type": "Point",
       "coordinates":  [ 121.5319308,25.01737298 ]
    },
    "properties": {
    "city":"taipei",
    "facility_type":"clinic",
    "category":"診所",
    "name":"藝林整形外科診所",
    "district_code":63000030,
    "district":"大安區",
    "address":"臺北市大安區羅斯福路3段309號4樓之2",
    "source_dataset":"taipei_clinic"
    }
  },
  {
    "type": "Feature",
    "geometry": {
       "type": "Point",
       "coordinates":  [ 121.5443843,25.04183689 ]
    },
    "properties": {
    "city":"taipei",
    "facility_type":"clinic",
    "category":"診所",
    "name":"光能身心診所",
    "district_code":63000030,
    "district":"大安區",
    "address":"臺北市大安區忠孝東路四段15號8樓",
    "source_dataset":"taipei_clinic"
    }
  },
  {
    "type": "Feature",
    "geometry": {
       "type": "Point",
       "coordinates":  [ 121.5482899,25.04174825 ]
    },
    "properties": {
    "city":"taipei",
    "facility_type":"clinic",
    "category":"診所",
    "name":"亞立山大時尚整形診所",
    "district_code":63000030,
    "district":"大安區",
    "address":"臺北市大安區忠孝東路4段107號3樓之1",
    "source_dataset":"taipei_clinic"
    }
  },
  {
    "type": "Feature",
    "geometry": {
       "type": "Point",
       "coordinates":  [ 121.5439473,25.03916555 ]
    },
    "properties": {
    "city":"taipei",
    "facility_type":"clinic",
    "category":"診所",
    "name":"安麗整形外科診所",
    "district_code":63000030,
    "district":"大安區",
    "address":"臺北市大安區復興南路1段215號6樓",
    "source_dataset":"taipei_clinic"
    }
  },
  {
    "type": "Feature",
    "geometry": {
       "type": "Point",
       "coordinates":  [ 121.5525802,25.04123261 ]
    },
    "properties": {
    "city":"taipei",
    "facility_type":"clinic",
    "category":"診所",
    "name":"林慧雯婦產科診所",
    "district_code":63000030,
    "district":"大安區",
    "address":"臺北市大安區忠孝東路4段210之1號2樓",
    "source_dataset":"taipei_clinic"
    }
  },
  {
    "type": "Feature",
    "geometry": {
       "type": "Point",
       "coordinates":  [ 121.534645,25.0386556 ]
    },
    "properties": {
    "city":"taipei",
    "facility_type":"clinic",
    "category":"診所",
    "name":"哈利路亞曾英欽診所",
    "district_code":63000030,
    "district":"大安區",
    "address":"臺北市大安區仁愛路3段29號地下室",
    "source_dataset":"taipei_clinic"
    }
  },
  {
    "type": "Feature",
    "geometry": {
       "type": "Point",
       "coordinates":  [ 121.546163,25.02486892 ]
    },
    "properties": {
    "city":"taipei",
    "facility_type":"clinic",
    "category":"診所",
    "name":"全家聯合診所",
    "district_code":63000030,
    "district":"大安區",
    "address":"臺北市大安區和平東路二段３５３號",
    "source_dataset":"taipei_clinic"
    }
  },
  {
    "type": "Feature",
    "geometry": {
       "type": "Point",
       "coordinates":  [ 121.5481229,25.02766758 ]
    },
    "properties": {
    "city":"taipei",
    "facility_type":"clinic",
    "category":"診所",
    "name":"沈德昌診所",
    "district_code":63000030,
    "district":"大安區",
    "address":"臺北市大安區四維路１８９號１樓",
    "source_dataset":"taipei_clinic"
    }
  },
  {
    "type": "Feature",
    "geometry": {
       "type": "Point",
       "coordinates":  [ 121.5548131,25.04057764 ]
    },
    "properties": {
    "city":"taipei",
    "facility_type":"clinic",
    "category":"診所",
    "name":"優德診所",
    "district_code":63000030,
    "district":"大安區",
    "address":"臺北市大安區延吉街１５３－２號５樓",
    "source_dataset":"taipei_clinic"
    }
  },
  {
    "type": "Feature",
    "geometry": {
       "type": "Point",
       "coordinates":  [ 121.5491847,25.02891252 ]
    },
    "properties": {
    "city":"taipei",
    "facility_type":"clinic",
    "category":"診所",
    "name":"安法診所",
    "district_code":63000030,
    "district":"大安區",
    "address":"臺北市大安區敦化南路二段９７號２７樓",
    "source_dataset":"taipei_clinic"
    }
  },
  {
    "type": "Feature",
    "geometry": {
       "type": "Point",
       "coordinates":  [ 121.5461028,25.03221144 ]
    },
    "properties": {
    "city":"taipei",
    "facility_type":"clinic",
    "category":"診所",
    "name":"謝林診所",
    "district_code":63000030,
    "district":"大安區",
    "address":"臺北市大安區大安路2段21號",
    "source_dataset":"taipei_clinic"
    }
  },
  {
    "type": "Feature",
    "geometry": {
       "type": "Point",
       "coordinates":  [ 121.5298754,25.01976983 ]
    },
    "properties": {
    "city":"taipei",
    "facility_type":"clinic",
    "category":"診所",
    "name":"簡萬居耳鼻喉科診所",
    "district_code":63000030,
    "district":"大安區",
    "address":"臺北市大安區辛亥路一段２８號",
    "source_dataset":"taipei_clinic"
    }
  },
  {
    "type": "Feature",
    "geometry": {
       "type": "Point",
       "coordinates":  [ 121.5232814,25.0268277 ]
    },
    "properties": {
    "city":"taipei",
    "facility_type":"clinic",
    "category":"診所",
    "name":"陳柏豪耳鼻喉科診所",
    "district_code":63000030,
    "district":"大安區",
    "address":"臺北市大安區和平東路一段１０號",
    "source_dataset":"taipei_clinic"
    }
  },
  {
    "type": "Feature",
    "geometry": {
       "type": "Point",
       "coordinates":  [ 121.5281272,25.02193929 ]
    },
    "properties": {
    "city":"taipei",
    "facility_type":"clinic",
    "category":"診所",
    "name":"王暉政眼科診所",
    "district_code":63000030,
    "district":"大安區",
    "address":"臺北市大安區師大路１１０號１Ｆ",
    "source_dataset":"taipei_clinic"
    }
  },
  {
    "type": "Feature",
    "geometry": {
       "type": "Point",
       "coordinates":  [ 121.5427975,25.0226197 ]
    },
    "properties": {
    "city":"taipei",
    "facility_type":"clinic",
    "category":"診所",
    "name":"仁安診所",
    "district_code":63000030,
    "district":"大安區",
    "address":"臺北市大安區和平東路二段一七五巷三十四號一樓",
    "source_dataset":"taipei_clinic"
    }
  },
  {
    "type": "Feature",
    "geometry": {
       "type": "Point",
       "coordinates":  [ 121.5455189,25.03377296 ]
    },
    "properties": {
    "city":"taipei",
    "facility_type":"clinic",
    "category":"診所",
    "name":"實美整形外科診所",
    "district_code":63000030,
    "district":"大安區",
    "address":"臺北市大安區信義路四段６３號１樓",
    "source_dataset":"taipei_clinic"
    }
  },
  {
    "type": "Feature",
    "geometry": {
       "type": "Point",
       "coordinates":  [ 121.5538775,25.04336493 ]
    },
    "properties": {
    "city":"taipei",
    "facility_type":"clinic",
    "category":"診所",
    "name":"萬通耳鼻喉科診所",
    "district_code":63000030,
    "district":"大安區",
    "address":"臺北市大安區延吉街６４－２號１樓",
    "source_dataset":"taipei_clinic"
    }
  },
  {
    "type": "Feature",
    "geometry": {
       "type": "Point",
       "coordinates":  [ 121.5494085,25.03476164 ]
    },
    "properties": {
    "city":"taipei",
    "facility_type":"clinic",
    "category":"診所",
    "name":"誠品診所",
    "district_code":63000030,
    "district":"大安區",
    "address":"臺北市大安區敦化南路一段３１７號",
    "source_dataset":"taipei_clinic"
    }
  },
  {
    "type": "Feature",
    "geometry": {
       "type": "Point",
       "coordinates":  [ 121.5438766,25.03622242 ]
    },
    "properties": {
    "city":"taipei",
    "facility_type":"clinic",
    "category":"診所",
    "name":"佳音診所",
    "district_code":63000030,
    "district":"大安區",
    "address":"臺北市大安區復興南路1段261之3號1樓",
    "source_dataset":"taipei_clinic"
    }
  },
  {
    "type": "Feature",
    "geometry": {
       "type": "Point",
       "coordinates":  [ 121.5531181,25.04164375 ]
    },
    "properties": {
    "city":"taipei",
    "facility_type":"clinic",
    "category":"診所",
    "name":"蔡博庸整形外科診所",
    "district_code":63000030,
    "district":"大安區",
    "address":"臺北市大安區忠孝東路四段231號7樓之1",
    "source_dataset":"taipei_clinic"
    }
  },
  {
    "type": "Feature",
    "geometry": {
       "type": "Point",
       "coordinates":  [ 121.5454038,25.03594418 ]
    },
    "properties": {
    "city":"taipei",
    "facility_type":"clinic",
    "category":"診所",
    "name":"同心婦產科診所",
    "district_code":63000030,
    "district":"大安區",
    "address":"臺北市大安區東豐街２６號",
    "source_dataset":"taipei_clinic"
    }
  },
  {
    "type": "Feature",
    "geometry": {
       "type": "Point",
       "coordinates":  [ 121.5534913,25.0207667 ]
    },
    "properties": {
    "city":"taipei",
    "facility_type":"clinic",
    "category":"診所",
    "name":"新長安診所",
    "district_code":63000030,
    "district":"大安區",
    "address":"臺北市大安區和平東路三段２２８巷３９號",
    "source_dataset":"taipei_clinic"
    }
  },
  {
    "type": "Feature",
    "geometry": {
       "type": "Point",
       "coordinates":  [ 121.5506355,25.03342465 ]
    },
    "properties": {
    "city":"taipei",
    "facility_type":"clinic",
    "category":"診所",
    "name":"陳瑞鵬婦產科診所",
    "district_code":63000030,
    "district":"大安區",
    "address":"臺北市大安區信義路四段１７７號２樓",
    "source_dataset":"taipei_clinic"
    }
  },
  {
    "type": "Feature",
    "geometry": {
       "type": "Point",
       "coordinates":  [ 121.540987,25.04184876 ]
    },
    "properties": {
    "city":"taipei",
    "facility_type":"clinic",
    "category":"診所",
    "name":"?安診所",
    "district_code":63000030,
    "district":"大安區",
    "address":"臺北市大安區忠孝東路3段243號3樓",
    "source_dataset":"taipei_clinic"
    }
  },
  {
    "type": "Feature",
    "geometry": {
       "type": "Point",
       "coordinates":  [ 121.5549354,25.02085624 ]
    },
    "properties": {
    "city":"taipei",
    "facility_type":"clinic",
    "category":"診所",
    "name":"李唯通診所",
    "district_code":63000030,
    "district":"大安區",
    "address":"臺北市大安區安居街十九號",
    "source_dataset":"taipei_clinic"
    }
  },
  {
    "type": "Feature",
    "geometry": {
       "type": "Point",
       "coordinates":  [ 121.5551716,25.02163646 ]
    },
    "properties": {
    "city":"taipei",
    "facility_type":"clinic",
    "category":"診所",
    "name":"安居診所",
    "district_code":63000030,
    "district":"大安區",
    "address":"臺北市大安區和平東路3段252號",
    "source_dataset":"taipei_clinic"
    }
  },
  {
    "type": "Feature",
    "geometry": {
       "type": "Point",
       "coordinates":  [ 121.5540705,25.0413474 ]
    },
    "properties": {
    "city":"taipei",
    "facility_type":"clinic",
    "category":"診所",
    "name":"梁偉中整形外科診所",
    "district_code":63000030,
    "district":"大安區",
    "address":"臺北市大安區忠孝東路四段一二四之四號五樓",
    "source_dataset":"taipei_clinic"
    }
  },
  {
    "type": "Feature",
    "geometry": {
       "type": "Point",
       "coordinates":  [ 121.5546565,25.0407626 ]
    },
    "properties": {
    "city":"taipei",
    "facility_type":"clinic",
    "category":"診所",
    "name":"延吉診所",
    "district_code":63000030,
    "district":"大安區",
    "address":"臺北市大安區延吉街二四一巷二弄五號一樓",
    "source_dataset":"taipei_clinic"
    }
  },
  {
    "type": "Feature",
    "geometry": {
       "type": "Point",
       "coordinates":  [ 121.5359157,25.04167342 ]
    },
    "properties": {
    "city":"taipei",
    "facility_type":"clinic",
    "category":"診所",
    "name":"祥光診所",
    "district_code":63000030,
    "district":"大安區",
    "address":"臺北市大安區忠孝東路三段八十六號十一樓之一",
    "source_dataset":"taipei_clinic"
    }
  },
  {
    "type": "Feature",
    "geometry": {
       "type": "Point",
       "coordinates":  [ 121.5407705,25.04184989 ]
    },
    "properties": {
    "city":"taipei",
    "facility_type":"clinic",
    "category":"診所",
    "name":"電眼美人診所",
    "district_code":63000030,
    "district":"大安區",
    "address":"臺北市大安區忠孝東路三段239號3樓",
    "source_dataset":"taipei_clinic"
    }
  },
  {
    "type": "Feature",
    "geometry": {
       "type": "Point",
       "coordinates":  [ 121.5439814,25.04130654 ]
    },
    "properties": {
    "city":"taipei",
    "facility_type":"clinic",
    "category":"診所",
    "name":"微整形外科診所",
    "district_code":63000030,
    "district":"大安區",
    "address":"臺北市大安區忠孝東路4段2號7樓之8、7樓之9",
    "source_dataset":"taipei_clinic"
    }
  },
  {
    "type": "Feature",
    "geometry": {
       "type": "Point",
       "coordinates":  [ 121.5477498,25.03759615 ]
    },
    "properties": {
    "city":"taipei",
    "facility_type":"clinic",
    "category":"診所",
    "name":"佳醫美人診所",
    "district_code":63000030,
    "district":"大安區",
    "address":"臺北市大安區仁愛路四段66號2樓",
    "source_dataset":"taipei_clinic"
    }
  },
  {
    "type": "Feature",
    "geometry": {
       "type": "Point",
       "coordinates":  [ 121.5564672,25.04065765 ]
    },
    "properties": {
    "city":"taipei",
    "facility_type":"clinic",
    "category":"診所",
    "name":"康婕婦產科診所",
    "district_code":63000030,
    "district":"大安區",
    "address":"臺北市大安區光復南路240巷23號2樓",
    "source_dataset":"taipei_clinic"
    }
  },
  {
    "type": "Feature",
    "geometry": {
       "type": "Point",
       "coordinates":  [ 121.5516535,25.04057233 ]
    },
    "properties": {
    "city":"taipei",
    "facility_type":"clinic",
    "category":"診所",
    "name":"新慶生診所",
    "district_code":63000030,
    "district":"大安區",
    "address":"臺北市大安區仁愛路四段151巷36號2樓之1",
    "source_dataset":"taipei_clinic"
    }
  },
  {
    "type": "Feature",
    "geometry": {
       "type": "Point",
       "coordinates":  [ 121.532511,25.03328779 ]
    },
    "properties": {
    "city":"taipei",
    "facility_type":"clinic",
    "category":"診所",
    "name":"優美診所",
    "district_code":63000030,
    "district":"大安區",
    "address":"臺北市大安區新生南路二段2號7樓之5",
    "source_dataset":"taipei_clinic"
    }
  },
  {
    "type": "Feature",
    "geometry": {
       "type": "Point",
       "coordinates":  [ 121.5372657,25.02517338 ]
    },
    "properties": {
    "city":"taipei",
    "facility_type":"clinic",
    "category":"診所",
    "name":"潤弘診所",
    "district_code":63000030,
    "district":"大安區",
    "address":"臺北市大安區建國南路二段276號3樓",
    "source_dataset":"taipei_clinic"
    }
  },
  {
    "type": "Feature",
    "geometry": {
       "type": "Point",
       "coordinates":  [ 121.5460995,25.02856587 ]
    },
    "properties": {
    "city":"taipei",
    "facility_type":"clinic",
    "category":"診所",
    "name":"劉建宏診所",
    "district_code":63000030,
    "district":"大安區",
    "address":"臺北市大安區大安路二段139號",
    "source_dataset":"taipei_clinic"
    }
  },
  {
    "type": "Feature",
    "geometry": {
       "type": "Point",
       "coordinates":  [ 121.5506474,25.04169815 ]
    },
    "properties": {
    "city":"taipei",
    "facility_type":"clinic",
    "category":"診所",
    "name":"金郁婦產科診所",
    "district_code":63000030,
    "district":"大安區",
    "address":"臺北市大安區忠孝東路四段177號7樓之4",
    "source_dataset":"taipei_clinic"
    }
  },
  {
    "type": "Feature",
    "geometry": {
       "type": "Point",
       "coordinates":  [ 121.5385729,25.03327756 ]
    },
    "properties": {
    "city":"taipei",
    "facility_type":"clinic",
    "category":"診所",
    "name":"星星親子眼科診所",
    "district_code":63000030,
    "district":"大安區",
    "address":"臺北市大安區信義路三段114號2樓",
    "source_dataset":"taipei_clinic"
    }
  },
  {
    "type": "Feature",
    "geometry": {
       "type": "Point",
       "coordinates":  [ 121.5564373,25.03971797 ]
    },
    "properties": {
    "city":"taipei",
    "facility_type":"clinic",
    "category":"診所",
    "name":"榮主診所",
    "district_code":63000030,
    "district":"大安區",
    "address":"臺北市大安區光復南路280巷23號3樓",
    "source_dataset":"taipei_clinic"
    }
  },
  {
    "type": "Feature",
    "geometry": {
       "type": "Point",
       "coordinates":  [ 121.5325328,25.03303383 ]
    },
    "properties": {
    "city":"taipei",
    "facility_type":"clinic",
    "category":"診所",
    "name":"聯合整形外科診所",
    "district_code":63000030,
    "district":"大安區",
    "address":"臺北市大安區新生南路二段8號2樓",
    "source_dataset":"taipei_clinic"
    }
  },
  {
    "type": "Feature",
    "geometry": {
       "type": "Point",
       "coordinates":  [ 121.5437102,25.02867836 ]
    },
    "properties": {
    "city":"taipei",
    "facility_type":"clinic",
    "category":"診所",
    "name":"楷鈞診所",
    "district_code":63000030,
    "district":"大安區",
    "address":"臺北市大安區復興南路2段139號3樓",
    "source_dataset":"taipei_clinic"
    }
  },
  {
    "type": "Feature",
    "geometry": {
       "type": "Point",
       "coordinates":  [ 121.5449275,25.04139431 ]
    },
    "properties": {
    "city":"taipei",
    "facility_type":"clinic",
    "category":"診所",
    "name":"永悅診所",
    "district_code":63000030,
    "district":"大安區",
    "address":"臺北市大安區忠孝東路四段50號7樓",
    "source_dataset":"taipei_clinic"
    }
  },
  {
    "type": "Feature",
    "geometry": {
       "type": "Point",
       "coordinates":  [ 121.5514132,25.03301941 ]
    },
    "properties": {
    "city":"taipei",
    "facility_type":"clinic",
    "category":"診所",
    "name":"春天診所",
    "district_code":63000030,
    "district":"大安區",
    "address":"臺北市大安區信義路四段184號3樓",
    "source_dataset":"taipei_clinic"
    }
  },
  {
    "type": "Feature",
    "geometry": {
       "type": "Point",
       "coordinates":  [ 121.554437,25.02233437 ]
    },
    "properties": {
    "city":"taipei",
    "facility_type":"clinic",
    "category":"診所",
    "name":"安吉耳鼻喉科診所",
    "district_code":63000030,
    "district":"大安區",
    "address":"臺北市大安區和平東路三段226號",
    "source_dataset":"taipei_clinic"
    }
  },
  {
    "type": "Feature",
    "geometry": {
       "type": "Point",
       "coordinates":  [ 121.5454341,25.04181223 ]
    },
    "properties": {
    "city":"taipei",
    "facility_type":"clinic",
    "category":"診所",
    "name":"薇娜時尚美學診所",
    "district_code":63000030,
    "district":"大安區",
    "address":"臺北市大安區忠孝東路4段53之2號",
    "source_dataset":"taipei_clinic"
    }
  },
  {
    "type": "Feature",
    "geometry": {
       "type": "Point",
       "coordinates":  [ 121.5504243,25.03912984 ]
    },
    "properties": {
    "city":"taipei",
    "facility_type":"clinic",
    "category":"診所",
    "name":"安仁診所",
    "district_code":63000030,
    "district":"大安區",
    "address":"臺北市大安區安和路1段29號6樓",
    "source_dataset":"taipei_clinic"
    }
  },
  {
    "type": "Feature",
    "geometry": {
       "type": "Point",
       "coordinates":  [ 121.532344,25.02608882 ]
    },
    "properties": {
    "city":"taipei",
    "facility_type":"clinic",
    "category":"診所",
    "name":"許靜瑛小兒科診所",
    "district_code":63000030,
    "district":"大安區",
    "address":"臺北市大安區和平東路1段230號1樓",
    "source_dataset":"taipei_clinic"
    }
  },
  {
    "type": "Feature",
    "geometry": {
       "type": "Point",
       "coordinates":  [ 121.5231852,25.02683541 ]
    },
    "properties": {
    "city":"taipei",
    "facility_type":"clinic",
    "category":"診所",
    "name":"莊國豐婦產科診所",
    "district_code":63000030,
    "district":"大安區",
    "address":"臺北市大安區和平東路1段8號2樓",
    "source_dataset":"taipei_clinic"
    }
  },
  {
    "type": "Feature",
    "geometry": {
       "type": "Point",
       "coordinates":  [ 121.5435422,25.0418867 ]
    },
    "properties": {
    "city":"taipei",
    "facility_type":"clinic",
    "category":"診所",
    "name":"愛爾麗診所",
    "district_code":63000030,
    "district":"大安區",
    "address":"臺北市大安區忠孝東路三段305號3樓",
    "source_dataset":"taipei_clinic"
    }
  },
  {
    "type": "Feature",
    "geometry": {
       "type": "Point",
       "coordinates":  [ 121.5504635,25.03342861 ]
    },
    "properties": {
    "city":"taipei",
    "facility_type":"clinic",
    "category":"診所",
    "name":"杏誠復健科診所",
    "district_code":63000030,
    "district":"大安區",
    "address":"臺北市大安區信義路4段173號2樓",
    "source_dataset":"taipei_clinic"
    }
  },
  {
    "type": "Feature",
    "geometry": {
       "type": "Point",
       "coordinates":  [ 121.5290384,25.03224576 ]
    },
    "properties": {
    "city":"taipei",
    "facility_type":"clinic",
    "category":"診所",
    "name":"博安家庭醫學科診所",
    "district_code":63000030,
    "district":"大安區",
    "address":"臺北市大安區麗水街3號",
    "source_dataset":"taipei_clinic"
    }
  },
  {
    "type": "Feature",
    "geometry": {
       "type": "Point",
       "coordinates":  [ 121.5564481,25.0399145 ]
    },
    "properties": {
    "city":"taipei",
    "facility_type":"clinic",
    "category":"診所",
    "name":"楊氏診所",
    "district_code":63000030,
    "district":"大安區",
    "address":"臺北市大安區光復南路280巷24號 3、4、5樓",
    "source_dataset":"taipei_clinic"
    }
  },
  {
    "type": "Feature",
    "geometry": {
       "type": "Point",
       "coordinates":  [ 121.531859,25.01744727 ]
    },
    "properties": {
    "city":"taipei",
    "facility_type":"clinic",
    "category":"診所",
    "name":"輕鬆美膚皮膚科診所",
    "district_code":63000030,
    "district":"大安區",
    "address":"臺北市大安區羅斯福路3段301號3樓",
    "source_dataset":"taipei_clinic"
    }
  },
  {
    "type": "Feature",
    "geometry": {
       "type": "Point",
       "coordinates":  [ 121.532511,25.03328779 ]
    },
    "properties": {
    "city":"taipei",
    "facility_type":"clinic",
    "category":"診所",
    "name":"鼎心診所",
    "district_code":63000030,
    "district":"大安區",
    "address":"臺北市大安區新生南路2段2號2樓之5",
    "source_dataset":"taipei_clinic"
    }
  },
  {
    "type": "Feature",
    "geometry": {
       "type": "Point",
       "coordinates":  [ 121.5359718,25.04167039 ]
    },
    "properties": {
    "city":"taipei",
    "facility_type":"clinic",
    "category":"診所",
    "name":"群維診所",
    "district_code":63000030,
    "district":"大安區",
    "address":"臺北市大安區忠孝東路3段88號2樓、2樓之1",
    "source_dataset":"taipei_clinic"
    }
  },
  {
    "type": "Feature",
    "geometry": {
       "type": "Point",
       "coordinates":  [ 121.5557021,25.03634116 ]
    },
    "properties": {
    "city":"taipei",
    "facility_type":"clinic",
    "category":"診所",
    "name":"田嘉程診所",
    "district_code":63000030,
    "district":"大安區",
    "address":"臺北市大安區延吉街239之1號",
    "source_dataset":"taipei_clinic"
    }
  },
  {
    "type": "Feature",
    "geometry": {
       "type": "Point",
       "coordinates":  [ 121.5334554,25.04200329 ]
    },
    "properties": {
    "city":"taipei",
    "facility_type":"clinic",
    "category":"診所",
    "name":"昕彤診所",
    "district_code":63000030,
    "district":"大安區",
    "address":"臺北市大安區忠孝東路4段73之3號(4樓)",
    "source_dataset":"taipei_clinic"
    }
  },
  {
    "type": "Feature",
    "geometry": {
       "type": "Point",
       "coordinates":  [ 121.5484424,25.033599 ]
    },
    "properties": {
    "city":"taipei",
    "facility_type":"clinic",
    "category":"診所",
    "name":"陳峙仰診所",
    "district_code":63000030,
    "district":"大安區",
    "address":"臺北市大安區敦化南路1段376號4樓之1",
    "source_dataset":"taipei_clinic"
    }
  },
  {
    "type": "Feature",
    "geometry": {
       "type": "Point",
       "coordinates":  [ 121.5440605,25.03767283 ]
    },
    "properties": {
    "city":"taipei",
    "facility_type":"clinic",
    "category":"診所",
    "name":"瀚群骨科診所",
    "district_code":63000030,
    "district":"大安區",
    "address":"臺北市大安區仁愛路4段2號1樓、2號3樓",
    "source_dataset":"taipei_clinic"
    }
  },
  {
    "type": "Feature",
    "geometry": {
       "type": "Point",
       "coordinates":  [ 121.544113,25.034036 ]
    },
    "properties": {
    "city":"taipei",
    "facility_type":"clinic",
    "category":"診所",
    "name":"芙蕾亞時尚診所",
    "district_code":63000030,
    "district":"大安區",
    "address":"臺北市大安區復興南路1段70號3樓之1",
    "source_dataset":"taipei_clinic"
    }
  },
  {
    "type": "Feature",
    "geometry": {
       "type": "Point",
       "coordinates":  [ 121.5454955,25.04277298 ]
    },
    "properties": {
    "city":"taipei",
    "facility_type":"clinic",
    "category":"診所",
    "name":"諾美整形外科診所",
    "district_code":63000030,
    "district":"大安區",
    "address":"臺北市大安區復興南路1段135巷27號2樓之2",
    "source_dataset":"taipei_clinic"
    }
  },
  {
    "type": "Feature",
    "geometry": {
       "type": "Point",
       "coordinates":  [ 121.5469578,25.02452887 ]
    },
    "properties": {
    "city":"taipei",
    "facility_type":"clinic",
    "category":"診所",
    "name":"那明珠診所",
    "district_code":63000030,
    "district":"大安區",
    "address":"臺北市大安區和平東路3段8號",
    "source_dataset":"taipei_clinic"
    }
  },
  {
    "type": "Feature",
    "geometry": {
       "type": "Point",
       "coordinates":  [ 121.544854,25.03354571 ]
    },
    "properties": {
    "city":"taipei",
    "facility_type":"clinic",
    "category":"診所",
    "name":"捷靚皮膚專科診所",
    "district_code":63000030,
    "district":"大安區",
    "address":"臺北市大安區信義路4段45號3樓之3",
    "source_dataset":"taipei_clinic"
    }
  },
  {
    "type": "Feature",
    "geometry": {
       "type": "Point",
       "coordinates":  [ 121.5440605,25.03767283 ]
    },
    "properties": {
    "city":"taipei",
    "facility_type":"clinic",
    "category":"診所",
    "name":"台北亞緻診所",
    "district_code":63000030,
    "district":"大安區",
    "address":"臺北市大安區仁愛路4段2號6樓",
    "source_dataset":"taipei_clinic"
    }
  },
  {
    "type": "Feature",
    "geometry": {
       "type": "Point",
       "coordinates":  [ 121.5433243,25.03318129 ]
    },
    "properties": {
    "city":"taipei",
    "facility_type":"clinic",
    "category":"診所",
    "name":"昱捷診所",
    "district_code":63000030,
    "district":"大安區",
    "address":"臺北市大安區信義路3段202號9樓之2、9樓之3",
    "source_dataset":"taipei_clinic"
    }
  },
  {
    "type": "Feature",
    "geometry": {
       "type": "Point",
       "coordinates":  [ 121.541336,25.04229801 ]
    },
    "properties": {
    "city":"taipei",
    "facility_type":"clinic",
    "category":"診所",
    "name":"童顏診所",
    "district_code":63000030,
    "district":"大安區",
    "address":"臺北市大安區忠孝東路3段251巷4弄6號",
    "source_dataset":"taipei_clinic"
    }
  },
  {
    "type": "Feature",
    "geometry": {
       "type": "Point",
       "coordinates":  [ 121.5438082,25.0337605 ]
    },
    "properties": {
    "city":"taipei",
    "facility_type":"clinic",
    "category":"診所",
    "name":"米洛斯整形外科診所",
    "district_code":63000030,
    "district":"大安區",
    "address":"臺北市大安區復興南路1段323號6樓",
    "source_dataset":"taipei_clinic"
    }
  },
  {
    "type": "Feature",
    "geometry": {
       "type": "Point",
       "coordinates":  [ 121.5560735,25.02079831 ]
    },
    "properties": {
    "city":"taipei",
    "facility_type":"clinic",
    "category":"診所",
    "name":"邱醫師診所",
    "district_code":63000030,
    "district":"大安區",
    "address":"臺北市大安區和平東路3段288號",
    "source_dataset":"taipei_clinic"
    }
  },
  {
    "type": "Feature",
    "geometry": {
       "type": "Point",
       "coordinates":  [ 121.5508383,25.03810513 ]
    },
    "properties": {
    "city":"taipei",
    "facility_type":"clinic",
    "category":"診所",
    "name":"星采整形外科診所",
    "district_code":63000030,
    "district":"大安區",
    "address":"臺北市大安區仁愛路4段137號3樓之2",
    "source_dataset":"taipei_clinic"
    }
  },
  {
    "type": "Feature",
    "geometry": {
       "type": "Point",
       "coordinates":  [ 121.5492885,25.04056811 ]
    },
    "properties": {
    "city":"taipei",
    "facility_type":"clinic",
    "category":"診所",
    "name":"小林醫師診所",
    "district_code":63000030,
    "district":"大安區",
    "address":"臺北市大安區敦化南路1段225號地下二層之19",
    "source_dataset":"taipei_clinic"
    }
  },
  {
    "type": "Feature",
    "geometry": {
       "type": "Point",
       "coordinates":  [ 121.5476627,25.04108639 ]
    },
    "properties": {
    "city":"taipei",
    "facility_type":"clinic",
    "category":"診所",
    "name":"陳詩明醫師診所",
    "district_code":63000030,
    "district":"大安區",
    "address":"臺北市大安區忠孝東路4段126之3號",
    "source_dataset":"taipei_clinic"
    }
  },
  {
    "type": "Feature",
    "geometry": {
       "type": "Point",
       "coordinates":  [ 121.5533205,25.01996534 ]
    },
    "properties": {
    "city":"taipei",
    "facility_type":"clinic",
    "category":"診所",
    "name":"聖侯診所",
    "district_code":63000030,
    "district":"大安區",
    "address":"臺北市大安區樂業街139號",
    "source_dataset":"taipei_clinic"
    }
  },
  {
    "type": "Feature",
    "geometry": {
       "type": "Point",
       "coordinates":  [ 121.5433703,25.03290558 ]
    },
    "properties": {
    "city":"taipei",
    "facility_type":"clinic",
    "category":"診所",
    "name":"宇寧身心診所",
    "district_code":63000030,
    "district":"大安區",
    "address":"臺北市大安區復興南路2段6號3樓",
    "source_dataset":"taipei_clinic"
    }
  },
  {
    "type": "Feature",
    "geometry": {
       "type": "Point",
       "coordinates":  [ 121.5542159,25.04120263 ]
    },
    "properties": {
    "city":"taipei",
    "facility_type":"clinic",
    "category":"診所",
    "name":"黃文香兒科診所",
    "district_code":63000030,
    "district":"大安區",
    "address":"臺北市大安區忠孝東路4段250號2樓之1",
    "source_dataset":"taipei_clinic"
    }
  },
  {
    "type": "Feature",
    "geometry": {
       "type": "Point",
       "coordinates":  [ 121.5334554,25.04200329 ]
    },
    "properties": {
    "city":"taipei",
    "facility_type":"clinic",
    "category":"診所",
    "name":"美安診所",
    "district_code":63000030,
    "district":"大安區",
    "address":"臺北市大安區忠孝東路4段120之11號11樓",
    "source_dataset":"taipei_clinic"
    }
  },
  {
    "type": "Feature",
    "geometry": {
       "type": "Point",
       "coordinates":  [ 121.5334554,25.04200329 ]
    },
    "properties": {
    "city":"taipei",
    "facility_type":"clinic",
    "category":"診所",
    "name":"晶晏時尚診所",
    "district_code":63000030,
    "district":"大安區",
    "address":"臺北市大安區忠孝東路4段67之3號4樓",
    "source_dataset":"taipei_clinic"
    }
  },
  {
    "type": "Feature",
    "geometry": {
       "type": "Point",
       "coordinates":  [ 121.5453725,25.04137468 ]
    },
    "properties": {
    "city":"taipei",
    "facility_type":"clinic",
    "category":"診所",
    "name":"美之約醫美診所",
    "district_code":63000030,
    "district":"大安區",
    "address":"臺北市大安區忠孝東路4段60號12樓之2及12樓之3",
    "source_dataset":"taipei_clinic"
    }
  },
  {
    "type": "Feature",
    "geometry": {
       "type": "Point",
       "coordinates":  [ 121.5491537,25.0219409 ]
    },
    "properties": {
    "city":"taipei",
    "facility_type":"clinic",
    "category":"診所",
    "name":"富霖診所",
    "district_code":63000030,
    "district":"大安區",
    "address":"臺北市大安區敦化南路2段333、335號4樓",
    "source_dataset":"taipei_clinic"
    }
  },
  {
    "type": "Feature",
    "geometry": {
       "type": "Point",
       "coordinates":  [ 121.5491537,25.0219409 ]
    },
    "properties": {
    "city":"taipei",
    "facility_type":"clinic",
    "category":"診所",
    "name":"敦平診所",
    "district_code":63000030,
    "district":"大安區",
    "address":"臺北市大安區敦化南路2段333、335號3樓",
    "source_dataset":"taipei_clinic"
    }
  },
  {
    "type": "Feature",
    "geometry": {
       "type": "Point",
       "coordinates":  [ 121.5482707,25.03130757 ]
    },
    "properties": {
    "city":"taipei",
    "facility_type":"clinic",
    "category":"診所",
    "name":"春暘診所",
    "district_code":63000030,
    "district":"大安區",
    "address":"臺北市大安區敦化南路2段46號16樓",
    "source_dataset":"taipei_clinic"
    }
  },
  {
    "type": "Feature",
    "geometry": {
       "type": "Point",
       "coordinates":  [ 121.5229719,25.0267596 ]
    },
    "properties": {
    "city":"taipei",
    "facility_type":"clinic",
    "category":"診所",
    "name":"健華診所",
    "district_code":63000030,
    "district":"大安區",
    "address":"臺北市大安區和平東路2段299號(實際營業地址:1樓)",
    "source_dataset":"taipei_clinic"
    }
  },
  {
    "type": "Feature",
    "geometry": {
       "type": "Point",
       "coordinates":  [ 121.5472668,25.02811179 ]
    },
    "properties": {
    "city":"taipei",
    "facility_type":"clinic",
    "category":"診所",
    "name":"松德診所",
    "district_code":63000030,
    "district":"大安區",
    "address":"臺北市大安區四維路170巷16號1樓",
    "source_dataset":"taipei_clinic"
    }
  },
  {
    "type": "Feature",
    "geometry": {
       "type": "Point",
       "coordinates":  [ 121.5372657,25.02517338 ]
    },
    "properties": {
    "city":"taipei",
    "facility_type":"clinic",
    "category":"診所",
    "name":"榮新診所",
    "district_code":63000030,
    "district":"大安區",
    "address":"臺北市大安區建國南路2段276號8樓、9樓",
    "source_dataset":"taipei_clinic"
    }
  },
  {
    "type": "Feature",
    "geometry": {
       "type": "Point",
       "coordinates":  [ 121.5525767,25.04166222 ]
    },
    "properties": {
    "city":"taipei",
    "facility_type":"clinic",
    "category":"診所",
    "name":"雅丰美膚診所",
    "district_code":63000030,
    "district":"大安區",
    "address":"臺北市大安區忠孝東路4段221號5樓",
    "source_dataset":"taipei_clinic"
    }
  },
  {
    "type": "Feature",
    "geometry": {
       "type": "Point",
       "coordinates":  [ 121.5311085,25.0202065 ]
    },
    "properties": {
    "city":"taipei",
    "facility_type":"clinic",
    "category":"診所",
    "name":"主愛心靈診所",
    "district_code":63000030,
    "district":"大安區",
    "address":"臺北市大安區羅斯福路3段269巷39號1樓",
    "source_dataset":"taipei_clinic"
    }
  },
  {
    "type": "Feature",
    "geometry": {
       "type": "Point",
       "coordinates":  [ 121.5438744,25.0364999 ]
    },
    "properties": {
    "city":"taipei",
    "facility_type":"clinic",
    "category":"診所",
    "name":"優活麗診所",
    "district_code":63000030,
    "district":"大安區",
    "address":"臺北市大安區復興南路1段259號12樓之1",
    "source_dataset":"taipei_clinic"
    }
  },
  {
    "type": "Feature",
    "geometry": {
       "type": "Point",
       "coordinates":  [ 121.5555368,25.03498485 ]
    },
    "properties": {
    "city":"taipei",
    "facility_type":"clinic",
    "category":"診所",
    "name":"夏爾診所",
    "district_code":63000030,
    "district":"大安區",
    "address":"臺北市大安區信義路4段265巷52號、54號",
    "source_dataset":"taipei_clinic"
    }
  },
  {
    "type": "Feature",
    "geometry": {
       "type": "Point",
       "coordinates":  [ 121.5571088,25.0415617 ]
    },
    "properties": {
    "city":"taipei",
    "facility_type":"clinic",
    "category":"診所",
    "name":"王修含皮膚科診所",
    "district_code":63000030,
    "district":"大安區",
    "address":"臺北市大安區忠孝東路四段333號4樓",
    "source_dataset":"taipei_clinic"
    }
  },
  {
    "type": "Feature",
    "geometry": {
       "type": "Point",
       "coordinates":  [ 121.5399396,25.02865118 ]
    },
    "properties": {
    "city":"taipei",
    "facility_type":"clinic",
    "category":"診所",
    "name":"立?診所",
    "district_code":63000030,
    "district":"大安區",
    "address":"臺北市大安區建國南路二段151巷52號",
    "source_dataset":"taipei_clinic"
    }
  },
  {
    "type": "Feature",
    "geometry": {
       "type": "Point",
       "coordinates":  [ 121.553932,25.04120422 ]
    },
    "properties": {
    "city":"taipei",
    "facility_type":"clinic",
    "category":"診所",
    "name":"嘉仕美整形外科診所",
    "district_code":63000030,
    "district":"大安區",
    "address":"臺北市大安區忠孝東路4段230號2樓",
    "source_dataset":"taipei_clinic"
    }
  },
  {
    "type": "Feature",
    "geometry": {
       "type": "Point",
       "coordinates":  [ 121.5525767,25.04166222 ]
    },
    "properties": {
    "city":"taipei",
    "facility_type":"clinic",
    "category":"診所",
    "name":"雅丰時尚診所",
    "district_code":63000030,
    "district":"大安區",
    "address":"臺北市大安區忠孝東路四段221號11樓",
    "source_dataset":"taipei_clinic"
    }
  },
  {
    "type": "Feature",
    "geometry": {
       "type": "Point",
       "coordinates":  [ 121.5439153,25.03356599 ]
    },
    "properties": {
    "city":"taipei",
    "facility_type":"clinic",
    "category":"診所",
    "name":"愛美薇診所",
    "district_code":63000030,
    "district":"大安區",
    "address":"臺北市大安區信義路4段1號5樓之1",
    "source_dataset":"taipei_clinic"
    }
  },
  {
    "type": "Feature",
    "geometry": {
       "type": "Point",
       "coordinates":  [ 121.5479987,25.0413348 ]
    },
    "properties": {
    "city":"taipei",
    "facility_type":"clinic",
    "category":"診所",
    "name":"林仲樞整形外科診所",
    "district_code":63000030,
    "district":"大安區",
    "address":"臺北市大安區忠孝東路4段128號3樓",
    "source_dataset":"taipei_clinic"
    }
  },
  {
    "type": "Feature",
    "geometry": {
       "type": "Point",
       "coordinates":  [ 121.5470497,25.04012018 ]
    },
    "properties": {
    "city":"taipei",
    "facility_type":"clinic",
    "category":"診所",
    "name":"旭彤診所",
    "district_code":63000030,
    "district":"大安區",
    "address":"臺北市大安區大安路1段101巷10號5樓",
    "source_dataset":"taipei_clinic"
    }
  },
  {
    "type": "Feature",
    "geometry": {
       "type": "Point",
       "coordinates":  [ 121.5466515,25.04274778 ]
    },
    "properties": {
    "city":"taipei",
    "facility_type":"clinic",
    "category":"診所",
    "name":"尼斯診所",
    "district_code":63000030,
    "district":"大安區",
    "address":"臺北市大安區敦化南路1段190巷51號、53號",
    "source_dataset":"taipei_clinic"
    }
  },
  {
    "type": "Feature",
    "geometry": {
       "type": "Point",
       "coordinates":  [ 121.553932,25.04120422 ]
    },
    "properties": {
    "city":"taipei",
    "facility_type":"clinic",
    "category":"診所",
    "name":"嘉仕萌診所",
    "district_code":63000030,
    "district":"大安區",
    "address":"臺北市大安區忠孝東路4段230號5樓",
    "source_dataset":"taipei_clinic"
    }
  },
  {
    "type": "Feature",
    "geometry": {
       "type": "Point",
       "coordinates":  [ 121.523047,25.02684652 ]
    },
    "properties": {
    "city":"taipei",
    "facility_type":"clinic",
    "category":"診所",
    "name":"教主醫美整形外科診所",
    "district_code":63000030,
    "district":"大安區",
    "address":"臺北市大安區和平東路一段6號5樓、5樓之1、5樓之2",
    "source_dataset":"taipei_clinic"
    }
  },
  {
    "type": "Feature",
    "geometry": {
       "type": "Point",
       "coordinates":  [ 121.546489,25.03891687 ]
    },
    "properties": {
    "city":"taipei",
    "facility_type":"clinic",
    "category":"診所",
    "name":"美式診所",
    "district_code":63000030,
    "district":"大安區",
    "address":"臺北市大安區敦化南路1段270巷34號1樓及地下1樓",
    "source_dataset":"taipei_clinic"
    }
  },
  {
    "type": "Feature",
    "geometry": {
       "type": "Point",
       "coordinates":  [ 121.542145,25.0336233 ]
    },
    "properties": {
    "city":"taipei",
    "facility_type":"clinic",
    "category":"診所",
    "name":"凡登整形外科診所",
    "district_code":63000030,
    "district":"大安區",
    "address":"臺北市大安區信義路三段149號4樓、149號4樓之1",
    "source_dataset":"taipei_clinic"
    }
  },
  {
    "type": "Feature",
    "geometry": {
       "type": "Point",
       "coordinates":  [ 121.5485903,25.0406175 ]
    },
    "properties": {
    "city":"taipei",
    "facility_type":"clinic",
    "category":"診所",
    "name":"聖宜診所",
    "district_code":63000030,
    "district":"大安區",
    "address":"臺北市大安區敦化南路1段232巷4號地下一層、6號地下一層、8號1樓及地下一層、10號1樓及地下一層",
    "source_dataset":"taipei_clinic"
    }
  },
  {
    "type": "Feature",
    "geometry": {
       "type": "Point",
       "coordinates":  [ 121.5434965,25.03969162 ]
    },
    "properties": {
    "city":"taipei",
    "facility_type":"clinic",
    "category":"診所",
    "name":"奧美醫美診所",
    "district_code":63000030,
    "district":"大安區",
    "address":"臺北市大安區復興南路一段200號4樓",
    "source_dataset":"taipei_clinic"
    }
  },
  {
    "type": "Feature",
    "geometry": {
       "type": "Point",
       "coordinates":  [ 121.5518478,25.0330101 ]
    },
    "properties": {
    "city":"taipei",
    "facility_type":"clinic",
    "category":"診所",
    "name":"信義英爵醫美診所",
    "district_code":63000030,
    "district":"大安區",
    "address":"臺北市大安區信義路四段206號、208號2樓、210號2樓",
    "source_dataset":"taipei_clinic"
    }
  },
  {
    "type": "Feature",
    "geometry": {
       "type": "Point",
       "coordinates":  [ 121.5502891,25.04128469 ]
    },
    "properties": {
    "city":"taipei",
    "facility_type":"clinic",
    "category":"診所",
    "name":"艾萊克時尚診所",
    "district_code":63000030,
    "district":"大安區",
    "address":"臺北市大安區忠孝東路四段162號7樓之3",
    "source_dataset":"taipei_clinic"
    }
  },
  {
    "type": "Feature",
    "geometry": {
       "type": "Point",
       "coordinates":  [ 121.5542159,25.04120263 ]
    },
    "properties": {
    "city":"taipei",
    "facility_type":"clinic",
    "category":"診所",
    "name":"延吉美皮膚專科診所",
    "district_code":63000030,
    "district":"大安區",
    "address":"臺北市大安區忠孝東路四段250號3樓之1、3樓之2",
    "source_dataset":"taipei_clinic"
    }
  },
  {
    "type": "Feature",
    "geometry": {
       "type": "Point",
       "coordinates":  [ 121.5482899,25.04174825 ]
    },
    "properties": {
    "city":"taipei",
    "facility_type":"clinic",
    "category":"診所",
    "name":"銘妍診所",
    "district_code":63000030,
    "district":"大安區",
    "address":"臺北市大安區忠孝東路四段107號8樓",
    "source_dataset":"taipei_clinic"
    }
  },
  {
    "type": "Feature",
    "geometry": {
       "type": "Point",
       "coordinates":  [ 121.5525767,25.04166222 ]
    },
    "properties": {
    "city":"taipei",
    "facility_type":"clinic",
    "category":"診所",
    "name":"雅丰麗緻診所",
    "district_code":63000030,
    "district":"大安區",
    "address":"臺北市大安區忠孝東路4段221號5樓",
    "source_dataset":"taipei_clinic"
    }
  },
  {
    "type": "Feature",
    "geometry": {
       "type": "Point",
       "coordinates":  [ 121.5483766,25.02609173 ]
    },
    "properties": {
    "city":"taipei",
    "facility_type":"clinic",
    "category":"診所",
    "name":"綺色佳診所",
    "district_code":63000030,
    "district":"大安區",
    "address":"臺北市大安區敦化南路二段128號地下層",
    "source_dataset":"taipei_clinic"
    }
  },
  {
    "type": "Feature",
    "geometry": {
       "type": "Point",
       "coordinates":  [ 121.5232814,25.0268277 ]
    },
    "properties": {
    "city":"taipei",
    "facility_type":"clinic",
    "category":"診所",
    "name":"灩妮醫美診所",
    "district_code":63000030,
    "district":"大安區",
    "address":"臺北市大安區和平東路一段10號3樓",
    "source_dataset":"taipei_clinic"
    }
  },
  {
    "type": "Feature",
    "geometry": {
       "type": "Point",
       "coordinates":  [ 121.5432671,25.02751059 ]
    },
    "properties": {
    "city":"taipei",
    "facility_type":"clinic",
    "category":"診所",
    "name":"光慧診所",
    "district_code":63000030,
    "district":"大安區",
    "address":"臺北市大安區復興南路二段176號",
    "source_dataset":"taipei_clinic"
    }
  },
  {
    "type": "Feature",
    "geometry": {
       "type": "Point",
       "coordinates":  [ 121.5428255,25.03362201 ]
    },
    "properties": {
    "city":"taipei",
    "facility_type":"clinic",
    "category":"診所",
    "name":"愛群婦產科診所",
    "district_code":63000030,
    "district":"大安區",
    "address":"臺北市大安區信義路三段155號2樓之1、178號2樓、178號7樓",
    "source_dataset":"taipei_clinic"
    }
  },
  {
    "type": "Feature",
    "geometry": {
       "type": "Point",
       "coordinates":  [ 121.5497531,25.03833674 ]
    },
    "properties": {
    "city":"taipei",
    "facility_type":"clinic",
    "category":"診所",
    "name":"微顏整形外科診所",
    "district_code":63000030,
    "district":"大安區",
    "address":"臺北市大安區仁愛路四段107號5樓",
    "source_dataset":"taipei_clinic"
    }
  },
  {
    "type": "Feature",
    "geometry": {
       "type": "Point",
       "coordinates":  [ 121.5345634,25.0259331 ]
    },
    "properties": {
    "city":"taipei",
    "facility_type":"clinic",
    "category":"診所",
    "name":"禾馨新生婦幼診所",
    "district_code":63000030,
    "district":"大安區",
    "address":"臺北市大安區新生南路三段2號、2號2樓、2號3樓",
    "source_dataset":"taipei_clinic"
    }
  },
  {
    "type": "Feature",
    "geometry": {
       "type": "Point",
       "coordinates":  [ 121.544042,25.04184178 ]
    },
    "properties": {
    "city":"taipei",
    "facility_type":"clinic",
    "category":"診所",
    "name":"光澤診所",
    "district_code":63000030,
    "district":"大安區",
    "address":"臺北市大安區忠孝東路四段1號5樓、8樓",
    "source_dataset":"taipei_clinic"
    }
  },
  {
    "type": "Feature",
    "geometry": {
       "type": "Point",
       "coordinates":  [ 121.5500384,25.04171046 ]
    },
    "properties": {
    "city":"taipei",
    "facility_type":"clinic",
    "category":"診所",
    "name":"靚世紀診所",
    "district_code":63000030,
    "district":"大安區",
    "address":"臺北市大安區忠孝東路四段155號3樓",
    "source_dataset":"taipei_clinic"
    }
  },
  {
    "type": "Feature",
    "geometry": {
       "type": "Point",
       "coordinates":  [ 121.5273116,25.02691279 ]
    },
    "properties": {
    "city":"taipei",
    "facility_type":"clinic",
    "category":"診所",
    "name":"和麗診所",
    "district_code":63000030,
    "district":"大安區",
    "address":"臺北市大安區和平東路1段121號2樓",
    "source_dataset":"taipei_clinic"
    }
  },
  {
    "type": "Feature",
    "geometry": {
       "type": "Point",
       "coordinates":  [ 121.5511656,25.04168708 ]
    },
    "properties": {
    "city":"taipei",
    "facility_type":"clinic",
    "category":"診所",
    "name":"光彩時尚診所",
    "district_code":63000030,
    "district":"大安區",
    "address":"臺北市大安區忠孝東路四段191號6樓",
    "source_dataset":"taipei_clinic"
    }
  },
  {
    "type": "Feature",
    "geometry": {
       "type": "Point",
       "coordinates":  [ 121.5482899,25.04174825 ]
    },
    "properties": {
    "city":"taipei",
    "facility_type":"clinic",
    "category":"診所",
    "name":"巨星整形外科診所",
    "district_code":63000030,
    "district":"大安區",
    "address":"臺北市大安區忠孝東路四段107號5樓之2",
    "source_dataset":"taipei_clinic"
    }
  },
  {
    "type": "Feature",
    "geometry": {
       "type": "Point",
       "coordinates":  [ 121.553621,25.03371506 ]
    },
    "properties": {
    "city":"taipei",
    "facility_type":"clinic",
    "category":"診所",
    "name":"麗式診所",
    "district_code":63000030,
    "district":"大安區",
    "address":"臺北市大安區信義路4段251號15樓",
    "source_dataset":"taipei_clinic"
    }
  },
  {
    "type": "Feature",
    "geometry": {
       "type": "Point",
       "coordinates":  [ 121.5549485,25.04004488 ]
    },
    "properties": {
    "city":"taipei",
    "facility_type":"clinic",
    "category":"診所",
    "name":"自體心理診所",
    "district_code":63000030,
    "district":"大安區",
    "address":"臺北市大安區延吉街153之9號3樓",
    "source_dataset":"taipei_clinic"
    }
  },
  {
    "type": "Feature",
    "geometry": {
       "type": "Point",
       "coordinates":  [ 121.541549,25.04184611 ]
    },
    "properties": {
    "city":"taipei",
    "facility_type":"clinic",
    "category":"診所",
    "name":"京品醫美診所",
    "district_code":63000030,
    "district":"大安區",
    "address":"臺北市大安區忠孝東路3段249之1號7樓",
    "source_dataset":"taipei_clinic"
    }
  },
  {
    "type": "Feature",
    "geometry": {
       "type": "Point",
       "coordinates":  [ 121.55446,25.0421337 ]
    },
    "properties": {
    "city":"taipei",
    "facility_type":"clinic",
    "category":"診所",
    "name":"晴天身心診所",
    "district_code":63000030,
    "district":"大安區",
    "address":"臺北市大安區延吉街135之3號2樓",
    "source_dataset":"taipei_clinic"
    }
  },
  {
    "type": "Feature",
    "geometry": {
       "type": "Point",
       "coordinates":  [ 121.5560174,25.03290869 ]
    },
    "properties": {
    "city":"taipei",
    "facility_type":"clinic",
    "category":"診所",
    "name":"首爾醫美診所",
    "district_code":63000030,
    "district":"大安區",
    "address":"臺北市大安區信義路4段382號5樓",
    "source_dataset":"taipei_clinic"
    }
  },
  {
    "type": "Feature",
    "geometry": {
       "type": "Point",
       "coordinates":  [ 121.5319308,25.01737298 ]
    },
    "properties": {
    "city":"taipei",
    "facility_type":"clinic",
    "category":"診所",
    "name":"蔡凱宙自然骨科診所",
    "district_code":63000030,
    "district":"大安區",
    "address":"臺北市大安區羅斯福路3段309號4樓之3",
    "source_dataset":"taipei_clinic"
    }
  },
  {
    "type": "Feature",
    "geometry": {
       "type": "Point",
       "coordinates":  [ 121.5482436,25.04133273 ]
    },
    "properties": {
    "city":"taipei",
    "facility_type":"clinic",
    "category":"診所",
    "name":"東區時尚美學診所",
    "district_code":63000030,
    "district":"大安區",
    "address":"臺北市大安區忠孝東路4段134號9樓",
    "source_dataset":"taipei_clinic"
    }
  },
  {
    "type": "Feature",
    "geometry": {
       "type": "Point",
       "coordinates":  [ 121.5440324,25.04308637 ]
    },
    "properties": {
    "city":"taipei",
    "facility_type":"clinic",
    "category":"診所",
    "name":"全美診所",
    "district_code":63000030,
    "district":"大安區",
    "address":"臺北市大安區復興南路1段127號3樓、3樓之1",
    "source_dataset":"taipei_clinic"
    }
  },
  {
    "type": "Feature",
    "geometry": {
       "type": "Point",
       "coordinates":  [ 121.542145,25.0336233 ]
    },
    "properties": {
    "city":"taipei",
    "facility_type":"clinic",
    "category":"診所",
    "name":"如一整形外科診所",
    "district_code":63000030,
    "district":"大安區",
    "address":"臺北市大安區信義路3段149號10樓",
    "source_dataset":"taipei_clinic"
    }
  },
  {
    "type": "Feature",
    "geometry": {
       "type": "Point",
       "coordinates":  [ 121.5443843,25.04183689 ]
    },
    "properties": {
    "city":"taipei",
    "facility_type":"clinic",
    "category":"診所",
    "name":"奧拉克診所",
    "district_code":63000030,
    "district":"大安區",
    "address":"臺北市大安區忠孝東路四段15號6樓之1",
    "source_dataset":"taipei_clinic"
    }
  },
  {
    "type": "Feature",
    "geometry": {
       "type": "Point",
       "coordinates":  [ 121.5500452,25.03344081 ]
    },
    "properties": {
    "city":"taipei",
    "facility_type":"clinic",
    "category":"診所",
    "name":"嘉德麗雅診所",
    "district_code":63000030,
    "district":"大安區",
    "address":"臺北市大安區信義路4段155號7樓",
    "source_dataset":"taipei_clinic"
    }
  },
  {
    "type": "Feature",
    "geometry": {
       "type": "Point",
       "coordinates":  [ 121.5307219,25.03344603 ]
    },
    "properties": {
    "city":"taipei",
    "facility_type":"clinic",
    "category":"診所",
    "name":"達仁診所",
    "district_code":63000030,
    "district":"大安區",
    "address":"臺北市大安區信義路2段208號4樓",
    "source_dataset":"taipei_clinic"
    }
  },
  {
    "type": "Feature",
    "geometry": {
       "type": "Point",
       "coordinates":  [ 121.557357,25.04155944 ]
    },
    "properties": {
    "city":"taipei",
    "facility_type":"clinic",
    "category":"診所",
    "name":"華特診所",
    "district_code":63000030,
    "district":"大安區",
    "address":"臺北市大安區忠孝東路四段341號5樓之1",
    "source_dataset":"taipei_clinic"
    }
  },
  {
    "type": "Feature",
    "geometry": {
       "type": "Point",
       "coordinates":  [ 121.5458436,25.03820973 ]
    },
    "properties": {
    "city":"taipei",
    "facility_type":"clinic",
    "category":"診所",
    "name":"願麗醫美診所",
    "district_code":63000030,
    "district":"大安區",
    "address":"臺北市大安區仁愛路4段33號2樓之1",
    "source_dataset":"taipei_clinic"
    }
  },
  {
    "type": "Feature",
    "geometry": {
       "type": "Point",
       "coordinates":  [ 121.5558889,25.03292426 ]
    },
    "properties": {
    "city":"taipei",
    "facility_type":"clinic",
    "category":"診所",
    "name":"名媛芭比時尚醫美診所",
    "district_code":63000030,
    "district":"大安區",
    "address":"臺北市大安區信義路4段380號",
    "source_dataset":"taipei_clinic"
    }
  },
  {
    "type": "Feature",
    "geometry": {
       "type": "Point",
       "coordinates":  [ 121.5492521,25.03677648 ]
    },
    "properties": {
    "city":"taipei",
    "facility_type":"clinic",
    "category":"診所",
    "name":"瑞御診所",
    "district_code":63000030,
    "district":"大安區",
    "address":"臺北市大安區敦化南路一段259號12樓",
    "source_dataset":"taipei_clinic"
    }
  },
  {
    "type": "Feature",
    "geometry": {
       "type": "Point",
       "coordinates":  [ 121.5533378,25.04111115 ]
    },
    "properties": {
    "city":"taipei",
    "facility_type":"clinic",
    "category":"診所",
    "name":"輝馥復健專科診所",
    "district_code":63000030,
    "district":"大安區",
    "address":"臺北市大安區忠孝東路4段218之5號2樓",
    "source_dataset":"taipei_clinic"
    }
  },
  {
    "type": "Feature",
    "geometry": {
       "type": "Point",
       "coordinates":  [ 121.5473566,25.0376012 ]
    },
    "properties": {
    "city":"taipei",
    "facility_type":"clinic",
    "category":"診所",
    "name":"緻美整形外科診所",
    "district_code":63000030,
    "district":"大安區",
    "address":"臺北市大安區仁愛路四段50之3號(2樓)",
    "source_dataset":"taipei_clinic"
    }
  },
  {
    "type": "Feature",
    "geometry": {
       "type": "Point",
       "coordinates":  [ 121.5479189,25.03308638 ]
    },
    "properties": {
    "city":"taipei",
    "facility_type":"clinic",
    "category":"診所",
    "name":"珍世明眼科診所",
    "district_code":63000030,
    "district":"大安區",
    "address":"臺北市大安區信義路4段98號2樓",
    "source_dataset":"taipei_clinic"
    }
  },
  {
    "type": "Feature",
    "geometry": {
       "type": "Point",
       "coordinates":  [ 121.5222729,25.027618 ]
    },
    "properties": {
    "city":"taipei",
    "facility_type":"clinic",
    "category":"診所",
    "name":"馨思診所",
    "district_code":63000030,
    "district":"大安區",
    "address":"臺北市大安區羅斯福路2段41號7樓之1",
    "source_dataset":"taipei_clinic"
    }
  },
  {
    "type": "Feature",
    "geometry": {
       "type": "Point",
       "coordinates":  [ 121.5346037,25.02557546 ]
    },
    "properties": {
    "city":"taipei",
    "facility_type":"clinic",
    "category":"診所",
    "name":"小禾馨小兒專科診所",
    "district_code":63000030,
    "district":"大安區",
    "address":"臺北市大安區新生南路三段4號",
    "source_dataset":"taipei_clinic"
    }
  },
  {
    "type": "Feature",
    "geometry": {
       "type": "Point",
       "coordinates":  [ 121.5359157,25.04167342 ]
    },
    "properties": {
    "city":"taipei",
    "facility_type":"clinic",
    "category":"診所",
    "name":"潘健理診所",
    "district_code":63000030,
    "district":"大安區",
    "address":"臺北市大安區忠孝東路三段86號8樓",
    "source_dataset":"taipei_clinic"
    }
  },
  {
    "type": "Feature",
    "geometry": {
       "type": "Point",
       "coordinates":  [ 121.5571088,25.0415617 ]
    },
    "properties": {
    "city":"taipei",
    "facility_type":"clinic",
    "category":"診所",
    "name":"百康診所",
    "district_code":63000030,
    "district":"大安區",
    "address":"臺北市大安區忠孝東路四段333號8樓之3",
    "source_dataset":"taipei_clinic"
    }
  },
  {
    "type": "Feature",
    "geometry": {
       "type": "Point",
       "coordinates":  [ 121.553338,25.04117159 ]
    },
    "properties": {
    "city":"taipei",
    "facility_type":"clinic",
    "category":"診所",
    "name":"水天使診所",
    "district_code":63000030,
    "district":"大安區",
    "address":"臺北市大安區忠孝東路4段218之2號6樓",
    "source_dataset":"taipei_clinic"
    }
  },
  {
    "type": "Feature",
    "geometry": {
       "type": "Point",
       "coordinates":  [ 121.5419046,25.0418438 ]
    },
    "properties": {
    "city":"taipei",
    "facility_type":"clinic",
    "category":"診所",
    "name":"尚凌診所",
    "district_code":63000030,
    "district":"大安區",
    "address":"臺北市大安區忠孝東路三段257號3樓、261號2樓",
    "source_dataset":"taipei_clinic"
    }
  },
  {
    "type": "Feature",
    "geometry": {
       "type": "Point",
       "coordinates":  [ 121.5331883,25.03428621 ]
    },
    "properties": {
    "city":"taipei",
    "facility_type":"clinic",
    "category":"診所",
    "name":"佳立得耳鼻喉科診所",
    "district_code":63000030,
    "district":"大安區",
    "address":"臺北市大安區新生南路1段165巷1號1樓",
    "source_dataset":"taipei_clinic"
    }
  },
  {
    "type": "Feature",
    "geometry": {
       "type": "Point",
       "coordinates":  [ 121.5527292,25.03520771 ]
    },
    "properties": {
    "city":"taipei",
    "facility_type":"clinic",
    "category":"診所",
    "name":"安瑟美膚整形外科診所",
    "district_code":63000030,
    "district":"大安區",
    "address":"臺北市大安區安和路1段113號2樓之1",
    "source_dataset":"taipei_clinic"
    }
  },
  {
    "type": "Feature",
    "geometry": {
       "type": "Point",
       "coordinates":  [ 121.5506474,25.04169815 ]
    },
    "properties": {
    "city":"taipei",
    "facility_type":"clinic",
    "category":"診所",
    "name":"博恩妍診所",
    "district_code":63000030,
    "district":"大安區",
    "address":"臺北市大安區忠孝東路四段177號12樓",
    "source_dataset":"taipei_clinic"
    }
  },
  {
    "type": "Feature",
    "geometry": {
       "type": "Point",
       "coordinates":  [ 121.5515268,25.03356297 ]
    },
    "properties": {
    "city":"taipei",
    "facility_type":"clinic",
    "category":"診所",
    "name":"鄢源貴婦產科診所",
    "district_code":63000030,
    "district":"大安區",
    "address":"臺北市大安區信義路4段199巷2號5樓之1",
    "source_dataset":"taipei_clinic"
    }
  },
  {
    "type": "Feature",
    "geometry": {
       "type": "Point",
       "coordinates":  [ 121.5569977,25.04113956 ]
    },
    "properties": {
    "city":"taipei",
    "facility_type":"clinic",
    "category":"診所",
    "name":"陽光美診所",
    "district_code":63000030,
    "district":"大安區",
    "address":"臺北市大安區忠孝東路4段312號4樓之4",
    "source_dataset":"taipei_clinic"
    }
  },
  {
    "type": "Feature",
    "geometry": {
       "type": "Point",
       "coordinates":  [ 121.5434923,25.03951708 ]
    },
    "properties": {
    "city":"taipei",
    "facility_type":"clinic",
    "category":"診所",
    "name":"百靈診所",
    "district_code":63000030,
    "district":"大安區",
    "address":"臺北市大安區復興南路1段204號5樓之1",
    "source_dataset":"taipei_clinic"
    }
  },
  {
    "type": "Feature",
    "geometry": {
       "type": "Point",
       "coordinates":  [ 121.5493431,25.03582711 ]
    },
    "properties": {
    "city":"taipei",
    "facility_type":"clinic",
    "category":"診所",
    "name":"優爾視眼科診所",
    "district_code":63000030,
    "district":"大安區",
    "address":"臺北市大安區敦化南路一段283號2樓、2樓之1",
    "source_dataset":"taipei_clinic"
    }
  },
  {
    "type": "Feature",
    "geometry": {
       "type": "Point",
       "coordinates":  [ 121.5459068,25.02656913 ]
    },
    "properties": {
    "city":"taipei",
    "facility_type":"clinic",
    "category":"診所",
    "name":"李細祥內科診所",
    "district_code":63000030,
    "district":"大安區",
    "address":"臺北市大安區四維路198巷30弄5號",
    "source_dataset":"taipei_clinic"
    }
  },
  {
    "type": "Feature",
    "geometry": {
       "type": "Point",
       "coordinates":  [ 121.5508383,25.03810513 ]
    },
    "properties": {
    "city":"taipei",
    "facility_type":"clinic",
    "category":"診所",
    "name":"御美診所",
    "district_code":63000030,
    "district":"大安區",
    "address":"臺北市大安區仁愛路4段137號4樓之2",
    "source_dataset":"taipei_clinic"
    }
  },
  {
    "type": "Feature",
    "geometry": {
       "type": "Point",
       "coordinates":  [ 121.5298047,25.03354379 ]
    },
    "properties": {
    "city":"taipei",
    "facility_type":"clinic",
    "category":"診所",
    "name":"環球診所",
    "district_code":63000030,
    "district":"大安區",
    "address":"臺北市大安區信義路二段184號4樓",
    "source_dataset":"taipei_clinic"
    }
  },
  {
    "type": "Feature",
    "geometry": {
       "type": "Point",
       "coordinates":  [ 121.5432714,25.03318187 ]
    },
    "properties": {
    "city":"taipei",
    "facility_type":"clinic",
    "category":"診所",
    "name":"米漾診所",
    "district_code":63000030,
    "district":"大安區",
    "address":"臺北市大安區信義路3段200號12樓",
    "source_dataset":"taipei_clinic"
    }
  },
  {
    "type": "Feature",
    "geometry": {
       "type": "Point",
       "coordinates":  [ 121.5412672,25.0418463 ]
    },
    "properties": {
    "city":"taipei",
    "facility_type":"clinic",
    "category":"診所",
    "name":"福康診所",
    "district_code":63000030,
    "district":"大安區",
    "address":"臺北市大安區忠孝東路三段247之1號3樓",
    "source_dataset":"taipei_clinic"
    }
  },
  {
    "type": "Feature",
    "geometry": {
       "type": "Point",
       "coordinates":  [ 121.542145,25.0336233 ]
    },
    "properties": {
    "city":"taipei",
    "facility_type":"clinic",
    "category":"診所",
    "name":"凡登斐麗診所",
    "district_code":63000030,
    "district":"大安區",
    "address":"臺北市大安區信義路3段149號3樓、149號3樓之1",
    "source_dataset":"taipei_clinic"
    }
  },
  {
    "type": "Feature",
    "geometry": {
       "type": "Point",
       "coordinates":  [ 121.5533731,25.04121378 ]
    },
    "properties": {
    "city":"taipei",
    "facility_type":"clinic",
    "category":"診所",
    "name":"毛爵生髮診所",
    "district_code":63000030,
    "district":"大安區",
    "address":"臺北市大安區忠孝東路4段220號3樓、218之5號5樓",
    "source_dataset":"taipei_clinic"
    }
  },
  {
    "type": "Feature",
    "geometry": {
       "type": "Point",
       "coordinates":  [ 121.549817,25.03988274 ]
    },
    "properties": {
    "city":"taipei",
    "facility_type":"clinic",
    "category":"診所",
    "name":"睿醫診所",
    "district_code":63000030,
    "district":"大安區",
    "address":"臺北市大安區忠孝東路4段170巷18弄18號2樓之1",
    "source_dataset":"taipei_clinic"
    }
  },
  {
    "type": "Feature",
    "geometry": {
       "type": "Point",
       "coordinates":  [ 121.551939,25.03206792 ]
    },
    "properties": {
    "city":"taipei",
    "facility_type":"clinic",
    "category":"診所",
    "name":"童話時尚診所",
    "district_code":63000030,
    "district":"大安區",
    "address":"臺北市大安區安和路2段20巷8號、10號",
    "source_dataset":"taipei_clinic"
    }
  },
  {
    "type": "Feature",
    "geometry": {
       "type": "Point",
       "coordinates":  [ 121.5237293,25.0260102 ]
    },
    "properties": {
    "city":"taipei",
    "facility_type":"clinic",
    "category":"診所",
    "name":"超越復健診所",
    "district_code":63000030,
    "district":"大安區",
    "address":"臺北市大安區羅斯福路二段81巷1號3、4、5樓",
    "source_dataset":"taipei_clinic"
    }
  },
  {
    "type": "Feature",
    "geometry": {
       "type": "Point",
       "coordinates":  [ 121.5558017,25.0415936 ]
    },
    "properties": {
    "city":"taipei",
    "facility_type":"clinic",
    "category":"診所",
    "name":"謝婦產科診所",
    "district_code":63000030,
    "district":"大安區",
    "address":"臺北市大安區忠孝東路四段311號3樓之1",
    "source_dataset":"taipei_clinic"
    }
  },
  {
    "type": "Feature",
    "geometry": {
       "type": "Point",
       "coordinates":  [ 121.5573845,25.03659357 ]
    },
    "properties": {
    "city":"taipei",
    "facility_type":"clinic",
    "category":"診所",
    "name":"張涵郁診所",
    "district_code":63000030,
    "district":"大安區",
    "address":"臺北市大安區光復南路416號1樓、412號2樓",
    "source_dataset":"taipei_clinic"
    }
  },
  {
    "type": "Feature",
    "geometry": {
       "type": "Point",
       "coordinates":  [ 121.5445363,25.0414022 ]
    },
    "properties": {
    "city":"taipei",
    "facility_type":"clinic",
    "category":"診所",
    "name":"君綺診所",
    "district_code":63000030,
    "district":"大安區",
    "address":"臺北市大安區忠孝東路4段30號9樓、10樓",
    "source_dataset":"taipei_clinic"
    }
  },
  {
    "type": "Feature",
    "geometry": {
       "type": "Point",
       "coordinates":  [ 121.5502336,25.03955037 ]
    },
    "properties": {
    "city":"taipei",
    "facility_type":"clinic",
    "category":"診所",
    "name":"璞之妍診所",
    "district_code":63000030,
    "district":"大安區",
    "address":"臺北市大安區安和路1段21巷5號、敦化南路1段233巷13號",
    "source_dataset":"taipei_clinic"
    }
  },
  {
    "type": "Feature",
    "geometry": {
       "type": "Point",
       "coordinates":  [ 121.5491594,25.03302417 ]
    },
    "properties": {
    "city":"taipei",
    "facility_type":"clinic",
    "category":"診所",
    "name":"尚緹診所",
    "district_code":63000030,
    "district":"大安區",
    "address":"臺北市大安區敦化南路二段1號5樓",
    "source_dataset":"taipei_clinic"
    }
  },
  {
    "type": "Feature",
    "geometry": {
       "type": "Point",
       "coordinates":  [ 121.5568495,25.03831957 ]
    },
    "properties": {
    "city":"taipei",
    "facility_type":"clinic",
    "category":"診所",
    "name":"韓風時尚整形外科診所",
    "district_code":63000030,
    "district":"大安區",
    "address":"臺北市大安區光復南路346巷21號1樓",
    "source_dataset":"taipei_clinic"
    }
  },
  {
    "type": "Feature",
    "geometry": {
       "type": "Point",
       "coordinates":  [ 121.5542628,25.02629187 ]
    },
    "properties": {
    "city":"taipei",
    "facility_type":"clinic",
    "category":"診所",
    "name":"富盈診所",
    "district_code":63000030,
    "district":"大安區",
    "address":"臺北市大安區基隆路2段172之1號2樓、2樓之1、2樓之2、2樓之3、3樓、3樓之1、3樓之2、3樓之3、3樓之4",
    "source_dataset":"taipei_clinic"
    }
  },
  {
    "type": "Feature",
    "geometry": {
       "type": "Point",
       "coordinates":  [ 121.5513115,25.04126795 ]
    },
    "properties": {
    "city":"taipei",
    "facility_type":"clinic",
    "category":"診所",
    "name":"安諾診所",
    "district_code":63000030,
    "district":"大安區",
    "address":"臺北市大安區忠孝東路4段176之1號6樓",
    "source_dataset":"taipei_clinic"
    }
  },
  {
    "type": "Feature",
    "geometry": {
       "type": "Point",
       "coordinates":  [ 121.5334554,25.04200329 ]
    },
    "properties": {
    "city":"taipei",
    "facility_type":"clinic",
    "category":"診所",
    "name":"韓佳人診所",
    "district_code":63000030,
    "district":"大安區",
    "address":"臺北市大安區忠孝東路4段122之1號(實際營業地址：2樓)",
    "source_dataset":"taipei_clinic"
    }
  },
  {
    "type": "Feature",
    "geometry": {
       "type": "Point",
       "coordinates":  [ 121.5332197,25.02644 ]
    },
    "properties": {
    "city":"taipei",
    "facility_type":"clinic",
    "category":"診所",
    "name":"和欣視光眼科診所",
    "district_code":63000030,
    "district":"大安區",
    "address":"臺北市大安區和平東路3段274號(實際營業地址:1樓、地下層)",
    "source_dataset":"taipei_clinic"
    }
  },
  {
    "type": "Feature",
    "geometry": {
       "type": "Point",
       "coordinates":  [ 121.5555368,25.02721368 ]
    },
    "properties": {
    "city":"taipei",
    "facility_type":"clinic",
    "category":"診所",
    "name":"時尚元素診所",
    "district_code":63000030,
    "district":"大安區",
    "address":"臺北市大安區基隆路2段164號2樓",
    "source_dataset":"taipei_clinic"
    }
  },
  {
    "type": "Feature",
    "geometry": {
       "type": "Point",
       "coordinates":  [ 121.5441457,25.03767252 ]
    },
    "properties": {
    "city":"taipei",
    "facility_type":"clinic",
    "category":"診所",
    "name":"衣絜時尚美學診所",
    "district_code":63000030,
    "district":"大安區",
    "address":"臺北市大安區仁愛路四段四號2樓",
    "source_dataset":"taipei_clinic"
    }
  },
  {
    "type": "Feature",
    "geometry": {
       "type": "Point",
       "coordinates":  [ 121.5270591,25.03382206 ]
    },
    "properties": {
    "city":"taipei",
    "facility_type":"clinic",
    "category":"診所",
    "name":"大安聚英視光眼科診所",
    "district_code":63000030,
    "district":"大安區",
    "address":"臺北市大安區金山南路2段2號3樓",
    "source_dataset":"taipei_clinic"
    }
  },
  {
    "type": "Feature",
    "geometry": {
       "type": "Point",
       "coordinates":  [ 121.557357,25.04155944 ]
    },
    "properties": {
    "city":"taipei",
    "facility_type":"clinic",
    "category":"診所",
    "name":"台生診所",
    "district_code":63000030,
    "district":"大安區",
    "address":"臺北市大安區忠孝東路4段341號8樓之2",
    "source_dataset":"taipei_clinic"
    }
  },
  {
    "type": "Feature",
    "geometry": {
       "type": "Point",
       "coordinates":  [ 121.5370136,25.0456646 ]
    },
    "properties": {
    "city":"taipei",
    "facility_type":"clinic",
    "category":"診所",
    "name":"緻妍國際醫學美容診所",
    "district_code":63000030,
    "district":"大安區",
    "address":"臺北市大安區建國南路1段165號(3樓)",
    "source_dataset":"taipei_clinic"
    }
  },
  {
    "type": "Feature",
    "geometry": {
       "type": "Point",
       "coordinates":  [ 121.5369766,25.04106187 ]
    },
    "properties": {
    "city":"taipei",
    "facility_type":"clinic",
    "category":"診所",
    "name":"愛家自然診所",
    "district_code":63000030,
    "district":"大安區",
    "address":"臺北市大安區建國南路1段160號6樓",
    "source_dataset":"taipei_clinic"
    }
  },
  {
    "type": "Feature",
    "geometry": {
       "type": "Point",
       "coordinates":  [ 121.552614,25.04217649 ]
    },
    "properties": {
    "city":"taipei",
    "facility_type":"clinic",
    "category":"診所",
    "name":"大心診所",
    "district_code":63000030,
    "district":"大安區",
    "address":"臺北市大安區忠孝東路4段205巷7弄13號2樓、153號6樓",
    "source_dataset":"taipei_clinic"
    }
  },
  {
    "type": "Feature",
    "geometry": {
       "type": "Point",
       "coordinates":  [ 121.5480756,25.0413345 ]
    },
    "properties": {
    "city":"taipei",
    "facility_type":"clinic",
    "category":"診所",
    "name":"嘉速美整形外科醫美診所",
    "district_code":63000030,
    "district":"大安區",
    "address":"臺北市大安區忠孝東路4段130號3樓",
    "source_dataset":"taipei_clinic"
    }
  },
  {
    "type": "Feature",
    "geometry": {
       "type": "Point",
       "coordinates":  [ 121.5438565,25.03549732 ]
    },
    "properties": {
    "city":"taipei",
    "facility_type":"clinic",
    "category":"診所",
    "name":"欣昇復健科診所",
    "district_code":63000030,
    "district":"大安區",
    "address":"臺北市大安區復興南路一段283號",
    "source_dataset":"taipei_clinic"
    }
  },
  {
    "type": "Feature",
    "geometry": {
       "type": "Point",
       "coordinates":  [ 121.5455302,25.0336067 ]
    },
    "properties": {
    "city":"taipei",
    "facility_type":"clinic",
    "category":"診所",
    "name":"星美妍國際醫美診所",
    "district_code":63000030,
    "district":"大安區",
    "address":"臺北市大安區忠孝東路4段120之15號(3樓)",
    "source_dataset":"taipei_clinic"
    }
  },
  {
    "type": "Feature",
    "geometry": {
       "type": "Point",
       "coordinates":  [ 121.5455386,25.03872339 ]
    },
    "properties": {
    "city":"taipei",
    "facility_type":"clinic",
    "category":"診所",
    "name":"樂奕診所",
    "district_code":63000030,
    "district":"大安區",
    "address":"臺北市大安區大安路1段144巷5號",
    "source_dataset":"taipei_clinic"
    }
  },
  {
    "type": "Feature",
    "geometry": {
       "type": "Point",
       "coordinates":  [ 121.5541493,25.03249184 ]
    },
    "properties": {
    "city":"taipei",
    "facility_type":"clinic",
    "category":"診所",
    "name":"樂沐時尚診所",
    "district_code":63000030,
    "district":"大安區",
    "address":"臺北市大安區文昌街205號2樓",
    "source_dataset":"taipei_clinic"
    }
  },
  {
    "type": "Feature",
    "geometry": {
       "type": "Point",
       "coordinates":  [ 121.5484703,25.04120157 ]
    },
    "properties": {
    "city":"taipei",
    "facility_type":"clinic",
    "category":"診所",
    "name":"忠孝美麗爾診所",
    "district_code":63000030,
    "district":"大安區",
    "address":"臺北市大安區敦化南路1段216號6樓",
    "source_dataset":"taipei_clinic"
    }
  },
  {
    "type": "Feature",
    "geometry": {
       "type": "Point",
       "coordinates":  [ 121.5533381,25.04119132 ]
    },
    "properties": {
    "city":"taipei",
    "facility_type":"clinic",
    "category":"診所",
    "name":"亞妮詩整形外科診所",
    "district_code":63000030,
    "district":"大安區",
    "address":"臺北市大安區忠孝東路4段218之1號13樓",
    "source_dataset":"taipei_clinic"
    }
  },
  {
    "type": "Feature",
    "geometry": {
       "type": "Point",
       "coordinates":  [ 121.5573792,25.03939031 ]
    },
    "properties": {
    "city":"taipei",
    "facility_type":"clinic",
    "category":"診所",
    "name":"尚行美耳鼻喉專科診所",
    "district_code":63000030,
    "district":"大安區",
    "address":"臺北市大安區光復南路288號3樓之1、4樓之3",
    "source_dataset":"taipei_clinic"
    }
  },
  {
    "type": "Feature",
    "geometry": {
       "type": "Point",
       "coordinates":  [ 121.5282075,25.02396553 ]
    },
    "properties": {
    "city":"taipei",
    "facility_type":"clinic",
    "category":"診所",
    "name":"夏娃診所",
    "district_code":63000030,
    "district":"大安區",
    "address":"臺北市大安區師大路68巷2號2樓",
    "source_dataset":"taipei_clinic"
    }
  },
  {
    "type": "Feature",
    "geometry": {
       "type": "Point",
       "coordinates":  [ 121.5472923,25.04227245 ]
    },
    "properties": {
    "city":"taipei",
    "facility_type":"clinic",
    "category":"診所",
    "name":"台北生髮診所",
    "district_code":63000030,
    "district":"大安區",
    "address":"臺北市大安區忠孝東路4段77巷15號2樓、大安路1段75巷21號2樓",
    "source_dataset":"taipei_clinic"
    }
  },
  {
    "type": "Feature",
    "geometry": {
       "type": "Point",
       "coordinates":  [ 121.5295916,25.02630952 ]
    },
    "properties": {
    "city":"taipei",
    "facility_type":"clinic",
    "category":"診所",
    "name":"和平婦產科診所",
    "district_code":63000030,
    "district":"大安區",
    "address":"臺北市大安區和平東路1段180號5樓",
    "source_dataset":"taipei_clinic"
    }
  },
  {
    "type": "Feature",
    "geometry": {
       "type": "Point",
       "coordinates":  [ 121.5491845,25.03165991 ]
    },
    "properties": {
    "city":"taipei",
    "facility_type":"clinic",
    "category":"診所",
    "name":"華育婦產科診所",
    "district_code":63000030,
    "district":"大安區",
    "address":"臺北市大安區敦化南路二段39號12樓之1",
    "source_dataset":"taipei_clinic"
    }
  },
  {
    "type": "Feature",
    "geometry": {
       "type": "Point",
       "coordinates":  [ 121.5434877,25.03923656 ]
    },
    "properties": {
    "city":"taipei",
    "facility_type":"clinic",
    "category":"診所",
    "name":"時尚假期醫美診所",
    "district_code":63000030,
    "district":"大安區",
    "address":"臺北市大安區復興南路1段222號5樓",
    "source_dataset":"taipei_clinic"
    }
  },
  {
    "type": "Feature",
    "geometry": {
       "type": "Point",
       "coordinates":  [ 121.5329763,25.03527775 ]
    },
    "properties": {
    "city":"taipei",
    "facility_type":"clinic",
    "category":"診所",
    "name":"佳思優整形醫美診所",
    "district_code":63000030,
    "district":"大安區",
    "address":"臺北市大安區新生南路1段153號2樓、2樓之1",
    "source_dataset":"taipei_clinic"
    }
  },
  {
    "type": "Feature",
    "geometry": {
       "type": "Point",
       "coordinates":  [ 121.523047,25.02684652 ]
    },
    "properties": {
    "city":"taipei",
    "facility_type":"clinic",
    "category":"診所",
    "name":"教主診所",
    "district_code":63000030,
    "district":"大安區",
    "address":"臺北市大安區和平東路1段6號6樓、6樓之1",
    "source_dataset":"taipei_clinic"
    }
  },
  {
    "type": "Feature",
    "geometry": {
       "type": "Point",
       "coordinates":  [ 121.5462775,25.04253496 ]
    },
    "properties": {
    "city":"taipei",
    "facility_type":"clinic",
    "category":"診所",
    "name":"安民家庭醫學科診所",
    "district_code":63000030,
    "district":"大安區",
    "address":"臺北市大安區大安路1段65號2樓之1",
    "source_dataset":"taipei_clinic"
    }
  },
  {
    "type": "Feature",
    "geometry": {
       "type": "Point",
       "coordinates":  [ 121.5434877,25.03923656 ]
    },
    "properties": {
    "city":"taipei",
    "facility_type":"clinic",
    "category":"診所",
    "name":"璞美整形外科醫美診所",
    "district_code":63000030,
    "district":"大安區",
    "address":"臺北市大安區復興南路1段222號6樓",
    "source_dataset":"taipei_clinic"
    }
  },
  {
    "type": "Feature",
    "geometry": {
       "type": "Point",
       "coordinates":  [ 121.5334554,25.04200329 ]
    },
    "properties": {
    "city":"taipei",
    "facility_type":"clinic",
    "category":"診所",
    "name":"蜜絲歐妮診所",
    "district_code":63000030,
    "district":"大安區",
    "address":"臺北市大安區忠孝東路4段126之24號(12樓)",
    "source_dataset":"taipei_clinic"
    }
  },
  {
    "type": "Feature",
    "geometry": {
       "type": "Point",
       "coordinates":  [ 121.5505006,25.0412823 ]
    },
    "properties": {
    "city":"taipei",
    "facility_type":"clinic",
    "category":"診所",
    "name":"樂芙美形診所",
    "district_code":63000030,
    "district":"大安區",
    "address":"臺北市大安區忠孝東路4段166號8樓之1",
    "source_dataset":"taipei_clinic"
    }
  },
  {
    "type": "Feature",
    "geometry": {
       "type": "Point",
       "coordinates":  [ 121.5470497,25.04012018 ]
    },
    "properties": {
    "city":"taipei",
    "facility_type":"clinic",
    "category":"診所",
    "name":"全新大安診所",
    "district_code":63000030,
    "district":"大安區",
    "address":"臺北市大安區大安路1段101巷10號4樓",
    "source_dataset":"taipei_clinic"
    }
  },
  {
    "type": "Feature",
    "geometry": {
       "type": "Point",
       "coordinates":  [ 121.5433274,25.03094719 ]
    },
    "properties": {
    "city":"taipei",
    "facility_type":"clinic",
    "category":"診所",
    "name":"天美診所",
    "district_code":63000030,
    "district":"大安區",
    "address":"臺北市大安區復興南路二段82號3樓",
    "source_dataset":"taipei_clinic"
    }
  },
  {
    "type": "Feature",
    "geometry": {
       "type": "Point",
       "coordinates":  [ 121.5513463,25.04126615 ]
    },
    "properties": {
    "city":"taipei",
    "facility_type":"clinic",
    "category":"診所",
    "name":"采欣醫美診所",
    "district_code":63000030,
    "district":"大安區",
    "address":"臺北市大安區忠孝東路4段176號10樓",
    "source_dataset":"taipei_clinic"
    }
  },
  {
    "type": "Feature",
    "geometry": {
       "type": "Point",
       "coordinates":  [ 121.5273859,25.03377853 ]
    },
    "properties": {
    "city":"taipei",
    "facility_type":"clinic",
    "category":"診所",
    "name":"維納斯時尚診所",
    "district_code":63000030,
    "district":"大安區",
    "address":"臺北市大安區金山南路2段3號3樓、9樓",
    "source_dataset":"taipei_clinic"
    }
  },
  {
    "type": "Feature",
    "geometry": {
       "type": "Point",
       "coordinates":  [ 121.5410606,25.03321835 ]
    },
    "properties": {
    "city":"taipei",
    "facility_type":"clinic",
    "category":"診所",
    "name":"多娜台北植髮診所",
    "district_code":63000030,
    "district":"大安區",
    "address":"臺北市大安區信義路三段158號3樓",
    "source_dataset":"taipei_clinic"
    }
  },
  {
    "type": "Feature",
    "geometry": {
       "type": "Point",
       "coordinates":  [ 121.5569977,25.04113956 ]
    },
    "properties": {
    "city":"taipei",
    "facility_type":"clinic",
    "category":"診所",
    "name":"羅丹診所",
    "district_code":63000030,
    "district":"大安區",
    "address":"臺北市大安區忠孝東路4段312號12樓、12樓之1、12樓之2、12樓之3、12樓之4",
    "source_dataset":"taipei_clinic"
    }
  },
  {
    "type": "Feature",
    "geometry": {
       "type": "Point",
       "coordinates":  [ 121.5315891,25.0330681 ]
    },
    "properties": {
    "city":"taipei",
    "facility_type":"clinic",
    "category":"診所",
    "name":"再生診所",
    "district_code":63000030,
    "district":"大安區",
    "address":"臺北市大安區永康街7巷18號",
    "source_dataset":"taipei_clinic"
    }
  },
  {
    "type": "Feature",
    "geometry": {
       "type": "Point",
       "coordinates":  [ 121.5422302,25.03363136 ]
    },
    "properties": {
    "city":"taipei",
    "facility_type":"clinic",
    "category":"診所",
    "name":"健全醫美診所",
    "district_code":63000030,
    "district":"大安區",
    "address":"臺北市大安區信義路三段151號4樓",
    "source_dataset":"taipei_clinic"
    }
  },
  {
    "type": "Feature",
    "geometry": {
       "type": "Point",
       "coordinates":  [ 121.5296178,25.033547 ]
    },
    "properties": {
    "city":"taipei",
    "facility_type":"clinic",
    "category":"診所",
    "name":"麗波永康國際診所",
    "district_code":63000030,
    "district":"大安區",
    "address":"臺北市大安區信義路2段178號(4樓、5樓)",
    "source_dataset":"taipei_clinic"
    }
  },
  {
    "type": "Feature",
    "geometry": {
       "type": "Point",
       "coordinates":  [ 121.5571088,25.0415617 ]
    },
    "properties": {
    "city":"taipei",
    "facility_type":"clinic",
    "category":"診所",
    "name":"享艾美時尚診所",
    "district_code":63000030,
    "district":"大安區",
    "address":"臺北市大安區忠孝東路4段333號3樓",
    "source_dataset":"taipei_clinic"
    }
  },
  {
    "type": "Feature",
    "geometry": {
       "type": "Point",
       "coordinates":  [ 121.5439129,25.03853238 ]
    },
    "properties": {
    "city":"taipei",
    "facility_type":"clinic",
    "category":"診所",
    "name":"康博診所",
    "district_code":63000030,
    "district":"大安區",
    "address":"臺北市大安區復興南路1段227號1樓",
    "source_dataset":"taipei_clinic"
    }
  },
  {
    "type": "Feature",
    "geometry": {
       "type": "Point",
       "coordinates":  [ 121.5483376,25.02442806 ]
    },
    "properties": {
    "city":"taipei",
    "facility_type":"clinic",
    "category":"診所",
    "name":"敦力診所",
    "district_code":63000030,
    "district":"大安區",
    "address":"臺北市大安區敦化南路二段164號2樓、2樓之1、2樓之2、2樓之3",
    "source_dataset":"taipei_clinic"
    }
  },
  {
    "type": "Feature",
    "geometry": {
       "type": "Point",
       "coordinates":  [ 121.5527643,25.04122997 ]
    },
    "properties": {
    "city":"taipei",
    "facility_type":"clinic",
    "category":"診所",
    "name":"恆美診所",
    "district_code":63000030,
    "district":"大安區",
    "address":"臺北市大安區忠孝東路4段212號5樓",
    "source_dataset":"taipei_clinic"
    }
  },
  {
    "type": "Feature",
    "geometry": {
       "type": "Point",
       "coordinates":  [ 121.549153,25.03282549 ]
    },
    "properties": {
    "city":"taipei",
    "facility_type":"clinic",
    "category":"診所",
    "name":"巴比侖診所",
    "district_code":63000030,
    "district":"大安區",
    "address":"臺北市大安區敦化南路2段5號3樓之2、3樓之3",
    "source_dataset":"taipei_clinic"
    }
  },
  {
    "type": "Feature",
    "geometry": {
       "type": "Point",
       "coordinates":  [ 121.5531181,25.04164375 ]
    },
    "properties": {
    "city":"taipei",
    "facility_type":"clinic",
    "category":"診所",
    "name":"永茂忠孝診所",
    "district_code":63000030,
    "district":"大安區",
    "address":"臺北市大安區忠孝東路4段231號6樓之1、6樓之2",
    "source_dataset":"taipei_clinic"
    }
  },
  {
    "type": "Feature",
    "geometry": {
       "type": "Point",
       "coordinates":  [ 121.5332947,25.02601603 ]
    },
    "properties": {
    "city":"taipei",
    "facility_type":"clinic",
    "category":"診所",
    "name":"大安眼科診所",
    "district_code":63000030,
    "district":"大安區",
    "address":"臺北市大安區和平東路1段258號",
    "source_dataset":"taipei_clinic"
    }
  },
  {
    "type": "Feature",
    "geometry": {
       "type": "Point",
       "coordinates":  [ 121.5361528,25.02563702 ]
    },
    "properties": {
    "city":"taipei",
    "facility_type":"clinic",
    "category":"診所",
    "name":"大安身心診所",
    "district_code":63000030,
    "district":"大安區",
    "address":"臺北市大安區和平東路2段18之9號",
    "source_dataset":"taipei_clinic"
    }
  },
  {
    "type": "Feature",
    "geometry": {
       "type": "Point",
       "coordinates":  [ 121.553932,25.04120422 ]
    },
    "properties": {
    "city":"taipei",
    "facility_type":"clinic",
    "category":"診所",
    "name":"海亞大健康管理診所",
    "district_code":63000030,
    "district":"大安區",
    "address":"臺北市大安區忠孝東路4段230號6樓",
    "source_dataset":"taipei_clinic"
    }
  },
  {
    "type": "Feature",
    "geometry": {
       "type": "Point",
       "coordinates":  [ 121.5458064,25.04179209 ]
    },
    "properties": {
    "city":"taipei",
    "facility_type":"clinic",
    "category":"診所",
    "name":"國際整形外科診所",
    "district_code":63000030,
    "district":"大安區",
    "address":"臺北市大安區忠孝東路4段59號5樓之2、之3",
    "source_dataset":"taipei_clinic"
    }
  },
  {
    "type": "Feature",
    "geometry": {
       "type": "Point",
       "coordinates":  [ 121.5334554,25.04200329 ]
    },
    "properties": {
    "city":"taipei",
    "facility_type":"clinic",
    "category":"診所",
    "name":"靚優健康醫學美容診所",
    "district_code":63000030,
    "district":"大安區",
    "address":"臺北市大安區忠孝東路4段126之6號（A座6樓）",
    "source_dataset":"taipei_clinic"
    }
  },
  {
    "type": "Feature",
    "geometry": {
       "type": "Point",
       "coordinates":  [ 121.5354956,25.02488638 ]
    },
    "properties": {
    "city":"taipei",
    "facility_type":"clinic",
    "category":"診所",
    "name":"行一診所",
    "district_code":63000030,
    "district":"大安區",
    "address":"臺北市大安區新生南路3段19巷8號3樓之1",
    "source_dataset":"taipei_clinic"
    }
  },
  {
    "type": "Feature",
    "geometry": {
       "type": "Point",
       "coordinates":  [ 121.5273859,25.03377853 ]
    },
    "properties": {
    "city":"taipei",
    "facility_type":"clinic",
    "category":"診所",
    "name":"原綺診所",
    "district_code":63000030,
    "district":"大安區",
    "address":"臺北市大安區金山南路2段3號5樓、6樓",
    "source_dataset":"taipei_clinic"
    }
  },
  {
    "type": "Feature",
    "geometry": {
       "type": "Point",
       "coordinates":  [ 121.5440605,25.03767283 ]
    },
    "properties": {
    "city":"taipei",
    "facility_type":"clinic",
    "category":"診所",
    "name":"台北亞緻整形外科診所",
    "district_code":63000030,
    "district":"大安區",
    "address":"臺北市大安區仁愛路4段2號5樓",
    "source_dataset":"taipei_clinic"
    }
  },
  {
    "type": "Feature",
    "geometry": {
       "type": "Point",
       "coordinates":  [ 121.554798,25.03334284 ]
    },
    "properties": {
    "city":"taipei",
    "facility_type":"clinic",
    "category":"診所",
    "name":"信禾診所",
    "district_code":63000030,
    "district":"大安區",
    "address":"臺北市大安區信義路4段281號2樓",
    "source_dataset":"taipei_clinic"
    }
  },
  {
    "type": "Feature",
    "geometry": {
       "type": "Point",
       "coordinates":  [ 121.5463965,25.04065734 ]
    },
    "properties": {
    "city":"taipei",
    "facility_type":"clinic",
    "category":"診所",
    "name":"成長空間診所",
    "district_code":63000030,
    "district":"大安區",
    "address":"臺北市大安區敦化南路一段236巷29號",
    "source_dataset":"taipei_clinic"
    }
  },
  {
    "type": "Feature",
    "geometry": {
       "type": "Point",
       "coordinates":  [ 121.544042,25.04184178 ]
    },
    "properties": {
    "city":"taipei",
    "facility_type":"clinic",
    "category":"診所",
    "name":"元晨診所",
    "district_code":63000030,
    "district":"大安區",
    "address":"臺北市大安區忠孝東路四段1號9樓",
    "source_dataset":"taipei_clinic"
    }
  },
  {
    "type": "Feature",
    "geometry": {
       "type": "Point",
       "coordinates":  [ 121.534258,25.0337715 ]
    },
    "properties": {
    "city":"taipei",
    "facility_type":"clinic",
    "category":"診所",
    "name":"三豐診所",
    "district_code":63000030,
    "district":"大安區",
    "address":"臺北市大安區信義路3段23號、23號2樓",
    "source_dataset":"taipei_clinic"
    }
  },
  {
    "type": "Feature",
    "geometry": {
       "type": "Point",
       "coordinates":  [ 121.5319308,25.01737298 ]
    },
    "properties": {
    "city":"taipei",
    "facility_type":"clinic",
    "category":"診所",
    "name":"A ONE 高階鼻美型診所",
    "district_code":63000030,
    "district":"大安區",
    "address":"臺北市大安區羅斯福路3段309號3樓之2",
    "source_dataset":"taipei_clinic"
    }
  },
  {
    "type": "Feature",
    "geometry": {
       "type": "Point",
       "coordinates":  [ 121.5434965,25.03969162 ]
    },
    "properties": {
    "city":"taipei",
    "facility_type":"clinic",
    "category":"診所",
    "name":"比鼻八千代診所",
    "district_code":63000030,
    "district":"大安區",
    "address":"臺北市大安區復興南路一段200號5樓、5樓之1",
    "source_dataset":"taipei_clinic"
    }
  },
  {
    "type": "Feature",
    "geometry": {
       "type": "Point",
       "coordinates":  [ 121.5282901,25.0256575 ]
    },
    "properties": {
    "city":"taipei",
    "facility_type":"clinic",
    "category":"診所",
    "name":"樂活診所",
    "district_code":63000030,
    "district":"大安區",
    "address":"臺北市大安區師大路12號(實際營業地址：1樓、3樓)",
    "source_dataset":"taipei_clinic"
    }
  },
  {
    "type": "Feature",
    "geometry": {
       "type": "Point",
       "coordinates":  [ 121.5428886,25.0336067 ]
    },
    "properties": {
    "city":"taipei",
    "facility_type":"clinic",
    "category":"診所",
    "name":"愛群兒童成長診所",
    "district_code":63000030,
    "district":"大安區",
    "address":"臺北市大安區信義路三段155號1、2樓",
    "source_dataset":"taipei_clinic"
    }
  },
  {
    "type": "Feature",
    "geometry": {
       "type": "Point",
       "coordinates":  [ 121.544057,25.04372147 ]
    },
    "properties": {
    "city":"taipei",
    "facility_type":"clinic",
    "category":"診所",
    "name":"大安?眼明眼科診所",
    "district_code":63000030,
    "district":"大安區",
    "address":"臺北市大安區復興南路1段103號2樓之1",
    "source_dataset":"taipei_clinic"
    }
  },
  {
    "type": "Feature",
    "geometry": {
       "type": "Point",
       "coordinates":  [ 121.5229719,25.0267596 ]
    },
    "properties": {
    "city":"taipei",
    "facility_type":"clinic",
    "category":"診所",
    "name":"安東診所",
    "district_code":63000030,
    "district":"大安區",
    "address":"臺北市大安區和平東路2段229號(1樓、2樓)",
    "source_dataset":"taipei_clinic"
    }
  },
  {
    "type": "Feature",
    "geometry": {
       "type": "Point",
       "coordinates":  [ 121.5305423,25.0329739 ]
    },
    "properties": {
    "city":"taipei",
    "facility_type":"clinic",
    "category":"診所",
    "name":"甯寓美學診所",
    "district_code":63000030,
    "district":"大安區",
    "address":"臺北市大安區信義路2段198巷5號（1、2樓）",
    "source_dataset":"taipei_clinic"
    }
  },
  {
    "type": "Feature",
    "geometry": {
       "type": "Point",
       "coordinates":  [ 121.5497749,25.03829915 ]
    },
    "properties": {
    "city":"taipei",
    "facility_type":"clinic",
    "category":"診所",
    "name":"聖諦亞健康管理診所",
    "district_code":63000030,
    "district":"大安區",
    "address":"臺北市大安區仁愛路四段109號3樓",
    "source_dataset":"taipei_clinic"
    }
  },
  {
    "type": "Feature",
    "geometry": {
       "type": "Point",
       "coordinates":  [ 121.5505006,25.0412823 ]
    },
    "properties": {
    "city":"taipei",
    "facility_type":"clinic",
    "category":"診所",
    "name":"陽光燦亮診所",
    "district_code":63000030,
    "district":"大安區",
    "address":"臺北市大安區忠孝東路四段166號7樓之3",
    "source_dataset":"taipei_clinic"
    }
  },
  {
    "type": "Feature",
    "geometry": {
       "type": "Point",
       "coordinates":  [ 121.5497531,25.03833674 ]
    },
    "properties": {
    "city":"taipei",
    "facility_type":"clinic",
    "category":"診所",
    "name":"聖緹雅醫美皮膚科診所",
    "district_code":63000030,
    "district":"大安區",
    "address":"臺北市大安區仁愛路四段107號13樓",
    "source_dataset":"taipei_clinic"
    }
  },
  {
    "type": "Feature",
    "geometry": {
       "type": "Point",
       "coordinates":  [ 121.5458064,25.04179209 ]
    },
    "properties": {
    "city":"taipei",
    "facility_type":"clinic",
    "category":"診所",
    "name":"忠孝安媞婦產科診所",
    "district_code":63000030,
    "district":"大安區",
    "address":"臺北市大安區忠孝東路4段59號7樓之4",
    "source_dataset":"taipei_clinic"
    }
  },
  {
    "type": "Feature",
    "geometry": {
       "type": "Point",
       "coordinates":  [ 121.5439129,25.03853238 ]
    },
    "properties": {
    "city":"taipei",
    "facility_type":"clinic",
    "category":"診所",
    "name":"美加仁愛醫美診所",
    "district_code":63000030,
    "district":"大安區",
    "address":"臺北市大安區復興南路一段227號4樓",
    "source_dataset":"taipei_clinic"
    }
  },
  {
    "type": "Feature",
    "geometry": {
       "type": "Point",
       "coordinates":  [ 121.5501039,25.035757 ]
    },
    "properties": {
    "city":"taipei",
    "facility_type":"clinic",
    "category":"診所",
    "name":"賽爾拉雅特時尚診所",
    "district_code":63000030,
    "district":"大安區",
    "address":"臺北市大安區仁愛路4段122巷26號(含地下1樓)",
    "source_dataset":"taipei_clinic"
    }
  },
  {
    "type": "Feature",
    "geometry": {
       "type": "Point",
       "coordinates":  [ 121.5542159,25.04120263 ]
    },
    "properties": {
    "city":"taipei",
    "facility_type":"clinic",
    "category":"診所",
    "name":"微媞時尚診所",
    "district_code":63000030,
    "district":"大安區",
    "address":"臺北市大安區忠孝東路四段250號2樓及2樓之6",
    "source_dataset":"taipei_clinic"
    }
  },
  {
    "type": "Feature",
    "geometry": {
       "type": "Point",
       "coordinates":  [ 121.5563898,25.03945031 ]
    },
    "properties": {
    "city":"taipei",
    "facility_type":"clinic",
    "category":"診所",
    "name":"皇珈美學診所",
    "district_code":63000030,
    "district":"大安區",
    "address":"臺北市大安區光復南路290巷28號",
    "source_dataset":"taipei_clinic"
    }
  },
  {
    "type": "Feature",
    "geometry": {
       "type": "Point",
       "coordinates":  [ 121.5461662,25.03875661 ]
    },
    "properties": {
    "city":"taipei",
    "facility_type":"clinic",
    "category":"診所",
    "name":"芮禾診所",
    "district_code":63000030,
    "district":"大安區",
    "address":"臺北市大安區大安路一段133號5樓",
    "source_dataset":"taipei_clinic"
    }
  },
  {
    "type": "Feature",
    "geometry": {
       "type": "Point",
       "coordinates":  [ 121.5460007,25.04116059 ]
    },
    "properties": {
    "city":"taipei",
    "facility_type":"clinic",
    "category":"診所",
    "name":"丰緹絲醫美診所",
    "district_code":63000030,
    "district":"大安區",
    "address":"臺北市大安區大安路一段80號2樓",
    "source_dataset":"taipei_clinic"
    }
  },
  {
    "type": "Feature",
    "geometry": {
       "type": "Point",
       "coordinates":  [ 121.5497496,25.0330399 ]
    },
    "properties": {
    "city":"taipei",
    "facility_type":"clinic",
    "category":"診所",
    "name":"宏康復健專科診所",
    "district_code":63000030,
    "district":"大安區",
    "address":"臺北市大安區信義路4段134號及134號2樓",
    "source_dataset":"taipei_clinic"
    }
  },
  {
    "type": "Feature",
    "geometry": {
       "type": "Point",
       "coordinates":  [ 121.5568623,25.04311217 ]
    },
    "properties": {
    "city":"taipei",
    "facility_type":"clinic",
    "category":"診所",
    "name":"秀寧診所",
    "district_code":63000030,
    "district":"大安區",
    "address":"臺北市大安區光復南路116巷1號5樓、3號5樓、5號5樓(實際營業地址：6樓)",
    "source_dataset":"taipei_clinic"
    }
  },
  {
    "type": "Feature",
    "geometry": {
       "type": "Point",
       "coordinates":  [ 121.5568493,25.04157207 ]
    },
    "properties": {
    "city":"taipei",
    "facility_type":"clinic",
    "category":"診所",
    "name":"女神時尚診所",
    "district_code":63000030,
    "district":"大安區",
    "address":"臺北市大安區忠孝東路4段329號7樓之1",
    "source_dataset":"taipei_clinic"
    }
  },
  {
    "type": "Feature",
    "geometry": {
       "type": "Point",
       "coordinates":  [ 121.5513115,25.04126795 ]
    },
    "properties": {
    "city":"taipei",
    "facility_type":"clinic",
    "category":"診所",
    "name":"澤風雅全方位診所",
    "district_code":63000030,
    "district":"大安區",
    "address":"臺北市大安區忠孝東路4段176之1號11樓",
    "source_dataset":"taipei_clinic"
    }
  },
  {
    "type": "Feature",
    "geometry": {
       "type": "Point",
       "coordinates":  [ 121.5259625,25.0279284 ]
    },
    "properties": {
    "city":"taipei",
    "facility_type":"clinic",
    "category":"診所",
    "name":"櫟安診所",
    "district_code":63000030,
    "district":"大安區",
    "address":"臺北市大安區金山南路2段200號11樓",
    "source_dataset":"taipei_clinic"
    }
  },
  {
    "type": "Feature",
    "geometry": {
       "type": "Point",
       "coordinates":  [ 121.5420603,25.0418429 ]
    },
    "properties": {
    "city":"taipei",
    "facility_type":"clinic",
    "category":"診所",
    "name":"立澄診所",
    "district_code":63000030,
    "district":"大安區",
    "address":"臺北市大安區忠孝東路3段259號3樓",
    "source_dataset":"taipei_clinic"
    }
  },
  {
    "type": "Feature",
    "geometry": {
       "type": "Point",
       "coordinates":  [ 121.5334884,25.03973026 ]
    },
    "properties": {
    "city":"taipei",
    "facility_type":"clinic",
    "category":"診所",
    "name":"仁愛好日子診所",
    "district_code":63000030,
    "district":"大安區",
    "address":"臺北市大安區仁愛路3段5巷3之2號",
    "source_dataset":"taipei_clinic"
    }
  },
  {
    "type": "Feature",
    "geometry": {
       "type": "Point",
       "coordinates":  [ 121.5568623,25.04311217 ]
    },
    "properties": {
    "city":"taipei",
    "facility_type":"clinic",
    "category":"診所",
    "name":"北秀醫美健康管理診所",
    "district_code":63000030,
    "district":"大安區",
    "address":"臺北市大安區光復南路116巷1號6樓、3號6樓、5號6樓 (實際營業地址：7樓)",
    "source_dataset":"taipei_clinic"
    }
  },
  {
    "type": "Feature",
    "geometry": {
       "type": "Point",
       "coordinates":  [ 121.5558017,25.0415936 ]
    },
    "properties": {
    "city":"taipei",
    "facility_type":"clinic",
    "category":"診所",
    "name":"寶泫診所",
    "district_code":63000030,
    "district":"大安區",
    "address":"臺北市大安區忠孝東路4段311號2樓之2",
    "source_dataset":"taipei_clinic"
    }
  },
  {
    "type": "Feature",
    "geometry": {
       "type": "Point",
       "coordinates":  [ 121.5490929,25.02529848 ]
    },
    "properties": {
    "city":"taipei",
    "facility_type":"clinic",
    "category":"診所",
    "name":"日本元氣診所",
    "district_code":63000030,
    "district":"大安區",
    "address":"臺北市大安區敦化南路2段267號17樓之5",
    "source_dataset":"taipei_clinic"
    }
  },
  {
    "type": "Feature",
    "geometry": {
       "type": "Point",
       "coordinates":  [ 121.5537779,25.04162081 ]
    },
    "properties": {
    "city":"taipei",
    "facility_type":"clinic",
    "category":"診所",
    "name":"幸福婦產科診所",
    "district_code":63000030,
    "district":"大安區",
    "address":"臺北市大安區忠孝東路4段235號12樓",
    "source_dataset":"taipei_clinic"
    }
  },
  {
    "type": "Feature",
    "geometry": {
       "type": "Point",
       "coordinates":  [ 121.5385018,25.04440611 ]
    },
    "properties": {
    "city":"taipei",
    "facility_type":"clinic",
    "category":"診所",
    "name":"金貞醫學美容診所",
    "district_code":63000030,
    "district":"大安區",
    "address":"臺北市大安區市民大道3段198號11樓",
    "source_dataset":"taipei_clinic"
    }
  },
  {
    "type": "Feature",
    "geometry": {
       "type": "Point",
       "coordinates":  [ 121.5457604,25.04137255 ]
    },
    "properties": {
    "city":"taipei",
    "facility_type":"clinic",
    "category":"診所",
    "name":"膚適美診所",
    "district_code":63000030,
    "district":"大安區",
    "address":"臺北市大安區忠孝東路4段76號6樓之4、8樓之4、8樓之3",
    "source_dataset":"taipei_clinic"
    }
  },
  {
    "type": "Feature",
    "geometry": {
       "type": "Point",
       "coordinates":  [ 121.5368137,25.03464495 ]
    },
    "properties": {
    "city":"taipei",
    "facility_type":"clinic",
    "category":"診所",
    "name":"藏琢診所",
    "district_code":63000030,
    "district":"大安區",
    "address":"臺北市大安區新生南路1段161巷37號1樓",
    "source_dataset":"taipei_clinic"
    }
  },
  {
    "type": "Feature",
    "geometry": {
       "type": "Point",
       "coordinates":  [ 121.54924,25.04103817 ]
    },
    "properties": {
    "city":"taipei",
    "facility_type":"clinic",
    "category":"診所",
    "name":"容華診所",
    "district_code":63000030,
    "district":"大安區",
    "address":"臺北市大安區敦化南路1段219號5樓",
    "source_dataset":"taipei_clinic"
    }
  },
  {
    "type": "Feature",
    "geometry": {
       "type": "Point",
       "coordinates":  [ 121.5263754,25.03422882 ]
    },
    "properties": {
    "city":"taipei",
    "facility_type":"clinic",
    "category":"診所",
    "name":"楊鵬生婦產科診所",
    "district_code":63000030,
    "district":"大安區",
    "address":"臺北市大安區信義路2段72號2樓",
    "source_dataset":"taipei_clinic"
    }
  },
  {
    "type": "Feature",
    "geometry": {
       "type": "Point",
       "coordinates":  [ 121.5472735,25.03817834 ]
    },
    "properties": {
    "city":"taipei",
    "facility_type":"clinic",
    "category":"診所",
    "name":"聯新國際診所",
    "district_code":63000030,
    "district":"大安區",
    "address":"臺北市大安區仁愛路4段77號3樓、3樓之1",
    "source_dataset":"taipei_clinic"
    }
  },
  {
    "type": "Feature",
    "geometry": {
       "type": "Point",
       "coordinates":  [ 121.5479987,25.0413348 ]
    },
    "properties": {
    "city":"taipei",
    "facility_type":"clinic",
    "category":"診所",
    "name":"藝群忠孝診所",
    "district_code":63000030,
    "district":"大安區",
    "address":"臺北市大安區忠孝東路4段128號10樓",
    "source_dataset":"taipei_clinic"
    }
  },
  {
    "type": "Feature",
    "geometry": {
       "type": "Point",
       "coordinates":  [ 121.5514928,25.0334156 ]
    },
    "properties": {
    "city":"taipei",
    "facility_type":"clinic",
    "category":"診所",
    "name":"杏保醫網信誠診所",
    "district_code":63000030,
    "district":"大安區",
    "address":"臺北市大安區信義路4段197號1樓、199巷2號1樓、199巷2號2樓、199巷2號2樓之1",
    "source_dataset":"taipei_clinic"
    }
  },
  {
    "type": "Feature",
    "geometry": {
       "type": "Point",
       "coordinates":  [ 121.542145,25.0336233 ]
    },
    "properties": {
    "city":"taipei",
    "facility_type":"clinic",
    "category":"診所",
    "name":"禾馨宜蘊婦產科診所",
    "district_code":63000030,
    "district":"大安區",
    "address":"臺北市大安區信義路3段149號14樓、14樓之1、15樓、15樓之1",
    "source_dataset":"taipei_clinic"
    }
  },
  {
    "type": "Feature",
    "geometry": {
       "type": "Point",
       "coordinates":  [ 121.5434923,25.03951708 ]
    },
    "properties": {
    "city":"taipei",
    "facility_type":"clinic",
    "category":"診所",
    "name":"大師美學診所",
    "district_code":63000030,
    "district":"大安區",
    "address":"臺北市大安區復興南路1段204號3樓之1、3樓之2",
    "source_dataset":"taipei_clinic"
    }
  },
  {
    "type": "Feature",
    "geometry": {
       "type": "Point",
       "coordinates":  [ 121.5334554,25.04200329 ]
    },
    "properties": {
    "city":"taipei",
    "facility_type":"clinic",
    "category":"診所",
    "name":"君綺忠孝診所",
    "district_code":63000030,
    "district":"大安區",
    "address":"臺北市大安區忠孝東路4段30號5、6樓",
    "source_dataset":"taipei_clinic"
    }
  },
  {
    "type": "Feature",
    "geometry": {
       "type": "Point",
       "coordinates":  [ 121.5458064,25.04179209 ]
    },
    "properties": {
    "city":"taipei",
    "facility_type":"clinic",
    "category":"診所",
    "name":"頂好預防醫學診所",
    "district_code":63000030,
    "district":"大安區",
    "address":"臺北市大安區忠孝東路4段59號6樓之3",
    "source_dataset":"taipei_clinic"
    }
  },
  {
    "type": "Feature",
    "geometry": {
       "type": "Point",
       "coordinates":  [ 121.5484468,25.0340664 ]
    },
    "properties": {
    "city":"taipei",
    "facility_type":"clinic",
    "category":"診所",
    "name":"信德診所",
    "district_code":63000030,
    "district":"大安區",
    "address":"臺北市大安區敦化南路1段362號5樓、5樓之1",
    "source_dataset":"taipei_clinic"
    }
  },
  {
    "type": "Feature",
    "geometry": {
       "type": "Point",
       "coordinates":  [ 121.5475647,25.026607 ]
    },
    "properties": {
    "city":"taipei",
    "facility_type":"clinic",
    "category":"診所",
    "name":"適群診所",
    "district_code":63000030,
    "district":"大安區",
    "address":"臺北市大安區四維路198巷32號、32之1號、32之2號、34號、36號、36之2號、復興南路2段283號10樓",
    "source_dataset":"taipei_clinic"
    }
  },
  {
    "type": "Feature",
    "geometry": {
       "type": "Point",
       "coordinates":  [ 121.5497531,25.03833674 ]
    },
    "properties": {
    "city":"taipei",
    "facility_type":"clinic",
    "category":"診所",
    "name":"王君瑜整形外科診所",
    "district_code":63000030,
    "district":"大安區",
    "address":"臺北市大安區仁愛路4段107號2樓",
    "source_dataset":"taipei_clinic"
    }
  },
  {
    "type": "Feature",
    "geometry": {
       "type": "Point",
       "coordinates":  [ 121.5484703,25.04120157 ]
    },
    "properties": {
    "city":"taipei",
    "facility_type":"clinic",
    "category":"診所",
    "name":"敦南諾貝爾眼科診所",
    "district_code":63000030,
    "district":"大安區",
    "address":"臺北市大安區敦化南路1段216號3樓",
    "source_dataset":"taipei_clinic"
    }
  },
  {
    "type": "Feature",
    "geometry": {
       "type": "Point",
       "coordinates":  [ 121.5497096,25.0417784 ]
    },
    "properties": {
    "city":"taipei",
    "facility_type":"clinic",
    "category":"診所",
    "name":"喬雅時尚診所",
    "district_code":63000030,
    "district":"大安區",
    "address":"臺北市大安區忠孝東路4段147巷1號10樓",
    "source_dataset":"taipei_clinic"
    }
  },
  {
    "type": "Feature",
    "geometry": {
       "type": "Point",
       "coordinates":  [ 121.5455189,25.03377296 ]
    },
    "properties": {
    "city":"taipei",
    "facility_type":"clinic",
    "category":"診所",
    "name":"東方美學診所",
    "district_code":63000030,
    "district":"大安區",
    "address":"臺北市大安區信義路4段63號4樓",
    "source_dataset":"taipei_clinic"
    }
  },
  {
    "type": "Feature",
    "geometry": {
       "type": "Point",
       "coordinates":  [ 121.5221544,25.02777881 ]
    },
    "properties": {
    "city":"taipei",
    "facility_type":"clinic",
    "category":"診所",
    "name":"風華御髮植髮診所",
    "district_code":63000030,
    "district":"大安區",
    "address":"臺北市大安區羅斯福路2段33號4樓",
    "source_dataset":"taipei_clinic"
    }
  },
  {
    "type": "Feature",
    "geometry": {
       "type": "Point",
       "coordinates":  [ 121.5438761,25.03691763 ]
    },
    "properties": {
    "city":"taipei",
    "facility_type":"clinic",
    "category":"診所",
    "name":"熙之美醫美診所",
    "district_code":63000030,
    "district":"大安區",
    "address":"臺北市大安區復興南路1段249號3樓",
    "source_dataset":"taipei_clinic"
    }
  },
  {
    "type": "Feature",
    "geometry": {
       "type": "Point",
       "coordinates":  [ 121.532511,25.03328779 ]
    },
    "properties": {
    "city":"taipei",
    "facility_type":"clinic",
    "category":"診所",
    "name":"琢禾美學診所",
    "district_code":63000030,
    "district":"大安區",
    "address":"臺北市大安區新生南路2段2號7樓",
    "source_dataset":"taipei_clinic"
    }
  },
  {
    "type": "Feature",
    "geometry": {
       "type": "Point",
       "coordinates":  [ 121.532511,25.03328779 ]
    },
    "properties": {
    "city":"taipei",
    "facility_type":"clinic",
    "category":"診所",
    "name":"楊海醫師診所",
    "district_code":63000030,
    "district":"大安區",
    "address":"臺北市大安區新生南路2段2號6樓之2",
    "source_dataset":"taipei_clinic"
    }
  },
  {
    "type": "Feature",
    "geometry": {
       "type": "Point",
       "coordinates":  [ 121.5467915,25.03988342 ]
    },
    "properties": {
    "city":"taipei",
    "facility_type":"clinic",
    "category":"診所",
    "name":"喜顏美學診所",
    "district_code":63000030,
    "district":"大安區",
    "address":"臺北市大安區敦化南路1段252巷25號1樓",
    "source_dataset":"taipei_clinic"
    }
  },
  {
    "type": "Feature",
    "geometry": {
       "type": "Point",
       "coordinates":  [ 121.5511483,25.03953135 ]
    },
    "properties": {
    "city":"taipei",
    "facility_type":"clinic",
    "category":"診所",
    "name":"麗生時尚美學診所",
    "district_code":63000030,
    "district":"大安區",
    "address":"臺北市大安區安和路1段21巷17號1樓",
    "source_dataset":"taipei_clinic"
    }
  },
  {
    "type": "Feature",
    "geometry": {
       "type": "Point",
       "coordinates":  [ 121.5458436,25.03820973 ]
    },
    "properties": {
    "city":"taipei",
    "facility_type":"clinic",
    "category":"診所",
    "name":"日安健康診所",
    "district_code":63000030,
    "district":"大安區",
    "address":"臺北市大安區仁愛路4段33號6樓",
    "source_dataset":"taipei_clinic"
    }
  },
  {
    "type": "Feature",
    "geometry": {
       "type": "Point",
       "coordinates":  [ 121.5531012,25.04317132 ]
    },
    "properties": {
    "city":"taipei",
    "facility_type":"clinic",
    "category":"診所",
    "name":"K Beauty 時尚美學診所",
    "district_code":63000030,
    "district":"大安區",
    "address":"臺北市大安區忠孝東路4段223巷38號2樓",
    "source_dataset":"taipei_clinic"
    }
  },
  {
    "type": "Feature",
    "geometry": {
       "type": "Point",
       "coordinates":  [ 121.5492521,25.03677648 ]
    },
    "properties": {
    "city":"taipei",
    "facility_type":"clinic",
    "category":"診所",
    "name":"宇川自然醫學診所",
    "district_code":63000030,
    "district":"大安區",
    "address":"臺北市大安區敦化南路1段259號2樓",
    "source_dataset":"taipei_clinic"
    }
  },
  {
    "type": "Feature",
    "geometry": {
       "type": "Point",
       "coordinates":  [ 121.5442137,25.047407 ]
    },
    "properties": {
    "city":"taipei",
    "facility_type":"clinic",
    "category":"診所",
    "name":"木木日安皮膚專科診所",
    "district_code":63000030,
    "district":"大安區",
    "address":"臺北市大安區復興南路1段81號1樓、79巷2號2樓之3及79巷4弄2號地下1層之37",
    "source_dataset":"taipei_clinic"
    }
  },
  {
    "type": "Feature",
    "geometry": {
       "type": "Point",
       "coordinates":  [ 121.5542628,25.02629187 ]
    },
    "properties": {
    "city":"taipei",
    "facility_type":"clinic",
    "category":"診所",
    "name":"醫者診所",
    "district_code":63000030,
    "district":"大安區",
    "address":"臺北市大安區基隆路2段172之1號4樓、4樓之1、4樓之2、4樓之3、4樓之4",
    "source_dataset":"taipei_clinic"
    }
  },
  {
    "type": "Feature",
    "geometry": {
       "type": "Point",
       "coordinates":  [ 121.5453993,25.03989938 ]
    },
    "properties": {
    "city":"taipei",
    "facility_type":"clinic",
    "category":"診所",
    "name":"初樂極緻美學診所",
    "district_code":63000030,
    "district":"大安區",
    "address":"臺北市大安區大安路1段116巷9號1樓",
    "source_dataset":"taipei_clinic"
    }
  },
  {
    "type": "Feature",
    "geometry": {
       "type": "Point",
       "coordinates":  [ 121.5542038,25.03367481 ]
    },
    "properties": {
    "city":"taipei",
    "facility_type":"clinic",
    "category":"診所",
    "name":"大中診所",
    "district_code":63000030,
    "district":"大安區",
    "address":"臺北市大安區信義路4段265巷2號5樓",
    "source_dataset":"taipei_clinic"
    }
  },
  {
    "type": "Feature",
    "geometry": {
       "type": "Point",
       "coordinates":  [ 121.5465853,25.04025597 ]
    },
    "properties": {
    "city":"taipei",
    "facility_type":"clinic",
    "category":"診所",
    "name":"首盛診所",
    "district_code":63000030,
    "district":"大安區",
    "address":"臺北市大安區大安路1段101巷5號1樓",
    "source_dataset":"taipei_clinic"
    }
  },
  {
    "type": "Feature",
    "geometry": {
       "type": "Point",
       "coordinates":  [ 121.5334554,25.04200329 ]
    },
    "properties": {
    "city":"taipei",
    "facility_type":"clinic",
    "category":"診所",
    "name":"伊生診所",
    "district_code":63000030,
    "district":"大安區",
    "address":"臺北市大安區忠孝東路4段216巷32弄15號(1樓)、20號3樓",
    "source_dataset":"taipei_clinic"
    }
  },
  {
    "type": "Feature",
    "geometry": {
       "type": "Point",
       "coordinates":  [ 121.5440207,25.04238637 ]
    },
    "properties": {
    "city":"taipei",
    "facility_type":"clinic",
    "category":"診所",
    "name":"維昕時尚診所",
    "district_code":63000030,
    "district":"大安區",
    "address":"臺北市大安區復興南路1段137號4樓之7、4樓之8",
    "source_dataset":"taipei_clinic"
    }
  },
  {
    "type": "Feature",
    "geometry": {
       "type": "Point",
       "coordinates":  [ 121.5365131,25.03422273 ]
    },
    "properties": {
    "city":"taipei",
    "facility_type":"clinic",
    "category":"診所",
    "name":"漢蒂妮醫美診所",
    "district_code":63000030,
    "district":"大安區",
    "address":"臺北市大安區新生南路1段165巷41號1樓、41之1號1樓",
    "source_dataset":"taipei_clinic"
    }
  },
  {
    "type": "Feature",
    "geometry": {
       "type": "Point",
       "coordinates":  [ 121.5523465,25.03478137 ]
    },
    "properties": {
    "city":"taipei",
    "facility_type":"clinic",
    "category":"診所",
    "name":"無痕美學診所",
    "district_code":63000030,
    "district":"大安區",
    "address":"臺北市大安區安和路1段86號2樓",
    "source_dataset":"taipei_clinic"
    }
  },
  {
    "type": "Feature",
    "geometry": {
       "type": "Point",
       "coordinates":  [ 121.5496122,25.03345657 ]
    },
    "properties": {
    "city":"taipei",
    "facility_type":"clinic",
    "category":"診所",
    "name":"交感身心診所",
    "district_code":63000030,
    "district":"大安區",
    "address":"臺北市大安區信義路4段143號4樓",
    "source_dataset":"taipei_clinic"
    }
  },
  {
    "type": "Feature",
    "geometry": {
       "type": "Point",
       "coordinates":  [ 121.533704,25.04026851 ]
    },
    "properties": {
    "city":"taipei",
    "facility_type":"clinic",
    "category":"診所",
    "name":"生生優動忠孝新生診所",
    "district_code":63000030,
    "district":"大安區",
    "address":"臺北市大安區濟南路3段9號1樓",
    "source_dataset":"taipei_clinic"
    }
  },
  {
    "type": "Feature",
    "geometry": {
       "type": "Point",
       "coordinates":  [ 121.541549,25.04184611 ]
    },
    "properties": {
    "city":"taipei",
    "facility_type":"clinic",
    "category":"診所",
    "name":"心妍診所",
    "district_code":63000030,
    "district":"大安區",
    "address":"臺北市大安區忠孝東路3段249之1號8樓",
    "source_dataset":"taipei_clinic"
    }
  },
  {
    "type": "Feature",
    "geometry": {
       "type": "Point",
       "coordinates":  [ 121.5334554,25.04200329 ]
    },
    "properties": {
    "city":"taipei",
    "facility_type":"clinic",
    "category":"診所",
    "name":"琢美妍時尚診所",
    "district_code":63000030,
    "district":"大安區",
    "address":"臺北市大安區忠孝東路4段51之4號(5樓)",
    "source_dataset":"taipei_clinic"
    }
  },
  {
    "type": "Feature",
    "geometry": {
       "type": "Point",
       "coordinates":  [ 121.5431388,25.02512563 ]
    },
    "properties": {
    "city":"taipei",
    "facility_type":"clinic",
    "category":"診所",
    "name":"永誠復健科診所",
    "district_code":63000030,
    "district":"大安區",
    "address":"臺北市大安區復興南路二段236號2樓",
    "source_dataset":"taipei_clinic"
    }
  },
  {
    "type": "Feature",
    "geometry": {
       "type": "Point",
       "coordinates":  [ 121.5423114,25.03288773 ]
    },
    "properties": {
    "city":"taipei",
    "facility_type":"clinic",
    "category":"診所",
    "name":"慕診所",
    "district_code":63000030,
    "district":"大安區",
    "address":"臺北市大安區復興南路二段12巷25號1樓",
    "source_dataset":"taipei_clinic"
    }
  },
  {
    "type": "Feature",
    "geometry": {
       "type": "Point",
       "coordinates":  [ 121.5515536,25.040598 ]
    },
    "properties": {
    "city":"taipei",
    "facility_type":"clinic",
    "category":"診所",
    "name":"新復生診所",
    "district_code":63000030,
    "district":"大安區",
    "address":"臺北市大安區仁愛路4段151巷38號2樓",
    "source_dataset":"taipei_clinic"
    }
  },
  {
    "type": "Feature",
    "geometry": {
       "type": "Point",
       "coordinates":  [ 121.5492252,25.03655109 ]
    },
    "properties": {
    "city":"taipei",
    "facility_type":"clinic",
    "category":"診所",
    "name":"荻珥整形外科診所",
    "district_code":63000030,
    "district":"大安區",
    "address":"臺北市大安區敦化南路1段261號2樓",
    "source_dataset":"taipei_clinic"
    }
  },
  {
    "type": "Feature",
    "geometry": {
       "type": "Point",
       "coordinates":  [ 121.5502891,25.04128469 ]
    },
    "properties": {
    "city":"taipei",
    "facility_type":"clinic",
    "category":"診所",
    "name":"賦真妍整形外科專科診所",
    "district_code":63000030,
    "district":"大安區",
    "address":"臺北市大安區忠孝東路4段162號3樓、166號3樓之3",
    "source_dataset":"taipei_clinic"
    }
  },
  {
    "type": "Feature",
    "geometry": {
       "type": "Point",
       "coordinates":  [ 121.5485032,25.042475 ]
    },
    "properties": {
    "city":"taipei",
    "facility_type":"clinic",
    "category":"診所",
    "name":"生髮診所",
    "district_code":63000030,
    "district":"大安區",
    "address":"臺北市大安區敦化南路1段190巷12號、忠孝東路4段101巷16號2樓之3",
    "source_dataset":"taipei_clinic"
    }
  },
  {
    "type": "Feature",
    "geometry": {
       "type": "Point",
       "coordinates":  [ 121.5366922,25.04156636 ]
    },
    "properties": {
    "city":"taipei",
    "facility_type":"clinic",
    "category":"診所",
    "name":"禾安診所",
    "district_code":63000030,
    "district":"大安區",
    "address":"臺北市大安區忠孝東路3段100號2樓、2樓之1",
    "source_dataset":"taipei_clinic"
    }
  },
  {
    "type": "Feature",
    "geometry": {
       "type": "Point",
       "coordinates":  [ 121.5527643,25.04122997 ]
    },
    "properties": {
    "city":"taipei",
    "facility_type":"clinic",
    "category":"診所",
    "name":"淨妍醫美診所",
    "district_code":63000030,
    "district":"大安區",
    "address":"臺北市大安區忠孝東路4段212號4樓之1",
    "source_dataset":"taipei_clinic"
    }
  },
  {
    "type": "Feature",
    "geometry": {
       "type": "Point",
       "coordinates":  [ 121.5430495,25.03318891 ]
    },
    "properties": {
    "city":"taipei",
    "facility_type":"clinic",
    "category":"診所",
    "name":"顧芳瑜泌尿科診所",
    "district_code":63000030,
    "district":"大安區",
    "address":"臺北市大安區信義路3段192之1號4樓",
    "source_dataset":"taipei_clinic"
    }
  },
  {
    "type": "Feature",
    "geometry": {
       "type": "Point",
       "coordinates":  [ 121.5468475,25.04135697 ]
    },
    "properties": {
    "city":"taipei",
    "facility_type":"clinic",
    "category":"診所",
    "name":"沐淨科技體雕診所",
    "district_code":63000030,
    "district":"大安區",
    "address":"臺北市大安區忠孝東路4段112號12樓之13",
    "source_dataset":"taipei_clinic"
    }
  },
  {
    "type": "Feature",
    "geometry": {
       "type": "Point",
       "coordinates":  [ 121.5532547,25.04023188 ]
    },
    "properties": {
    "city":"taipei",
    "facility_type":"clinic",
    "category":"診所",
    "name":"上尚診所",
    "district_code":63000030,
    "district":"大安區",
    "address":"臺北市大安區忠孝東路4段216巷19弄4號2樓",
    "source_dataset":"taipei_clinic"
    }
  },
  {
    "type": "Feature",
    "geometry": {
       "type": "Point",
       "coordinates":  [ 121.5564525,25.04018436 ]
    },
    "properties": {
    "city":"taipei",
    "facility_type":"clinic",
    "category":"診所",
    "name":"小岩井診所",
    "district_code":63000030,
    "district":"大安區",
    "address":"臺北市大安區光復南路260巷23號2樓",
    "source_dataset":"taipei_clinic"
    }
  },
  {
    "type": "Feature",
    "geometry": {
       "type": "Point",
       "coordinates":  [ 121.5484835,25.04454862 ]
    },
    "properties": {
    "city":"taipei",
    "facility_type":"clinic",
    "category":"診所",
    "name":"天予診所",
    "district_code":63000030,
    "district":"大安區",
    "address":"臺北市大安區敦化南路1段138號4樓之7",
    "source_dataset":"taipei_clinic"
    }
  },
  {
    "type": "Feature",
    "geometry": {
       "type": "Point",
       "coordinates":  [ 121.5432639,25.0281935 ]
    },
    "properties": {
    "city":"taipei",
    "facility_type":"clinic",
    "category":"診所",
    "name":"安澐診所",
    "district_code":63000030,
    "district":"大安區",
    "address":"臺北市大安區復興南路2段150號(1樓)",
    "source_dataset":"taipei_clinic"
    }
  },
  {
    "type": "Feature",
    "geometry": {
       "type": "Point",
       "coordinates":  [ 121.5454341,25.04181223 ]
    },
    "properties": {
    "city":"taipei",
    "facility_type":"clinic",
    "category":"診所",
    "name":"法瑞診所",
    "district_code":63000030,
    "district":"大安區",
    "address":"臺北市大安區忠孝東路4段53之8號",
    "source_dataset":"taipei_clinic"
    }
  },
  {
    "type": "Feature",
    "geometry": {
       "type": "Point",
       "coordinates":  [ 121.5325764,25.03293108 ]
    },
    "properties": {
    "city":"taipei",
    "facility_type":"clinic",
    "category":"診所",
    "name":"大安皮膚專科診所",
    "district_code":63000030,
    "district":"大安區",
    "address":"臺北市大安區新生南路2段8之1號2樓",
    "source_dataset":"taipei_clinic"
    }
  },
  {
    "type": "Feature",
    "geometry": {
       "type": "Point",
       "coordinates":  [ 121.5542628,25.02629187 ]
    },
    "properties": {
    "city":"taipei",
    "facility_type":"clinic",
    "category":"診所",
    "name":"醫者新診所",
    "district_code":63000030,
    "district":"大安區",
    "address":"臺北市大安區基隆路2段172之1號4樓、4樓之1、4樓之2、4樓之3、4樓之4",
    "source_dataset":"taipei_clinic"
    }
  },
  {
    "type": "Feature",
    "geometry": {
       "type": "Point",
       "coordinates":  [ 121.5479987,25.0413348 ]
    },
    "properties": {
    "city":"taipei",
    "facility_type":"clinic",
    "category":"診所",
    "name":"凱妍診所",
    "district_code":63000030,
    "district":"大安區",
    "address":"臺北市大安區忠孝東路4段128號8樓",
    "source_dataset":"taipei_clinic"
    }
  },
  {
    "type": "Feature",
    "geometry": {
       "type": "Point",
       "coordinates":  [ 121.5533731,25.04121378 ]
    },
    "properties": {
    "city":"taipei",
    "facility_type":"clinic",
    "category":"診所",
    "name":"忠孝星美妍國際醫美診所",
    "district_code":63000030,
    "district":"大安區",
    "address":"臺北市大安區忠孝東路4段220號4樓",
    "source_dataset":"taipei_clinic"
    }
  },
  {
    "type": "Feature",
    "geometry": {
       "type": "Point",
       "coordinates":  [ 121.5290345,25.03196392 ]
    },
    "properties": {
    "city":"taipei",
    "facility_type":"clinic",
    "category":"診所",
    "name":"己研美學診所",
    "district_code":63000030,
    "district":"大安區",
    "address":"臺北市大安區永康街10巷10號1樓、10巷8號(1樓含1層、2層)",
    "source_dataset":"taipei_clinic"
    }
  },
  {
    "type": "Feature",
    "geometry": {
       "type": "Point",
       "coordinates":  [ 121.5437002,25.02800596 ]
    },
    "properties": {
    "city":"taipei",
    "facility_type":"clinic",
    "category":"診所",
    "name":"樂益耳鼻喉科診所",
    "district_code":63000030,
    "district":"大安區",
    "address":"臺北市大安區復興南路2段161號1樓",
    "source_dataset":"taipei_clinic"
    }
  },
  {
    "type": "Feature",
    "geometry": {
       "type": "Point",
       "coordinates":  [ 121.5449275,25.04139431 ]
    },
    "properties": {
    "city":"taipei",
    "facility_type":"clinic",
    "category":"診所",
    "name":"馥儷診所",
    "district_code":63000030,
    "district":"大安區",
    "address":"臺北市大安區忠孝東路4段50號2樓",
    "source_dataset":"taipei_clinic"
    }
  },
  {
    "type": "Feature",
    "geometry": {
       "type": "Point",
       "coordinates":  [ 121.5438082,25.0337605 ]
    },
    "properties": {
    "city":"taipei",
    "facility_type":"clinic",
    "category":"診所",
    "name":"甯之美診所",
    "district_code":63000030,
    "district":"大安區",
    "address":"臺北市大安區復興南路1段323號4樓",
    "source_dataset":"taipei_clinic"
    }
  },
  {
    "type": "Feature",
    "geometry": {
       "type": "Point",
       "coordinates":  [ 121.5478534,25.03349331 ]
    },
    "properties": {
    "city":"taipei",
    "facility_type":"clinic",
    "category":"診所",
    "name":"逸林診所",
    "district_code":63000030,
    "district":"大安區",
    "address":"臺北市大安區信義路4段109之2號1樓",
    "source_dataset":"taipei_clinic"
    }
  },
  {
    "type": "Feature",
    "geometry": {
       "type": "Point",
       "coordinates":  [ 121.5547145,25.03334363 ]
    },
    "properties": {
    "city":"taipei",
    "facility_type":"clinic",
    "category":"診所",
    "name":"群英整形外科診所",
    "district_code":63000030,
    "district":"大安區",
    "address":"臺北市大安區信義路4段279號3樓、281號3樓",
    "source_dataset":"taipei_clinic"
    }
  },
  {
    "type": "Feature",
    "geometry": {
       "type": "Point",
       "coordinates":  [ 121.5332313,25.0338381 ]
    },
    "properties": {
    "city":"taipei",
    "facility_type":"clinic",
    "category":"診所",
    "name":"憶安診所",
    "district_code":63000030,
    "district":"大安區",
    "address":"臺北市大安區信義路3段3號2樓之2",
    "source_dataset":"taipei_clinic"
    }
  },
  {
    "type": "Feature",
    "geometry": {
       "type": "Point",
       "coordinates":  [ 121.5545191,25.03413446 ]
    },
    "properties": {
    "city":"taipei",
    "facility_type":"clinic",
    "category":"診所",
    "name":"仁生復健科診所",
    "district_code":63000030,
    "district":"大安區",
    "address":"臺北市大安區信義路4段265巷17號1樓、17號2樓",
    "source_dataset":"taipei_clinic"
    }
  },
  {
    "type": "Feature",
    "geometry": {
       "type": "Point",
       "coordinates":  [ 121.5445167,25.04110793 ]
    },
    "properties": {
    "city":"taipei",
    "facility_type":"clinic",
    "category":"診所",
    "name":"台北享新代診所",
    "district_code":63000030,
    "district":"大安區",
    "address":"臺北市大安區忠孝東路4段26巷7號2樓",
    "source_dataset":"taipei_clinic"
    }
  },
  {
    "type": "Feature",
    "geometry": {
       "type": "Point",
       "coordinates":  [ 121.5513463,25.04126615 ]
    },
    "properties": {
    "city":"taipei",
    "facility_type":"clinic",
    "category":"診所",
    "name":"忠孝世賓婦產科診所",
    "district_code":63000030,
    "district":"大安區",
    "address":"臺北市大安區忠孝東路4段176號4樓",
    "source_dataset":"taipei_clinic"
    }
  },
  {
    "type": "Feature",
    "geometry": {
       "type": "Point",
       "coordinates":  [ 121.5468475,25.04135697 ]
    },
    "properties": {
    "city":"taipei",
    "facility_type":"clinic",
    "category":"診所",
    "name":"苙登醫美診所",
    "district_code":63000030,
    "district":"大安區",
    "address":"臺北市大安區忠孝東路4段112號9樓之13",
    "source_dataset":"taipei_clinic"
    }
  },
  {
    "type": "Feature",
    "geometry": {
       "type": "Point",
       "coordinates":  [ 121.5482899,25.04174825 ]
    },
    "properties": {
    "city":"taipei",
    "facility_type":"clinic",
    "category":"診所",
    "name":"星媺診所",
    "district_code":63000030,
    "district":"大安區",
    "address":"臺北市大安區忠孝東路4段107號11樓",
    "source_dataset":"taipei_clinic"
    }
  },
  {
    "type": "Feature",
    "geometry": {
       "type": "Point",
       "coordinates":  [ 121.5222425,25.03002236 ]
    },
    "properties": {
    "city":"taipei",
    "facility_type":"clinic",
    "category":"診所",
    "name":"喜月泌尿診所",
    "district_code":63000030,
    "district":"大安區",
    "address":"臺北市大安區杭州南路2段63號",
    "source_dataset":"taipei_clinic"
    }
  },
  {
    "type": "Feature",
    "geometry": {
       "type": "Point",
       "coordinates":  [ 121.5435422,25.0418867 ]
    },
    "properties": {
    "city":"taipei",
    "facility_type":"clinic",
    "category":"診所",
    "name":"看見佳醫診所",
    "district_code":63000030,
    "district":"大安區",
    "address":"臺北市大安區忠孝東路3段305號5樓之3",
    "source_dataset":"taipei_clinic"
    }
  },
  {
    "type": "Feature",
    "geometry": {
       "type": "Point",
       "coordinates":  [ 121.5535874,25.0412125 ]
    },
    "properties": {
    "city":"taipei",
    "facility_type":"clinic",
    "category":"診所",
    "name":"秘境美學診所",
    "district_code":63000030,
    "district":"大安區",
    "address":"臺北市大安區忠孝東路4段222號5樓、224號5樓",
    "source_dataset":"taipei_clinic"
    }
  },
  {
    "type": "Feature",
    "geometry": {
       "type": "Point",
       "coordinates":  [ 121.5449275,25.04139431 ]
    },
    "properties": {
    "city":"taipei",
    "facility_type":"clinic",
    "category":"診所",
    "name":"奐采美診所",
    "district_code":63000030,
    "district":"大安區",
    "address":"臺北市大安區忠孝東路4段50號5樓",
    "source_dataset":"taipei_clinic"
    }
  },
  {
    "type": "Feature",
    "geometry": {
       "type": "Point",
       "coordinates":  [ 121.5440605,25.03767283 ]
    },
    "properties": {
    "city":"taipei",
    "facility_type":"clinic",
    "category":"診所",
    "name":"煥儷美形仁愛診所",
    "district_code":63000030,
    "district":"大安區",
    "address":"臺北市大安區仁愛路4段2號8樓",
    "source_dataset":"taipei_clinic"
    }
  },
  {
    "type": "Feature",
    "geometry": {
       "type": "Point",
       "coordinates":  [ 121.5422302,25.03363136 ]
    },
    "properties": {
    "city":"taipei",
    "facility_type":"clinic",
    "category":"診所",
    "name":"臻心美妍診所",
    "district_code":63000030,
    "district":"大安區",
    "address":"臺北市大安區信義路3段151號7樓",
    "source_dataset":"taipei_clinic"
    }
  },
  {
    "type": "Feature",
    "geometry": {
       "type": "Point",
       "coordinates":  [ 121.5491215,25.02199617 ]
    },
    "properties": {
    "city":"taipei",
    "facility_type":"clinic",
    "category":"診所",
    "name":"杏保醫網信康診所",
    "district_code":63000030,
    "district":"大安區",
    "address":"臺北市大安區敦化南路2段335號1樓",
    "source_dataset":"taipei_clinic"
    }
  },
  {
    "type": "Feature",
    "geometry": {
       "type": "Point",
       "coordinates":  [ 121.5470497,25.04012018 ]
    },
    "properties": {
    "city":"taipei",
    "facility_type":"clinic",
    "category":"診所",
    "name":"八千代診所",
    "district_code":63000030,
    "district":"大安區",
    "address":"臺北市大安區大安路1段101巷10號3樓",
    "source_dataset":"taipei_clinic"
    }
  },
  {
    "type": "Feature",
    "geometry": {
       "type": "Point",
       "coordinates":  [ 121.5527643,25.04122997 ]
    },
    "properties": {
    "city":"taipei",
    "facility_type":"clinic",
    "category":"診所",
    "name":"生活家醫美診所",
    "district_code":63000030,
    "district":"大安區",
    "address":"臺北市大安區忠孝東路4段212號6樓之1",
    "source_dataset":"taipei_clinic"
    }
  },
  {
    "type": "Feature",
    "geometry": {
       "type": "Point",
       "coordinates":  [ 121.5307028,25.01858722 ]
    },
    "properties": {
    "city":"taipei",
    "facility_type":"clinic",
    "category":"診所",
    "name":"群光自然診所",
    "district_code":63000030,
    "district":"大安區",
    "address":"臺北市大安區羅斯福路3段271號10樓",
    "source_dataset":"taipei_clinic"
    }
  },
  {
    "type": "Feature",
    "geometry": {
       "type": "Point",
       "coordinates":  [ 121.5469089,25.02660191 ]
    },
    "properties": {
    "city":"taipei",
    "facility_type":"clinic",
    "category":"診所",
    "name":"伯特利敦南身心診所",
    "district_code":63000030,
    "district":"大安區",
    "address":"臺北市大安區和平東路3段1巷51號2樓",
    "source_dataset":"taipei_clinic"
    }
  },
  {
    "type": "Feature",
    "geometry": {
       "type": "Point",
       "coordinates":  [ 121.5492632,25.04247291 ]
    },
    "properties": {
    "city":"taipei",
    "facility_type":"clinic",
    "category":"診所",
    "name":"嘉齡診所",
    "district_code":63000030,
    "district":"大安區",
    "address":"臺北市大安區敦化南路1段191號地下之28至31、地下之105至106、地下之110至113、地下之120至122、地下之130至131",
    "source_dataset":"taipei_clinic"
    }
  },
  {
    "type": "Feature",
    "geometry": {
       "type": "Point",
       "coordinates":  [ 121.5492632,25.04247291 ]
    },
    "properties": {
    "city":"taipei",
    "facility_type":"clinic",
    "category":"診所",
    "name":"家齡診所",
    "district_code":63000030,
    "district":"大安區",
    "address":"臺北市大安區敦化南路1段191號地下之9至19、地下之88至96、地下之100至101",
    "source_dataset":"taipei_clinic"
    }
  },
  {
    "type": "Feature",
    "geometry": {
       "type": "Point",
       "coordinates":  [ 121.5492632,25.04247291 ]
    },
    "properties": {
    "city":"taipei",
    "facility_type":"clinic",
    "category":"診所",
    "name":"佳齡診所",
    "district_code":63000030,
    "district":"大安區",
    "address":"臺北市大安區敦化南路1段191號地下、地下之1至8、地下之37至73、地下之84至85",
    "source_dataset":"taipei_clinic"
    }
  },
  {
    "type": "Feature",
    "geometry": {
       "type": "Point",
       "coordinates":  [ 121.5481699,25.04133394 ]
    },
    "properties": {
    "city":"taipei",
    "facility_type":"clinic",
    "category":"診所",
    "name":"東風診所",
    "district_code":63000030,
    "district":"大安區",
    "address":"臺北市大安區忠孝東路4段132號4樓",
    "source_dataset":"taipei_clinic"
    }
  },
  {
    "type": "Feature",
    "geometry": {
       "type": "Point",
       "coordinates":  [ 121.5414346,25.04184394 ]
    },
    "properties": {
    "city":"taipei",
    "facility_type":"clinic",
    "category":"診所",
    "name":"禾顏時尚醫美診所",
    "district_code":63000030,
    "district":"大安區",
    "address":"臺北市大安區忠孝東路3段249號6樓",
    "source_dataset":"taipei_clinic"
    }
  },
  {
    "type": "Feature",
    "geometry": {
       "type": "Point",
       "coordinates":  [ 121.5517403,25.03457711 ]
    },
    "properties": {
    "city":"taipei",
    "facility_type":"clinic",
    "category":"診所",
    "name":"宸光眼科診所",
    "district_code":63000030,
    "district":"大安區",
    "address":"臺北市大安區信義路4段199巷13號1樓",
    "source_dataset":"taipei_clinic"
    }
  },
  {
    "type": "Feature",
    "geometry": {
       "type": "Point",
       "coordinates":  [ 121.5426494,25.03319744 ]
    },
    "properties": {
    "city":"taipei",
    "facility_type":"clinic",
    "category":"診所",
    "name":"大安逸采診所",
    "district_code":63000030,
    "district":"大安區",
    "address":"臺北市大安區信義路3 段186號5樓",
    "source_dataset":"taipei_clinic"
    }
  },
  {
    "type": "Feature",
    "geometry": {
       "type": "Point",
       "coordinates":  [ 121.5516727,25.03963716 ]
    },
    "properties": {
    "city":"taipei",
    "facility_type":"clinic",
    "category":"診所",
    "name":"媚登?纖體醫妍安和診所",
    "district_code":63000030,
    "district":"大安區",
    "address":"臺北市大安區仁愛路4段151巷18號地下1層",
    "source_dataset":"taipei_clinic"
    }
  },
  {
    "type": "Feature",
    "geometry": {
       "type": "Point",
       "coordinates":  [ 121.5439473,25.03916555 ]
    },
    "properties": {
    "city":"taipei",
    "facility_type":"clinic",
    "category":"診所",
    "name":"杏澤健康診所",
    "district_code":63000030,
    "district":"大安區",
    "address":"臺北市大安區復興南路1段215號12樓、12樓之1",
    "source_dataset":"taipei_clinic"
    }
  },
  {
    "type": "Feature",
    "geometry": {
       "type": "Point",
       "coordinates":  [ 121.5492885,25.04056811 ]
    },
    "properties": {
    "city":"taipei",
    "facility_type":"clinic",
    "category":"診所",
    "name":"艾戀國際診所",
    "district_code":63000030,
    "district":"大安區",
    "address":"臺北市大安區敦化南路1段225號9樓之2、忠孝東路4段166號8樓之2",
    "source_dataset":"taipei_clinic"
    }
  },
  {
    "type": "Feature",
    "geometry": {
       "type": "Point",
       "coordinates":  [ 121.5564578,25.04036625 ]
    },
    "properties": {
    "city":"taipei",
    "facility_type":"clinic",
    "category":"診所",
    "name":"冠美國際時尚診所",
    "district_code":63000030,
    "district":"大安區",
    "address":"臺北市大安區光復南路260巷24號4樓",
    "source_dataset":"taipei_clinic"
    }
  },
  {
    "type": "Feature",
    "geometry": {
       "type": "Point",
       "coordinates":  [ 121.5492521,25.03677648 ]
    },
    "properties": {
    "city":"taipei",
    "facility_type":"clinic",
    "category":"診所",
    "name":"無齡診所",
    "district_code":63000030,
    "district":"大安區",
    "address":"臺北市大安區敦化南路1段259號13樓",
    "source_dataset":"taipei_clinic"
    }
  },
  {
    "type": "Feature",
    "geometry": {
       "type": "Point",
       "coordinates":  [ 121.5452748,25.03885943 ]
    },
    "properties": {
    "city":"taipei",
    "facility_type":"clinic",
    "category":"診所",
    "name":"禾亞國際健康診所",
    "district_code":63000030,
    "district":"大安區",
    "address":"臺北市大安區仁愛路4段27巷3號2樓",
    "source_dataset":"taipei_clinic"
    }
  },
  {
    "type": "Feature",
    "geometry": {
       "type": "Point",
       "coordinates":  [ 121.5563554,25.03799871 ]
    },
    "properties": {
    "city":"taipei",
    "facility_type":"clinic",
    "category":"診所",
    "name":"詠漾診所",
    "district_code":63000030,
    "district":"大安區",
    "address":"臺北市大安區仁愛路4段419號3樓",
    "source_dataset":"taipei_clinic"
    }
  },
  {
    "type": "Feature",
    "geometry": {
       "type": "Point",
       "coordinates":  [ 121.5273859,25.03377853 ]
    },
    "properties": {
    "city":"taipei",
    "facility_type":"clinic",
    "category":"診所",
    "name":"寶儷國際美型診所",
    "district_code":63000030,
    "district":"大安區",
    "address":"臺北市大安區金山南路二段3號8樓",
    "source_dataset":"taipei_clinic"
    }
  },
  {
    "type": "Feature",
    "geometry": {
       "type": "Point",
       "coordinates":  [ 121.5295916,25.02630952 ]
    },
    "properties": {
    "city":"taipei",
    "facility_type":"clinic",
    "category":"診所",
    "name":"睿揚診所",
    "district_code":63000030,
    "district":"大安區",
    "address":"臺北市大安區和平東路1段180號10樓",
    "source_dataset":"taipei_clinic"
    }
  },
  {
    "type": "Feature",
    "geometry": {
       "type": "Point",
       "coordinates":  [ 121.5334554,25.04200329 ]
    },
    "properties": {
    "city":"taipei",
    "facility_type":"clinic",
    "category":"診所",
    "name":"琢月診所",
    "district_code":63000030,
    "district":"大安區",
    "address":"臺北市大安區忠孝東路4段69之4號(5樓)",
    "source_dataset":"taipei_clinic"
    }
  },
  {
    "type": "Feature",
    "geometry": {
       "type": "Point",
       "coordinates":  [ 121.544882,25.03823078 ]
    },
    "properties": {
    "city":"taipei",
    "facility_type":"clinic",
    "category":"診所",
    "name":"沐美診所",
    "district_code":63000030,
    "district":"大安區",
    "address":"臺北市大安區仁愛路4段25之1號5樓",
    "source_dataset":"taipei_clinic"
    }
  },
  {
    "type": "Feature",
    "geometry": {
       "type": "Point",
       "coordinates":  [ 121.5319308,25.01737298 ]
    },
    "properties": {
    "city":"taipei",
    "facility_type":"clinic",
    "category":"診所",
    "name":"原美學診所",
    "district_code":63000030,
    "district":"大安區",
    "address":"臺北市大安區羅斯福路3段309號3樓、3樓之5",
    "source_dataset":"taipei_clinic"
    }
  },
  {
    "type": "Feature",
    "geometry": {
       "type": "Point",
       "coordinates":  [ 121.5275338,25.03385213 ]
    },
    "properties": {
    "city":"taipei",
    "facility_type":"clinic",
    "category":"診所",
    "name":"伊勢美診所",
    "district_code":63000030,
    "district":"大安區",
    "address":"臺北市大安區信義路2段104號6樓",
    "source_dataset":"taipei_clinic"
    }
  },
  {
    "type": "Feature",
    "geometry": {
       "type": "Point",
       "coordinates":  [ 121.5440207,25.04238637 ]
    },
    "properties": {
    "city":"taipei",
    "facility_type":"clinic",
    "category":"診所",
    "name":"江子朋醫美診所",
    "district_code":63000030,
    "district":"大安區",
    "address":"臺北市大安區復興南路1段137號6樓之8",
    "source_dataset":"taipei_clinic"
    }
  },
  {
    "type": "Feature",
    "geometry": {
       "type": "Point",
       "coordinates":  [ 121.5548318,25.04050873 ]
    },
    "properties": {
    "city":"taipei",
    "facility_type":"clinic",
    "category":"診所",
    "name":"沐雲美學診所",
    "district_code":63000030,
    "district":"大安區",
    "address":"臺北市大安區延吉街153之3號3樓",
    "source_dataset":"taipei_clinic"
    }
  },
  {
    "type": "Feature",
    "geometry": {
       "type": "Point",
       "coordinates":  [ 121.5443843,25.04183689 ]
    },
    "properties": {
    "city":"taipei",
    "facility_type":"clinic",
    "category":"診所",
    "name":"忠孝書拉密美學診所",
    "district_code":63000030,
    "district":"大安區",
    "address":"臺北市大安區忠孝東路4段15號6樓",
    "source_dataset":"taipei_clinic"
    }
  },
  {
    "type": "Feature",
    "geometry": {
       "type": "Point",
       "coordinates":  [ 121.557175,25.04441452 ]
    },
    "properties": {
    "city":"taipei",
    "facility_type":"clinic",
    "category":"診所",
    "name":"韓佳人綠洲診所",
    "district_code":63000030,
    "district":"大安區",
    "address":"臺北市大安區光復南路72巷7弄9號1樓",
    "source_dataset":"taipei_clinic"
    }
  },
  {
    "type": "Feature",
    "geometry": {
       "type": "Point",
       "coordinates":  [ 121.5484931,25.04268354 ]
    },
    "properties": {
    "city":"taipei",
    "facility_type":"clinic",
    "category":"診所",
    "name":"樂康美診所",
    "district_code":63000030,
    "district":"大安區",
    "address":"臺北市大安區敦化南路1段188號9樓",
    "source_dataset":"taipei_clinic"
    }
  },
  {
    "type": "Feature",
    "geometry": {
       "type": "Point",
       "coordinates":  [ 121.5527292,25.03520771 ]
    },
    "properties": {
    "city":"taipei",
    "facility_type":"clinic",
    "category":"診所",
    "name":"安瑟美皮膚科診所",
    "district_code":63000030,
    "district":"大安區",
    "address":"臺北市大安區安和路1段113號2樓",
    "source_dataset":"taipei_clinic"
    }
  },
  {
    "type": "Feature",
    "geometry": {
       "type": "Point",
       "coordinates":  [ 121.5497531,25.03833674 ]
    },
    "properties": {
    "city":"taipei",
    "facility_type":"clinic",
    "category":"診所",
    "name":"聖緹雅美學診所",
    "district_code":63000030,
    "district":"大安區",
    "address":"臺北市大安區仁愛路4段107號6樓",
    "source_dataset":"taipei_clinic"
    }
  },
  {
    "type": "Feature",
    "geometry": {
       "type": "Point",
       "coordinates":  [ 121.5479987,25.0413348 ]
    },
    "properties": {
    "city":"taipei",
    "facility_type":"clinic",
    "category":"診所",
    "name":"司鉑診所",
    "district_code":63000030,
    "district":"大安區",
    "address":"臺北市大安區忠孝東路4段128號12樓",
    "source_dataset":"taipei_clinic"
    }
  },
  {
    "type": "Feature",
    "geometry": {
       "type": "Point",
       "coordinates":  [ 121.5453834,25.03314658 ]
    },
    "properties": {
    "city":"taipei",
    "facility_type":"clinic",
    "category":"診所",
    "name":"曼星整形醫美診所",
    "district_code":63000030,
    "district":"大安區",
    "address":"臺北市大安區信義路4段58號3樓之2、3樓之3、4樓之2",
    "source_dataset":"taipei_clinic"
    }
  },
  {
    "type": "Feature",
    "geometry": {
       "type": "Point",
       "coordinates":  [ 121.5438845,25.03720845 ]
    },
    "properties": {
    "city":"taipei",
    "facility_type":"clinic",
    "category":"診所",
    "name":"仁愛濰視眼科診所",
    "district_code":63000030,
    "district":"大安區",
    "address":"臺北市大安區復興南路1段 243號3樓、3樓之1",
    "source_dataset":"taipei_clinic"
    }
  },
  {
    "type": "Feature",
    "geometry": {
       "type": "Point",
       "coordinates":  [ 121.542145,25.0336233 ]
    },
    "properties": {
    "city":"taipei",
    "facility_type":"clinic",
    "category":"診所",
    "name":"鍾雲霓外科診所",
    "district_code":63000030,
    "district":"大安區",
    "address":"臺北市大安區信義路3段149號10樓",
    "source_dataset":"taipei_clinic"
    }
  },
  {
    "type": "Feature",
    "geometry": {
       "type": "Point",
       "coordinates":  [ 121.5571088,25.0415617 ]
    },
    "properties": {
    "city":"taipei",
    "facility_type":"clinic",
    "category":"診所",
    "name":"晶漾診所",
    "district_code":63000030,
    "district":"大安區",
    "address":"臺北市大安區忠孝東路4段333號10樓",
    "source_dataset":"taipei_clinic"
    }
  },
  {
    "type": "Feature",
    "geometry": {
       "type": "Point",
       "coordinates":  [ 121.5455302,25.0336067 ]
    },
    "properties": {
    "city":"taipei",
    "facility_type":"clinic",
    "category":"診所",
    "name":"法喬醫美診所",
    "district_code":63000030,
    "district":"大安區",
    "address":"臺北市大安區忠孝東路4段71之2號(3樓)、73之2號(3樓)",
    "source_dataset":"taipei_clinic"
    }
  },
  {
    "type": "Feature",
    "geometry": {
       "type": "Point",
       "coordinates":  [ 121.5514031,25.04126477 ]
    },
    "properties": {
    "city":"taipei",
    "facility_type":"clinic",
    "category":"診所",
    "name":"超美診所",
    "district_code":63000030,
    "district":"大安區",
    "address":"臺北市大安區忠孝東路4段178號9樓",
    "source_dataset":"taipei_clinic"
    }
  },
  {
    "type": "Feature",
    "geometry": {
       "type": "Point",
       "coordinates":  [ 121.5346037,25.02557546 ]
    },
    "properties": {
    "city":"taipei",
    "facility_type":"clinic",
    "category":"診所",
    "name":"禾馨大安婦幼診所",
    "district_code":63000030,
    "district":"大安區",
    "address":"臺北市大安區新生南路3段4號2樓",
    "source_dataset":"taipei_clinic"
    }
  },
  {
    "type": "Feature",
    "geometry": {
       "type": "Point",
       "coordinates":  [ 121.5334554,25.04200329 ]
    },
    "properties": {
    "city":"taipei",
    "facility_type":"clinic",
    "category":"診所",
    "name":"艾尚美醫美診所",
    "district_code":63000030,
    "district":"大安區",
    "address":"臺北市大安區忠孝東路4段55之8號(9樓)",
    "source_dataset":"taipei_clinic"
    }
  },
  {
    "type": "Feature",
    "geometry": {
       "type": "Point",
       "coordinates":  [ 121.5458064,25.04179209 ]
    },
    "properties": {
    "city":"taipei",
    "facility_type":"clinic",
    "category":"診所",
    "name":"忠孝喜月泌尿科診所",
    "district_code":63000030,
    "district":"大安區",
    "address":"臺北市大安區忠孝東路4段59號7樓、59號7樓之1",
    "source_dataset":"taipei_clinic"
    }
  },
  {
    "type": "Feature",
    "geometry": {
       "type": "Point",
       "coordinates":  [ 121.5555444,25.03800864 ]
    },
    "properties": {
    "city":"taipei",
    "facility_type":"clinic",
    "category":"診所",
    "name":"維格診所",
    "district_code":63000030,
    "district":"大安區",
    "address":"臺北市大安區仁愛路4段401號1樓、403號1樓、403號2樓、403號地下1層",
    "source_dataset":"taipei_clinic"
    }
  },
  {
    "type": "Feature",
    "geometry": {
       "type": "Point",
       "coordinates":  [ 121.5438744,25.0364999 ]
    },
    "properties": {
    "city":"taipei",
    "facility_type":"clinic",
    "category":"診所",
    "name":"自由風美醫診所",
    "district_code":63000030,
    "district":"大安區",
    "address":"臺北市大安區復興南路1段259號2樓之1",
    "source_dataset":"taipei_clinic"
    }
  },
  {
    "type": "Feature",
    "geometry": {
       "type": "Point",
       "coordinates":  [ 121.5554202,25.03885906 ]
    },
    "properties": {
    "city":"taipei",
    "facility_type":"clinic",
    "category":"診所",
    "name":"仁愛耳鼻喉科診所",
    "district_code":63000030,
    "district":"大安區",
    "address":"臺北市大安區光復南路308巷55號1樓",
    "source_dataset":"taipei_clinic"
    }
  },
  {
    "type": "Feature",
    "geometry": {
       "type": "Point",
       "coordinates":  [ 121.5447933,25.03552808 ]
    },
    "properties": {
    "city":"taipei",
    "facility_type":"clinic",
    "category":"診所",
    "name":"菁萃美診所",
    "district_code":63000030,
    "district":"大安區",
    "address":"臺北市大安區復興南路1段279巷22號1樓",
    "source_dataset":"taipei_clinic"
    }
  },
  {
    "type": "Feature",
    "geometry": {
       "type": "Point",
       "coordinates":  [ 121.5451332,25.04270943 ]
    },
    "properties": {
    "city":"taipei",
    "facility_type":"clinic",
    "category":"診所",
    "name":"旅美學活力診所",
    "district_code":63000030,
    "district":"大安區",
    "address":"臺北市大安區復興南路1段135巷17號3樓之1",
    "source_dataset":"taipei_clinic"
    }
  },
  {
    "type": "Feature",
    "geometry": {
       "type": "Point",
       "coordinates":  [ 121.5484458,25.03473939 ]
    },
    "properties": {
    "city":"taipei",
    "facility_type":"clinic",
    "category":"診所",
    "name":"久明診所",
    "district_code":63000030,
    "district":"大安區",
    "address":"臺北市大安區敦化南路1段344號2樓、344號2樓之1",
    "source_dataset":"taipei_clinic"
    }
  },
  {
    "type": "Feature",
    "geometry": {
       "type": "Point",
       "coordinates":  [ 121.5484858,25.0443545 ]
    },
    "properties": {
    "city":"taipei",
    "facility_type":"clinic",
    "category":"診所",
    "name":"木木日安醫學美容診所",
    "district_code":63000030,
    "district":"大安區",
    "address":"臺北市大安區敦化南路1段138之1號(1樓、2樓)",
    "source_dataset":"taipei_clinic"
    }
  },
  {
    "type": "Feature",
    "geometry": {
       "type": "Point",
       "coordinates":  [ 121.5438921,25.03020817 ]
    },
    "properties": {
    "city":"taipei",
    "facility_type":"clinic",
    "category":"診所",
    "name":"幸衍醫美診所",
    "district_code":63000030,
    "district":"大安區",
    "address":"臺北市大安區復興南路2段111巷7號2樓",
    "source_dataset":"taipei_clinic"
    }
  },
  {
    "type": "Feature",
    "geometry": {
       "type": "Point",
       "coordinates":  [ 121.5327718,25.03250576 ]
    },
    "properties": {
    "city":"taipei",
    "facility_type":"clinic",
    "category":"診所",
    "name":"大安丰采睡眠醫學診所",
    "district_code":63000030,
    "district":"大安區",
    "address":"臺北市大安區新生南路2段18號1樓、地下1層",
    "source_dataset":"taipei_clinic"
    }
  },
  {
    "type": "Feature",
    "geometry": {
       "type": "Point",
       "coordinates":  [ 121.5482436,25.04133273 ]
    },
    "properties": {
    "city":"taipei",
    "facility_type":"clinic",
    "category":"診所",
    "name":"芮亞時尚美學診所",
    "district_code":63000030,
    "district":"大安區",
    "address":"臺北市大安區忠孝東路4段134號8樓",
    "source_dataset":"taipei_clinic"
    }
  },
  {
    "type": "Feature",
    "geometry": {
       "type": "Point",
       "coordinates":  [ 121.5341429,25.03897051 ]
    },
    "properties": {
    "city":"taipei",
    "facility_type":"clinic",
    "category":"診所",
    "name":"葵芮蓓緹醫美診所",
    "district_code":63000030,
    "district":"大安區",
    "address":"臺北市大安區仁愛路3段5巷1弄9號1樓",
    "source_dataset":"taipei_clinic"
    }
  },
  {
    "type": "Feature",
    "geometry": {
       "type": "Point",
       "coordinates":  [ 121.527686,25.02141108 ]
    },
    "properties": {
    "city":"taipei",
    "facility_type":"clinic",
    "category":"診所",
    "name":"羽田醫美診所",
    "district_code":63000030,
    "district":"大安區",
    "address":"臺北市大安區羅斯福路3段171號6樓、6樓之1",
    "source_dataset":"taipei_clinic"
    }
  },
  {
    "type": "Feature",
    "geometry": {
       "type": "Point",
       "coordinates":  [ 121.5564672,25.04065765 ]
    },
    "properties": {
    "city":"taipei",
    "facility_type":"clinic",
    "category":"診所",
    "name":"花之妍美學診所",
    "district_code":63000030,
    "district":"大安區",
    "address":"臺北市大安區光復南路240巷23號4樓",
    "source_dataset":"taipei_clinic"
    }
  },
  {
    "type": "Feature",
    "geometry": {
       "type": "Point",
       "coordinates":  [ 121.5554426,25.03332629 ]
    },
    "properties": {
    "city":"taipei",
    "facility_type":"clinic",
    "category":"診所",
    "name":"星媺信義診所",
    "district_code":63000030,
    "district":"大安區",
    "address":"臺北市大安區信義路4段303號3樓",
    "source_dataset":"taipei_clinic"
    }
  },
  {
    "type": "Feature",
    "geometry": {
       "type": "Point",
       "coordinates":  [ 121.5542628,25.02629187 ]
    },
    "properties": {
    "city":"taipei",
    "facility_type":"clinic",
    "category":"診所",
    "name":"麗舍整形外科診所",
    "district_code":63000030,
    "district":"大安區",
    "address":"臺北市大安區基隆路2段172之1號5樓、5樓之1、5樓之2、5樓之3、5樓之4",
    "source_dataset":"taipei_clinic"
    }
  },
  {
    "type": "Feature",
    "geometry": {
       "type": "Point",
       "coordinates":  [ 121.5307219,25.03344603 ]
    },
    "properties": {
    "city":"taipei",
    "facility_type":"clinic",
    "category":"診所",
    "name":"馨思身心精神科診所",
    "district_code":63000030,
    "district":"大安區",
    "address":"臺北市大安區信義路2段208號7樓之1",
    "source_dataset":"taipei_clinic"
    }
  },
  {
    "type": "Feature",
    "geometry": {
       "type": "Point",
       "coordinates":  [ 121.5453725,25.04137468 ]
    },
    "properties": {
    "city":"taipei",
    "facility_type":"clinic",
    "category":"診所",
    "name":"艾朵拉診所",
    "district_code":63000030,
    "district":"大安區",
    "address":"臺北市大安區忠孝東路4段60號3樓之3",
    "source_dataset":"taipei_clinic"
    }
  },
  {
    "type": "Feature",
    "geometry": {
       "type": "Point",
       "coordinates":  [ 121.5484703,25.04120157 ]
    },
    "properties": {
    "city":"taipei",
    "facility_type":"clinic",
    "category":"診所",
    "name":"台北孟德爾診所",
    "district_code":63000030,
    "district":"大安區",
    "address":"臺北市大安區敦化南路1段216號10樓",
    "source_dataset":"taipei_clinic"
    }
  },
  {
    "type": "Feature",
    "geometry": {
       "type": "Point",
       "coordinates":  [ 121.5478053,25.03349392 ]
    },
    "properties": {
    "city":"taipei",
    "facility_type":"clinic",
    "category":"診所",
    "name":"澤之肌皮膚專科診所",
    "district_code":63000030,
    "district":"大安區",
    "address":"臺北市大安區信義路4段109之1號1樓、2樓",
    "source_dataset":"taipei_clinic"
    }
  },
  {
    "type": "Feature",
    "geometry": {
       "type": "Point",
       "coordinates":  [ 121.5514031,25.04126477 ]
    },
    "properties": {
    "city":"taipei",
    "facility_type":"clinic",
    "category":"診所",
    "name":"向昕美學整形外科診所",
    "district_code":63000030,
    "district":"大安區",
    "address":"臺北市大安區忠孝東路4段178號11樓",
    "source_dataset":"taipei_clinic"
    }
  },
  {
    "type": "Feature",
    "geometry": {
       "type": "Point",
       "coordinates":  [ 121.54924,25.04103817 ]
    },
    "properties": {
    "city":"taipei",
    "facility_type":"clinic",
    "category":"診所",
    "name":"紐約整形外科診所",
    "district_code":63000030,
    "district":"大安區",
    "address":"臺北市大安區敦化南路1段219號3樓",
    "source_dataset":"taipei_clinic"
    }
  },
  {
    "type": "Feature",
    "geometry": {
       "type": "Point",
       "coordinates":  [ 121.5334554,25.04200329 ]
    },
    "properties": {
    "city":"taipei",
    "facility_type":"clinic",
    "category":"診所",
    "name":"華顏醫美診所",
    "district_code":63000030,
    "district":"大安區",
    "address":"臺北市大安區忠孝東路4段124之9號 (10樓)",
    "source_dataset":"taipei_clinic"
    }
  },
  {
    "type": "Feature",
    "geometry": {
       "type": "Point",
       "coordinates":  [ 121.5251425,25.0270568 ]
    },
    "properties": {
    "city":"taipei",
    "facility_type":"clinic",
    "category":"診所",
    "name":"和平診所",
    "district_code":63000030,
    "district":"大安區",
    "address":"臺北市大安區和平東路1段77之2號(1樓)",
    "source_dataset":"taipei_clinic"
    }
  },
  {
    "type": "Feature",
    "geometry": {
       "type": "Point",
       "coordinates":  [ 121.5533387,25.04121666 ]
    },
    "properties": {
    "city":"taipei",
    "facility_type":"clinic",
    "category":"診所",
    "name":"DRC國際美型診所",
    "district_code":63000030,
    "district":"大安區",
    "address":"臺北市大安區忠孝東路4段218號7樓",
    "source_dataset":"taipei_clinic"
    }
  },
  {
    "type": "Feature",
    "geometry": {
       "type": "Point",
       "coordinates":  [ 121.5472486,25.03444552 ]
    },
    "properties": {
    "city":"taipei",
    "facility_type":"clinic",
    "category":"診所",
    "name":"禾家美學診所",
    "district_code":63000030,
    "district":"大安區",
    "address":"臺北市大安區四維路76巷11號1樓",
    "source_dataset":"taipei_clinic"
    }
  },
  {
    "type": "Feature",
    "geometry": {
       "type": "Point",
       "coordinates":  [ 121.5313314,25.01797078 ]
    },
    "properties": {
    "city":"taipei",
    "facility_type":"clinic",
    "category":"診所",
    "name":"公館得心身醫學診所",
    "district_code":63000030,
    "district":"大安區",
    "address":"臺北市大安區羅斯福路3段281號3樓之1、3樓之2",
    "source_dataset":"taipei_clinic"
    }
  },
  {
    "type": "Feature",
    "geometry": {
       "type": "Point",
       "coordinates":  [ 121.5484367,25.03624191 ]
    },
    "properties": {
    "city":"taipei",
    "facility_type":"clinic",
    "category":"診所",
    "name":"鳴一診所",
    "district_code":63000030,
    "district":"大安區",
    "address":"臺北市大安區敦化南路1段294號1樓",
    "source_dataset":"taipei_clinic"
    }
  },
  {
    "type": "Feature",
    "geometry": {
       "type": "Point",
       "coordinates":  [ 121.553338,25.04117159 ]
    },
    "properties": {
    "city":"taipei",
    "facility_type":"clinic",
    "category":"診所",
    "name":"向陽身心診所",
    "district_code":63000030,
    "district":"大安區",
    "address":"臺北市大安區忠孝東路4段218之2號2樓",
    "source_dataset":"taipei_clinic"
    }
  },
  {
    "type": "Feature",
    "geometry": {
       "type": "Point",
       "coordinates":  [ 121.5360688,25.03384966 ]
    },
    "properties": {
    "city":"taipei",
    "facility_type":"clinic",
    "category":"診所",
    "name":"植診所",
    "district_code":63000030,
    "district":"大安區",
    "address":"臺北市大安區信義路3段59號2樓",
    "source_dataset":"taipei_clinic"
    }
  },
  {
    "type": "Feature",
    "geometry": {
       "type": "Point",
       "coordinates":  [ 121.542145,25.0336233 ]
    },
    "properties": {
    "city":"taipei",
    "facility_type":"clinic",
    "category":"診所",
    "name":"凡登顱顏診所",
    "district_code":63000030,
    "district":"大安區",
    "address":"臺北市大安區信義路3段149號6樓、6樓之1",
    "source_dataset":"taipei_clinic"
    }
  },
  {
    "type": "Feature",
    "geometry": {
       "type": "Point",
       "coordinates":  [ 121.5484703,25.04120157 ]
    },
    "properties": {
    "city":"taipei",
    "facility_type":"clinic",
    "category":"診所",
    "name":"耐斯診所",
    "district_code":63000030,
    "district":"大安區",
    "address":"臺北市大安區敦化南路1段216號11樓",
    "source_dataset":"taipei_clinic"
    }
  },
  {
    "type": "Feature",
    "geometry": {
       "type": "Point",
       "coordinates":  [ 121.5445363,25.0414022 ]
    },
    "properties": {
    "city":"taipei",
    "facility_type":"clinic",
    "category":"診所",
    "name":"君綺大安診所",
    "district_code":63000030,
    "district":"大安區",
    "address":"臺北市大安區忠孝東路4段30號3樓(3層、4層)",
    "source_dataset":"taipei_clinic"
    }
  },
  {
    "type": "Feature",
    "geometry": {
       "type": "Point",
       "coordinates":  [ 121.5457604,25.04137255 ]
    },
    "properties": {
    "city":"taipei",
    "facility_type":"clinic",
    "category":"診所",
    "name":"康迎健康診所",
    "district_code":63000030,
    "district":"大安區",
    "address":"臺北市大安區忠孝東路4段76號2樓",
    "source_dataset":"taipei_clinic"
    }
  },
  {
    "type": "Feature",
    "geometry": {
       "type": "Point",
       "coordinates":  [ 121.5438436,25.03401451 ]
    },
    "properties": {
    "city":"taipei",
    "facility_type":"clinic",
    "category":"診所",
    "name":"愛玩美診所",
    "district_code":63000030,
    "district":"大安區",
    "address":"臺北市大安區復興南路1段321號2樓",
    "source_dataset":"taipei_clinic"
    }
  },
  {
    "type": "Feature",
    "geometry": {
       "type": "Point",
       "coordinates":  [ 121.5508383,25.03810513 ]
    },
    "properties": {
    "city":"taipei",
    "facility_type":"clinic",
    "category":"診所",
    "name":"仁愛星和診所",
    "district_code":63000030,
    "district":"大安區",
    "address":"臺北市大安區仁愛路4段137號2樓之1",
    "source_dataset":"taipei_clinic"
    }
  },
  {
    "type": "Feature",
    "geometry": {
       "type": "Point",
       "coordinates":  [ 121.5435422,25.0418867 ]
    },
    "properties": {
    "city":"taipei",
    "facility_type":"clinic",
    "category":"診所",
    "name":"于賓診所",
    "district_code":63000030,
    "district":"大安區",
    "address":"臺北市大安區忠孝東路3段305號7樓之3、4、5、6",
    "source_dataset":"taipei_clinic"
    }
  },
  {
    "type": "Feature",
    "geometry": {
       "type": "Point",
       "coordinates":  [ 121.5484461,25.03392469 ]
    },
    "properties": {
    "city":"taipei",
    "facility_type":"clinic",
    "category":"診所",
    "name":"?兒美學診所",
    "district_code":63000030,
    "district":"大安區",
    "address":"臺北市大安區敦化南路1段364號2樓",
    "source_dataset":"taipei_clinic"
    }
  },
  {
    "type": "Feature",
    "geometry": {
       "type": "Point",
       "coordinates":  [ 121.5427154,25.02882374 ]
    },
    "properties": {
    "city":"taipei",
    "facility_type":"clinic",
    "category":"診所",
    "name":"漫雲思境診所",
    "district_code":63000030,
    "district":"大安區",
    "address":"臺北市大安區瑞安街61巷1弄5號1樓",
    "source_dataset":"taipei_clinic"
    }
  },
  {
    "type": "Feature",
    "geometry": {
       "type": "Point",
       "coordinates":  [ 121.5420014,25.0331509 ]
    },
    "properties": {
    "city":"taipei",
    "facility_type":"clinic",
    "category":"診所",
    "name":"愛群小兒專科診所",
    "district_code":63000030,
    "district":"大安區",
    "address":"臺北市大安區信義路3段170號2樓、170號2樓之1、172號2樓、172號2樓之1",
    "source_dataset":"taipei_clinic"
    }
  },
  {
    "type": "Feature",
    "geometry": {
       "type": "Point",
       "coordinates":  [ 121.5484461,25.03392469 ]
    },
    "properties": {
    "city":"taipei",
    "facility_type":"clinic",
    "category":"診所",
    "name":"?兒診所",
    "district_code":63000030,
    "district":"大安區",
    "address":"臺北市大安區敦化南路1段364號1樓",
    "source_dataset":"taipei_clinic"
    }
  },
  {
    "type": "Feature",
    "geometry": {
       "type": "Point",
       "coordinates":  [ 121.5420014,25.0331509 ]
    },
    "properties": {
    "city":"taipei",
    "facility_type":"clinic",
    "category":"診所",
    "name":"信義安妞美學診所",
    "district_code":63000030,
    "district":"大安區",
    "address":"臺北市大安區信義路3段170號4樓、4樓之1",
    "source_dataset":"taipei_clinic"
    }
  },
  {
    "type": "Feature",
    "geometry": {
       "type": "Point",
       "coordinates":  [ 121.5508383,25.03810513 ]
    },
    "properties": {
    "city":"taipei",
    "facility_type":"clinic",
    "category":"診所",
    "name":"朝沐和安診所",
    "district_code":63000030,
    "district":"大安區",
    "address":"臺北市大安區仁愛路4段137號6樓之1",
    "source_dataset":"taipei_clinic"
    }
  },
  {
    "type": "Feature",
    "geometry": {
       "type": "Point",
       "coordinates":  [ 121.5453267,25.04181527 ]
    },
    "properties": {
    "city":"taipei",
    "facility_type":"clinic",
    "category":"診所",
    "name":"初禾診所",
    "district_code":63000030,
    "district":"大安區",
    "address":"臺北市大安區忠孝東路4段51之9號",
    "source_dataset":"taipei_clinic"
    }
  },
  {
    "type": "Feature",
    "geometry": {
       "type": "Point",
       "coordinates":  [ 121.5492521,25.03677648 ]
    },
    "properties": {
    "city":"taipei",
    "facility_type":"clinic",
    "category":"診所",
    "name":"郁仁診所",
    "district_code":63000030,
    "district":"大安區",
    "address":"臺北市大安區敦化南路1段259號5樓",
    "source_dataset":"taipei_clinic"
    }
  },
  {
    "type": "Feature",
    "geometry": {
       "type": "Point",
       "coordinates":  [ 121.5254128,25.03470742 ]
    },
    "properties": {
    "city":"taipei",
    "facility_type":"clinic",
    "category":"診所",
    "name":"葳覓美學診所",
    "district_code":63000030,
    "district":"大安區",
    "address":"臺北市大安區信義路2段30號2樓",
    "source_dataset":"taipei_clinic"
    }
  },
  {
    "type": "Feature",
    "geometry": {
       "type": "Point",
       "coordinates":  [ 121.5222729,25.027618 ]
    },
    "properties": {
    "city":"taipei",
    "facility_type":"clinic",
    "category":"診所",
    "name":"采依診所",
    "district_code":63000030,
    "district":"大安區",
    "address":"臺北市大安區羅斯福路2段41號7樓之2",
    "source_dataset":"taipei_clinic"
    }
  },
  {
    "type": "Feature",
    "geometry": {
       "type": "Point",
       "coordinates":  [ 121.5438986,25.03731406 ]
    },
    "properties": {
    "city":"taipei",
    "facility_type":"clinic",
    "category":"診所",
    "name":"博診所",
    "district_code":63000030,
    "district":"大安區",
    "address":"臺北市大安區復興南路1段239號12樓",
    "source_dataset":"taipei_clinic"
    }
  },
  {
    "type": "Feature",
    "geometry": {
       "type": "Point",
       "coordinates":  [ 121.5372657,25.02517338 ]
    },
    "properties": {
    "city":"taipei",
    "facility_type":"clinic",
    "category":"診所",
    "name":"約書亞診所",
    "district_code":63000030,
    "district":"大安區",
    "address":"臺北市大安區建國南路2段276號7樓",
    "source_dataset":"taipei_clinic"
    }
  },
  {
    "type": "Feature",
    "geometry": {
       "type": "Point",
       "coordinates":  [ 121.5409219,25.02884264 ]
    },
    "properties": {
    "city":"taipei",
    "facility_type":"clinic",
    "category":"診所",
    "name":"非凡復健科診所",
    "district_code":63000030,
    "district":"大安區",
    "address":"臺北市大安區瑞安街180巷2號1樓、2之1號1樓",
    "source_dataset":"taipei_clinic"
    }
  },
  {
    "type": "Feature",
    "geometry": {
       "type": "Point",
       "coordinates":  [ 121.5334554,25.04200329 ]
    },
    "properties": {
    "city":"taipei",
    "facility_type":"clinic",
    "category":"診所",
    "name":"青熙美學診所",
    "district_code":63000030,
    "district":"大安區",
    "address":"臺北市大安區忠孝東路4段120之8號(8樓)",
    "source_dataset":"taipei_clinic"
    }
  },
  {
    "type": "Feature",
    "geometry": {
       "type": "Point",
       "coordinates":  [ 121.542145,25.0336233 ]
    },
    "properties": {
    "city":"taipei",
    "facility_type":"clinic",
    "category":"診所",
    "name":"凡恩絲診所",
    "district_code":63000030,
    "district":"大安區",
    "address":"臺北市大安區信義路3段149號7樓之1",
    "source_dataset":"taipei_clinic"
    }
  },
  {
    "type": "Feature",
    "geometry": {
       "type": "Point",
       "coordinates":  [ 121.5508383,25.03810513 ]
    },
    "properties": {
    "city":"taipei",
    "facility_type":"clinic",
    "category":"診所",
    "name":"小蒔代美學診所",
    "district_code":63000030,
    "district":"大安區",
    "address":"臺北市大安區仁愛路4段137號10樓",
    "source_dataset":"taipei_clinic"
    }
  },
  {
    "type": "Feature",
    "geometry": {
       "type": "Point",
       "coordinates":  [ 121.5516601,25.03741843 ]
    },
    "properties": {
    "city":"taipei",
    "facility_type":"clinic",
    "category":"診所",
    "name":"愛美士時尚醫美診所",
    "district_code":63000030,
    "district":"大安區",
    "address":"臺北市大安區安和路1段61號4樓",
    "source_dataset":"taipei_clinic"
    }
  },
  {
    "type": "Feature",
    "geometry": {
       "type": "Point",
       "coordinates":  [ 121.5399797,25.04437743 ]
    },
    "properties": {
    "city":"taipei",
    "facility_type":"clinic",
    "category":"診所",
    "name":"芮態診所",
    "district_code":63000030,
    "district":"大安區",
    "address":"臺北市大安區市民大道3段206號5樓",
    "source_dataset":"taipei_clinic"
    }
  },
  {
    "type": "Feature",
    "geometry": {
       "type": "Point",
       "coordinates":  [ 121.5483877,25.02910547 ]
    },
    "properties": {
    "city":"taipei",
    "facility_type":"clinic",
    "category":"診所",
    "name":"基督復臨安息日會醫療財團法人臺安診所",
    "district_code":63000030,
    "district":"大安區",
    "address":"臺北市大安區敦化南路二段76號11樓、11樓之1、11樓之2、11樓之3",
    "source_dataset":"taipei_clinic"
    }
  },
  {
    "type": "Feature",
    "geometry": {
       "type": "Point",
       "coordinates":  [ 121.5372657,25.02517338 ]
    },
    "properties": {
    "city":"taipei",
    "facility_type":"clinic",
    "category":"診所",
    "name":"尹書田醫療財團法人書田泌尿科眼科診所",
    "district_code":63000030,
    "district":"大安區",
    "address":"臺北市大安區建國南路2段276號1樓、2樓、4樓、4樓之1、B1、B1之1、278號1樓",
    "source_dataset":"taipei_clinic"
    }
  },
  {
    "type": "Feature",
    "geometry": {
       "type": "Point",
       "coordinates":  [ 121.5438631,25.03545365 ]
    },
    "properties": {
    "city":"taipei",
    "facility_type":"clinic",
    "category":"診所",
    "name":"台灣地區婦幼衛生中心醫療財團法人婦幼保健診所",
    "district_code":63000030,
    "district":"大安區",
    "address":"臺北市大安區復興南路1段285號9樓",
    "source_dataset":"taipei_clinic"
    }
  },
  {
    "type": "Feature",
    "geometry": {
       "type": "Point",
       "coordinates":  [ 121.4992347,25.0365714 ]
    },
    "properties": {
    "city":"taipei",
    "facility_type":"clinic",
    "category":"診所",
    "name":"萬華瀚群骨科診所",
    "district_code":63000070,
    "district":"萬華區",
    "address":"臺北市萬華區西園路一段176號(實際營業地址:1樓、2樓)",
    "source_dataset":"taipei_clinic"
    }
  },
  {
    "type": "Feature",
    "geometry": {
       "type": "Point",
       "coordinates":  [ 121.4923755,25.03338454 ]
    },
    "properties": {
    "city":"taipei",
    "facility_type":"clinic",
    "category":"診所",
    "name":"榮順診所",
    "district_code":63000070,
    "district":"萬華區",
    "address":"臺北市萬華區環河南路二段238號",
    "source_dataset":"taipei_clinic"
    }
  },
  {
    "type": "Feature",
    "geometry": {
       "type": "Point",
       "coordinates":  [ 121.5097078,25.02462668 ]
    },
    "properties": {
    "city":"taipei",
    "facility_type":"clinic",
    "category":"診所",
    "name":"福全身心科診所",
    "district_code":63000070,
    "district":"萬華區",
    "address":"臺北市萬華區中華路二段600號",
    "source_dataset":"taipei_clinic"
    }
  },
  {
    "type": "Feature",
    "geometry": {
       "type": "Point",
       "coordinates":  [ 121.5005949,25.02649133 ]
    },
    "properties": {
    "city":"taipei",
    "facility_type":"clinic",
    "category":"診所",
    "name":"益銓診所",
    "district_code":63000070,
    "district":"萬華區",
    "address":"臺北市萬華區萬大路233號",
    "source_dataset":"taipei_clinic"
    }
  },
  {
    "type": "Feature",
    "geometry": {
       "type": "Point",
       "coordinates":  [ 121.5075497,25.04105059 ]
    },
    "properties": {
    "city":"taipei",
    "facility_type":"clinic",
    "category":"診所",
    "name":"京采美醫診所",
    "district_code":63000070,
    "district":"萬華區",
    "address":"臺北市萬華區中華路一段170號3樓、3樓之1及3樓之2",
    "source_dataset":"taipei_clinic"
    }
  },
  {
    "type": "Feature",
    "geometry": {
       "type": "Point",
       "coordinates":  [ 121.5045149,25.0432199 ]
    },
    "properties": {
    "city":"taipei",
    "facility_type":"clinic",
    "category":"診所",
    "name":"黃健勇皮膚科診所",
    "district_code":63000070,
    "district":"萬華區",
    "address":"臺北市萬華區成都路97號(實際營業地址:1、2樓)",
    "source_dataset":"taipei_clinic"
    }
  },
  {
    "type": "Feature",
    "geometry": {
       "type": "Point",
       "coordinates":  [ 121.50393,25.0398592 ]
    },
    "properties": {
    "city":"taipei",
    "facility_type":"clinic",
    "category":"診所",
    "name":"陽光眼科診所",
    "district_code":63000070,
    "district":"萬華區",
    "address":"臺北市萬華區貴陽街二段81號、83號2樓",
    "source_dataset":"taipei_clinic"
    }
  },
  {
    "type": "Feature",
    "geometry": {
       "type": "Point",
       "coordinates":  [ 121.4988943,25.03515833 ]
    },
    "properties": {
    "city":"taipei",
    "facility_type":"clinic",
    "category":"診所",
    "name":"萬華身心精神科診所",
    "district_code":63000070,
    "district":"萬華區",
    "address":"臺北市萬華區和平西路3段142號",
    "source_dataset":"taipei_clinic"
    }
  },
  {
    "type": "Feature",
    "geometry": {
       "type": "Point",
       "coordinates":  [ 121.5085983,25.04469952 ]
    },
    "properties": {
    "city":"taipei",
    "facility_type":"clinic",
    "category":"診所",
    "name":"君綺時尚診所",
    "district_code":63000070,
    "district":"萬華區",
    "address":"臺北市萬華區中華路一段90號10樓",
    "source_dataset":"taipei_clinic"
    }
  },
  {
    "type": "Feature",
    "geometry": {
       "type": "Point",
       "coordinates":  [ 121.5054109,25.02588821 ]
    },
    "properties": {
    "city":"taipei",
    "facility_type":"clinic",
    "category":"診所",
    "name":"明峰診所",
    "district_code":63000070,
    "district":"萬華區",
    "address":"臺北市萬華區青年路22號",
    "source_dataset":"taipei_clinic"
    }
  },
  {
    "type": "Feature",
    "geometry": {
       "type": "Point",
       "coordinates":  [ 121.4992079,25.03592264 ]
    },
    "properties": {
    "city":"taipei",
    "facility_type":"clinic",
    "category":"診所",
    "name":"台北透析診所",
    "district_code":63000070,
    "district":"萬華區",
    "address":"臺北市萬華區西園路一段200號3樓",
    "source_dataset":"taipei_clinic"
    }
  },
  {
    "type": "Feature",
    "geometry": {
       "type": "Point",
       "coordinates":  [ 121.5076574,25.04200207 ]
    },
    "properties": {
    "city":"taipei",
    "facility_type":"clinic",
    "category":"診所",
    "name":"麗思醫美診所",
    "district_code":63000070,
    "district":"萬華區",
    "address":"臺北市萬華區成都路4號4樓",
    "source_dataset":"taipei_clinic"
    }
  },
  {
    "type": "Feature",
    "geometry": {
       "type": "Point",
       "coordinates":  [ 121.5034524,25.0294985 ]
    },
    "properties": {
    "city":"taipei",
    "facility_type":"clinic",
    "category":"診所",
    "name":"名家耳鼻喉科診所",
    "district_code":63000070,
    "district":"萬華區",
    "address":"臺北市萬華區西藏路107-2號(1樓)",
    "source_dataset":"taipei_clinic"
    }
  },
  {
    "type": "Feature",
    "geometry": {
       "type": "Point",
       "coordinates":  [ 121.4966331,25.03521799 ]
    },
    "properties": {
    "city":"taipei",
    "facility_type":"clinic",
    "category":"診所",
    "name":"和煦診所",
    "district_code":63000070,
    "district":"萬華區",
    "address":"臺北市萬華區和平西路3段216號1樓",
    "source_dataset":"taipei_clinic"
    }
  },
  {
    "type": "Feature",
    "geometry": {
       "type": "Point",
       "coordinates":  [ 121.5053638,25.0259172 ]
    },
    "properties": {
    "city":"taipei",
    "facility_type":"clinic",
    "category":"診所",
    "name":"可為診所",
    "district_code":63000070,
    "district":"萬華區",
    "address":"臺北市萬華區青年路24號(1樓)",
    "source_dataset":"taipei_clinic"
    }
  },
  {
    "type": "Feature",
    "geometry": {
       "type": "Point",
       "coordinates":  [ 121.4931661,25.03386106 ]
    },
    "properties": {
    "city":"taipei",
    "facility_type":"clinic",
    "category":"診所",
    "name":"日安診所",
    "district_code":63000070,
    "district":"萬華區",
    "address":"臺北市萬華區環河南路2段145號1樓",
    "source_dataset":"taipei_clinic"
    }
  },
  {
    "type": "Feature",
    "geometry": {
       "type": "Point",
       "coordinates":  [ 121.5075497,25.04105059 ]
    },
    "properties": {
    "city":"taipei",
    "facility_type":"clinic",
    "category":"診所",
    "name":"晟祐診所",
    "district_code":63000070,
    "district":"萬華區",
    "address":"臺北市萬華區中華路1段170號5樓之1",
    "source_dataset":"taipei_clinic"
    }
  },
  {
    "type": "Feature",
    "geometry": {
       "type": "Point",
       "coordinates":  [ 121.4979776,25.0201189 ]
    },
    "properties": {
    "city":"taipei",
    "facility_type":"clinic",
    "category":"診所",
    "name":"東京生活診所",
    "district_code":63000070,
    "district":"萬華區",
    "address":"臺北市萬華區萬大路491號(1、2樓)",
    "source_dataset":"taipei_clinic"
    }
  },
  {
    "type": "Feature",
    "geometry": {
       "type": "Point",
       "coordinates":  [ 121.5030537,25.02960406 ]
    },
    "properties": {
    "city":"taipei",
    "facility_type":"clinic",
    "category":"診所",
    "name":"萬華維沐身心診所",
    "district_code":63000070,
    "district":"萬華區",
    "address":"臺北市萬華區西藏路113號1樓",
    "source_dataset":"taipei_clinic"
    }
  },
  {
    "type": "Feature",
    "geometry": {
       "type": "Point",
       "coordinates":  [ 121.4947336,25.02538017 ]
    },
    "properties": {
    "city":"taipei",
    "facility_type":"clinic",
    "category":"診所",
    "name":"復安診所",
    "district_code":63000070,
    "district":"萬華區",
    "address":"臺北市萬華區寶興街115號1樓、117號1樓",
    "source_dataset":"taipei_clinic"
    }
  },
  {
    "type": "Feature",
    "geometry": {
       "type": "Point",
       "coordinates":  [ 121.5043635,25.0401473 ]
    },
    "properties": {
    "city":"taipei",
    "facility_type":"clinic",
    "category":"診所",
    "name":"同仁院醫療財團法人貴陽診所",
    "district_code":63000070,
    "district":"萬華區",
    "address":"臺北市萬華區昆明街169號(1樓)",
    "source_dataset":"taipei_clinic"
    }
  },
  {
    "type": "Feature",
    "geometry": {
       "type": "Point",
       "coordinates":  [ 121.4976402,25.0232014 ]
    },
    "properties": {
    "city":"taipei",
    "facility_type":"clinic",
    "category":"診所",
    "name":"臺北市立聯合醫院附設萬華門診部",
    "district_code":63000070,
    "district":"萬華區",
    "address":"臺北市萬華區東園街152號(1樓)",
    "source_dataset":"taipei_clinic"
    }
  },
  {
    "type": "Feature",
    "geometry": {
       "type": "Point",
       "coordinates":  [ 121.5018375,25.03959348 ]
    },
    "properties": {
    "city":"taipei",
    "facility_type":"clinic",
    "category":"診所",
    "name":"萬華劉小兒科診所",
    "district_code":63000070,
    "district":"萬華區",
    "address":"臺北市萬華區康定路158號",
    "source_dataset":"taipei_clinic"
    }
  },
  {
    "type": "Feature",
    "geometry": {
       "type": "Point",
       "coordinates":  [ 121.4920166,25.02892038 ]
    },
    "properties": {
    "city":"taipei",
    "facility_type":"clinic",
    "category":"診所",
    "name":"鄭內兒科診所",
    "district_code":63000070,
    "district":"萬華區",
    "address":"臺北市萬華區艋舺大道430號",
    "source_dataset":"taipei_clinic"
    }
  },
  {
    "type": "Feature",
    "geometry": {
       "type": "Point",
       "coordinates":  [ 121.495695,25.02923327 ]
    },
    "properties": {
    "city":"taipei",
    "facility_type":"clinic",
    "category":"診所",
    "name":"賴耳鼻喉科診所",
    "district_code":63000070,
    "district":"萬華區",
    "address":"臺北市萬華區西園路二段１９４－１號",
    "source_dataset":"taipei_clinic"
    }
  },
  {
    "type": "Feature",
    "geometry": {
       "type": "Point",
       "coordinates":  [ 121.5083501,25.02544259 ]
    },
    "properties": {
    "city":"taipei",
    "facility_type":"clinic",
    "category":"診所",
    "name":"樺昌耳鼻喉科診所",
    "district_code":63000070,
    "district":"萬華區",
    "address":"臺北市萬華區中華路二段５２４號",
    "source_dataset":"taipei_clinic"
    }
  },
  {
    "type": "Feature",
    "geometry": {
       "type": "Point",
       "coordinates":  [ 121.5029427,25.0453182 ]
    },
    "properties": {
    "city":"taipei",
    "facility_type":"clinic",
    "category":"診所",
    "name":"世福診所",
    "district_code":63000070,
    "district":"萬華區",
    "address":"臺北市萬華區康定路18之3號(實際營業地址:2樓)",
    "source_dataset":"taipei_clinic"
    }
  },
  {
    "type": "Feature",
    "geometry": {
       "type": "Point",
       "coordinates":  [ 121.4983056,25.02143404 ]
    },
    "properties": {
    "city":"taipei",
    "facility_type":"clinic",
    "category":"診所",
    "name":"益生婦產科診所",
    "district_code":63000070,
    "district":"萬華區",
    "address":"臺北市萬華區萬大路４０６－１號",
    "source_dataset":"taipei_clinic"
    }
  },
  {
    "type": "Feature",
    "geometry": {
       "type": "Point",
       "coordinates":  [ 121.5034586,25.03993324 ]
    },
    "properties": {
    "city":"taipei",
    "facility_type":"clinic",
    "category":"診所",
    "name":"顏克文診所",
    "district_code":63000070,
    "district":"萬華區",
    "address":"臺北市萬華區貴陽街二段１０３號",
    "source_dataset":"taipei_clinic"
    }
  },
  {
    "type": "Feature",
    "geometry": {
       "type": "Point",
       "coordinates":  [ 121.5000948,25.03835605 ]
    },
    "properties": {
    "city":"taipei",
    "facility_type":"clinic",
    "category":"診所",
    "name":"林進雄診所",
    "district_code":63000070,
    "district":"萬華區",
    "address":"臺北市萬華區桂林路102號1樓",
    "source_dataset":"taipei_clinic"
    }
  },
  {
    "type": "Feature",
    "geometry": {
       "type": "Point",
       "coordinates":  [ 121.5021748,25.04179751 ]
    },
    "properties": {
    "city":"taipei",
    "facility_type":"clinic",
    "category":"診所",
    "name":"博大泌尿科診所",
    "district_code":63000070,
    "district":"萬華區",
    "address":"臺北市萬華區康定路92號",
    "source_dataset":"taipei_clinic"
    }
  },
  {
    "type": "Feature",
    "geometry": {
       "type": "Point",
       "coordinates":  [ 121.5038533,25.03097319 ]
    },
    "properties": {
    "city":"taipei",
    "facility_type":"clinic",
    "category":"診所",
    "name":"鄭眼科診所",
    "district_code":63000070,
    "district":"萬華區",
    "address":"臺北市萬華區莒光路１２３號",
    "source_dataset":"taipei_clinic"
    }
  },
  {
    "type": "Feature",
    "geometry": {
       "type": "Point",
       "coordinates":  [ 121.4956004,25.01993401 ]
    },
    "properties": {
    "city":"taipei",
    "facility_type":"clinic",
    "category":"診所",
    "name":"童錫鈺診所",
    "district_code":63000070,
    "district":"萬華區",
    "address":"臺北市萬華區萬大路４８６巷５９弄１７號",
    "source_dataset":"taipei_clinic"
    }
  },
  {
    "type": "Feature",
    "geometry": {
       "type": "Point",
       "coordinates":  [ 121.4917525,25.03226868 ]
    },
    "properties": {
    "city":"taipei",
    "facility_type":"clinic",
    "category":"診所",
    "name":"盧漢隆耳鼻喉科診所",
    "district_code":63000070,
    "district":"萬華區",
    "address":"臺北市萬華區環河南路二段１９７號",
    "source_dataset":"taipei_clinic"
    }
  },
  {
    "type": "Feature",
    "geometry": {
       "type": "Point",
       "coordinates":  [ 121.503341,25.03605767 ]
    },
    "properties": {
    "city":"taipei",
    "facility_type":"clinic",
    "category":"診所",
    "name":"萬華蔡耳鼻喉科診所",
    "district_code":63000070,
    "district":"萬華區",
    "address":"臺北市萬華區昆明街３１２之１號",
    "source_dataset":"taipei_clinic"
    }
  },
  {
    "type": "Feature",
    "geometry": {
       "type": "Point",
       "coordinates":  [ 121.5007657,25.0388701 ]
    },
    "properties": {
    "city":"taipei",
    "facility_type":"clinic",
    "category":"診所",
    "name":"周耳鼻喉科診所",
    "district_code":63000070,
    "district":"萬華區",
    "address":"臺北市萬華區西昌街173號(1樓)",
    "source_dataset":"taipei_clinic"
    }
  },
  {
    "type": "Feature",
    "geometry": {
       "type": "Point",
       "coordinates":  [ 121.5065054,25.02715405 ]
    },
    "properties": {
    "city":"taipei",
    "facility_type":"clinic",
    "category":"診所",
    "name":"漢宗小兒科診所",
    "district_code":63000070,
    "district":"萬華區",
    "address":"臺北市萬華區中華路2段434號",
    "source_dataset":"taipei_clinic"
    }
  },
  {
    "type": "Feature",
    "geometry": {
       "type": "Point",
       "coordinates":  [ 121.5093379,25.02476191 ]
    },
    "properties": {
    "city":"taipei",
    "facility_type":"clinic",
    "category":"診所",
    "name":"視強眼科診所",
    "district_code":63000070,
    "district":"萬華區",
    "address":"臺北市萬華區中華路二段５９８號之４",
    "source_dataset":"taipei_clinic"
    }
  },
  {
    "type": "Feature",
    "geometry": {
       "type": "Point",
       "coordinates":  [ 121.4973536,25.02416846 ]
    },
    "properties": {
    "city":"taipei",
    "facility_type":"clinic",
    "category":"診所",
    "name":"聖約翰婦產科診所",
    "district_code":63000070,
    "district":"萬華區",
    "address":"臺北市萬華區東園街175號",
    "source_dataset":"taipei_clinic"
    }
  },
  {
    "type": "Feature",
    "geometry": {
       "type": "Point",
       "coordinates":  [ 121.5006739,25.02963928 ]
    },
    "properties": {
    "city":"taipei",
    "facility_type":"clinic",
    "category":"診所",
    "name":"裕仁診所",
    "district_code":63000070,
    "district":"萬華區",
    "address":"臺北市萬華區萬大路117號2樓、西藏路292號2樓",
    "source_dataset":"taipei_clinic"
    }
  },
  {
    "type": "Feature",
    "geometry": {
       "type": "Point",
       "coordinates":  [ 121.4958886,25.03050023 ]
    },
    "properties": {
    "city":"taipei",
    "facility_type":"clinic",
    "category":"診所",
    "name":"大元婦產科診所",
    "district_code":63000070,
    "district":"萬華區",
    "address":"臺北市萬華區西園路二段１４０巷８號",
    "source_dataset":"taipei_clinic"
    }
  },
  {
    "type": "Feature",
    "geometry": {
       "type": "Point",
       "coordinates":  [ 121.5029656,25.02960053 ]
    },
    "properties": {
    "city":"taipei",
    "facility_type":"clinic",
    "category":"診所",
    "name":"許孟權小兒科診所",
    "district_code":63000070,
    "district":"萬華區",
    "address":"臺北市萬華區西藏路115號",
    "source_dataset":"taipei_clinic"
    }
  },
  {
    "type": "Feature",
    "geometry": {
       "type": "Point",
       "coordinates":  [ 121.4948057,25.0252388 ]
    },
    "properties": {
    "city":"taipei",
    "facility_type":"clinic",
    "category":"診所",
    "name":"天行健診所",
    "district_code":63000070,
    "district":"萬華區",
    "address":"臺北市萬華區寶興街121、125、127號",
    "source_dataset":"taipei_clinic"
    }
  },
  {
    "type": "Feature",
    "geometry": {
       "type": "Point",
       "coordinates":  [ 121.4996021,25.03837003 ]
    },
    "properties": {
    "city":"taipei",
    "facility_type":"clinic",
    "category":"診所",
    "name":"中山婦產科診所",
    "district_code":63000070,
    "district":"萬華區",
    "address":"臺北市萬華區桂林路１１４號",
    "source_dataset":"taipei_clinic"
    }
  },
  {
    "type": "Feature",
    "geometry": {
       "type": "Point",
       "coordinates":  [ 121.5043008,25.04305936 ]
    },
    "properties": {
    "city":"taipei",
    "facility_type":"clinic",
    "category":"診所",
    "name":"生生整形外科診所",
    "district_code":63000070,
    "district":"萬華區",
    "address":"臺北市萬華區成都路96號2樓",
    "source_dataset":"taipei_clinic"
    }
  },
  {
    "type": "Feature",
    "geometry": {
       "type": "Point",
       "coordinates":  [ 121.4978453,25.02053275 ]
    },
    "properties": {
    "city":"taipei",
    "facility_type":"clinic",
    "category":"診所",
    "name":"維恩耳鼻喉科診所",
    "district_code":63000070,
    "district":"萬華區",
    "address":"臺北市萬華區萬大路446號",
    "source_dataset":"taipei_clinic"
    }
  },
  {
    "type": "Feature",
    "geometry": {
       "type": "Point",
       "coordinates":  [ 121.4979957,25.02077154 ]
    },
    "properties": {
    "city":"taipei",
    "facility_type":"clinic",
    "category":"診所",
    "name":"萬太診所",
    "district_code":63000070,
    "district":"萬華區",
    "address":"臺北市萬華區萬大路四三四號",
    "source_dataset":"taipei_clinic"
    }
  },
  {
    "type": "Feature",
    "geometry": {
       "type": "Point",
       "coordinates":  [ 121.5038723,25.03972732 ]
    },
    "properties": {
    "city":"taipei",
    "facility_type":"clinic",
    "category":"診所",
    "name":"君怡耳鼻喉科診所",
    "district_code":63000070,
    "district":"萬華區",
    "address":"臺北市萬華區貴陽街二段七十六號一樓",
    "source_dataset":"taipei_clinic"
    }
  },
  {
    "type": "Feature",
    "geometry": {
       "type": "Point",
       "coordinates":  [ 121.5076843,25.0419922 ]
    },
    "properties": {
    "city":"taipei",
    "facility_type":"clinic",
    "category":"診所",
    "name":"城中瑪麗安婦產科診所",
    "district_code":63000070,
    "district":"萬華區",
    "address":"臺北市萬華區成都路4號2樓、中華路一段158號(實際開業地址2樓)",
    "source_dataset":"taipei_clinic"
    }
  },
  {
    "type": "Feature",
    "geometry": {
       "type": "Point",
       "coordinates":  [ 121.4987472,25.0213982 ]
    },
    "properties": {
    "city":"taipei",
    "facility_type":"clinic",
    "category":"診所",
    "name":"萬澤內科診所",
    "district_code":63000070,
    "district":"萬華區",
    "address":"臺北市萬華區萬大路425之1號2、3、4樓",
    "source_dataset":"taipei_clinic"
    }
  },
  {
    "type": "Feature",
    "geometry": {
       "type": "Point",
       "coordinates":  [ 121.5003723,25.02889272 ]
    },
    "properties": {
    "city":"taipei",
    "facility_type":"clinic",
    "category":"診所",
    "name":"萬嘉耳鼻喉科診所",
    "district_code":63000070,
    "district":"萬華區",
    "address":"臺北市萬華區萬大路144號1樓",
    "source_dataset":"taipei_clinic"
    }
  },
  {
    "type": "Feature",
    "geometry": {
       "type": "Point",
       "coordinates":  [ 121.5025838,25.02308207 ]
    },
    "properties": {
    "city":"taipei",
    "facility_type":"clinic",
    "category":"診所",
    "name":"光耳鼻喉科診所",
    "district_code":63000070,
    "district":"萬華區",
    "address":"臺北市萬華區青年路90號",
    "source_dataset":"taipei_clinic"
    }
  },
  {
    "type": "Feature",
    "geometry": {
       "type": "Point",
       "coordinates":  [ 121.5042743,25.03805151 ]
    },
    "properties": {
    "city":"taipei",
    "facility_type":"clinic",
    "category":"診所",
    "name":"永康診所",
    "district_code":63000070,
    "district":"萬華區",
    "address":"臺北市萬華區桂林路47號1樓2樓及地下1樓",
    "source_dataset":"taipei_clinic"
    }
  },
  {
    "type": "Feature",
    "geometry": {
       "type": "Point",
       "coordinates":  [ 121.4979131,25.02263062 ]
    },
    "properties": {
    "city":"taipei",
    "facility_type":"clinic",
    "category":"診所",
    "name":"新東平診所",
    "district_code":63000070,
    "district":"萬華區",
    "address":"臺北市萬華區東園街１６２號",
    "source_dataset":"taipei_clinic"
    }
  },
  {
    "type": "Feature",
    "geometry": {
       "type": "Point",
       "coordinates":  [ 121.500837,25.0325675 ]
    },
    "properties": {
    "city":"taipei",
    "facility_type":"clinic",
    "category":"診所",
    "name":"許士昌診所",
    "district_code":63000070,
    "district":"萬華區",
    "address":"臺北市萬華區艋舺大道168巷７號",
    "source_dataset":"taipei_clinic"
    }
  },
  {
    "type": "Feature",
    "geometry": {
       "type": "Point",
       "coordinates":  [ 121.5002954,25.0266708 ]
    },
    "properties": {
    "city":"taipei",
    "facility_type":"clinic",
    "category":"診所",
    "name":"陳國賢診所",
    "district_code":63000070,
    "district":"萬華區",
    "address":"臺北市萬華區萬大路２３6號1.2樓",
    "source_dataset":"taipei_clinic"
    }
  },
  {
    "type": "Feature",
    "geometry": {
       "type": "Point",
       "coordinates":  [ 121.502968,25.0364899 ]
    },
    "properties": {
    "city":"taipei",
    "facility_type":"clinic",
    "category":"診所",
    "name":"嘉生診所",
    "district_code":63000070,
    "district":"萬華區",
    "address":"臺北市萬華區廣州街72號(1樓)、74號(1樓)",
    "source_dataset":"taipei_clinic"
    }
  },
  {
    "type": "Feature",
    "geometry": {
       "type": "Point",
       "coordinates":  [ 121.5037644,25.03097086 ]
    },
    "properties": {
    "city":"taipei",
    "facility_type":"clinic",
    "category":"診所",
    "name":"慧洋診所",
    "district_code":63000070,
    "district":"萬華區",
    "address":"臺北市萬華區莒光路１２５號",
    "source_dataset":"taipei_clinic"
    }
  },
  {
    "type": "Feature",
    "geometry": {
       "type": "Point",
       "coordinates":  [ 121.5003075,25.02580426 ]
    },
    "properties": {
    "city":"taipei",
    "facility_type":"clinic",
    "category":"診所",
    "name":"長泰耳鼻喉科診所",
    "district_code":63000070,
    "district":"萬華區",
    "address":"臺北市萬華區萬大路270號",
    "source_dataset":"taipei_clinic"
    }
  },
  {
    "type": "Feature",
    "geometry": {
       "type": "Point",
       "coordinates":  [ 121.4941616,25.0188059 ]
    },
    "properties": {
    "city":"taipei",
    "facility_type":"clinic",
    "category":"診所",
    "name":"陳嘉銘診所",
    "district_code":63000070,
    "district":"萬華區",
    "address":"臺北市萬華區武成街63巷12弄49號",
    "source_dataset":"taipei_clinic"
    }
  },
  {
    "type": "Feature",
    "geometry": {
       "type": "Point",
       "coordinates":  [ 121.5003002,25.02548138 ]
    },
    "properties": {
    "city":"taipei",
    "facility_type":"clinic",
    "category":"診所",
    "name":"新和診所",
    "district_code":63000070,
    "district":"萬華區",
    "address":"臺北市萬華區萬大路284號",
    "source_dataset":"taipei_clinic"
    }
  },
  {
    "type": "Feature",
    "geometry": {
       "type": "Point",
       "coordinates":  [ 121.5003235,25.02661331 ]
    },
    "properties": {
    "city":"taipei",
    "facility_type":"clinic",
    "category":"診所",
    "name":"豪診所",
    "district_code":63000070,
    "district":"萬華區",
    "address":"臺北市萬華區萬大路二三四號",
    "source_dataset":"taipei_clinic"
    }
  },
  {
    "type": "Feature",
    "geometry": {
       "type": "Point",
       "coordinates":  [ 121.4948057,25.0252388 ]
    },
    "properties": {
    "city":"taipei",
    "facility_type":"clinic",
    "category":"診所",
    "name":"快樂兒童診所",
    "district_code":63000070,
    "district":"萬華區",
    "address":"臺北市萬華區寶興街121、125、127號",
    "source_dataset":"taipei_clinic"
    }
  },
  {
    "type": "Feature",
    "geometry": {
       "type": "Point",
       "coordinates":  [ 121.5061436,25.02752619 ]
    },
    "properties": {
    "city":"taipei",
    "facility_type":"clinic",
    "category":"診所",
    "name":"青年診所",
    "district_code":63000070,
    "district":"萬華區",
    "address":"臺北市萬華區中華路二段四二四號",
    "source_dataset":"taipei_clinic"
    }
  },
  {
    "type": "Feature",
    "geometry": {
       "type": "Point",
       "coordinates":  [ 121.497499,25.03571927 ]
    },
    "properties": {
    "city":"taipei",
    "facility_type":"clinic",
    "category":"診所",
    "name":"新田診所",
    "district_code":63000070,
    "district":"萬華區",
    "address":"臺北市萬華區梧州街62號",
    "source_dataset":"taipei_clinic"
    }
  },
  {
    "type": "Feature",
    "geometry": {
       "type": "Point",
       "coordinates":  [ 121.5040855,25.0383429 ]
    },
    "properties": {
    "city":"taipei",
    "facility_type":"clinic",
    "category":"診所",
    "name":"吳明修診所",
    "district_code":63000070,
    "district":"萬華區",
    "address":"臺北市萬華區中華路二段40.42號4樓",
    "source_dataset":"taipei_clinic"
    }
  },
  {
    "type": "Feature",
    "geometry": {
       "type": "Point",
       "coordinates":  [ 121.5045995,25.02563872 ]
    },
    "properties": {
    "city":"taipei",
    "facility_type":"clinic",
    "category":"診所",
    "name":"佳安診所",
    "district_code":63000070,
    "district":"萬華區",
    "address":"臺北市萬華區青年路34號",
    "source_dataset":"taipei_clinic"
    }
  },
  {
    "type": "Feature",
    "geometry": {
       "type": "Point",
       "coordinates":  [ 121.5005837,25.02590176 ]
    },
    "properties": {
    "city":"taipei",
    "facility_type":"clinic",
    "category":"診所",
    "name":"好視多眼科診所",
    "district_code":63000070,
    "district":"萬華區",
    "address":"臺北市萬華區萬大路257號",
    "source_dataset":"taipei_clinic"
    }
  },
  {
    "type": "Feature",
    "geometry": {
       "type": "Point",
       "coordinates":  [ 121.4947047,25.02892712 ]
    },
    "properties": {
    "city":"taipei",
    "facility_type":"clinic",
    "category":"診所",
    "name":"曾正彥診所",
    "district_code":63000070,
    "district":"萬華區",
    "address":"臺北市萬華區西藏路472號",
    "source_dataset":"taipei_clinic"
    }
  },
  {
    "type": "Feature",
    "geometry": {
       "type": "Point",
       "coordinates":  [ 121.5015073,25.03621135 ]
    },
    "properties": {
    "city":"taipei",
    "facility_type":"clinic",
    "category":"診所",
    "name":"幸福診所",
    "district_code":63000070,
    "district":"萬華區",
    "address":"臺北市萬華區康定路199號",
    "source_dataset":"taipei_clinic"
    }
  },
  {
    "type": "Feature",
    "geometry": {
       "type": "Point",
       "coordinates":  [ 121.4936474,25.02847632 ]
    },
    "properties": {
    "city":"taipei",
    "facility_type":"clinic",
    "category":"診所",
    "name":"雙園診所",
    "district_code":63000070,
    "district":"萬華區",
    "address":"臺北市萬華區西藏路261之3號",
    "source_dataset":"taipei_clinic"
    }
  },
  {
    "type": "Feature",
    "geometry": {
       "type": "Point",
       "coordinates":  [ 121.4980397,25.02084148 ]
    },
    "properties": {
    "city":"taipei",
    "facility_type":"clinic",
    "category":"診所",
    "name":"健安診所",
    "district_code":63000070,
    "district":"萬華區",
    "address":"臺北市萬華區萬大路432號",
    "source_dataset":"taipei_clinic"
    }
  },
  {
    "type": "Feature",
    "geometry": {
       "type": "Point",
       "coordinates":  [ 121.5006019,25.02683423 ]
    },
    "properties": {
    "city":"taipei",
    "facility_type":"clinic",
    "category":"診所",
    "name":"萬華衛康內科診所",
    "district_code":63000070,
    "district":"萬華區",
    "address":"臺北市萬華區萬大路217號",
    "source_dataset":"taipei_clinic"
    }
  },
  {
    "type": "Feature",
    "geometry": {
       "type": "Point",
       "coordinates":  [ 121.4922737,25.0332965 ]
    },
    "properties": {
    "city":"taipei",
    "facility_type":"clinic",
    "category":"診所",
    "name":"艋舺通安診所",
    "district_code":63000070,
    "district":"萬華區",
    "address":"臺北市萬華區環河南路2段242號、242之1號",
    "source_dataset":"taipei_clinic"
    }
  },
  {
    "type": "Feature",
    "geometry": {
       "type": "Point",
       "coordinates":  [ 121.5011611,25.0385212 ]
    },
    "properties": {
    "city":"taipei",
    "facility_type":"clinic",
    "category":"診所",
    "name":"安興診所",
    "district_code":63000070,
    "district":"萬華區",
    "address":"臺北市萬華區桂林路101號(實際營業地址1、2樓)",
    "source_dataset":"taipei_clinic"
    }
  },
  {
    "type": "Feature",
    "geometry": {
       "type": "Point",
       "coordinates":  [ 121.5059766,25.0273966 ]
    },
    "properties": {
    "city":"taipei",
    "facility_type":"clinic",
    "category":"診所",
    "name":"松柏復健科診所",
    "district_code":63000070,
    "district":"萬華區",
    "address":"臺北市萬華區中華路2段426之1號(1樓)、484巷14之1號(1樓)、484巷14之2號(1樓)",
    "source_dataset":"taipei_clinic"
    }
  },
  {
    "type": "Feature",
    "geometry": {
       "type": "Point",
       "coordinates":  [ 121.4918024,25.03231752 ]
    },
    "properties": {
    "city":"taipei",
    "facility_type":"clinic",
    "category":"診所",
    "name":"吳淑芬眼科診所",
    "district_code":63000070,
    "district":"萬華區",
    "address":"臺北市萬華區環河南路二段195號",
    "source_dataset":"taipei_clinic"
    }
  },
  {
    "type": "Feature",
    "geometry": {
       "type": "Point",
       "coordinates":  [ 121.5036155,25.0313918 ]
    },
    "properties": {
    "city":"taipei",
    "facility_type":"clinic",
    "category":"診所",
    "name":"呂松竹診所",
    "district_code":63000070,
    "district":"萬華區",
    "address":"臺北市萬華區莒光路116號2樓之1",
    "source_dataset":"taipei_clinic"
    }
  },
  {
    "type": "Feature",
    "geometry": {
       "type": "Point",
       "coordinates":  [ 121.5016043,25.035384 ]
    },
    "properties": {
    "city":"taipei",
    "facility_type":"clinic",
    "category":"診所",
    "name":"日光眼科診所",
    "district_code":63000070,
    "district":"萬華區",
    "address":"臺北市萬華區和平西路三段85號(實際營業地址：1、2樓)",
    "source_dataset":"taipei_clinic"
    }
  },
  {
    "type": "Feature",
    "geometry": {
       "type": "Point",
       "coordinates":  [ 121.5054047,25.02743362 ]
    },
    "properties": {
    "city":"taipei",
    "facility_type":"clinic",
    "category":"診所",
    "name":"雙和診所",
    "district_code":63000070,
    "district":"萬華區",
    "address":"臺北市萬華區國興路104號",
    "source_dataset":"taipei_clinic"
    }
  },
  {
    "type": "Feature",
    "geometry": {
       "type": "Point",
       "coordinates":  [ 121.500313,25.0259582 ]
    },
    "properties": {
    "city":"taipei",
    "facility_type":"clinic",
    "category":"診所",
    "name":"蔣富強皮膚專科診所",
    "district_code":63000070,
    "district":"萬華區",
    "address":"臺北市萬華區萬大路264號、264號2樓",
    "source_dataset":"taipei_clinic"
    }
  },
  {
    "type": "Feature",
    "geometry": {
       "type": "Point",
       "coordinates":  [ 121.500674,25.0267328 ]
    },
    "properties": {
    "city":"taipei",
    "facility_type":"clinic",
    "category":"診所",
    "name":"博昌復健科診所",
    "district_code":63000070,
    "district":"萬華區",
    "address":"臺北市萬華區萬大路221號(實際開業地址一樓)",
    "source_dataset":"taipei_clinic"
    }
  },
  {
    "type": "Feature",
    "geometry": {
       "type": "Point",
       "coordinates":  [ 121.499978,25.02323774 ]
    },
    "properties": {
    "city":"taipei",
    "facility_type":"clinic",
    "category":"診所",
    "name":"光晶妍寶島眼科診所",
    "district_code":63000070,
    "district":"萬華區",
    "address":"臺北市萬華區萬大路355號1樓(含夾層)",
    "source_dataset":"taipei_clinic"
    }
  },
  {
    "type": "Feature",
    "geometry": {
       "type": "Point",
       "coordinates":  [ 121.4947993,25.0280356 ]
    },
    "properties": {
    "city":"taipei",
    "facility_type":"clinic",
    "category":"診所",
    "name":"瑞生診所",
    "district_code":63000070,
    "district":"萬華區",
    "address":"臺北市萬華區西園路二段250號、250號2樓、250號3樓、252號、252號2樓、252號3樓",
    "source_dataset":"taipei_clinic"
    }
  },
  {
    "type": "Feature",
    "geometry": {
       "type": "Point",
       "coordinates":  [ 121.4992079,25.03592264 ]
    },
    "properties": {
    "city":"taipei",
    "facility_type":"clinic",
    "category":"診所",
    "name":"佳德內科診所",
    "district_code":63000070,
    "district":"萬華區",
    "address":"臺北市萬華區西園路一段200號2樓",
    "source_dataset":"taipei_clinic"
    }
  },
  {
    "type": "Feature",
    "geometry": {
       "type": "Point",
       "coordinates":  [ 121.5824942,25.0435841 ]
    },
    "properties": {
    "city":"taipei",
    "facility_type":"clinic",
    "category":"診所",
    "name":"日康復健科診所",
    "district_code":63000020,
    "district":"信義區",
    "address":"臺北市信義區中坡南路十六 號",
    "source_dataset":"taipei_clinic"
    }
  },
  {
    "type": "Feature",
    "geometry": {
       "type": "Point",
       "coordinates":  [ 121.5776337,25.04502801 ]
    },
    "properties": {
    "city":"taipei",
    "facility_type":"clinic",
    "category":"診所",
    "name":"德明眼科診所",
    "district_code":63000020,
    "district":"信義區",
    "address":"臺北市信義區松山路二一二號",
    "source_dataset":"taipei_clinic"
    }
  },
  {
    "type": "Feature",
    "geometry": {
       "type": "Point",
       "coordinates":  [ 121.5755806,25.04822085 ]
    },
    "properties": {
    "city":"taipei",
    "facility_type":"clinic",
    "category":"診所",
    "name":"明輝診所",
    "district_code":63000020,
    "district":"信義區",
    "address":"臺北市信義區松隆路282之3號",
    "source_dataset":"taipei_clinic"
    }
  },
  {
    "type": "Feature",
    "geometry": {
       "type": "Point",
       "coordinates":  [ 121.5782114,25.03721817 ]
    },
    "properties": {
    "city":"taipei",
    "facility_type":"clinic",
    "category":"診所",
    "name":"陳育鵬內科診所",
    "district_code":63000020,
    "district":"信義區",
    "address":"臺北市信義區松山路568號",
    "source_dataset":"taipei_clinic"
    }
  },
  {
    "type": "Feature",
    "geometry": {
       "type": "Point",
       "coordinates":  [ 121.5806222,25.03693734 ]
    },
    "properties": {
    "city":"taipei",
    "facility_type":"clinic",
    "category":"診所",
    "name":"福德郭耳鼻喉科診所",
    "district_code":63000020,
    "district":"信義區",
    "address":"臺北市信義區福德街62號",
    "source_dataset":"taipei_clinic"
    }
  },
  {
    "type": "Feature",
    "geometry": {
       "type": "Point",
       "coordinates":  [ 121.5811411,25.03685384 ]
    },
    "properties": {
    "city":"taipei",
    "facility_type":"clinic",
    "category":"診所",
    "name":"林應然小兒科診所",
    "district_code":63000020,
    "district":"信義區",
    "address":"臺北市信義區福德街75號",
    "source_dataset":"taipei_clinic"
    }
  },
  {
    "type": "Feature",
    "geometry": {
       "type": "Point",
       "coordinates":  [ 121.5727826,25.04078619 ]
    },
    "properties": {
    "city":"taipei",
    "facility_type":"clinic",
    "category":"診所",
    "name":"聿康診所",
    "district_code":63000020,
    "district":"信義區",
    "address":"臺北市信義區忠孝東路五段250號2樓",
    "source_dataset":"taipei_clinic"
    }
  },
  {
    "type": "Feature",
    "geometry": {
       "type": "Point",
       "coordinates":  [ 121.5779781,25.04321178 ]
    },
    "properties": {
    "city":"taipei",
    "facility_type":"clinic",
    "category":"診所",
    "name":"慶峰診所",
    "district_code":63000020,
    "district":"信義區",
    "address":"臺北市信義區松山路２７５－２號１樓",
    "source_dataset":"taipei_clinic"
    }
  },
  {
    "type": "Feature",
    "geometry": {
       "type": "Point",
       "coordinates":  [ 121.575947,25.04565626 ]
    },
    "properties": {
    "city":"taipei",
    "facility_type":"clinic",
    "category":"診所",
    "name":"松山長春外科診所",
    "district_code":63000020,
    "district":"信義區",
    "address":"臺北市信義區永吉路３３５號１Ｆ",
    "source_dataset":"taipei_clinic"
    }
  },
  {
    "type": "Feature",
    "geometry": {
       "type": "Point",
       "coordinates":  [ 121.5828855,25.03861622 ]
    },
    "properties": {
    "city":"taipei",
    "facility_type":"clinic",
    "category":"診所",
    "name":"臺北市立聯合醫院附設信義門診部",
    "district_code":63000020,
    "district":"信義區",
    "address":"臺北市信義區大道路116號1樓、2樓",
    "source_dataset":"taipei_clinic"
    }
  },
  {
    "type": "Feature",
    "geometry": {
       "type": "Point",
       "coordinates":  [ 121.5645397,25.0371645 ]
    },
    "properties": {
    "city":"taipei",
    "facility_type":"clinic",
    "category":"診所",
    "name":"臺北市政府醫務室",
    "district_code":63000020,
    "district":"信義區",
    "address":"臺北市信義區市府路1號(1樓東區)",
    "source_dataset":"taipei_clinic"
    }
  },
  {
    "type": "Feature",
    "geometry": {
       "type": "Point",
       "coordinates":  [ 121.5619965,25.0380469 ]
    },
    "properties": {
    "city":"taipei",
    "facility_type":"clinic",
    "category":"診所",
    "name":"臺北市議會醫務室",
    "district_code":63000020,
    "district":"信義區",
    "address":"臺北市信義區仁愛路四段507號",
    "source_dataset":"taipei_clinic"
    }
  },
  {
    "type": "Feature",
    "geometry": {
       "type": "Point",
       "coordinates":  [ 121.5610073,25.0411895 ]
    },
    "properties": {
    "city":"taipei",
    "facility_type":"clinic",
    "category":"診所",
    "name":"聯合報系員工診療所",
    "district_code":63000020,
    "district":"信義區",
    "address":"臺北市信義區忠孝東路四段五五九巷一號六樓",
    "source_dataset":"taipei_clinic"
    }
  },
  {
    "type": "Feature",
    "geometry": {
       "type": "Point",
       "coordinates":  [ 121.5689627,25.0397678 ]
    },
    "properties": {
    "city":"taipei",
    "facility_type":"clinic",
    "category":"診所",
    "name":"台灣中油股份有限公司員工診所",
    "district_code":63000020,
    "district":"信義區",
    "address":"臺北市信義區松仁路3號(實際營業地址:3樓)",
    "source_dataset":"taipei_clinic"
    }
  },
  {
    "type": "Feature",
    "geometry": {
       "type": "Point",
       "coordinates":  [ 121.580036,25.04188864 ]
    },
    "properties": {
    "city":"taipei",
    "facility_type":"clinic",
    "category":"診所",
    "name":"財團法人生命連線基金會附設醫務室",
    "district_code":63000020,
    "district":"信義區",
    "address":"臺北市信義區忠孝東路5段552號15樓",
    "source_dataset":"taipei_clinic"
    }
  },
  {
    "type": "Feature",
    "geometry": {
       "type": "Point",
       "coordinates":  [ 121.5681262,25.03446001 ]
    },
    "properties": {
    "city":"taipei",
    "facility_type":"clinic",
    "category":"診所",
    "name":"臺北婦產科診所",
    "district_code":63000020,
    "district":"信義區",
    "address":"臺北市信義區松仁路100號14樓之2",
    "source_dataset":"taipei_clinic"
    }
  },
  {
    "type": "Feature",
    "geometry": {
       "type": "Point",
       "coordinates":  [ 121.5681262,25.03446001 ]
    },
    "properties": {
    "city":"taipei",
    "facility_type":"clinic",
    "category":"診所",
    "name":"松仁婦產科診所",
    "district_code":63000020,
    "district":"信義區",
    "address":"臺北市信義區松仁路100號14樓之1",
    "source_dataset":"taipei_clinic"
    }
  },
  {
    "type": "Feature",
    "geometry": {
       "type": "Point",
       "coordinates":  [ 121.5649644,25.04129929 ]
    },
    "properties": {
    "city":"taipei",
    "facility_type":"clinic",
    "category":"診所",
    "name":"謝政興泌尿科診所",
    "district_code":63000020,
    "district":"信義區",
    "address":"臺北市信義區忠孝東路5段1之2號3樓",
    "source_dataset":"taipei_clinic"
    }
  },
  {
    "type": "Feature",
    "geometry": {
       "type": "Point",
       "coordinates":  [ 121.5756041,25.04101286 ]
    },
    "properties": {
    "city":"taipei",
    "facility_type":"clinic",
    "category":"診所",
    "name":"?麗恆全人診所",
    "district_code":63000020,
    "district":"信義區",
    "address":"臺北市信義區忠孝東路5段431號2樓",
    "source_dataset":"taipei_clinic"
    }
  },
  {
    "type": "Feature",
    "geometry": {
       "type": "Point",
       "coordinates":  [ 121.5592997,25.03225052 ]
    },
    "properties": {
    "city":"taipei",
    "facility_type":"clinic",
    "category":"診所",
    "name":"依心唯美整形外科診所",
    "district_code":63000020,
    "district":"信義區",
    "address":"臺北市信義區基隆路2段13號2樓、15號2樓",
    "source_dataset":"taipei_clinic"
    }
  },
  {
    "type": "Feature",
    "geometry": {
       "type": "Point",
       "coordinates":  [ 121.5709216,25.0281598 ]
    },
    "properties": {
    "city":"taipei",
    "facility_type":"clinic",
    "category":"診所",
    "name":"錢本文診所",
    "district_code":63000020,
    "district":"信義區",
    "address":"臺北市信義區信義路5段150巷2號17樓之1",
    "source_dataset":"taipei_clinic"
    }
  },
  {
    "type": "Feature",
    "geometry": {
       "type": "Point",
       "coordinates":  [ 121.5766242,25.04335516 ]
    },
    "properties": {
    "city":"taipei",
    "facility_type":"clinic",
    "category":"診所",
    "name":"欣欣診所",
    "district_code":63000020,
    "district":"信義區",
    "address":"臺北市信義區虎林街82巷13號",
    "source_dataset":"taipei_clinic"
    }
  },
  {
    "type": "Feature",
    "geometry": {
       "type": "Point",
       "coordinates":  [ 121.5784563,25.0376354 ]
    },
    "properties": {
    "city":"taipei",
    "facility_type":"clinic",
    "category":"診所",
    "name":"嚴敏心耳鼻喉科診所",
    "district_code":63000020,
    "district":"信義區",
    "address":"臺北市信義區松山路541巷4號(1樓)",
    "source_dataset":"taipei_clinic"
    }
  },
  {
    "type": "Feature",
    "geometry": {
       "type": "Point",
       "coordinates":  [ 121.5640192,25.0414548 ]
    },
    "properties": {
    "city":"taipei",
    "facility_type":"clinic",
    "category":"診所",
    "name":"耐斯信義診所",
    "district_code":63000020,
    "district":"信義區",
    "address":"臺北市信義區忠孝東路4段563號6樓、6樓之2",
    "source_dataset":"taipei_clinic"
    }
  },
  {
    "type": "Feature",
    "geometry": {
       "type": "Point",
       "coordinates":  [ 121.5640192,25.0414548 ]
    },
    "properties": {
    "city":"taipei",
    "facility_type":"clinic",
    "category":"診所",
    "name":"忠孝英爵診所",
    "district_code":63000020,
    "district":"信義區",
    "address":"臺北市信義區忠孝東路4段563號2樓",
    "source_dataset":"taipei_clinic"
    }
  },
  {
    "type": "Feature",
    "geometry": {
       "type": "Point",
       "coordinates":  [ 121.5652273,25.04175206 ]
    },
    "properties": {
    "city":"taipei",
    "facility_type":"clinic",
    "category":"診所",
    "name":"上帝視角診所",
    "district_code":63000020,
    "district":"信義區",
    "address":"臺北市信義區基隆路1段163號13樓之3",
    "source_dataset":"taipei_clinic"
    }
  },
  {
    "type": "Feature",
    "geometry": {
       "type": "Point",
       "coordinates":  [ 121.5829452,25.04320091 ]
    },
    "properties": {
    "city":"taipei",
    "facility_type":"clinic",
    "category":"診所",
    "name":"美麗馨診所",
    "district_code":63000020,
    "district":"信義區",
    "address":"臺北市信義區中坡南路28號1樓",
    "source_dataset":"taipei_clinic"
    }
  },
  {
    "type": "Feature",
    "geometry": {
       "type": "Point",
       "coordinates":  [ 121.5649364,25.0415327 ]
    },
    "properties": {
    "city":"taipei",
    "facility_type":"clinic",
    "category":"診所",
    "name":"心品診所",
    "district_code":63000020,
    "district":"信義區",
    "address":"臺北市信義區忠孝東路5段1之5號4樓、1之7號4樓",
    "source_dataset":"taipei_clinic"
    }
  },
  {
    "type": "Feature",
    "geometry": {
       "type": "Point",
       "coordinates":  [ 121.571762,25.03935914 ]
    },
    "properties": {
    "city":"taipei",
    "facility_type":"clinic",
    "category":"診所",
    "name":"劉教授婦產科診所",
    "district_code":63000020,
    "district":"信義區",
    "address":"臺北市信義區忠孝東路5段236巷32號1樓、236巷30號2樓",
    "source_dataset":"taipei_clinic"
    }
  },
  {
    "type": "Feature",
    "geometry": {
       "type": "Point",
       "coordinates":  [ 121.5776035,25.04101607 ]
    },
    "properties": {
    "city":"taipei",
    "facility_type":"clinic",
    "category":"診所",
    "name":"信義霍普金斯診所",
    "district_code":63000020,
    "district":"信義區",
    "address":"臺北市信義區忠孝東路5段477之6號1樓、2樓、477之1號(2樓)",
    "source_dataset":"taipei_clinic"
    }
  },
  {
    "type": "Feature",
    "geometry": {
       "type": "Point",
       "coordinates":  [ 121.5681103,25.04121843 ]
    },
    "properties": {
    "city":"taipei",
    "facility_type":"clinic",
    "category":"診所",
    "name":"美麗信義皮膚科診所",
    "district_code":63000020,
    "district":"信義區",
    "address":"臺北市信義區忠孝東路5段145號1樓",
    "source_dataset":"taipei_clinic"
    }
  },
  {
    "type": "Feature",
    "geometry": {
       "type": "Point",
       "coordinates":  [ 121.5753251,25.04045038 ]
    },
    "properties": {
    "city":"taipei",
    "facility_type":"clinic",
    "category":"診所",
    "name":"康璽診所",
    "district_code":63000020,
    "district":"信義區",
    "address":"臺北市信義區忠孝東路5段412之7號1樓及地下一層",
    "source_dataset":"taipei_clinic"
    }
  },
  {
    "type": "Feature",
    "geometry": {
       "type": "Point",
       "coordinates":  [ 121.5577275,25.0356654 ]
    },
    "properties": {
    "city":"taipei",
    "facility_type":"clinic",
    "category":"診所",
    "name":"信義適康復健科診所",
    "district_code":63000020,
    "district":"信義區",
    "address":"臺北市信義區光復南路439號(1、2樓)",
    "source_dataset":"taipei_clinic"
    }
  },
  {
    "type": "Feature",
    "geometry": {
       "type": "Point",
       "coordinates":  [ 121.5779916,25.04139429 ]
    },
    "properties": {
    "city":"taipei",
    "facility_type":"clinic",
    "category":"診所",
    "name":"秀光診所",
    "district_code":63000020,
    "district":"信義區",
    "address":"臺北市信義區松山路４０５號１Ｆ",
    "source_dataset":"taipei_clinic"
    }
  },
  {
    "type": "Feature",
    "geometry": {
       "type": "Point",
       "coordinates":  [ 121.5688965,25.04507382 ]
    },
    "properties": {
    "city":"taipei",
    "facility_type":"clinic",
    "category":"診所",
    "name":"張葉森診所",
    "district_code":63000020,
    "district":"信義區",
    "address":"臺北市信義區永吉路３０巷１５號１Ｆ",
    "source_dataset":"taipei_clinic"
    }
  },
  {
    "type": "Feature",
    "geometry": {
       "type": "Point",
       "coordinates":  [ 121.5774107,25.03829719 ]
    },
    "properties": {
    "city":"taipei",
    "facility_type":"clinic",
    "category":"診所",
    "name":"劉玄統診所",
    "district_code":63000020,
    "district":"信義區",
    "address":"臺北市信義區松德路２５巷４２號",
    "source_dataset":"taipei_clinic"
    }
  },
  {
    "type": "Feature",
    "geometry": {
       "type": "Point",
       "coordinates":  [ 121.577445,25.0390848 ]
    },
    "properties": {
    "city":"taipei",
    "facility_type":"clinic",
    "category":"診所",
    "name":"鄭光志小兒科診所",
    "district_code":63000020,
    "district":"信義區",
    "address":"臺北市信義區松德路23號(實際營業地址:1樓)",
    "source_dataset":"taipei_clinic"
    }
  },
  {
    "type": "Feature",
    "geometry": {
       "type": "Point",
       "coordinates":  [ 121.5693463,25.02389889 ]
    },
    "properties": {
    "city":"taipei",
    "facility_type":"clinic",
    "category":"診所",
    "name":"張育驍診所",
    "district_code":63000020,
    "district":"信義區",
    "address":"臺北市信義區吳興街467巷2弄4號1樓、6號1樓、6號2樓、10號1樓、14號1樓、16號1樓",
    "source_dataset":"taipei_clinic"
    }
  },
  {
    "type": "Feature",
    "geometry": {
       "type": "Point",
       "coordinates":  [ 121.5695614,25.04550492 ]
    },
    "properties": {
    "city":"taipei",
    "facility_type":"clinic",
    "category":"診所",
    "name":"康泰診所",
    "district_code":63000020,
    "district":"信義區",
    "address":"臺北市信義區永吉路54號",
    "source_dataset":"taipei_clinic"
    }
  },
  {
    "type": "Feature",
    "geometry": {
       "type": "Point",
       "coordinates":  [ 121.577991,25.04148941 ]
    },
    "properties": {
    "city":"taipei",
    "facility_type":"clinic",
    "category":"診所",
    "name":"伍瑞吉醫師診所",
    "district_code":63000020,
    "district":"信義區",
    "address":"臺北市信義區松山路４０１號１樓",
    "source_dataset":"taipei_clinic"
    }
  },
  {
    "type": "Feature",
    "geometry": {
       "type": "Point",
       "coordinates":  [ 121.5742281,25.0407418 ]
    },
    "properties": {
    "city":"taipei",
    "facility_type":"clinic",
    "category":"診所",
    "name":"王剴鏘醫師診所",
    "district_code":63000020,
    "district":"信義區",
    "address":"臺北市信義區忠孝東路五段388號3樓",
    "source_dataset":"taipei_clinic"
    }
  },
  {
    "type": "Feature",
    "geometry": {
       "type": "Point",
       "coordinates":  [ 121.5689082,25.04224564 ]
    },
    "properties": {
    "city":"taipei",
    "facility_type":"clinic",
    "category":"診所",
    "name":"明陽診所",
    "district_code":63000020,
    "district":"信義區",
    "address":"臺北市信義區永吉路３０巷１５７弄４號１樓",
    "source_dataset":"taipei_clinic"
    }
  },
  {
    "type": "Feature",
    "geometry": {
       "type": "Point",
       "coordinates":  [ 121.5690503,25.02451729 ]
    },
    "properties": {
    "city":"taipei",
    "facility_type":"clinic",
    "category":"診所",
    "name":"德文診所",
    "district_code":63000020,
    "district":"信義區",
    "address":"臺北市信義區松仁路240巷15號",
    "source_dataset":"taipei_clinic"
    }
  },
  {
    "type": "Feature",
    "geometry": {
       "type": "Point",
       "coordinates":  [ 121.5746196,25.0407319 ]
    },
    "properties": {
    "city":"taipei",
    "facility_type":"clinic",
    "category":"診所",
    "name":"姚醫師診所",
    "district_code":63000020,
    "district":"信義區",
    "address":"臺北市信義區忠孝東路五段396號二樓",
    "source_dataset":"taipei_clinic"
    }
  },
  {
    "type": "Feature",
    "geometry": {
       "type": "Point",
       "coordinates":  [ 121.5757514,25.0456577 ]
    },
    "properties": {
    "city":"taipei",
    "facility_type":"clinic",
    "category":"診所",
    "name":"永吉聯合診所",
    "district_code":63000020,
    "district":"信義區",
    "address":"臺北市信義區永吉路329號1、2樓及331號1、2樓",
    "source_dataset":"taipei_clinic"
    }
  },
  {
    "type": "Feature",
    "geometry": {
       "type": "Point",
       "coordinates":  [ 121.5669504,25.02718512 ]
    },
    "properties": {
    "city":"taipei",
    "facility_type":"clinic",
    "category":"診所",
    "name":"陳世卿診所",
    "district_code":63000020,
    "district":"信義區",
    "address":"臺北市信義區莊敬路四三五號",
    "source_dataset":"taipei_clinic"
    }
  },
  {
    "type": "Feature",
    "geometry": {
       "type": "Point",
       "coordinates":  [ 121.5617,25.0409671 ]
    },
    "properties": {
    "city":"taipei",
    "facility_type":"clinic",
    "category":"診所",
    "name":"約瑟皇家診所",
    "district_code":63000020,
    "district":"信義區",
    "address":"臺北市信義區忠孝東路四段五００號七樓之六",
    "source_dataset":"taipei_clinic"
    }
  },
  {
    "type": "Feature",
    "geometry": {
       "type": "Point",
       "coordinates":  [ 121.5852062,25.04159956 ]
    },
    "properties": {
    "city":"taipei",
    "facility_type":"clinic",
    "category":"診所",
    "name":"大新診所",
    "district_code":63000020,
    "district":"信義區",
    "address":"臺北市信義區中坡南路七十六號",
    "source_dataset":"taipei_clinic"
    }
  },
  {
    "type": "Feature",
    "geometry": {
       "type": "Point",
       "coordinates":  [ 121.5813498,25.04249936 ]
    },
    "properties": {
    "city":"taipei",
    "facility_type":"clinic",
    "category":"診所",
    "name":"登瑞安診所",
    "district_code":63000020,
    "district":"信義區",
    "address":"臺北市信義區林口街232號1樓",
    "source_dataset":"taipei_clinic"
    }
  },
  {
    "type": "Feature",
    "geometry": {
       "type": "Point",
       "coordinates":  [ 121.5738441,25.04538666 ]
    },
    "properties": {
    "city":"taipei",
    "facility_type":"clinic",
    "category":"診所",
    "name":"博馨診所",
    "district_code":63000020,
    "district":"信義區",
    "address":"臺北市信義區永吉路236號",
    "source_dataset":"taipei_clinic"
    }
  },
  {
    "type": "Feature",
    "geometry": {
       "type": "Point",
       "coordinates":  [ 121.5759895,25.03803553 ]
    },
    "properties": {
    "city":"taipei",
    "facility_type":"clinic",
    "category":"診所",
    "name":"陳逸川眼科診所",
    "district_code":63000020,
    "district":"信義區",
    "address":"臺北市信義區松德路95號、97號",
    "source_dataset":"taipei_clinic"
    }
  },
  {
    "type": "Feature",
    "geometry": {
       "type": "Point",
       "coordinates":  [ 121.565775,25.02795777 ]
    },
    "properties": {
    "city":"taipei",
    "facility_type":"clinic",
    "category":"診所",
    "name":"信義耳鼻喉科診所",
    "district_code":63000020,
    "district":"信義區",
    "address":"臺北市信義區莊敬路391巷4號",
    "source_dataset":"taipei_clinic"
    }
  },
  {
    "type": "Feature",
    "geometry": {
       "type": "Point",
       "coordinates":  [ 121.5684465,25.04266708 ]
    },
    "properties": {
    "city":"taipei",
    "facility_type":"clinic",
    "category":"診所",
    "name":"俊安診所",
    "district_code":63000020,
    "district":"信義區",
    "address":"臺北市信義區永吉路30巷148弄6號",
    "source_dataset":"taipei_clinic"
    }
  },
  {
    "type": "Feature",
    "geometry": {
       "type": "Point",
       "coordinates":  [ 121.5776114,25.04769134 ]
    },
    "properties": {
    "city":"taipei",
    "facility_type":"clinic",
    "category":"診所",
    "name":"松禾診所",
    "district_code":63000020,
    "district":"信義區",
    "address":"臺北市信義區松山路130號3樓、3樓之1",
    "source_dataset":"taipei_clinic"
    }
  },
  {
    "type": "Feature",
    "geometry": {
       "type": "Point",
       "coordinates":  [ 121.5768828,25.03844073 ]
    },
    "properties": {
    "city":"taipei",
    "facility_type":"clinic",
    "category":"診所",
    "name":"信義邱婦產科診所",
    "district_code":63000020,
    "district":"信義區",
    "address":"臺北市信義區虎林街198號",
    "source_dataset":"taipei_clinic"
    }
  },
  {
    "type": "Feature",
    "geometry": {
       "type": "Point",
       "coordinates":  [ 121.5786836,25.03981131 ]
    },
    "properties": {
    "city":"taipei",
    "facility_type":"clinic",
    "category":"診所",
    "name":"連小兒科診所",
    "district_code":63000020,
    "district":"信義區",
    "address":"臺北市信義區松山路４６５巷１１號１Ｆ",
    "source_dataset":"taipei_clinic"
    }
  },
  {
    "type": "Feature",
    "geometry": {
       "type": "Point",
       "coordinates":  [ 121.5763217,25.04069006 ]
    },
    "properties": {
    "city":"taipei",
    "facility_type":"clinic",
    "category":"診所",
    "name":"朱耳鼻喉科診所",
    "district_code":63000020,
    "district":"信義區",
    "address":"臺北市信義區忠孝東路5段452號1樓",
    "source_dataset":"taipei_clinic"
    }
  },
  {
    "type": "Feature",
    "geometry": {
       "type": "Point",
       "coordinates":  [ 121.572423,25.0457425 ]
    },
    "properties": {
    "city":"taipei",
    "facility_type":"clinic",
    "category":"診所",
    "name":"彭婦產科診所",
    "district_code":63000020,
    "district":"信義區",
    "address":"臺北市信義區永吉路185之4號、185之1號2樓",
    "source_dataset":"taipei_clinic"
    }
  },
  {
    "type": "Feature",
    "geometry": {
       "type": "Point",
       "coordinates":  [ 121.5738721,25.04571477 ]
    },
    "properties": {
    "city":"taipei",
    "facility_type":"clinic",
    "category":"診所",
    "name":"有成外科診所",
    "district_code":63000020,
    "district":"信義區",
    "address":"臺北市信義區永吉路213號",
    "source_dataset":"taipei_clinic"
    }
  },
  {
    "type": "Feature",
    "geometry": {
       "type": "Point",
       "coordinates":  [ 121.576849,25.04067989 ]
    },
    "properties": {
    "city":"taipei",
    "facility_type":"clinic",
    "category":"診所",
    "name":"黃正麟皮膚科診所",
    "district_code":63000020,
    "district":"信義區",
    "address":"臺北市信義區忠孝東路五段４７０號２樓",
    "source_dataset":"taipei_clinic"
    }
  },
  {
    "type": "Feature",
    "geometry": {
       "type": "Point",
       "coordinates":  [ 121.5779742,25.04383519 ]
    },
    "properties": {
    "city":"taipei",
    "facility_type":"clinic",
    "category":"診所",
    "name":"黃啟彰診所",
    "district_code":63000020,
    "district":"信義區",
    "address":"臺北市信義區松山路２６１－１號１樓",
    "source_dataset":"taipei_clinic"
    }
  },
  {
    "type": "Feature",
    "geometry": {
       "type": "Point",
       "coordinates":  [ 121.5616445,25.03010578 ]
    },
    "properties": {
    "city":"taipei",
    "facility_type":"clinic",
    "category":"診所",
    "name":"高眼科診所",
    "district_code":63000020,
    "district":"信義區",
    "address":"臺北市信義區莊敬路２１６號１Ｆ",
    "source_dataset":"taipei_clinic"
    }
  },
  {
    "type": "Feature",
    "geometry": {
       "type": "Point",
       "coordinates":  [ 121.5548238,25.0236199 ]
    },
    "properties": {
    "city":"taipei",
    "facility_type":"clinic",
    "category":"診所",
    "name":"詹毅然內科診所",
    "district_code":63000020,
    "district":"信義區",
    "address":"臺北市信義區嘉興街３０２號１Ｆ",
    "source_dataset":"taipei_clinic"
    }
  },
  {
    "type": "Feature",
    "geometry": {
       "type": "Point",
       "coordinates":  [ 121.5564756,25.02260376 ]
    },
    "properties": {
    "city":"taipei",
    "facility_type":"clinic",
    "category":"診所",
    "name":"富陽劉內兒科診所",
    "district_code":63000020,
    "district":"信義區",
    "address":"臺北市信義區富陽街４３號１Ｆ",
    "source_dataset":"taipei_clinic"
    }
  },
  {
    "type": "Feature",
    "geometry": {
       "type": "Point",
       "coordinates":  [ 121.567728,25.02671857 ]
    },
    "properties": {
    "city":"taipei",
    "facility_type":"clinic",
    "category":"診所",
    "name":"劉彥煌耳鼻喉專科診所",
    "district_code":63000020,
    "district":"信義區",
    "address":"臺北市信義區莊敬路４６２號１Ｆ",
    "source_dataset":"taipei_clinic"
    }
  },
  {
    "type": "Feature",
    "geometry": {
       "type": "Point",
       "coordinates":  [ 121.5772892,25.04032939 ]
    },
    "properties": {
    "city":"taipei",
    "facility_type":"clinic",
    "category":"診所",
    "name":"王寬仁診所",
    "district_code":63000020,
    "district":"信義區",
    "address":"臺北市信義區虎林街１２１巷１１號１樓",
    "source_dataset":"taipei_clinic"
    }
  },
  {
    "type": "Feature",
    "geometry": {
       "type": "Point",
       "coordinates":  [ 121.5576054,25.0312491 ]
    },
    "properties": {
    "city":"taipei",
    "facility_type":"clinic",
    "category":"診所",
    "name":"春田耳鼻喉科診所",
    "district_code":63000020,
    "district":"信義區",
    "address":"臺北市信義區光復南路５５５號１樓",
    "source_dataset":"taipei_clinic"
    }
  },
  {
    "type": "Feature",
    "geometry": {
       "type": "Point",
       "coordinates":  [ 121.5761207,25.04565278 ]
    },
    "properties": {
    "city":"taipei",
    "facility_type":"clinic",
    "category":"診所",
    "name":"吳潮峰眼科診所",
    "district_code":63000020,
    "district":"信義區",
    "address":"臺北市信義區永吉路３４１號１Ｆ",
    "source_dataset":"taipei_clinic"
    }
  },
  {
    "type": "Feature",
    "geometry": {
       "type": "Point",
       "coordinates":  [ 121.5780115,25.0391003 ]
    },
    "properties": {
    "city":"taipei",
    "facility_type":"clinic",
    "category":"診所",
    "name":"松山陳耳鼻喉科診所",
    "district_code":63000020,
    "district":"信義區",
    "address":"臺北市信義區松山路４８３號－１、１Ｆ",
    "source_dataset":"taipei_clinic"
    }
  },
  {
    "type": "Feature",
    "geometry": {
       "type": "Point",
       "coordinates":  [ 121.5540263,25.0243736 ]
    },
    "properties": {
    "city":"taipei",
    "facility_type":"clinic",
    "category":"診所",
    "name":"大明診所",
    "district_code":63000020,
    "district":"信義區",
    "address":"臺北市信義區崇德街３５號１樓",
    "source_dataset":"taipei_clinic"
    }
  },
  {
    "type": "Feature",
    "geometry": {
       "type": "Point",
       "coordinates":  [ 121.577635,25.04481231 ]
    },
    "properties": {
    "city":"taipei",
    "facility_type":"clinic",
    "category":"診所",
    "name":"陳國泰皮膚科診所",
    "district_code":63000020,
    "district":"信義區",
    "address":"臺北市信義區松山路２２４號１樓",
    "source_dataset":"taipei_clinic"
    }
  },
  {
    "type": "Feature",
    "geometry": {
       "type": "Point",
       "coordinates":  [ 121.5645461,25.02788847 ]
    },
    "properties": {
    "city":"taipei",
    "facility_type":"clinic",
    "category":"診所",
    "name":"長風小兒科診所",
    "district_code":63000020,
    "district":"信義區",
    "address":"臺北市信義區莊敬路３５１號１樓",
    "source_dataset":"taipei_clinic"
    }
  },
  {
    "type": "Feature",
    "geometry": {
       "type": "Point",
       "coordinates":  [ 121.5750003,25.04536022 ]
    },
    "properties": {
    "city":"taipei",
    "facility_type":"clinic",
    "category":"診所",
    "name":"王知行婦產科診所",
    "district_code":63000020,
    "district":"信義區",
    "address":"臺北市信義區永吉路308號",
    "source_dataset":"taipei_clinic"
    }
  },
  {
    "type": "Feature",
    "geometry": {
       "type": "Point",
       "coordinates":  [ 121.568742,25.02622219 ]
    },
    "properties": {
    "city":"taipei",
    "facility_type":"clinic",
    "category":"診所",
    "name":"松仁耳鼻喉科診所",
    "district_code":63000020,
    "district":"信義區",
    "address":"臺北市信義區松仁路231號",
    "source_dataset":"taipei_clinic"
    }
  },
  {
    "type": "Feature",
    "geometry": {
       "type": "Point",
       "coordinates":  [ 121.5807224,25.04294931 ]
    },
    "properties": {
    "city":"taipei",
    "facility_type":"clinic",
    "category":"診所",
    "name":"悠亞診所",
    "district_code":63000020,
    "district":"信義區",
    "address":"臺北市信義區忠孝東路5段727號",
    "source_dataset":"taipei_clinic"
    }
  },
  {
    "type": "Feature",
    "geometry": {
       "type": "Point",
       "coordinates":  [ 121.5572592,25.02887509 ]
    },
    "properties": {
    "city":"taipei",
    "facility_type":"clinic",
    "category":"診所",
    "name":"佳康內科診所",
    "district_code":63000020,
    "district":"信義區",
    "address":"臺北市信義區基隆路2段109號8樓、8樓之1",
    "source_dataset":"taipei_clinic"
    }
  },
  {
    "type": "Feature",
    "geometry": {
       "type": "Point",
       "coordinates":  [ 121.5778707,25.0387271 ]
    },
    "properties": {
    "city":"taipei",
    "facility_type":"clinic",
    "category":"診所",
    "name":"陽光耳鼻喉科診所",
    "district_code":63000020,
    "district":"信義區",
    "address":"臺北市信義區松山路484之8號",
    "source_dataset":"taipei_clinic"
    }
  },
  {
    "type": "Feature",
    "geometry": {
       "type": "Point",
       "coordinates":  [ 121.567709,25.04125317 ]
    },
    "properties": {
    "city":"taipei",
    "facility_type":"clinic",
    "category":"診所",
    "name":"黎明眼科診所",
    "district_code":63000020,
    "district":"信義區",
    "address":"臺北市信義區忠孝東路五段135號七樓",
    "source_dataset":"taipei_clinic"
    }
  },
  {
    "type": "Feature",
    "geometry": {
       "type": "Point",
       "coordinates":  [ 121.5788668,25.04083342 ]
    },
    "properties": {
    "city":"taipei",
    "facility_type":"clinic",
    "category":"診所",
    "name":"新眼光眼科診所",
    "district_code":63000020,
    "district":"信義區",
    "address":"臺北市信義區忠孝東路五段508之1號及518號",
    "source_dataset":"taipei_clinic"
    }
  },
  {
    "type": "Feature",
    "geometry": {
       "type": "Point",
       "coordinates":  [ 121.5742628,25.0457317 ]
    },
    "properties": {
    "city":"taipei",
    "facility_type":"clinic",
    "category":"診所",
    "name":"杏仁復健科診所",
    "district_code":63000020,
    "district":"信義區",
    "address":"臺北市信義區永吉路227號(1、2樓)",
    "source_dataset":"taipei_clinic"
    }
  },
  {
    "type": "Feature",
    "geometry": {
       "type": "Point",
       "coordinates":  [ 121.5576207,25.03175618 ]
    },
    "properties": {
    "city":"taipei",
    "facility_type":"clinic",
    "category":"診所",
    "name":"家瑋生育診所",
    "district_code":63000020,
    "district":"信義區",
    "address":"臺北市信義區光復南路525號1樓",
    "source_dataset":"taipei_clinic"
    }
  },
  {
    "type": "Feature",
    "geometry": {
       "type": "Point",
       "coordinates":  [ 121.5764169,25.03875795 ]
    },
    "properties": {
    "city":"taipei",
    "facility_type":"clinic",
    "category":"診所",
    "name":"松德耳鼻喉科診所",
    "district_code":63000020,
    "district":"信義區",
    "address":"臺北市信義區松德路58號1樓",
    "source_dataset":"taipei_clinic"
    }
  },
  {
    "type": "Feature",
    "geometry": {
       "type": "Point",
       "coordinates":  [ 121.5659595,25.04212563 ]
    },
    "properties": {
    "city":"taipei",
    "facility_type":"clinic",
    "category":"診所",
    "name":"儷寶得信義皮膚科診所",
    "district_code":63000020,
    "district":"信義區",
    "address":"臺北市信義區忠孝東路5段15巷15號1樓",
    "source_dataset":"taipei_clinic"
    }
  },
  {
    "type": "Feature",
    "geometry": {
       "type": "Point",
       "coordinates":  [ 121.5441092,25.0414432 ]
    },
    "properties": {
    "city":"taipei",
    "facility_type":"clinic",
    "category":"診所",
    "name":"悠美診所",
    "district_code":63000020,
    "district":"信義區",
    "address":"臺北市信義區忠孝東路4段504號(1樓)",
    "source_dataset":"taipei_clinic"
    }
  },
  {
    "type": "Feature",
    "geometry": {
       "type": "Point",
       "coordinates":  [ 121.5647896,25.03341669 ]
    },
    "properties": {
    "city":"taipei",
    "facility_type":"clinic",
    "category":"診所",
    "name":"臺北產業醫診所",
    "district_code":63000020,
    "district":"信義區",
    "address":"臺北市信義區信義路5段7號35樓(I室)",
    "source_dataset":"taipei_clinic"
    }
  },
  {
    "type": "Feature",
    "geometry": {
       "type": "Point",
       "coordinates":  [ 121.5832408,25.03941264 ]
    },
    "properties": {
    "city":"taipei",
    "facility_type":"clinic",
    "category":"診所",
    "name":"承芯耳鼻喉科診所",
    "district_code":63000020,
    "district":"信義區",
    "address":"臺北市信義區大道路121號1樓",
    "source_dataset":"taipei_clinic"
    }
  },
  {
    "type": "Feature",
    "geometry": {
       "type": "Point",
       "coordinates":  [ 121.5809236,25.04427309 ]
    },
    "properties": {
    "city":"taipei",
    "facility_type":"clinic",
    "category":"診所",
    "name":"靚顏維格診所",
    "district_code":63000020,
    "district":"信義區",
    "address":"臺北市信義區中坡北路3號1樓、5號1樓",
    "source_dataset":"taipei_clinic"
    }
  },
  {
    "type": "Feature",
    "geometry": {
       "type": "Point",
       "coordinates":  [ 121.5647896,25.03341669 ]
    },
    "properties": {
    "city":"taipei",
    "facility_type":"clinic",
    "category":"診所",
    "name":"遠見眼科診所",
    "district_code":63000020,
    "district":"信義區",
    "address":"臺北市信義區信義路5段7號84樓之1",
    "source_dataset":"taipei_clinic"
    }
  },
  {
    "type": "Feature",
    "geometry": {
       "type": "Point",
       "coordinates":  [ 121.5636332,25.03267643 ]
    },
    "properties": {
    "city":"taipei",
    "facility_type":"clinic",
    "category":"診所",
    "name":"101諾貝爾眼科診所",
    "district_code":63000020,
    "district":"信義區",
    "address":"臺北市信義區信義路5段18號1樓",
    "source_dataset":"taipei_clinic"
    }
  },
  {
    "type": "Feature",
    "geometry": {
       "type": "Point",
       "coordinates":  [ 121.5640192,25.0414548 ]
    },
    "properties": {
    "city":"taipei",
    "facility_type":"clinic",
    "category":"診所",
    "name":"晶鑽診所",
    "district_code":63000020,
    "district":"信義區",
    "address":"臺北市信義區忠孝東路4段563號3樓之1、565號3樓",
    "source_dataset":"taipei_clinic"
    }
  },
  {
    "type": "Feature",
    "geometry": {
       "type": "Point",
       "coordinates":  [ 121.5584668,25.03326446 ]
    },
    "properties": {
    "city":"taipei",
    "facility_type":"clinic",
    "category":"診所",
    "name":"鴻馨診所",
    "district_code":63000020,
    "district":"信義區",
    "address":"臺北市信義區信義路4段391號4樓之1",
    "source_dataset":"taipei_clinic"
    }
  },
  {
    "type": "Feature",
    "geometry": {
       "type": "Point",
       "coordinates":  [ 121.5765399,25.04335917 ]
    },
    "properties": {
    "city":"taipei",
    "facility_type":"clinic",
    "category":"診所",
    "name":"愛欣診所",
    "district_code":63000020,
    "district":"信義區",
    "address":"臺北市信義區虎林街82巷15號1樓",
    "source_dataset":"taipei_clinic"
    }
  },
  {
    "type": "Feature",
    "geometry": {
       "type": "Point",
       "coordinates":  [ 121.5682268,25.02800961 ]
    },
    "properties": {
    "city":"taipei",
    "facility_type":"clinic",
    "category":"診所",
    "name":"吉兆診所",
    "district_code":63000020,
    "district":"信義區",
    "address":"臺北市信義區松仁路176號1樓",
    "source_dataset":"taipei_clinic"
    }
  },
  {
    "type": "Feature",
    "geometry": {
       "type": "Point",
       "coordinates":  [ 121.5815001,25.04325608 ]
    },
    "properties": {
    "city":"taipei",
    "facility_type":"clinic",
    "category":"診所",
    "name":"忠孝診所",
    "district_code":63000020,
    "district":"信義區",
    "address":"臺北市信義區忠孝東路5段772號1樓",
    "source_dataset":"taipei_clinic"
    }
  },
  {
    "type": "Feature",
    "geometry": {
       "type": "Point",
       "coordinates":  [ 121.5582715,25.03283073 ]
    },
    "properties": {
    "city":"taipei",
    "facility_type":"clinic",
    "category":"診所",
    "name":"醫願診所",
    "district_code":63000020,
    "district":"信義區",
    "address":"臺北市信義區 信義路4段456號3樓、3樓之1、3樓之2、3樓之3",
    "source_dataset":"taipei_clinic"
    }
  },
  {
    "type": "Feature",
    "geometry": {
       "type": "Point",
       "coordinates":  [ 121.5644787,25.04312078 ]
    },
    "properties": {
    "city":"taipei",
    "facility_type":"clinic",
    "category":"診所",
    "name":"松阪悠美診所",
    "district_code":63000020,
    "district":"信義區",
    "address":"臺北市信義區基隆路1段172巷7號2樓、9號2樓",
    "source_dataset":"taipei_clinic"
    }
  },
  {
    "type": "Feature",
    "geometry": {
       "type": "Point",
       "coordinates":  [ 121.5636332,25.03267643 ]
    },
    "properties": {
    "city":"taipei",
    "facility_type":"clinic",
    "category":"診所",
    "name":"美迪婦產科診所",
    "district_code":63000020,
    "district":"信義區",
    "address":"臺北市信義區信義路5段18號2樓",
    "source_dataset":"taipei_clinic"
    }
  },
  {
    "type": "Feature",
    "geometry": {
       "type": "Point",
       "coordinates":  [ 121.5660099,25.04129069 ]
    },
    "properties": {
    "city":"taipei",
    "facility_type":"clinic",
    "category":"診所",
    "name":"101時尚診所",
    "district_code":63000020,
    "district":"信義區",
    "address":"臺北市信義區忠孝東路5段35號4樓",
    "source_dataset":"taipei_clinic"
    }
  },
  {
    "type": "Feature",
    "geometry": {
       "type": "Point",
       "coordinates":  [ 121.5749349,25.0377027 ]
    },
    "properties": {
    "city":"taipei",
    "facility_type":"clinic",
    "category":"診所",
    "name":"松德精神科診所",
    "district_code":63000020,
    "district":"信義區",
    "address":"臺北市信義區松德路108號",
    "source_dataset":"taipei_clinic"
    }
  },
  {
    "type": "Feature",
    "geometry": {
       "type": "Point",
       "coordinates":  [ 121.580886,25.04465552 ]
    },
    "properties": {
    "city":"taipei",
    "facility_type":"clinic",
    "category":"診所",
    "name":"科美診所",
    "district_code":63000020,
    "district":"信義區",
    "address":"臺北市信義區中坡北路13號1樓",
    "source_dataset":"taipei_clinic"
    }
  },
  {
    "type": "Feature",
    "geometry": {
       "type": "Point",
       "coordinates":  [ 121.5762289,25.04532848 ]
    },
    "properties": {
    "city":"taipei",
    "facility_type":"clinic",
    "category":"診所",
    "name":"正興復健科診所",
    "district_code":63000020,
    "district":"信義區",
    "address":"臺北市信義區永吉路344號",
    "source_dataset":"taipei_clinic"
    }
  },
  {
    "type": "Feature",
    "geometry": {
       "type": "Point",
       "coordinates":  [ 121.5577342,25.0332827 ]
    },
    "properties": {
    "city":"taipei",
    "facility_type":"clinic",
    "category":"診所",
    "name":"錦宜診所",
    "district_code":63000020,
    "district":"信義區",
    "address":"臺北市信義區信義路4段375號8樓之5",
    "source_dataset":"taipei_clinic"
    }
  },
  {
    "type": "Feature",
    "geometry": {
       "type": "Point",
       "coordinates":  [ 121.5852185,25.04131067 ]
    },
    "properties": {
    "city":"taipei",
    "facility_type":"clinic",
    "category":"診所",
    "name":"自在診所",
    "district_code":63000020,
    "district":"信義區",
    "address":"臺北市信義區中坡南路84號",
    "source_dataset":"taipei_clinic"
    }
  },
  {
    "type": "Feature",
    "geometry": {
       "type": "Point",
       "coordinates":  [ 121.5641604,25.0259334 ]
    },
    "properties": {
    "city":"taipei",
    "facility_type":"clinic",
    "category":"診所",
    "name":"博文診所",
    "district_code":63000020,
    "district":"信義區",
    "address":"臺北市信義區吳興街284巷1之4號",
    "source_dataset":"taipei_clinic"
    }
  },
  {
    "type": "Feature",
    "geometry": {
       "type": "Point",
       "coordinates":  [ 121.584719,25.03840214 ]
    },
    "properties": {
    "city":"taipei",
    "facility_type":"clinic",
    "category":"診所",
    "name":"德佑診所",
    "district_code":63000020,
    "district":"信義區",
    "address":"臺北市信義區福德街215號1樓",
    "source_dataset":"taipei_clinic"
    }
  },
  {
    "type": "Feature",
    "geometry": {
       "type": "Point",
       "coordinates":  [ 121.5576207,25.03199674 ]
    },
    "properties": {
    "city":"taipei",
    "facility_type":"clinic",
    "category":"診所",
    "name":"瑞妮絲醫美診所",
    "district_code":63000020,
    "district":"信義區",
    "address":"臺北市信義區光復南路505號4樓",
    "source_dataset":"taipei_clinic"
    }
  },
  {
    "type": "Feature",
    "geometry": {
       "type": "Point",
       "coordinates":  [ 121.5778492,25.03884693 ]
    },
    "properties": {
    "city":"taipei",
    "facility_type":"clinic",
    "category":"診所",
    "name":"慧祥診所",
    "district_code":63000020,
    "district":"信義區",
    "address":"臺北市信義區松山路484之5號",
    "source_dataset":"taipei_clinic"
    }
  },
  {
    "type": "Feature",
    "geometry": {
       "type": "Point",
       "coordinates":  [ 121.5785065,25.0364101 ]
    },
    "properties": {
    "city":"taipei",
    "facility_type":"clinic",
    "category":"診所",
    "name":"康誠內科診所",
    "district_code":63000020,
    "district":"信義區",
    "address":"臺北市信義區松山路625號",
    "source_dataset":"taipei_clinic"
    }
  },
  {
    "type": "Feature",
    "geometry": {
       "type": "Point",
       "coordinates":  [ 121.5652105,25.04281374 ]
    },
    "properties": {
    "city":"taipei",
    "facility_type":"clinic",
    "category":"診所",
    "name":"健康吉美診所",
    "district_code":63000020,
    "district":"信義區",
    "address":"臺北市信義區基隆路一段176號16樓",
    "source_dataset":"taipei_clinic"
    }
  },
  {
    "type": "Feature",
    "geometry": {
       "type": "Point",
       "coordinates":  [ 121.5554087,25.02289299 ]
    },
    "properties": {
    "city":"taipei",
    "facility_type":"clinic",
    "category":"診所",
    "name":"仁瀚骨科診所",
    "district_code":63000020,
    "district":"信義區",
    "address":"臺北市信義區信安街151號",
    "source_dataset":"taipei_clinic"
    }
  },
  {
    "type": "Feature",
    "geometry": {
       "type": "Point",
       "coordinates":  [ 121.5678813,25.04124855 ]
    },
    "properties": {
    "city":"taipei",
    "facility_type":"clinic",
    "category":"診所",
    "name":"髮拉儷皮膚科診所",
    "district_code":63000020,
    "district":"信義區",
    "address":"臺北市信義區忠孝東路五段139號4樓",
    "source_dataset":"taipei_clinic"
    }
  },
  {
    "type": "Feature",
    "geometry": {
       "type": "Point",
       "coordinates":  [ 121.5577154,25.03630914 ]
    },
    "properties": {
    "city":"taipei",
    "facility_type":"clinic",
    "category":"診所",
    "name":"伯特利身心診所",
    "district_code":63000020,
    "district":"信義區",
    "address":"臺北市信義區光復南路421號2樓",
    "source_dataset":"taipei_clinic"
    }
  },
  {
    "type": "Feature",
    "geometry": {
       "type": "Point",
       "coordinates":  [ 121.5771722,25.03567139 ]
    },
    "properties": {
    "city":"taipei",
    "facility_type":"clinic",
    "category":"診所",
    "name":"祐誠骨科診所",
    "district_code":63000020,
    "district":"信義區",
    "address":"臺北市信義區信義路6段77號79號",
    "source_dataset":"taipei_clinic"
    }
  },
  {
    "type": "Feature",
    "geometry": {
       "type": "Point",
       "coordinates":  [ 121.5660819,25.03877471 ]
    },
    "properties": {
    "city":"taipei",
    "facility_type":"clinic",
    "category":"診所",
    "name":"君綺信義診所",
    "district_code":63000020,
    "district":"信義區",
    "address":"臺北市信義區松智路1號5樓",
    "source_dataset":"taipei_clinic"
    }
  },
  {
    "type": "Feature",
    "geometry": {
       "type": "Point",
       "coordinates":  [ 121.5787179,25.04075495 ]
    },
    "properties": {
    "city":"taipei",
    "facility_type":"clinic",
    "category":"診所",
    "name":"新佑泉診所",
    "district_code":63000020,
    "district":"信義區",
    "address":"臺北市信義區忠孝東路5段508之4號",
    "source_dataset":"taipei_clinic"
    }
  },
  {
    "type": "Feature",
    "geometry": {
       "type": "Point",
       "coordinates":  [ 121.5661549,25.02716876 ]
    },
    "properties": {
    "city":"taipei",
    "facility_type":"clinic",
    "category":"診所",
    "name":"信義身心精神科診所",
    "district_code":63000020,
    "district":"信義區",
    "address":"臺北市信義區莊敬路412號",
    "source_dataset":"taipei_clinic"
    }
  },
  {
    "type": "Feature",
    "geometry": {
       "type": "Point",
       "coordinates":  [ 121.5652968,25.0406521 ]
    },
    "properties": {
    "city":"taipei",
    "facility_type":"clinic",
    "category":"診所",
    "name":"理恩診所",
    "district_code":63000020,
    "district":"信義區",
    "address":"臺北市信義區忠孝東路5段410之2號(1樓)",
    "source_dataset":"taipei_clinic"
    }
  },
  {
    "type": "Feature",
    "geometry": {
       "type": "Point",
       "coordinates":  [ 121.5591669,25.03204125 ]
    },
    "properties": {
    "city":"taipei",
    "facility_type":"clinic",
    "category":"診所",
    "name":"探索神經科診所",
    "district_code":63000020,
    "district":"信義區",
    "address":"臺北市信義區基隆路二段17號2樓",
    "source_dataset":"taipei_clinic"
    }
  },
  {
    "type": "Feature",
    "geometry": {
       "type": "Point",
       "coordinates":  [ 121.5652273,25.04175206 ]
    },
    "properties": {
    "city":"taipei",
    "facility_type":"clinic",
    "category":"診所",
    "name":"市府八千代診所",
    "district_code":63000020,
    "district":"信義區",
    "address":"臺北市信義區基隆路一段163號15樓之2、之3",
    "source_dataset":"taipei_clinic"
    }
  },
  {
    "type": "Feature",
    "geometry": {
       "type": "Point",
       "coordinates":  [ 121.5787548,25.04111552 ]
    },
    "properties": {
    "city":"taipei",
    "facility_type":"clinic",
    "category":"診所",
    "name":"飛悅皮膚科診所",
    "district_code":63000020,
    "district":"信義區",
    "address":"臺北市信義區忠孝東路5段508號1樓、508號地下一樓、508號13樓之1",
    "source_dataset":"taipei_clinic"
    }
  },
  {
    "type": "Feature",
    "geometry": {
       "type": "Point",
       "coordinates":  [ 121.5674149,25.04226164 ]
    },
    "properties": {
    "city":"taipei",
    "facility_type":"clinic",
    "category":"診所",
    "name":"興雅診所",
    "district_code":63000020,
    "district":"信義區",
    "address":"臺北市信義區忠孝東路5段71巷19號",
    "source_dataset":"taipei_clinic"
    }
  },
  {
    "type": "Feature",
    "geometry": {
       "type": "Point",
       "coordinates":  [ 121.5583434,25.03130614 ]
    },
    "properties": {
    "city":"taipei",
    "facility_type":"clinic",
    "category":"診所",
    "name":"王家瑋婦產科診所",
    "district_code":63000020,
    "district":"信義區",
    "address":"臺北市信義區基隆路二段56號、56號地下層、58號、60號、62號",
    "source_dataset":"taipei_clinic"
    }
  },
  {
    "type": "Feature",
    "geometry": {
       "type": "Point",
       "coordinates":  [ 121.5739684,25.04538246 ]
    },
    "properties": {
    "city":"taipei",
    "facility_type":"clinic",
    "category":"診所",
    "name":"永吉羅耳鼻喉科診所",
    "district_code":63000020,
    "district":"信義區",
    "address":"臺北市信義區永吉路272號",
    "source_dataset":"taipei_clinic"
    }
  },
  {
    "type": "Feature",
    "geometry": {
       "type": "Point",
       "coordinates":  [ 121.5627248,25.02880212 ]
    },
    "properties": {
    "city":"taipei",
    "facility_type":"clinic",
    "category":"診所",
    "name":"莊敬診所",
    "district_code":63000020,
    "district":"信義區",
    "address":"臺北市信義區莊敬路280號",
    "source_dataset":"taipei_clinic"
    }
  },
  {
    "type": "Feature",
    "geometry": {
       "type": "Point",
       "coordinates":  [ 121.564652,25.02762632 ]
    },
    "properties": {
    "city":"taipei",
    "facility_type":"clinic",
    "category":"診所",
    "name":"愛利膚皮膚科診所",
    "district_code":63000020,
    "district":"信義區",
    "address":"臺北市信義區莊敬路366號",
    "source_dataset":"taipei_clinic"
    }
  },
  {
    "type": "Feature",
    "geometry": {
       "type": "Point",
       "coordinates":  [ 121.57233,25.04079732 ]
    },
    "properties": {
    "city":"taipei",
    "facility_type":"clinic",
    "category":"診所",
    "name":"新詠康診所",
    "district_code":63000020,
    "district":"信義區",
    "address":"臺北市信義區忠孝東路5段242號3樓、244號3樓",
    "source_dataset":"taipei_clinic"
    }
  },
  {
    "type": "Feature",
    "geometry": {
       "type": "Point",
       "coordinates":  [ 121.5723267,25.04803541 ]
    },
    "properties": {
    "city":"taipei",
    "facility_type":"clinic",
    "category":"診所",
    "name":"弘安診所",
    "district_code":63000020,
    "district":"信義區",
    "address":"臺北市信義區松信路43號",
    "source_dataset":"taipei_clinic"
    }
  },
  {
    "type": "Feature",
    "geometry": {
       "type": "Point",
       "coordinates":  [ 121.5645088,25.02761 ]
    },
    "properties": {
    "city":"taipei",
    "facility_type":"clinic",
    "category":"診所",
    "name":"順康復健科診所",
    "district_code":63000020,
    "district":"信義區",
    "address":"臺北市信義區莊敬路362號、364號、364號2樓",
    "source_dataset":"taipei_clinic"
    }
  },
  {
    "type": "Feature",
    "geometry": {
       "type": "Point",
       "coordinates":  [ 121.555762,25.0269792 ]
    },
    "properties": {
    "city":"taipei",
    "facility_type":"clinic",
    "category":"診所",
    "name":"原力復健科診所",
    "district_code":63000020,
    "district":"信義區",
    "address":"臺北市信義區基隆路2段145號145號2樓、145號地下1層",
    "source_dataset":"taipei_clinic"
    }
  },
  {
    "type": "Feature",
    "geometry": {
       "type": "Point",
       "coordinates":  [ 121.5671405,25.04736615 ]
    },
    "properties": {
    "city":"taipei",
    "facility_type":"clinic",
    "category":"診所",
    "name":"心苑診所",
    "district_code":63000020,
    "district":"信義區",
    "address":"臺北市信義區東興路63之1號3樓",
    "source_dataset":"taipei_clinic"
    }
  },
  {
    "type": "Feature",
    "geometry": {
       "type": "Point",
       "coordinates":  [ 121.5674663,25.026755 ]
    },
    "properties": {
    "city":"taipei",
    "facility_type":"clinic",
    "category":"診所",
    "name":"晶愛眼科診所",
    "district_code":63000020,
    "district":"信義區",
    "address":"臺北市信義區莊敬路454號、454號2樓",
    "source_dataset":"taipei_clinic"
    }
  },
  {
    "type": "Feature",
    "geometry": {
       "type": "Point",
       "coordinates":  [ 121.5685282,25.04120711 ]
    },
    "properties": {
    "city":"taipei",
    "facility_type":"clinic",
    "category":"診所",
    "name":"美麗境界診所",
    "district_code":63000020,
    "district":"信義區",
    "address":"臺北市信義區忠孝東路五段159號2樓",
    "source_dataset":"taipei_clinic"
    }
  },
  {
    "type": "Feature",
    "geometry": {
       "type": "Point",
       "coordinates":  [ 121.5685282,25.04120711 ]
    },
    "properties": {
    "city":"taipei",
    "facility_type":"clinic",
    "category":"診所",
    "name":"長松綠診所",
    "district_code":63000020,
    "district":"信義區",
    "address":"臺北市信義區忠孝東路五段159號5樓",
    "source_dataset":"taipei_clinic"
    }
  },
  {
    "type": "Feature",
    "geometry": {
       "type": "Point",
       "coordinates":  [ 121.5678813,25.04124855 ]
    },
    "properties": {
    "city":"taipei",
    "facility_type":"clinic",
    "category":"診所",
    "name":"髮拉儷美學植髮診所",
    "district_code":63000020,
    "district":"信義區",
    "address":"臺北市信義區忠孝東路五段139號3樓",
    "source_dataset":"taipei_clinic"
    }
  },
  {
    "type": "Feature",
    "geometry": {
       "type": "Point",
       "coordinates":  [ 121.5692508,25.04118923 ]
    },
    "properties": {
    "city":"taipei",
    "facility_type":"clinic",
    "category":"診所",
    "name":"東之美診所",
    "district_code":63000020,
    "district":"信義區",
    "address":"臺北市信義區忠孝東路5段187號2樓",
    "source_dataset":"taipei_clinic"
    }
  },
  {
    "type": "Feature",
    "geometry": {
       "type": "Point",
       "coordinates":  [ 121.5653361,25.04221567 ]
    },
    "properties": {
    "city":"taipei",
    "facility_type":"clinic",
    "category":"診所",
    "name":"采醫緻麗整形外科診所",
    "district_code":63000020,
    "district":"信義區",
    "address":"臺北市信義區基隆路一段155號3樓之3、3樓之4",
    "source_dataset":"taipei_clinic"
    }
  },
  {
    "type": "Feature",
    "geometry": {
       "type": "Point",
       "coordinates":  [ 121.5586283,25.03227772 ]
    },
    "properties": {
    "city":"taipei",
    "facility_type":"clinic",
    "category":"診所",
    "name":"米妮診所",
    "district_code":63000020,
    "district":"信義區",
    "address":"臺北市信義區信義路4段450巷9號7樓",
    "source_dataset":"taipei_clinic"
    }
  },
  {
    "type": "Feature",
    "geometry": {
       "type": "Point",
       "coordinates":  [ 121.567728,25.02671857 ]
    },
    "properties": {
    "city":"taipei",
    "facility_type":"clinic",
    "category":"診所",
    "name":"桂其安家醫科診所",
    "district_code":63000020,
    "district":"信義區",
    "address":"臺北市信義區莊敬路462號",
    "source_dataset":"taipei_clinic"
    }
  },
  {
    "type": "Feature",
    "geometry": {
       "type": "Point",
       "coordinates":  [ 121.5694666,25.03554904 ]
    },
    "properties": {
    "city":"taipei",
    "facility_type":"clinic",
    "category":"診所",
    "name":"雅禾診所",
    "district_code":63000020,
    "district":"信義區",
    "address":"臺北市信義區松仁路107號13樓",
    "source_dataset":"taipei_clinic"
    }
  },
  {
    "type": "Feature",
    "geometry": {
       "type": "Point",
       "coordinates":  [ 121.5796529,25.0488109 ]
    },
    "properties": {
    "city":"taipei",
    "facility_type":"clinic",
    "category":"診所",
    "name":"松山班廷建興診所",
    "district_code":63000020,
    "district":"信義區",
    "address":"臺北市信義區市民大道6段318號(實際營業地址：1樓、2樓)",
    "source_dataset":"taipei_clinic"
    }
  },
  {
    "type": "Feature",
    "geometry": {
       "type": "Point",
       "coordinates":  [ 121.5532691,25.02479879 ]
    },
    "properties": {
    "city":"taipei",
    "facility_type":"clinic",
    "category":"診所",
    "name":"合安眼科診所",
    "district_code":63000020,
    "district":"信義區",
    "address":"臺北市信義區基隆路2段189號",
    "source_dataset":"taipei_clinic"
    }
  },
  {
    "type": "Feature",
    "geometry": {
       "type": "Point",
       "coordinates":  [ 121.5606143,25.03283139 ]
    },
    "properties": {
    "city":"taipei",
    "facility_type":"clinic",
    "category":"診所",
    "name":"信義101健康管理診所",
    "district_code":63000020,
    "district":"信義區",
    "address":"臺北市信義區信義路5段8號4樓",
    "source_dataset":"taipei_clinic"
    }
  },
  {
    "type": "Feature",
    "geometry": {
       "type": "Point",
       "coordinates":  [ 121.5692895,25.03332491 ]
    },
    "properties": {
    "city":"taipei",
    "facility_type":"clinic",
    "category":"診所",
    "name":"安珀琢玉醫美診所",
    "district_code":63000020,
    "district":"信義區",
    "address":"臺北市信義區信義路五段55號2樓、57號2樓",
    "source_dataset":"taipei_clinic"
    }
  },
  {
    "type": "Feature",
    "geometry": {
       "type": "Point",
       "coordinates":  [ 121.5242199,25.096134 ]
    },
    "properties": {
    "city":"taipei",
    "facility_type":"clinic",
    "category":"診所",
    "name":"榮清耳鼻喉科診所",
    "district_code":63000110,
    "district":"士林區",
    "address":"臺北市士林區文林路483號(1、2樓)",
    "source_dataset":"taipei_clinic"
    }
  },
  {
    "type": "Feature",
    "geometry": {
       "type": "Point",
       "coordinates":  [ 121.5225804,25.09472357 ]
    },
    "properties": {
    "city":"taipei",
    "facility_type":"clinic",
    "category":"診所",
    "name":"耀明診所",
    "district_code":63000110,
    "district":"士林區",
    "address":"臺北市士林區中正路322號",
    "source_dataset":"taipei_clinic"
    }
  },
  {
    "type": "Feature",
    "geometry": {
       "type": "Point",
       "coordinates":  [ 121.5149656,25.09290296 ]
    },
    "properties": {
    "city":"taipei",
    "facility_type":"clinic",
    "category":"診所",
    "name":"士林承德診所",
    "district_code":63000110,
    "district":"士林區",
    "address":"臺北市士林區承德路五段54號",
    "source_dataset":"taipei_clinic"
    }
  },
  {
    "type": "Feature",
    "geometry": {
       "type": "Point",
       "coordinates":  [ 121.5359799,25.10996222 ]
    },
    "properties": {
    "city":"taipei",
    "facility_type":"clinic",
    "category":"診所",
    "name":"樹爸爸親子診所",
    "district_code":63000110,
    "district":"士林區",
    "address":"臺北市士林區德行東路286號",
    "source_dataset":"taipei_clinic"
    }
  },
  {
    "type": "Feature",
    "geometry": {
       "type": "Point",
       "coordinates":  [ 121.5255528,25.09172478 ]
    },
    "properties": {
    "city":"taipei",
    "facility_type":"clinic",
    "category":"診所",
    "name":"鴻林診所",
    "district_code":63000110,
    "district":"士林區",
    "address":"臺北市士林區大東路128號",
    "source_dataset":"taipei_clinic"
    }
  },
  {
    "type": "Feature",
    "geometry": {
       "type": "Point",
       "coordinates":  [ 121.5245044,25.09583999 ]
    },
    "properties": {
    "city":"taipei",
    "facility_type":"clinic",
    "category":"診所",
    "name":"文林骨科診所",
    "district_code":63000110,
    "district":"士林區",
    "address":"臺北市士林區文林路468號",
    "source_dataset":"taipei_clinic"
    }
  },
  {
    "type": "Feature",
    "geometry": {
       "type": "Point",
       "coordinates":  [ 121.5324542,25.12134031 ]
    },
    "properties": {
    "city":"taipei",
    "facility_type":"clinic",
    "category":"診所",
    "name":"貝爾診所",
    "district_code":63000110,
    "district":"士林區",
    "address":"臺北市士林區中山北路七段82巷9號",
    "source_dataset":"taipei_clinic"
    }
  },
  {
    "type": "Feature",
    "geometry": {
       "type": "Point",
       "coordinates":  [ 121.5239291,25.0946897 ]
    },
    "properties": {
    "city":"taipei",
    "facility_type":"clinic",
    "category":"診所",
    "name":"小禾馨士林小兒專科診所",
    "district_code":63000110,
    "district":"士林區",
    "address":"臺北市士林區中正路289號(1樓)",
    "source_dataset":"taipei_clinic"
    }
  },
  {
    "type": "Feature",
    "geometry": {
       "type": "Point",
       "coordinates":  [ 121.5193143,25.0888095 ]
    },
    "properties": {
    "city":"taipei",
    "facility_type":"clinic",
    "category":"診所",
    "name":"橙光耳鼻喉科診所",
    "district_code":63000110,
    "district":"士林區",
    "address":"臺北市士林區大南路286號",
    "source_dataset":"taipei_clinic"
    }
  },
  {
    "type": "Feature",
    "geometry": {
       "type": "Point",
       "coordinates":  [ 121.5252485,25.1075801 ]
    },
    "properties": {
    "city":"taipei",
    "facility_type":"clinic",
    "category":"診所",
    "name":"佩佩婦幼診所",
    "district_code":63000110,
    "district":"士林區",
    "address":"臺北市士林區中山北路六段182號、182號2樓",
    "source_dataset":"taipei_clinic"
    }
  },
  {
    "type": "Feature",
    "geometry": {
       "type": "Point",
       "coordinates":  [ 121.5243204,25.0965456 ]
    },
    "properties": {
    "city":"taipei",
    "facility_type":"clinic",
    "category":"診所",
    "name":"士林大學眼科診所",
    "district_code":63000110,
    "district":"士林區",
    "address":"臺北市士林區文林路496號(含夾層)、498號(含夾層)、500號及500號2樓",
    "source_dataset":"taipei_clinic"
    }
  },
  {
    "type": "Feature",
    "geometry": {
       "type": "Point",
       "coordinates":  [ 121.5248314,25.1071716 ]
    },
    "properties": {
    "city":"taipei",
    "facility_type":"clinic",
    "category":"診所",
    "name":"心福內科診所",
    "district_code":63000110,
    "district":"士林區",
    "address":"臺北市士林區中山北路六段167號(實際使用:1、2樓)",
    "source_dataset":"taipei_clinic"
    }
  },
  {
    "type": "Feature",
    "geometry": {
       "type": "Point",
       "coordinates":  [ 121.5331092,25.11822282 ]
    },
    "properties": {
    "city":"taipei",
    "facility_type":"clinic",
    "category":"診所",
    "name":"三玉品恆復健科診所",
    "district_code":63000110,
    "district":"士林區",
    "address":"臺北市士林區天母東路53號",
    "source_dataset":"taipei_clinic"
    }
  },
  {
    "type": "Feature",
    "geometry": {
       "type": "Point",
       "coordinates":  [ 121.528575,25.09316728 ]
    },
    "properties": {
    "city":"taipei",
    "facility_type":"clinic",
    "category":"診所",
    "name":"伯仁診所",
    "district_code":63000110,
    "district":"士林區",
    "address":"臺北市士林區中山北路五段516號2樓",
    "source_dataset":"taipei_clinic"
    }
  },
  {
    "type": "Feature",
    "geometry": {
       "type": "Point",
       "coordinates":  [ 121.5224333,25.08696745 ]
    },
    "properties": {
    "city":"taipei",
    "facility_type":"clinic",
    "category":"診所",
    "name":"聯志骨科診所",
    "district_code":63000110,
    "district":"士林區",
    "address":"臺北市士林區承德路四段184號",
    "source_dataset":"taipei_clinic"
    }
  },
  {
    "type": "Feature",
    "geometry": {
       "type": "Point",
       "coordinates":  [ 121.5279038,25.09674885 ]
    },
    "properties": {
    "city":"taipei",
    "facility_type":"clinic",
    "category":"診所",
    "name":"境靜眼科診所",
    "district_code":63000110,
    "district":"士林區",
    "address":"臺北市士林區中山北路5段626號1樓",
    "source_dataset":"taipei_clinic"
    }
  },
  {
    "type": "Feature",
    "geometry": {
       "type": "Point",
       "coordinates":  [ 121.523231,25.09488989 ]
    },
    "properties": {
    "city":"taipei",
    "facility_type":"clinic",
    "category":"診所",
    "name":"優儷芙生活診所",
    "district_code":63000110,
    "district":"士林區",
    "address":"臺北市士林區中正路300號(2樓)",
    "source_dataset":"taipei_clinic"
    }
  },
  {
    "type": "Feature",
    "geometry": {
       "type": "Point",
       "coordinates":  [ 121.5229361,25.10260854 ]
    },
    "properties": {
    "city":"taipei",
    "facility_type":"clinic",
    "category":"診所",
    "name":"自由想心理診所",
    "district_code":63000110,
    "district":"士林區",
    "address":"臺北市士林區福華路122號2樓",
    "source_dataset":"taipei_clinic"
    }
  },
  {
    "type": "Feature",
    "geometry": {
       "type": "Point",
       "coordinates":  [ 121.5240981,25.0975197 ]
    },
    "properties": {
    "city":"taipei",
    "facility_type":"clinic",
    "category":"診所",
    "name":"德生診所",
    "district_code":63000110,
    "district":"士林區",
    "address":"臺北市士林區文林路552號(1樓)",
    "source_dataset":"taipei_clinic"
    }
  },
  {
    "type": "Feature",
    "geometry": {
       "type": "Point",
       "coordinates":  [ 121.5200132,25.08108571 ]
    },
    "properties": {
    "city":"taipei",
    "facility_type":"clinic",
    "category":"診所",
    "name":"心築身心診所",
    "district_code":63000110,
    "district":"士林區",
    "address":"臺北市士林區通河街90號1樓",
    "source_dataset":"taipei_clinic"
    }
  },
  {
    "type": "Feature",
    "geometry": {
       "type": "Point",
       "coordinates":  [ 121.5250071,25.0940498 ]
    },
    "properties": {
    "city":"taipei",
    "facility_type":"clinic",
    "category":"診所",
    "name":"士林身心醫學診所",
    "district_code":63000110,
    "district":"士林區",
    "address":"臺北市士林區文林路410號(1、2樓)",
    "source_dataset":"taipei_clinic"
    }
  },
  {
    "type": "Feature",
    "geometry": {
       "type": "Point",
       "coordinates":  [ 121.5195379,25.09335648 ]
    },
    "properties": {
    "city":"taipei",
    "facility_type":"clinic",
    "category":"診所",
    "name":"藝群士林診所",
    "district_code":63000110,
    "district":"士林區",
    "address":"臺北市士林區中正路422號1樓",
    "source_dataset":"taipei_clinic"
    }
  },
  {
    "type": "Feature",
    "geometry": {
       "type": "Point",
       "coordinates":  [ 121.5281604,25.09243604 ]
    },
    "properties": {
    "city":"taipei",
    "facility_type":"clinic",
    "category":"診所",
    "name":"士林星和診所",
    "district_code":63000110,
    "district":"士林區",
    "address":"臺北市士林區中山北路5段472號5樓",
    "source_dataset":"taipei_clinic"
    }
  },
  {
    "type": "Feature",
    "geometry": {
       "type": "Point",
       "coordinates":  [ 121.529912,25.11914563 ]
    },
    "properties": {
    "city":"taipei",
    "facility_type":"clinic",
    "category":"診所",
    "name":"天母麥茵茲美形診所",
    "district_code":63000110,
    "district":"士林區",
    "address":"臺北市士林區天玉街38巷20號4樓",
    "source_dataset":"taipei_clinic"
    }
  },
  {
    "type": "Feature",
    "geometry": {
       "type": "Point",
       "coordinates":  [ 121.5225939,25.1062152 ]
    },
    "properties": {
    "city":"taipei",
    "facility_type":"clinic",
    "category":"診所",
    "name":"天母好日子診所",
    "district_code":63000110,
    "district":"士林區",
    "address":"臺北市士林區磺溪街21巷8號(1、2樓)",
    "source_dataset":"taipei_clinic"
    }
  },
  {
    "type": "Feature",
    "geometry": {
       "type": "Point",
       "coordinates":  [ 121.5250184,25.1031683 ]
    },
    "properties": {
    "city":"taipei",
    "facility_type":"clinic",
    "category":"診所",
    "name":"一七美生活診所",
    "district_code":63000110,
    "district":"士林區",
    "address":"臺北市士林區中山北路6段17號(1樓、2樓)",
    "source_dataset":"taipei_clinic"
    }
  },
  {
    "type": "Feature",
    "geometry": {
       "type": "Point",
       "coordinates":  [ 121.5269884,25.09781789 ]
    },
    "properties": {
    "city":"taipei",
    "facility_type":"clinic",
    "category":"診所",
    "name":"朝陽復健科診所",
    "district_code":63000110,
    "district":"士林區",
    "address":"臺北市士林區中山北路5段699巷2號",
    "source_dataset":"taipei_clinic"
    }
  },
  {
    "type": "Feature",
    "geometry": {
       "type": "Point",
       "coordinates":  [ 121.5285044,25.09251842 ]
    },
    "properties": {
    "city":"taipei",
    "facility_type":"clinic",
    "category":"診所",
    "name":"一森診所",
    "district_code":63000110,
    "district":"士林區",
    "address":"臺北市士林區中山北路5段476號1樓",
    "source_dataset":"taipei_clinic"
    }
  },
  {
    "type": "Feature",
    "geometry": {
       "type": "Point",
       "coordinates":  [ 121.5310689,25.1088825 ]
    },
    "properties": {
    "city":"taipei",
    "facility_type":"clinic",
    "category":"診所",
    "name":"張國榮身心診所",
    "district_code":63000110,
    "district":"士林區",
    "address":"臺北市士林區德行東路179號(1樓)",
    "source_dataset":"taipei_clinic"
    }
  },
  {
    "type": "Feature",
    "geometry": {
       "type": "Point",
       "coordinates":  [ 121.5223338,25.08802173 ]
    },
    "properties": {
    "city":"taipei",
    "facility_type":"clinic",
    "category":"診所",
    "name":"品維維健康美學診所",
    "district_code":63000110,
    "district":"士林區",
    "address":"臺北市士林區承德路4段191號1樓、191-1號(1樓)、191-2號(1樓)",
    "source_dataset":"taipei_clinic"
    }
  },
  {
    "type": "Feature",
    "geometry": {
       "type": "Point",
       "coordinates":  [ 121.5285044,25.09251842 ]
    },
    "properties": {
    "city":"taipei",
    "facility_type":"clinic",
    "category":"診所",
    "name":"原蘊醫學診所",
    "district_code":63000110,
    "district":"士林區",
    "address":"臺北市士林區中山北路5段476號8樓",
    "source_dataset":"taipei_clinic"
    }
  },
  {
    "type": "Feature",
    "geometry": {
       "type": "Point",
       "coordinates":  [ 121.5243504,25.0967621 ]
    },
    "properties": {
    "city":"taipei",
    "facility_type":"clinic",
    "category":"診所",
    "name":"延年診所",
    "district_code":63000110,
    "district":"士林區",
    "address":"臺北市士林區文林路506號(1樓)",
    "source_dataset":"taipei_clinic"
    }
  },
  {
    "type": "Feature",
    "geometry": {
       "type": "Point",
       "coordinates":  [ 121.5176451,25.08889526 ]
    },
    "properties": {
    "city":"taipei",
    "facility_type":"clinic",
    "category":"診所",
    "name":"禾旭診所",
    "district_code":63000110,
    "district":"士林區",
    "address":"臺北市士林區大南路323之1號12樓(12層、13層)",
    "source_dataset":"taipei_clinic"
    }
  },
  {
    "type": "Feature",
    "geometry": {
       "type": "Point",
       "coordinates":  [ 121.5196328,25.08498315 ]
    },
    "properties": {
    "city":"taipei",
    "facility_type":"clinic",
    "category":"診所",
    "name":"宜達診所",
    "district_code":63000110,
    "district":"士林區",
    "address":"臺北市士林區前港街86號1樓",
    "source_dataset":"taipei_clinic"
    }
  },
  {
    "type": "Feature",
    "geometry": {
       "type": "Point",
       "coordinates":  [ 121.5283027,25.09281992 ]
    },
    "properties": {
    "city":"taipei",
    "facility_type":"clinic",
    "category":"診所",
    "name":"士林萊可美學診所",
    "district_code":63000110,
    "district":"士林區",
    "address":"臺北市士林區中山北路5段500號5樓",
    "source_dataset":"taipei_clinic"
    }
  },
  {
    "type": "Feature",
    "geometry": {
       "type": "Point",
       "coordinates":  [ 121.5067145,25.08751884 ]
    },
    "properties": {
    "city":"taipei",
    "facility_type":"clinic",
    "category":"診所",
    "name":"永捷診所",
    "district_code":63000110,
    "district":"士林區",
    "address":"臺北市士林區社子街67號1樓",
    "source_dataset":"taipei_clinic"
    }
  },
  {
    "type": "Feature",
    "geometry": {
       "type": "Point",
       "coordinates":  [ 121.528575,25.09316728 ]
    },
    "properties": {
    "city":"taipei",
    "facility_type":"clinic",
    "category":"診所",
    "name":"越揚預防醫學診所",
    "district_code":63000110,
    "district":"士林區",
    "address":"臺北市士林區中山北路5段516號7樓",
    "source_dataset":"taipei_clinic"
    }
  },
  {
    "type": "Feature",
    "geometry": {
       "type": "Point",
       "coordinates":  [ 121.5212215,25.09435209 ]
    },
    "properties": {
    "city":"taipei",
    "facility_type":"clinic",
    "category":"診所",
    "name":"當代美學診所",
    "district_code":63000110,
    "district":"士林區",
    "address":"臺北市士林區中正路364號1樓及2樓",
    "source_dataset":"taipei_clinic"
    }
  },
  {
    "type": "Feature",
    "geometry": {
       "type": "Point",
       "coordinates":  [ 121.5284798,25.09279928 ]
    },
    "properties": {
    "city":"taipei",
    "facility_type":"clinic",
    "category":"診所",
    "name":"正欣診所",
    "district_code":63000110,
    "district":"士林區",
    "address":"臺北市士林區中山北路5段502號2樓",
    "source_dataset":"taipei_clinic"
    }
  },
  {
    "type": "Feature",
    "geometry": {
       "type": "Point",
       "coordinates":  [ 121.526901,25.12094838 ]
    },
    "properties": {
    "city":"taipei",
    "facility_type":"clinic",
    "category":"診所",
    "name":"天母許內科家醫科診所",
    "district_code":63000110,
    "district":"士林區",
    "address":"臺北市士林區天母北路49號",
    "source_dataset":"taipei_clinic"
    }
  },
  {
    "type": "Feature",
    "geometry": {
       "type": "Point",
       "coordinates":  [ 121.5097504,25.08553763 ]
    },
    "properties": {
    "city":"taipei",
    "facility_type":"clinic",
    "category":"診所",
    "name":"社子陳診所",
    "district_code":63000110,
    "district":"士林區",
    "address":"臺北市士林區延平北路五段２８４號1樓",
    "source_dataset":"taipei_clinic"
    }
  },
  {
    "type": "Feature",
    "geometry": {
       "type": "Point",
       "coordinates":  [ 121.5263437,25.09525812 ]
    },
    "properties": {
    "city":"taipei",
    "facility_type":"clinic",
    "category":"診所",
    "name":"何敦恥診所",
    "district_code":63000110,
    "district":"士林區",
    "address":"臺北市士林區中正路２２１號",
    "source_dataset":"taipei_clinic"
    }
  },
  {
    "type": "Feature",
    "geometry": {
       "type": "Point",
       "coordinates":  [ 121.5210049,25.08065029 ]
    },
    "properties": {
    "city":"taipei",
    "facility_type":"clinic",
    "category":"診所",
    "name":"林博通醫師診所",
    "district_code":63000110,
    "district":"士林區",
    "address":"臺北市士林區通河街６０號",
    "source_dataset":"taipei_clinic"
    }
  },
  {
    "type": "Feature",
    "geometry": {
       "type": "Point",
       "coordinates":  [ 121.5196819,25.0887485 ]
    },
    "properties": {
    "city":"taipei",
    "facility_type":"clinic",
    "category":"診所",
    "name":"蘇慧卿診所",
    "district_code":63000110,
    "district":"士林區",
    "address":"臺北市士林區大南路２７４號",
    "source_dataset":"taipei_clinic"
    }
  },
  {
    "type": "Feature",
    "geometry": {
       "type": "Point",
       "coordinates":  [ 121.5309321,25.11267716 ]
    },
    "properties": {
    "city":"taipei",
    "facility_type":"clinic",
    "category":"診所",
    "name":"洪楷義耳鼻喉科診所",
    "district_code":63000110,
    "district":"士林區",
    "address":"臺北市士林區忠誠路二段８８號１樓",
    "source_dataset":"taipei_clinic"
    }
  },
  {
    "type": "Feature",
    "geometry": {
       "type": "Point",
       "coordinates":  [ 121.5304429,25.11111564 ]
    },
    "properties": {
    "city":"taipei",
    "facility_type":"clinic",
    "category":"診所",
    "name":"張松柏眼科診所",
    "district_code":63000110,
    "district":"士林區",
    "address":"臺北市士林區忠誠路二段58號2樓",
    "source_dataset":"taipei_clinic"
    }
  },
  {
    "type": "Feature",
    "geometry": {
       "type": "Point",
       "coordinates":  [ 121.5255578,25.10973109 ]
    },
    "properties": {
    "city":"taipei",
    "facility_type":"clinic",
    "category":"診所",
    "name":"梁如蘭眼科診所",
    "district_code":63000110,
    "district":"士林區",
    "address":"臺北市士林區中山北路六段２６６號１樓",
    "source_dataset":"taipei_clinic"
    }
  },
  {
    "type": "Feature",
    "geometry": {
       "type": "Point",
       "coordinates":  [ 121.5272975,25.11392908 ]
    },
    "properties": {
    "city":"taipei",
    "facility_type":"clinic",
    "category":"診所",
    "name":"吳俊昇眼科診所",
    "district_code":63000110,
    "district":"士林區",
    "address":"臺北市士林區中山北路六段４３4號１樓",
    "source_dataset":"taipei_clinic"
    }
  },
  {
    "type": "Feature",
    "geometry": {
       "type": "Point",
       "coordinates":  [ 121.5221928,25.09713677 ]
    },
    "properties": {
    "city":"taipei",
    "facility_type":"clinic",
    "category":"診所",
    "name":"王文豪診所",
    "district_code":63000110,
    "district":"士林區",
    "address":"臺北市士林區美崙街６6號1樓",
    "source_dataset":"taipei_clinic"
    }
  },
  {
    "type": "Feature",
    "geometry": {
       "type": "Point",
       "coordinates":  [ 121.5291455,25.11079478 ]
    },
    "properties": {
    "city":"taipei",
    "facility_type":"clinic",
    "category":"診所",
    "name":"忠誠聯合診所",
    "district_code":63000110,
    "district":"士林區",
    "address":"臺北市士林區忠誠路2段50巷35號",
    "source_dataset":"taipei_clinic"
    }
  },
  {
    "type": "Feature",
    "geometry": {
       "type": "Point",
       "coordinates":  [ 121.5194546,25.08452758 ]
    },
    "properties": {
    "city":"taipei",
    "facility_type":"clinic",
    "category":"診所",
    "name":"華齡診所",
    "district_code":63000110,
    "district":"士林區",
    "address":"臺北市士林區華齡街７４號１樓",
    "source_dataset":"taipei_clinic"
    }
  },
  {
    "type": "Feature",
    "geometry": {
       "type": "Point",
       "coordinates":  [ 121.509999,25.08322229 ]
    },
    "properties": {
    "city":"taipei",
    "facility_type":"clinic",
    "category":"診所",
    "name":"慈田耳鼻喉科診所",
    "district_code":63000110,
    "district":"士林區",
    "address":"臺北市士林區延平北路五段１８５號１樓",
    "source_dataset":"taipei_clinic"
    }
  },
  {
    "type": "Feature",
    "geometry": {
       "type": "Point",
       "coordinates":  [ 121.5342002,25.11894262 ]
    },
    "properties": {
    "city":"taipei",
    "facility_type":"clinic",
    "category":"診所",
    "name":"天母英明診所",
    "district_code":63000110,
    "district":"士林區",
    "address":"臺北市士林區天母東路６９巷７號１Ｆ",
    "source_dataset":"taipei_clinic"
    }
  },
  {
    "type": "Feature",
    "geometry": {
       "type": "Point",
       "coordinates":  [ 121.517682,25.08665351 ]
    },
    "properties": {
    "city":"taipei",
    "facility_type":"clinic",
    "category":"診所",
    "name":"何小兒科診所",
    "district_code":63000110,
    "district":"士林區",
    "address":"臺北市士林區福港街１７６號",
    "source_dataset":"taipei_clinic"
    }
  },
  {
    "type": "Feature",
    "geometry": {
       "type": "Point",
       "coordinates":  [ 121.528132,25.11208689 ]
    },
    "properties": {
    "city":"taipei",
    "facility_type":"clinic",
    "category":"診所",
    "name":"政吉內科診所",
    "district_code":63000110,
    "district":"士林區",
    "address":"臺北市士林區士東路６7號",
    "source_dataset":"taipei_clinic"
    }
  },
  {
    "type": "Feature",
    "geometry": {
       "type": "Point",
       "coordinates":  [ 121.5097016,25.08570253 ]
    },
    "properties": {
    "city":"taipei",
    "facility_type":"clinic",
    "category":"診所",
    "name":"蕭雨青小兒科診所",
    "district_code":63000110,
    "district":"士林區",
    "address":"臺北市士林區延平北路五段２９２號１樓",
    "source_dataset":"taipei_clinic"
    }
  },
  {
    "type": "Feature",
    "geometry": {
       "type": "Point",
       "coordinates":  [ 121.510091,25.08398291 ]
    },
    "properties": {
    "city":"taipei",
    "facility_type":"clinic",
    "category":"診所",
    "name":"葉耳鼻喉科診所",
    "district_code":63000110,
    "district":"士林區",
    "address":"臺北市士林區延平北路五段218號",
    "source_dataset":"taipei_clinic"
    }
  },
  {
    "type": "Feature",
    "geometry": {
       "type": "Point",
       "coordinates":  [ 121.5255434,25.09175919 ]
    },
    "properties": {
    "city":"taipei",
    "facility_type":"clinic",
    "category":"診所",
    "name":"立安復健科診所",
    "district_code":63000110,
    "district":"士林區",
    "address":"臺北市士林區大東路130號",
    "source_dataset":"taipei_clinic"
    }
  },
  {
    "type": "Feature",
    "geometry": {
       "type": "Point",
       "coordinates":  [ 121.5253902,25.08954088 ]
    },
    "properties": {
    "city":"taipei",
    "facility_type":"clinic",
    "category":"診所",
    "name":"保安眼科診所",
    "district_code":63000110,
    "district":"士林區",
    "address":"臺北市士林區大東路44號",
    "source_dataset":"taipei_clinic"
    }
  },
  {
    "type": "Feature",
    "geometry": {
       "type": "Point",
       "coordinates":  [ 121.5255075,25.1094694 ]
    },
    "properties": {
    "city":"taipei",
    "facility_type":"clinic",
    "category":"診所",
    "name":"鄭福山婦產科診所",
    "district_code":63000110,
    "district":"士林區",
    "address":"臺北市士林區中山北路六段256號",
    "source_dataset":"taipei_clinic"
    }
  },
  {
    "type": "Feature",
    "geometry": {
       "type": "Point",
       "coordinates":  [ 121.5283899,25.09299725 ]
    },
    "properties": {
    "city":"taipei",
    "facility_type":"clinic",
    "category":"診所",
    "name":"韓偉骨科診所",
    "district_code":63000110,
    "district":"士林區",
    "address":"臺北市士林區中山北路5段506號7樓",
    "source_dataset":"taipei_clinic"
    }
  },
  {
    "type": "Feature",
    "geometry": {
       "type": "Point",
       "coordinates":  [ 121.5204073,25.10283955 ]
    },
    "properties": {
    "city":"taipei",
    "facility_type":"clinic",
    "category":"診所",
    "name":"杏昌診所",
    "district_code":63000110,
    "district":"士林區",
    "address":"臺北市士林區文林路736號1樓",
    "source_dataset":"taipei_clinic"
    }
  },
  {
    "type": "Feature",
    "geometry": {
       "type": "Point",
       "coordinates":  [ 121.5182861,25.08856706 ]
    },
    "properties": {
    "city":"taipei",
    "facility_type":"clinic",
    "category":"診所",
    "name":"柏齡診所",
    "district_code":63000110,
    "district":"士林區",
    "address":"臺北市士林區福港街105號",
    "source_dataset":"taipei_clinic"
    }
  },
  {
    "type": "Feature",
    "geometry": {
       "type": "Point",
       "coordinates":  [ 121.5309907,25.11851602 ]
    },
    "properties": {
    "city":"taipei",
    "facility_type":"clinic",
    "category":"診所",
    "name":"迦美診所",
    "district_code":63000110,
    "district":"士林區",
    "address":"臺北市士林區中山北路七段14巷2-2號3樓",
    "source_dataset":"taipei_clinic"
    }
  },
  {
    "type": "Feature",
    "geometry": {
       "type": "Point",
       "coordinates":  [ 121.5076162,25.08742645 ]
    },
    "properties": {
    "city":"taipei",
    "facility_type":"clinic",
    "category":"診所",
    "name":"平安診所",
    "district_code":63000110,
    "district":"士林區",
    "address":"臺北市士林區社子街36之1號1樓",
    "source_dataset":"taipei_clinic"
    }
  },
  {
    "type": "Feature",
    "geometry": {
       "type": "Point",
       "coordinates":  [ 121.5216991,25.09523873 ]
    },
    "properties": {
    "city":"taipei",
    "facility_type":"clinic",
    "category":"診所",
    "name":"林志聰皮膚科診所",
    "district_code":63000110,
    "district":"士林區",
    "address":"臺北市士林區文昌路26號",
    "source_dataset":"taipei_clinic"
    }
  },
  {
    "type": "Feature",
    "geometry": {
       "type": "Point",
       "coordinates":  [ 121.5256815,25.1104268 ]
    },
    "properties": {
    "city":"taipei",
    "facility_type":"clinic",
    "category":"診所",
    "name":"天晴診所",
    "district_code":63000110,
    "district":"士林區",
    "address":"臺北市士林區中山北路六段292號、292號2樓",
    "source_dataset":"taipei_clinic"
    }
  },
  {
    "type": "Feature",
    "geometry": {
       "type": "Point",
       "coordinates":  [ 121.5264659,25.11607133 ]
    },
    "properties": {
    "city":"taipei",
    "facility_type":"clinic",
    "category":"診所",
    "name":"永安診所",
    "district_code":63000110,
    "district":"士林區",
    "address":"臺北市士林區中山北路六段405巷63號、63號地下1層及63之1號",
    "source_dataset":"taipei_clinic"
    }
  },
  {
    "type": "Feature",
    "geometry": {
       "type": "Point",
       "coordinates":  [ 121.5265543,25.11928018 ]
    },
    "properties": {
    "city":"taipei",
    "facility_type":"clinic",
    "category":"診所",
    "name":"佳視得眼科診所",
    "district_code":63000110,
    "district":"士林區",
    "address":"臺北市士林區天母北路11-1號1樓",
    "source_dataset":"taipei_clinic"
    }
  },
  {
    "type": "Feature",
    "geometry": {
       "type": "Point",
       "coordinates":  [ 121.5270768,25.11417969 ]
    },
    "properties": {
    "city":"taipei",
    "facility_type":"clinic",
    "category":"診所",
    "name":"東杏診所",
    "district_code":63000110,
    "district":"士林區",
    "address":"臺北市士林區中山北路六段431之2號2樓",
    "source_dataset":"taipei_clinic"
    }
  },
  {
    "type": "Feature",
    "geometry": {
       "type": "Point",
       "coordinates":  [ 121.5259057,25.0922856 ]
    },
    "properties": {
    "city":"taipei",
    "facility_type":"clinic",
    "category":"診所",
    "name":"淨美皮膚科診所",
    "district_code":63000110,
    "district":"士林區",
    "address":"臺北市士林區文林路317號(實際使用:1、2樓)",
    "source_dataset":"taipei_clinic"
    }
  },
  {
    "type": "Feature",
    "geometry": {
       "type": "Point",
       "coordinates":  [ 121.509268,25.08710209 ]
    },
    "properties": {
    "city":"taipei",
    "facility_type":"clinic",
    "category":"診所",
    "name":"健群骨科診所",
    "district_code":63000110,
    "district":"士林區",
    "address":"臺北市士林區延平北路6段8號(1、2、3樓)及10號(1、2、3樓)",
    "source_dataset":"taipei_clinic"
    }
  },
  {
    "type": "Feature",
    "geometry": {
       "type": "Point",
       "coordinates":  [ 121.5220489,25.10380937 ]
    },
    "properties": {
    "city":"taipei",
    "facility_type":"clinic",
    "category":"診所",
    "name":"天母芝美時尚診所",
    "district_code":63000110,
    "district":"士林區",
    "address":"臺北市士林區福華路159號1樓",
    "source_dataset":"taipei_clinic"
    }
  },
  {
    "type": "Feature",
    "geometry": {
       "type": "Point",
       "coordinates":  [ 121.5212179,25.10431919 ]
    },
    "properties": {
    "city":"taipei",
    "facility_type":"clinic",
    "category":"診所",
    "name":"博政骨科診所",
    "district_code":63000110,
    "district":"士林區",
    "address":"臺北市士林區德行西路99號、101號",
    "source_dataset":"taipei_clinic"
    }
  },
  {
    "type": "Feature",
    "geometry": {
       "type": "Point",
       "coordinates":  [ 121.5100662,25.08287958 ]
    },
    "properties": {
    "city":"taipei",
    "facility_type":"clinic",
    "category":"診所",
    "name":"葉眼科診所",
    "district_code":63000110,
    "district":"士林區",
    "address":"臺北市士林區延平北路5段173號(實際使用1、2層）",
    "source_dataset":"taipei_clinic"
    }
  },
  {
    "type": "Feature",
    "geometry": {
       "type": "Point",
       "coordinates":  [ 121.5255694,25.0927295 ]
    },
    "properties": {
    "city":"taipei",
    "facility_type":"clinic",
    "category":"診所",
    "name":"晶美整形外科診所",
    "district_code":63000110,
    "district":"士林區",
    "address":"臺北市士林區文林路343號(實際使用:1、2、3樓)",
    "source_dataset":"taipei_clinic"
    }
  },
  {
    "type": "Feature",
    "geometry": {
       "type": "Point",
       "coordinates":  [ 121.5251485,25.09498926 ]
    },
    "properties": {
    "city":"taipei",
    "facility_type":"clinic",
    "category":"診所",
    "name":"士林小兒科診所",
    "district_code":63000110,
    "district":"士林區",
    "address":"臺北市士林區中正路249號",
    "source_dataset":"taipei_clinic"
    }
  },
  {
    "type": "Feature",
    "geometry": {
       "type": "Point",
       "coordinates":  [ 121.5318892,25.12200779 ]
    },
    "properties": {
    "city":"taipei",
    "facility_type":"clinic",
    "category":"診所",
    "name":"凱硯診所",
    "district_code":63000110,
    "district":"士林區",
    "address":"臺北市士林區中山北路七段110號3樓、110之1號3樓、110號4樓、110之1號4樓",
    "source_dataset":"taipei_clinic"
    }
  },
  {
    "type": "Feature",
    "geometry": {
       "type": "Point",
       "coordinates":  [ 121.5297069,25.10610924 ]
    },
    "properties": {
    "city":"taipei",
    "facility_type":"clinic",
    "category":"診所",
    "name":"天母品恆復健科診所",
    "district_code":63000110,
    "district":"士林區",
    "address":"臺北市士林區忠誠路1段135號1樓、137號1樓、157號1樓及169號1樓",
    "source_dataset":"taipei_clinic"
    }
  },
  {
    "type": "Feature",
    "geometry": {
       "type": "Point",
       "coordinates":  [ 121.5040515,25.09242095 ]
    },
    "properties": {
    "city":"taipei",
    "facility_type":"clinic",
    "category":"診所",
    "name":"和謙耳鼻喉科診所",
    "district_code":63000110,
    "district":"士林區",
    "address":"臺北市士林區社中街362號1樓",
    "source_dataset":"taipei_clinic"
    }
  },
  {
    "type": "Feature",
    "geometry": {
       "type": "Point",
       "coordinates":  [ 121.5471804,25.13807545 ]
    },
    "properties": {
    "city":"taipei",
    "facility_type":"clinic",
    "category":"診所",
    "name":"華崗文化診所",
    "district_code":63000110,
    "district":"士林區",
    "address":"臺北市士林區菁山路26號(1層)",
    "source_dataset":"taipei_clinic"
    }
  },
  {
    "type": "Feature",
    "geometry": {
       "type": "Point",
       "coordinates":  [ 121.5253927,25.09334347 ]
    },
    "properties": {
    "city":"taipei",
    "facility_type":"clinic",
    "category":"診所",
    "name":"怡德診所",
    "district_code":63000110,
    "district":"士林區",
    "address":"臺北市士林區文林路342號6樓",
    "source_dataset":"taipei_clinic"
    }
  },
  {
    "type": "Feature",
    "geometry": {
       "type": "Point",
       "coordinates":  [ 121.519006,25.0930747 ]
    },
    "properties": {
    "city":"taipei",
    "facility_type":"clinic",
    "category":"診所",
    "name":"揚德健康診所",
    "district_code":63000110,
    "district":"士林區",
    "address":"臺北市士林區中正路436號(1、2樓)",
    "source_dataset":"taipei_clinic"
    }
  },
  {
    "type": "Feature",
    "geometry": {
       "type": "Point",
       "coordinates":  [ 121.5103822,25.0898494 ]
    },
    "properties": {
    "city":"taipei",
    "facility_type":"clinic",
    "category":"診所",
    "name":"科安診所",
    "district_code":63000110,
    "district":"士林區",
    "address":"臺北市士林區社中街116號",
    "source_dataset":"taipei_clinic"
    }
  },
  {
    "type": "Feature",
    "geometry": {
       "type": "Point",
       "coordinates":  [ 121.5210735,25.10401841 ]
    },
    "properties": {
    "city":"taipei",
    "facility_type":"clinic",
    "category":"診所",
    "name":"天母康健身心診所",
    "district_code":63000110,
    "district":"士林區",
    "address":"臺北市士林區德行西路100號",
    "source_dataset":"taipei_clinic"
    }
  },
  {
    "type": "Feature",
    "geometry": {
       "type": "Point",
       "coordinates":  [ 121.5196784,25.08123161 ]
    },
    "properties": {
    "city":"taipei",
    "facility_type":"clinic",
    "category":"診所",
    "name":"佑康診所",
    "district_code":63000110,
    "district":"士林區",
    "address":"臺北市士林區通河街100號",
    "source_dataset":"taipei_clinic"
    }
  },
  {
    "type": "Feature",
    "geometry": {
       "type": "Point",
       "coordinates":  [ 121.510829,25.08073383 ]
    },
    "properties": {
    "city":"taipei",
    "facility_type":"clinic",
    "category":"診所",
    "name":"社子安心診所",
    "district_code":63000110,
    "district":"士林區",
    "address":"臺北市士林區延平北路五段76號",
    "source_dataset":"taipei_clinic"
    }
  },
  {
    "type": "Feature",
    "geometry": {
       "type": "Point",
       "coordinates":  [ 121.5271194,25.1046756 ]
    },
    "properties": {
    "city":"taipei",
    "facility_type":"clinic",
    "category":"診所",
    "name":"永恆美診所",
    "district_code":63000110,
    "district":"士林區",
    "address":"臺北市士林區忠誠路一段58號(實際使用：1樓及地下1、2層)",
    "source_dataset":"taipei_clinic"
    }
  },
  {
    "type": "Feature",
    "geometry": {
       "type": "Point",
       "coordinates":  [ 121.529675,25.11898 ]
    },
    "properties": {
    "city":"taipei",
    "facility_type":"clinic",
    "category":"診所",
    "name":"陳建華整形外科診所",
    "district_code":63000110,
    "district":"士林區",
    "address":"臺北市士林區天母西路3號3樓之2",
    "source_dataset":"taipei_clinic"
    }
  },
  {
    "type": "Feature",
    "geometry": {
       "type": "Point",
       "coordinates":  [ 121.5239771,25.0963603 ]
    },
    "properties": {
    "city":"taipei",
    "facility_type":"clinic",
    "category":"診所",
    "name":"士林復健科診所",
    "district_code":63000110,
    "district":"士林區",
    "address":"臺北市士林區文林路497號",
    "source_dataset":"taipei_clinic"
    }
  },
  {
    "type": "Feature",
    "geometry": {
       "type": "Point",
       "coordinates":  [ 121.52143,25.08045901 ]
    },
    "properties": {
    "city":"taipei",
    "facility_type":"clinic",
    "category":"診所",
    "name":"德泰耳鼻喉科診所",
    "district_code":63000110,
    "district":"士林區",
    "address":"臺北市士林區通河街42之1號",
    "source_dataset":"taipei_clinic"
    }
  },
  {
    "type": "Feature",
    "geometry": {
       "type": "Point",
       "coordinates":  [ 121.5259909,25.11825073 ]
    },
    "properties": {
    "city":"taipei",
    "facility_type":"clinic",
    "category":"診所",
    "name":"杏美皮膚科診所",
    "district_code":63000110,
    "district":"士林區",
    "address":"臺北市士林區天母西路４０之１號２樓",
    "source_dataset":"taipei_clinic"
    }
  },
  {
    "type": "Feature",
    "geometry": {
       "type": "Point",
       "coordinates":  [ 121.5321376,25.10617208 ]
    },
    "properties": {
    "city":"taipei",
    "facility_type":"clinic",
    "category":"診所",
    "name":"蘇惠珍皮膚專科診所",
    "district_code":63000110,
    "district":"士林區",
    "address":"臺北市士林區忠義街８３號",
    "source_dataset":"taipei_clinic"
    }
  },
  {
    "type": "Feature",
    "geometry": {
       "type": "Point",
       "coordinates":  [ 121.52555,25.09453482 ]
    },
    "properties": {
    "city":"taipei",
    "facility_type":"clinic",
    "category":"診所",
    "name":"仁友皮膚科診所",
    "district_code":63000110,
    "district":"士林區",
    "address":"臺北市士林區美德街２２之１號１樓",
    "source_dataset":"taipei_clinic"
    }
  },
  {
    "type": "Feature",
    "geometry": {
       "type": "Point",
       "coordinates":  [ 121.5093032,25.08855149 ]
    },
    "properties": {
    "city":"taipei",
    "facility_type":"clinic",
    "category":"診所",
    "name":"粱耳鼻喉科診所",
    "district_code":63000110,
    "district":"士林區",
    "address":"臺北市士林區社正路12之1號",
    "source_dataset":"taipei_clinic"
    }
  },
  {
    "type": "Feature",
    "geometry": {
       "type": "Point",
       "coordinates":  [ 121.5310729,25.1186355 ]
    },
    "properties": {
    "city":"taipei",
    "facility_type":"clinic",
    "category":"診所",
    "name":"羅氏皮膚科診所",
    "district_code":63000110,
    "district":"士林區",
    "address":"臺北市士林區中山北路七段１４巷２號２樓",
    "source_dataset":"taipei_clinic"
    }
  },
  {
    "type": "Feature",
    "geometry": {
       "type": "Point",
       "coordinates":  [ 121.5276233,25.11456981 ]
    },
    "properties": {
    "city":"taipei",
    "facility_type":"clinic",
    "category":"診所",
    "name":"林佳宏小兒科診所",
    "district_code":63000110,
    "district":"士林區",
    "address":"臺北市士林區中山北路六段４６２號",
    "source_dataset":"taipei_clinic"
    }
  },
  {
    "type": "Feature",
    "geometry": {
       "type": "Point",
       "coordinates":  [ 121.5304903,25.1191211 ]
    },
    "properties": {
    "city":"taipei",
    "facility_type":"clinic",
    "category":"診所",
    "name":"高醫師家庭醫學科診所",
    "district_code":63000110,
    "district":"士林區",
    "address":"臺北市士林區中山北路7段17號2樓",
    "source_dataset":"taipei_clinic"
    }
  },
  {
    "type": "Feature",
    "geometry": {
       "type": "Point",
       "coordinates":  [ 121.5265151,25.09562575 ]
    },
    "properties": {
    "city":"taipei",
    "facility_type":"clinic",
    "category":"診所",
    "name":"榮庚皮膚科診所",
    "district_code":63000110,
    "district":"士林區",
    "address":"臺北市士林區中正路210之1號1樓",
    "source_dataset":"taipei_clinic"
    }
  },
  {
    "type": "Feature",
    "geometry": {
       "type": "Point",
       "coordinates":  [ 121.5321031,25.1175222 ]
    },
    "properties": {
    "city":"taipei",
    "facility_type":"clinic",
    "category":"診所",
    "name":"柯佑民小兒科診所",
    "district_code":63000110,
    "district":"士林區",
    "address":"臺北市士林區天母東路８巷１９弄５號１樓",
    "source_dataset":"taipei_clinic"
    }
  },
  {
    "type": "Feature",
    "geometry": {
       "type": "Point",
       "coordinates":  [ 121.5255266,25.09066231 ]
    },
    "properties": {
    "city":"taipei",
    "facility_type":"clinic",
    "category":"診所",
    "name":"德福診所",
    "district_code":63000110,
    "district":"士林區",
    "address":"臺北市士林區大東路七十七號",
    "source_dataset":"taipei_clinic"
    }
  },
  {
    "type": "Feature",
    "geometry": {
       "type": "Point",
       "coordinates":  [ 121.5304871,25.10804748 ]
    },
    "properties": {
    "city":"taipei",
    "facility_type":"clinic",
    "category":"診所",
    "name":"盧金成婦產科診所",
    "district_code":63000110,
    "district":"士林區",
    "address":"臺北市士林區忠誠路一段１７９號２樓",
    "source_dataset":"taipei_clinic"
    }
  },
  {
    "type": "Feature",
    "geometry": {
       "type": "Point",
       "coordinates":  [ 121.5244148,25.09616722 ]
    },
    "properties": {
    "city":"taipei",
    "facility_type":"clinic",
    "category":"診所",
    "name":"何英世婦產科診所",
    "district_code":63000110,
    "district":"士林區",
    "address":"臺北市士林區文林路４８２號１樓",
    "source_dataset":"taipei_clinic"
    }
  },
  {
    "type": "Feature",
    "geometry": {
       "type": "Point",
       "coordinates":  [ 121.5290908,25.1205304 ]
    },
    "properties": {
    "city":"taipei",
    "facility_type":"clinic",
    "category":"診所",
    "name":"家庭醫師張正弘診所",
    "district_code":63000110,
    "district":"士林區",
    "address":"臺北市士林區天玉街３８巷９號",
    "source_dataset":"taipei_clinic"
    }
  },
  {
    "type": "Feature",
    "geometry": {
       "type": "Point",
       "coordinates":  [ 121.5095752,25.08619268 ]
    },
    "properties": {
    "city":"taipei",
    "facility_type":"clinic",
    "category":"診所",
    "name":"祐聖眼科診所",
    "district_code":63000110,
    "district":"士林區",
    "address":"臺北市士林區延平北路五段３１６號",
    "source_dataset":"taipei_clinic"
    }
  },
  {
    "type": "Feature",
    "geometry": {
       "type": "Point",
       "coordinates":  [ 121.5256982,25.11056718 ]
    },
    "properties": {
    "city":"taipei",
    "facility_type":"clinic",
    "category":"診所",
    "name":"楊是韻皮膚科診所",
    "district_code":63000110,
    "district":"士林區",
    "address":"臺北市士林區中山北路六段298號１樓",
    "source_dataset":"taipei_clinic"
    }
  },
  {
    "type": "Feature",
    "geometry": {
       "type": "Point",
       "coordinates":  [ 121.5317983,25.10620229 ]
    },
    "properties": {
    "city":"taipei",
    "facility_type":"clinic",
    "category":"診所",
    "name":"芝山診所",
    "district_code":63000110,
    "district":"士林區",
    "address":"臺北市士林區忠義街82號1樓",
    "source_dataset":"taipei_clinic"
    }
  },
  {
    "type": "Feature",
    "geometry": {
       "type": "Point",
       "coordinates":  [ 121.5273169,25.0970963 ]
    },
    "properties": {
    "city":"taipei",
    "facility_type":"clinic",
    "category":"診所",
    "name":"福林診所",
    "district_code":63000110,
    "district":"士林區",
    "address":"臺北市士林區中山北路五段６８５號４樓",
    "source_dataset":"taipei_clinic"
    }
  },
  {
    "type": "Feature",
    "geometry": {
       "type": "Point",
       "coordinates":  [ 121.5304226,25.11904327 ]
    },
    "properties": {
    "city":"taipei",
    "facility_type":"clinic",
    "category":"診所",
    "name":"徐永康整形外科診所",
    "district_code":63000110,
    "district":"士林區",
    "address":"臺北市士林區中山北路七段１５號５樓",
    "source_dataset":"taipei_clinic"
    }
  },
  {
    "type": "Feature",
    "geometry": {
       "type": "Point",
       "coordinates":  [ 121.5306814,25.10870436 ]
    },
    "properties": {
    "city":"taipei",
    "facility_type":"clinic",
    "category":"診所",
    "name":"得安耳鼻喉科診所",
    "district_code":63000110,
    "district":"士林區",
    "address":"臺北市士林區忠誠路二段3號",
    "source_dataset":"taipei_clinic"
    }
  },
  {
    "type": "Feature",
    "geometry": {
       "type": "Point",
       "coordinates":  [ 121.5267149,25.111742 ]
    },
    "properties": {
    "city":"taipei",
    "facility_type":"clinic",
    "category":"診所",
    "name":"陳彥銘耳鼻喉科診所",
    "district_code":63000110,
    "district":"士林區",
    "address":"臺北市士林區士東路１２號之１壹樓",
    "source_dataset":"taipei_clinic"
    }
  },
  {
    "type": "Feature",
    "geometry": {
       "type": "Point",
       "coordinates":  [ 121.5068138,25.09190946 ]
    },
    "properties": {
    "city":"taipei",
    "facility_type":"clinic",
    "category":"診所",
    "name":"吳錫麟診所",
    "district_code":63000110,
    "district":"士林區",
    "address":"臺北市士林區社中街266號1樓",
    "source_dataset":"taipei_clinic"
    }
  },
  {
    "type": "Feature",
    "geometry": {
       "type": "Point",
       "coordinates":  [ 121.5205408,25.10393 ]
    },
    "properties": {
    "city":"taipei",
    "facility_type":"clinic",
    "category":"診所",
    "name":"嘉櫻小兒科診所",
    "district_code":63000110,
    "district":"士林區",
    "address":"臺北市士林區德行西路119號1樓",
    "source_dataset":"taipei_clinic"
    }
  },
  {
    "type": "Feature",
    "geometry": {
       "type": "Point",
       "coordinates":  [ 121.5083041,25.08768882 ]
    },
    "properties": {
    "city":"taipei",
    "facility_type":"clinic",
    "category":"診所",
    "name":"杏暉診所",
    "district_code":63000110,
    "district":"士林區",
    "address":"臺北市士林區社子街15號",
    "source_dataset":"taipei_clinic"
    }
  },
  {
    "type": "Feature",
    "geometry": {
       "type": "Point",
       "coordinates":  [ 121.5306588,25.11486774 ]
    },
    "properties": {
    "city":"taipei",
    "facility_type":"clinic",
    "category":"診所",
    "name":"志明眼科診所",
    "district_code":63000110,
    "district":"士林區",
    "address":"臺北市士林區天母東路8巷83號",
    "source_dataset":"taipei_clinic"
    }
  },
  {
    "type": "Feature",
    "geometry": {
       "type": "Point",
       "coordinates":  [ 121.5078489,25.08746374 ]
    },
    "properties": {
    "city":"taipei",
    "facility_type":"clinic",
    "category":"診所",
    "name":"雙林皮膚科診所",
    "district_code":63000110,
    "district":"士林區",
    "address":"臺北市士林區社子街28號",
    "source_dataset":"taipei_clinic"
    }
  },
  {
    "type": "Feature",
    "geometry": {
       "type": "Point",
       "coordinates":  [ 121.5245898,25.0947697 ]
    },
    "properties": {
    "city":"taipei",
    "facility_type":"clinic",
    "category":"診所",
    "name":"元群眼科診所",
    "district_code":63000110,
    "district":"士林區",
    "address":"臺北市士林區文林路437號1,2樓",
    "source_dataset":"taipei_clinic"
    }
  },
  {
    "type": "Feature",
    "geometry": {
       "type": "Point",
       "coordinates":  [ 121.5304528,25.11121118 ]
    },
    "properties": {
    "city":"taipei",
    "facility_type":"clinic",
    "category":"診所",
    "name":"麗心整形外科診所",
    "district_code":63000110,
    "district":"士林區",
    "address":"臺北市士林區忠誠路二段64號2樓",
    "source_dataset":"taipei_clinic"
    }
  },
  {
    "type": "Feature",
    "geometry": {
       "type": "Point",
       "coordinates":  [ 121.5112171,25.0843812 ]
    },
    "properties": {
    "city":"taipei",
    "facility_type":"clinic",
    "category":"診所",
    "name":"百齡診所",
    "district_code":63000110,
    "district":"士林區",
    "address":"臺北市士林區重慶北路四段187號1、2樓",
    "source_dataset":"taipei_clinic"
    }
  },
  {
    "type": "Feature",
    "geometry": {
       "type": "Point",
       "coordinates":  [ 121.5256151,25.11008546 ]
    },
    "properties": {
    "city":"taipei",
    "facility_type":"clinic",
    "category":"診所",
    "name":"張虔熙小兒科診所",
    "district_code":63000110,
    "district":"士林區",
    "address":"臺北市士林區中山北路六段282號",
    "source_dataset":"taipei_clinic"
    }
  },
  {
    "type": "Feature",
    "geometry": {
       "type": "Point",
       "coordinates":  [ 121.5286593,25.1182749 ]
    },
    "properties": {
    "city":"taipei",
    "facility_type":"clinic",
    "category":"診所",
    "name":"天母忠明2020眼科診所",
    "district_code":63000110,
    "district":"士林區",
    "address":"臺北市士林區天母西路10號2樓之1、2樓之4",
    "source_dataset":"taipei_clinic"
    }
  },
  {
    "type": "Feature",
    "geometry": {
       "type": "Point",
       "coordinates":  [ 121.5285903,25.10601024 ]
    },
    "properties": {
    "city":"taipei",
    "facility_type":"clinic",
    "category":"診所",
    "name":"天母皮膚科診所",
    "district_code":63000110,
    "district":"士林區",
    "address":"臺北市士林區德行東路90巷33弄10號1樓",
    "source_dataset":"taipei_clinic"
    }
  },
  {
    "type": "Feature",
    "geometry": {
       "type": "Point",
       "coordinates":  [ 121.5214994,25.08845609 ]
    },
    "properties": {
    "city":"taipei",
    "facility_type":"clinic",
    "category":"診所",
    "name":"愛林診所",
    "district_code":63000110,
    "district":"士林區",
    "address":"臺北市士林區承德路四段222號、222之1號、222之2號",
    "source_dataset":"taipei_clinic"
    }
  },
  {
    "type": "Feature",
    "geometry": {
       "type": "Point",
       "coordinates":  [ 121.5196976,25.0928454 ]
    },
    "properties": {
    "city":"taipei",
    "facility_type":"clinic",
    "category":"診所",
    "name":"臺北市立聯合醫院附設士林門診部",
    "district_code":63000110,
    "district":"士林區",
    "address":"臺北市士林區中正路439號",
    "source_dataset":"taipei_clinic"
    }
  },
  {
    "type": "Feature",
    "geometry": {
       "type": "Point",
       "coordinates":  [ 121.5099274,25.08360251 ]
    },
    "properties": {
    "city":"taipei",
    "facility_type":"clinic",
    "category":"診所",
    "name":"黃金喜婦產科診所",
    "district_code":63000110,
    "district":"士林區",
    "address":"臺北市士林區延平北路五段２０１號",
    "source_dataset":"taipei_clinic"
    }
  },
  {
    "type": "Feature",
    "geometry": {
       "type": "Point",
       "coordinates":  [ 121.5086521,25.08626311 ]
    },
    "properties": {
    "city":"taipei",
    "facility_type":"clinic",
    "category":"診所",
    "name":"健原診所",
    "district_code":63000110,
    "district":"士林區",
    "address":"臺北市士林區中正路６２７號",
    "source_dataset":"taipei_clinic"
    }
  },
  {
    "type": "Feature",
    "geometry": {
       "type": "Point",
       "coordinates":  [ 121.5208631,25.10248931 ]
    },
    "properties": {
    "city":"taipei",
    "facility_type":"clinic",
    "category":"診所",
    "name":"邱世昌診所",
    "district_code":63000110,
    "district":"士林區",
    "address":"臺北市士林區文林路７１８號",
    "source_dataset":"taipei_clinic"
    }
  },
  {
    "type": "Feature",
    "geometry": {
       "type": "Point",
       "coordinates":  [ 121.5254664,25.09204119 ]
    },
    "properties": {
    "city":"taipei",
    "facility_type":"clinic",
    "category":"診所",
    "name":"柯耳鼻喉科診所",
    "district_code":63000110,
    "district":"士林區",
    "address":"臺北市士林區大東路１４４號",
    "source_dataset":"taipei_clinic"
    }
  },
  {
    "type": "Feature",
    "geometry": {
       "type": "Point",
       "coordinates":  [ 121.5246179,25.0956489 ]
    },
    "properties": {
    "city":"taipei",
    "facility_type":"clinic",
    "category":"診所",
    "name":"存德小兒科診所",
    "district_code":63000110,
    "district":"士林區",
    "address":"臺北市士林區文林路460號(實際使用：1樓)",
    "source_dataset":"taipei_clinic"
    }
  },
  {
    "type": "Feature",
    "geometry": {
       "type": "Point",
       "coordinates":  [ 121.5103888,25.0827695 ]
    },
    "properties": {
    "city":"taipei",
    "facility_type":"clinic",
    "category":"診所",
    "name":"榮元外科診所",
    "district_code":63000110,
    "district":"士林區",
    "address":"臺北市士林區延平北路五段１６２號(1樓)",
    "source_dataset":"taipei_clinic"
    }
  },
  {
    "type": "Feature",
    "geometry": {
       "type": "Point",
       "coordinates":  [ 121.526476,25.08981461 ]
    },
    "properties": {
    "city":"taipei",
    "facility_type":"clinic",
    "category":"診所",
    "name":"蘇家醫科診所",
    "district_code":63000110,
    "district":"士林區",
    "address":"臺北市士林區大北路２０號",
    "source_dataset":"taipei_clinic"
    }
  },
  {
    "type": "Feature",
    "geometry": {
       "type": "Point",
       "coordinates":  [ 121.5105893,25.0816779 ]
    },
    "properties": {
    "city":"taipei",
    "facility_type":"clinic",
    "category":"診所",
    "name":"鄭醫師診所",
    "district_code":63000110,
    "district":"士林區",
    "address":"臺北市士林區延平北路五段120號1、2 樓",
    "source_dataset":"taipei_clinic"
    }
  },
  {
    "type": "Feature",
    "geometry": {
       "type": "Point",
       "coordinates":  [ 121.525878,25.111103 ]
    },
    "properties": {
    "city":"taipei",
    "facility_type":"clinic",
    "category":"診所",
    "name":"吳如壽診所",
    "district_code":63000110,
    "district":"士林區",
    "address":"臺北市士林區中山北路六段３２２號(實際使用:1樓)",
    "source_dataset":"taipei_clinic"
    }
  },
  {
    "type": "Feature",
    "geometry": {
       "type": "Point",
       "coordinates":  [ 121.520877,25.10390831 ]
    },
    "properties": {
    "city":"taipei",
    "facility_type":"clinic",
    "category":"診所",
    "name":"元順診所",
    "district_code":63000110,
    "district":"士林區",
    "address":"臺北市士林區德行西路１０６號",
    "source_dataset":"taipei_clinic"
    }
  },
  {
    "type": "Feature",
    "geometry": {
       "type": "Point",
       "coordinates":  [ 121.524474,25.09036536 ]
    },
    "properties": {
    "city":"taipei",
    "facility_type":"clinic",
    "category":"診所",
    "name":"惠周內兒科診所",
    "district_code":63000110,
    "district":"士林區",
    "address":"臺北市士林區大北路９６號１樓",
    "source_dataset":"taipei_clinic"
    }
  },
  {
    "type": "Feature",
    "geometry": {
       "type": "Point",
       "coordinates":  [ 121.5269446,25.10728518 ]
    },
    "properties": {
    "city":"taipei",
    "facility_type":"clinic",
    "category":"診所",
    "name":"何啟?診所",
    "district_code":63000110,
    "district":"士林區",
    "address":"臺北市士林區德行東路63號",
    "source_dataset":"taipei_clinic"
    }
  },
  {
    "type": "Feature",
    "geometry": {
       "type": "Point",
       "coordinates":  [ 121.5252597,25.0901352 ]
    },
    "properties": {
    "city":"taipei",
    "facility_type":"clinic",
    "category":"診所",
    "name":"陳剛朗耳鼻喉科診所",
    "district_code":63000110,
    "district":"士林區",
    "address":"臺北市士林區大北路６４號",
    "source_dataset":"taipei_clinic"
    }
  },
  {
    "type": "Feature",
    "geometry": {
       "type": "Point",
       "coordinates":  [ 121.5243807,25.09628821 ]
    },
    "properties": {
    "city":"taipei",
    "facility_type":"clinic",
    "category":"診所",
    "name":"士林眼科診所",
    "district_code":63000110,
    "district":"士林區",
    "address":"臺北市士林區文林路488之1號4樓",
    "source_dataset":"taipei_clinic"
    }
  },
  {
    "type": "Feature",
    "geometry": {
       "type": "Point",
       "coordinates":  [ 121.5281868,25.11557697 ]
    },
    "properties": {
    "city":"taipei",
    "facility_type":"clinic",
    "category":"診所",
    "name":"天母耳鼻喉科診所",
    "district_code":63000110,
    "district":"士林區",
    "address":"臺北市士林區中山北路六段７４４號",
    "source_dataset":"taipei_clinic"
    }
  },
  {
    "type": "Feature",
    "geometry": {
       "type": "Point",
       "coordinates":  [ 121.5213053,25.07953777 ]
    },
    "properties": {
    "city":"taipei",
    "facility_type":"clinic",
    "category":"診所",
    "name":"徐光輝診所",
    "district_code":63000110,
    "district":"士林區",
    "address":"臺北市士林區承德路四段１０巷８號",
    "source_dataset":"taipei_clinic"
    }
  },
  {
    "type": "Feature",
    "geometry": {
       "type": "Point",
       "coordinates":  [ 121.516872,25.11704163 ]
    },
    "properties": {
    "city":"taipei",
    "facility_type":"clinic",
    "category":"診所",
    "name":"何叔芳小兒科診所",
    "district_code":63000120,
    "district":"北投區",
    "address":"臺北市北投區石牌路2段90巷12號1樓",
    "source_dataset":"taipei_clinic"
    }
  },
  {
    "type": "Feature",
    "geometry": {
       "type": "Point",
       "coordinates":  [ 121.5104364,25.1118156 ]
    },
    "properties": {
    "city":"taipei",
    "facility_type":"clinic",
    "category":"診所",
    "name":"華榮診所",
    "district_code":63000120,
    "district":"北投區",
    "address":"臺北市北投區承德路七段90號2、3樓",
    "source_dataset":"taipei_clinic"
    }
  },
  {
    "type": "Feature",
    "geometry": {
       "type": "Point",
       "coordinates":  [ 121.510814,25.1133685 ]
    },
    "properties": {
    "city":"taipei",
    "facility_type":"clinic",
    "category":"診所",
    "name":"芯悅皮膚科診所",
    "district_code":63000120,
    "district":"北投區",
    "address":"臺北市北投區石牌路1段57號(1、2樓)",
    "source_dataset":"taipei_clinic"
    }
  },
  {
    "type": "Feature",
    "geometry": {
       "type": "Point",
       "coordinates":  [ 121.5167574,25.1183704 ]
    },
    "properties": {
    "city":"taipei",
    "facility_type":"clinic",
    "category":"診所",
    "name":"光明診所",
    "district_code":63000120,
    "district":"北投區",
    "address":"臺北市北投區石牌路2段99巷55號1、2樓",
    "source_dataset":"taipei_clinic"
    }
  },
  {
    "type": "Feature",
    "geometry": {
       "type": "Point",
       "coordinates":  [ 121.514563,25.1175365 ]
    },
    "properties": {
    "city":"taipei",
    "facility_type":"clinic",
    "category":"診所",
    "name":"石牌李診所",
    "district_code":63000120,
    "district":"北投區",
    "address":"臺北市北投區西安街一段二八一巷十五號",
    "source_dataset":"taipei_clinic"
    }
  },
  {
    "type": "Feature",
    "geometry": {
       "type": "Point",
       "coordinates":  [ 121.5161442,25.11154067 ]
    },
    "properties": {
    "city":"taipei",
    "facility_type":"clinic",
    "category":"診所",
    "name":"吉安診所",
    "district_code":63000120,
    "district":"北投區",
    "address":"臺北市北投區西安街一段２８１巷１８號",
    "source_dataset":"taipei_clinic"
    }
  },
  {
    "type": "Feature",
    "geometry": {
       "type": "Point",
       "coordinates":  [ 121.5014476,25.13220463 ]
    },
    "properties": {
    "city":"taipei",
    "facility_type":"clinic",
    "category":"診所",
    "name":"洪耳鼻喉科診所",
    "district_code":63000120,
    "district":"北投區",
    "address":"臺北市北投區中央南路一段43號",
    "source_dataset":"taipei_clinic"
    }
  },
  {
    "type": "Feature",
    "geometry": {
       "type": "Point",
       "coordinates":  [ 121.5165446,25.11099133 ]
    },
    "properties": {
    "city":"taipei",
    "facility_type":"clinic",
    "category":"診所",
    "name":"鄭素珠診所",
    "district_code":63000120,
    "district":"北投區",
    "address":"臺北市北投區自強街一五四號",
    "source_dataset":"taipei_clinic"
    }
  },
  {
    "type": "Feature",
    "geometry": {
       "type": "Point",
       "coordinates":  [ 121.5114009,25.11353597 ]
    },
    "properties": {
    "city":"taipei",
    "facility_type":"clinic",
    "category":"診所",
    "name":"蔡賡禧婦產科診所",
    "district_code":63000120,
    "district":"北投區",
    "address":"臺北市北投區石牌路一段72號",
    "source_dataset":"taipei_clinic"
    }
  },
  {
    "type": "Feature",
    "geometry": {
       "type": "Point",
       "coordinates":  [ 121.5160282,25.11657705 ]
    },
    "properties": {
    "city":"taipei",
    "facility_type":"clinic",
    "category":"診所",
    "name":"紀耳鼻喉科診所",
    "district_code":63000120,
    "district":"北投區",
    "address":"臺北市北投區石牌路2段55號2樓.57號.57號2樓",
    "source_dataset":"taipei_clinic"
    }
  },
  {
    "type": "Feature",
    "geometry": {
       "type": "Point",
       "coordinates":  [ 121.4989855,25.13527935 ]
    },
    "properties": {
    "city":"taipei",
    "facility_type":"clinic",
    "category":"診所",
    "name":"怡鳴眼科診所",
    "district_code":63000120,
    "district":"北投區",
    "address":"臺北市北投區中央北路一段一三六號一樓",
    "source_dataset":"taipei_clinic"
    }
  },
  {
    "type": "Feature",
    "geometry": {
       "type": "Point",
       "coordinates":  [ 121.5015233,25.13935199 ]
    },
    "properties": {
    "city":"taipei",
    "facility_type":"clinic",
    "category":"診所",
    "name":"大順耳鼻喉科診所",
    "district_code":63000120,
    "district":"北投區",
    "address":"臺北市北投區中和街二三六號一樓",
    "source_dataset":"taipei_clinic"
    }
  },
  {
    "type": "Feature",
    "geometry": {
       "type": "Point",
       "coordinates":  [ 121.5244653,25.12242521 ]
    },
    "properties": {
    "city":"taipei",
    "facility_type":"clinic",
    "category":"診所",
    "name":"張智郁婦產科診所",
    "district_code":63000120,
    "district":"北投區",
    "address":"臺北市北投區石牌路二段三三二之二號一樓",
    "source_dataset":"taipei_clinic"
    }
  },
  {
    "type": "Feature",
    "geometry": {
       "type": "Point",
       "coordinates":  [ 121.5196767,25.10945374 ]
    },
    "properties": {
    "city":"taipei",
    "facility_type":"clinic",
    "category":"診所",
    "name":"林文正耳鼻喉科診所",
    "district_code":63000120,
    "district":"北投區",
    "address":"臺北市北投區明德路92號1樓",
    "source_dataset":"taipei_clinic"
    }
  },
  {
    "type": "Feature",
    "geometry": {
       "type": "Point",
       "coordinates":  [ 121.4946968,25.13736295 ]
    },
    "properties": {
    "city":"taipei",
    "facility_type":"clinic",
    "category":"診所",
    "name":"揚名皮膚科診所",
    "district_code":63000120,
    "district":"北投區",
    "address":"臺北市北投區中央北路二段六六號",
    "source_dataset":"taipei_clinic"
    }
  },
  {
    "type": "Feature",
    "geometry": {
       "type": "Point",
       "coordinates":  [ 121.5107054,25.1131716 ]
    },
    "properties": {
    "city":"taipei",
    "facility_type":"clinic",
    "category":"診所",
    "name":"陳如芬眼科診所",
    "district_code":63000120,
    "district":"北投區",
    "address":"臺北市北投區石牌路一段50號(1、2樓)",
    "source_dataset":"taipei_clinic"
    }
  },
  {
    "type": "Feature",
    "geometry": {
       "type": "Point",
       "coordinates":  [ 121.5156675,25.11877313 ]
    },
    "properties": {
    "city":"taipei",
    "facility_type":"clinic",
    "category":"診所",
    "name":"泓光診所",
    "district_code":63000120,
    "district":"北投區",
    "address":"臺北市北投區立農街二段二八七號",
    "source_dataset":"taipei_clinic"
    }
  },
  {
    "type": "Feature",
    "geometry": {
       "type": "Point",
       "coordinates":  [ 121.5003685,25.14028591 ]
    },
    "properties": {
    "city":"taipei",
    "facility_type":"clinic",
    "category":"診所",
    "name":"蔡秉勳小兒科診所",
    "district_code":63000120,
    "district":"北投區",
    "address":"臺北市北投區中和街二八一號一樓",
    "source_dataset":"taipei_clinic"
    }
  },
  {
    "type": "Feature",
    "geometry": {
       "type": "Point",
       "coordinates":  [ 121.5013678,25.1314467 ]
    },
    "properties": {
    "city":"taipei",
    "facility_type":"clinic",
    "category":"診所",
    "name":"陳獻明小兒科診所",
    "district_code":63000120,
    "district":"北投區",
    "address":"臺北市北投區中央南路一段六十九號１樓",
    "source_dataset":"taipei_clinic"
    }
  },
  {
    "type": "Feature",
    "geometry": {
       "type": "Point",
       "coordinates":  [ 121.512213,25.1140321 ]
    },
    "properties": {
    "city":"taipei",
    "facility_type":"clinic",
    "category":"診所",
    "name":"邱耳鼻喉科診所",
    "district_code":63000120,
    "district":"北投區",
    "address":"臺北市北投區石牌路一段二十三號一、二樓",
    "source_dataset":"taipei_clinic"
    }
  },
  {
    "type": "Feature",
    "geometry": {
       "type": "Point",
       "coordinates":  [ 121.5011377,25.13381991 ]
    },
    "properties": {
    "city":"taipei",
    "facility_type":"clinic",
    "category":"診所",
    "name":"余世仁復健科診所",
    "district_code":63000120,
    "district":"北投區",
    "address":"臺北市北投區中央北路一段十號一樓",
    "source_dataset":"taipei_clinic"
    }
  },
  {
    "type": "Feature",
    "geometry": {
       "type": "Point",
       "coordinates":  [ 121.5117553,25.11392533 ]
    },
    "properties": {
    "city":"taipei",
    "facility_type":"clinic",
    "category":"診所",
    "name":"李伯匯小兒科診所",
    "district_code":63000120,
    "district":"北投區",
    "address":"臺北市北投區石牌路一段93號",
    "source_dataset":"taipei_clinic"
    }
  },
  {
    "type": "Feature",
    "geometry": {
       "type": "Point",
       "coordinates":  [ 121.5013459,25.128338 ]
    },
    "properties": {
    "city":"taipei",
    "facility_type":"clinic",
    "category":"診所",
    "name":"祐民聯合診所",
    "district_code":63000120,
    "district":"北投區",
    "address":"臺北市北投區中央南路一段207號1、2、3樓、211巷1、3號1、2、3樓、209號2、3樓",
    "source_dataset":"taipei_clinic"
    }
  },
  {
    "type": "Feature",
    "geometry": {
       "type": "Point",
       "coordinates":  [ 121.5012179,25.13309534 ]
    },
    "properties": {
    "city":"taipei",
    "facility_type":"clinic",
    "category":"診所",
    "name":"昱德聯合診所",
    "district_code":63000120,
    "district":"北投區",
    "address":"臺北市北投區光明路１０２號",
    "source_dataset":"taipei_clinic"
    }
  },
  {
    "type": "Feature",
    "geometry": {
       "type": "Point",
       "coordinates":  [ 121.5012034,25.13229244 ]
    },
    "properties": {
    "city":"taipei",
    "facility_type":"clinic",
    "category":"診所",
    "name":"佳韻婦產科診所",
    "district_code":63000120,
    "district":"北投區",
    "address":"臺北市北投區中央南路一段42號2樓",
    "source_dataset":"taipei_clinic"
    }
  },
  {
    "type": "Feature",
    "geometry": {
       "type": "Point",
       "coordinates":  [ 121.5015347,25.13285627 ]
    },
    "properties": {
    "city":"taipei",
    "facility_type":"clinic",
    "category":"診所",
    "name":"慈恩耳鼻喉科診所",
    "district_code":63000120,
    "district":"北投區",
    "address":"臺北市北投區中央南路一段十三號",
    "source_dataset":"taipei_clinic"
    }
  },
  {
    "type": "Feature",
    "geometry": {
       "type": "Point",
       "coordinates":  [ 121.5197629,25.10895633 ]
    },
    "properties": {
    "city":"taipei",
    "facility_type":"clinic",
    "category":"診所",
    "name":"美麗新卓玉麗皮膚科診所",
    "district_code":63000120,
    "district":"北投區",
    "address":"臺北市北投區東華街一段52號1樓，58號1樓",
    "source_dataset":"taipei_clinic"
    }
  },
  {
    "type": "Feature",
    "geometry": {
       "type": "Point",
       "coordinates":  [ 121.5012564,25.13309461 ]
    },
    "properties": {
    "city":"taipei",
    "facility_type":"clinic",
    "category":"診所",
    "name":"昱新眼科診所",
    "district_code":63000120,
    "district":"北投區",
    "address":"臺北市北投區光明路一○四號一樓",
    "source_dataset":"taipei_clinic"
    }
  },
  {
    "type": "Feature",
    "geometry": {
       "type": "Point",
       "coordinates":  [ 121.5186911,25.11050037 ]
    },
    "properties": {
    "city":"taipei",
    "facility_type":"clinic",
    "category":"診所",
    "name":"孫劍鴻眼科診所",
    "district_code":63000120,
    "district":"北投區",
    "address":"臺北市北投區東華街一段392號1樓",
    "source_dataset":"taipei_clinic"
    }
  },
  {
    "type": "Feature",
    "geometry": {
       "type": "Point",
       "coordinates":  [ 121.5013753,25.12880861 ]
    },
    "properties": {
    "city":"taipei",
    "facility_type":"clinic",
    "category":"診所",
    "name":"翰譽耳鼻喉科診所",
    "district_code":63000120,
    "district":"北投區",
    "address":"臺北市北投區中央南路一段189號",
    "source_dataset":"taipei_clinic"
    }
  },
  {
    "type": "Feature",
    "geometry": {
       "type": "Point",
       "coordinates":  [ 121.5076995,25.11486057 ]
    },
    "properties": {
    "city":"taipei",
    "facility_type":"clinic",
    "category":"診所",
    "name":"家福診所",
    "district_code":63000120,
    "district":"北投區",
    "address":"臺北市北投區實踐街13號",
    "source_dataset":"taipei_clinic"
    }
  },
  {
    "type": "Feature",
    "geometry": {
       "type": "Point",
       "coordinates":  [ 121.501335,25.12837928 ]
    },
    "properties": {
    "city":"taipei",
    "facility_type":"clinic",
    "category":"診所",
    "name":"王景平眼科診所",
    "district_code":63000120,
    "district":"北投區",
    "address":"臺北市北投區中央南路一段205號",
    "source_dataset":"taipei_clinic"
    }
  },
  {
    "type": "Feature",
    "geometry": {
       "type": "Point",
       "coordinates":  [ 121.5171474,25.11776122 ]
    },
    "properties": {
    "city":"taipei",
    "facility_type":"clinic",
    "category":"診所",
    "name":"劉明真皮膚科診所",
    "district_code":63000120,
    "district":"北投區",
    "address":"臺北市北投區石牌路二段116號2樓",
    "source_dataset":"taipei_clinic"
    }
  },
  {
    "type": "Feature",
    "geometry": {
       "type": "Point",
       "coordinates":  [ 121.5027353,25.13267344 ]
    },
    "properties": {
    "city":"taipei",
    "facility_type":"clinic",
    "category":"診所",
    "name":"臺北市立聯合醫院附設北投門診部",
    "district_code":63000120,
    "district":"北投區",
    "address":"臺北市北投區新市街30號5樓",
    "source_dataset":"taipei_clinic"
    }
  },
  {
    "type": "Feature",
    "geometry": {
       "type": "Point",
       "coordinates":  [ 121.4691859,25.12478926 ]
    },
    "properties": {
    "city":"taipei",
    "facility_type":"clinic",
    "category":"診所",
    "name":"和碩聯合科技股份有限公司附設醫務室",
    "district_code":63000120,
    "district":"北投區",
    "address":"臺北市北投區立功街76號5樓",
    "source_dataset":"taipei_clinic"
    }
  },
  {
    "type": "Feature",
    "geometry": {
       "type": "Point",
       "coordinates":  [ 121.5153138,25.11428828 ]
    },
    "properties": {
    "city":"taipei",
    "facility_type":"clinic",
    "category":"診所",
    "name":"黃正宏診所",
    "district_code":63000120,
    "district":"北投區",
    "address":"臺北市北投區西安街1段359號",
    "source_dataset":"taipei_clinic"
    }
  },
  {
    "type": "Feature",
    "geometry": {
       "type": "Point",
       "coordinates":  [ 121.502914,25.13532117 ]
    },
    "properties": {
    "city":"taipei",
    "facility_type":"clinic",
    "category":"診所",
    "name":"依嘉美時尚診所",
    "district_code":63000120,
    "district":"北投區",
    "address":"臺北市北投區光明路168號",
    "source_dataset":"taipei_clinic"
    }
  },
  {
    "type": "Feature",
    "geometry": {
       "type": "Point",
       "coordinates":  [ 121.5129577,25.11288402 ]
    },
    "properties": {
    "city":"taipei",
    "facility_type":"clinic",
    "category":"診所",
    "name":"宏恩兒科診所",
    "district_code":63000120,
    "district":"北投區",
    "address":"臺北市北投區致遠一路2段99號",
    "source_dataset":"taipei_clinic"
    }
  },
  {
    "type": "Feature",
    "geometry": {
       "type": "Point",
       "coordinates":  [ 121.505444,25.13600036 ]
    },
    "properties": {
    "city":"taipei",
    "facility_type":"clinic",
    "category":"診所",
    "name":"衡心診所",
    "district_code":63000120,
    "district":"北投區",
    "address":"臺北市北投區光明路226號2樓",
    "source_dataset":"taipei_clinic"
    }
  },
  {
    "type": "Feature",
    "geometry": {
       "type": "Point",
       "coordinates":  [ 121.500783,25.137539 ]
    },
    "properties": {
    "city":"taipei",
    "facility_type":"clinic",
    "category":"診所",
    "name":"弘德診所",
    "district_code":63000120,
    "district":"北投區",
    "address":"臺北市北投區雙全街64號1、2樓、66號1、2樓、68號1、2樓",
    "source_dataset":"taipei_clinic"
    }
  },
  {
    "type": "Feature",
    "geometry": {
       "type": "Point",
       "coordinates":  [ 121.5047521,25.11704673 ]
    },
    "properties": {
    "city":"taipei",
    "facility_type":"clinic",
    "category":"診所",
    "name":"崇德診所",
    "district_code":63000120,
    "district":"北投區",
    "address":"臺北市北投區承德路七段310號1樓(含夾層)",
    "source_dataset":"taipei_clinic"
    }
  },
  {
    "type": "Feature",
    "geometry": {
       "type": "Point",
       "coordinates":  [ 121.51814,25.11020989 ]
    },
    "properties": {
    "city":"taipei",
    "facility_type":"clinic",
    "category":"診所",
    "name":"李承鴻皮膚科診所",
    "district_code":63000120,
    "district":"北投區",
    "address":"臺北市北投區西安街1段187號1樓、189號1樓、2樓、2樓之1",
    "source_dataset":"taipei_clinic"
    }
  },
  {
    "type": "Feature",
    "geometry": {
       "type": "Point",
       "coordinates":  [ 121.5160282,25.11657705 ]
    },
    "properties": {
    "city":"taipei",
    "facility_type":"clinic",
    "category":"診所",
    "name":"紀皮膚科診所",
    "district_code":63000120,
    "district":"北投區",
    "address":"臺北市北投區石牌路2段55號2樓.57號.57號2樓",
    "source_dataset":"taipei_clinic"
    }
  },
  {
    "type": "Feature",
    "geometry": {
       "type": "Point",
       "coordinates":  [ 121.5219013,25.1153718 ]
    },
    "properties": {
    "city":"taipei",
    "facility_type":"clinic",
    "category":"診所",
    "name":"靚亮診所",
    "district_code":63000120,
    "district":"北投區",
    "address":"臺北市北投區明德路312號(實際使用1樓、地下1樓)",
    "source_dataset":"taipei_clinic"
    }
  },
  {
    "type": "Feature",
    "geometry": {
       "type": "Point",
       "coordinates":  [ 121.4983375,25.13565049 ]
    },
    "properties": {
    "city":"taipei",
    "facility_type":"clinic",
    "category":"診所",
    "name":"黃浩魁小兒科診所",
    "district_code":63000120,
    "district":"北投區",
    "address":"臺北市北投區中央北路一段168號",
    "source_dataset":"taipei_clinic"
    }
  },
  {
    "type": "Feature",
    "geometry": {
       "type": "Point",
       "coordinates":  [ 121.5176365,25.11456024 ]
    },
    "properties": {
    "city":"taipei",
    "facility_type":"clinic",
    "category":"診所",
    "name":"辰筠時尚診所",
    "district_code":63000120,
    "district":"北投區",
    "address":"臺北市北投區裕民六路120號5樓C",
    "source_dataset":"taipei_clinic"
    }
  },
  {
    "type": "Feature",
    "geometry": {
       "type": "Point",
       "coordinates":  [ 121.5204133,25.1100688 ]
    },
    "properties": {
    "city":"taipei",
    "facility_type":"clinic",
    "category":"診所",
    "name":"陳柏宏親子診所",
    "district_code":63000120,
    "district":"北投區",
    "address":"臺北市北投區明德路124號",
    "source_dataset":"taipei_clinic"
    }
  },
  {
    "type": "Feature",
    "geometry": {
       "type": "Point",
       "coordinates":  [ 121.5200328,25.10972785 ]
    },
    "properties": {
    "city":"taipei",
    "facility_type":"clinic",
    "category":"診所",
    "name":"陳信方小兒科診所",
    "district_code":63000120,
    "district":"北投區",
    "address":"臺北市北投區明德路106號",
    "source_dataset":"taipei_clinic"
    }
  },
  {
    "type": "Feature",
    "geometry": {
       "type": "Point",
       "coordinates":  [ 121.5013711,25.128752 ]
    },
    "properties": {
    "city":"taipei",
    "facility_type":"clinic",
    "category":"診所",
    "name":"奇岩身心診所",
    "district_code":63000120,
    "district":"北投區",
    "address":"臺北市北投區中央南路一段191、193號",
    "source_dataset":"taipei_clinic"
    }
  },
  {
    "type": "Feature",
    "geometry": {
       "type": "Point",
       "coordinates":  [ 121.5008888,25.1290682 ]
    },
    "properties": {
    "city":"taipei",
    "facility_type":"clinic",
    "category":"診所",
    "name":"北投骨科診所",
    "district_code":63000120,
    "district":"北投區",
    "address":"臺北市北投區中央南路一段176、178號",
    "source_dataset":"taipei_clinic"
    }
  },
  {
    "type": "Feature",
    "geometry": {
       "type": "Point",
       "coordinates":  [ 121.5136714,25.1141133 ]
    },
    "properties": {
    "city":"taipei",
    "facility_type":"clinic",
    "category":"診所",
    "name":"陽明診所",
    "district_code":63000120,
    "district":"北投區",
    "address":"臺北市北投區石牌路一段166巷20號1、2樓及22號1、2樓。",
    "source_dataset":"taipei_clinic"
    }
  },
  {
    "type": "Feature",
    "geometry": {
       "type": "Point",
       "coordinates":  [ 121.4848717,25.13784732 ]
    },
    "properties": {
    "city":"taipei",
    "facility_type":"clinic",
    "category":"診所",
    "name":"慧捷診所",
    "district_code":63000120,
    "district":"北投區",
    "address":"臺北市北投區中央北路三段59號",
    "source_dataset":"taipei_clinic"
    }
  },
  {
    "type": "Feature",
    "geometry": {
       "type": "Point",
       "coordinates":  [ 121.5131466,25.11427336 ]
    },
    "properties": {
    "city":"taipei",
    "facility_type":"clinic",
    "category":"診所",
    "name":"台北欣安耳鼻喉科診所",
    "district_code":63000120,
    "district":"北投區",
    "address":"臺北市北投區石牌路一段152號",
    "source_dataset":"taipei_clinic"
    }
  },
  {
    "type": "Feature",
    "geometry": {
       "type": "Point",
       "coordinates":  [ 121.5176739,25.11473477 ]
    },
    "properties": {
    "city":"taipei",
    "facility_type":"clinic",
    "category":"診所",
    "name":"劉怜瑛眼科診所",
    "district_code":63000120,
    "district":"北投區",
    "address":"臺北市北投區裕民六路126號",
    "source_dataset":"taipei_clinic"
    }
  },
  {
    "type": "Feature",
    "geometry": {
       "type": "Point",
       "coordinates":  [ 121.5007981,25.13404578 ]
    },
    "properties": {
    "city":"taipei",
    "facility_type":"clinic",
    "category":"診所",
    "name":"黃郁琳皮膚科診所",
    "district_code":63000120,
    "district":"北投區",
    "address":"臺北市北投區中央北路1段42號",
    "source_dataset":"taipei_clinic"
    }
  },
  {
    "type": "Feature",
    "geometry": {
       "type": "Point",
       "coordinates":  [ 121.4674609,25.1215851 ]
    },
    "properties": {
    "city":"taipei",
    "facility_type":"clinic",
    "category":"診所",
    "name":"真漾美診所",
    "district_code":63000120,
    "district":"北投區",
    "address":"臺北市北投區知行路282號(2樓)、284號(2樓)",
    "source_dataset":"taipei_clinic"
    }
  },
  {
    "type": "Feature",
    "geometry": {
       "type": "Point",
       "coordinates":  [ 121.5153553,25.1142551 ]
    },
    "properties": {
    "city":"taipei",
    "facility_type":"clinic",
    "category":"診所",
    "name":"倍視眼科診所",
    "district_code":63000120,
    "district":"北投區",
    "address":"臺北市北投區西安街一段357號(實際使用:1樓)",
    "source_dataset":"taipei_clinic"
    }
  },
  {
    "type": "Feature",
    "geometry": {
       "type": "Point",
       "coordinates":  [ 121.5102243,25.11391697 ]
    },
    "properties": {
    "city":"taipei",
    "facility_type":"clinic",
    "category":"診所",
    "name":"晟幸診所",
    "district_code":63000120,
    "district":"北投區",
    "address":"臺北市北投區石牌路一段71巷9弄19號1樓、19之1號(1樓)",
    "source_dataset":"taipei_clinic"
    }
  },
  {
    "type": "Feature",
    "geometry": {
       "type": "Point",
       "coordinates":  [ 121.5110156,25.1135643 ]
    },
    "properties": {
    "city":"taipei",
    "facility_type":"clinic",
    "category":"診所",
    "name":"石牌鄭身心醫學診所",
    "district_code":63000120,
    "district":"北投區",
    "address":"臺北市北投區石牌路一段69號(實際使用:1、2樓)",
    "source_dataset":"taipei_clinic"
    }
  },
  {
    "type": "Feature",
    "geometry": {
       "type": "Point",
       "coordinates":  [ 121.475307,25.1328975 ]
    },
    "properties": {
    "city":"taipei",
    "facility_type":"clinic",
    "category":"診所",
    "name":"和新診所",
    "district_code":63000120,
    "district":"北投區",
    "address":"臺北市北投區中央北路1段2號(9樓、10樓)",
    "source_dataset":"taipei_clinic"
    }
  },
  {
    "type": "Feature",
    "geometry": {
       "type": "Point",
       "coordinates":  [ 121.4997999,25.13472579 ]
    },
    "properties": {
    "city":"taipei",
    "facility_type":"clinic",
    "category":"診所",
    "name":"鄭宇廷耳鼻喉科診所",
    "district_code":63000120,
    "district":"北投區",
    "address":"臺北市北投區中央北路一段94號",
    "source_dataset":"taipei_clinic"
    }
  },
  {
    "type": "Feature",
    "geometry": {
       "type": "Point",
       "coordinates":  [ 121.5168872,25.1149909 ]
    },
    "properties": {
    "city":"taipei",
    "facility_type":"clinic",
    "category":"診所",
    "name":"川柳紀念外科診所",
    "district_code":63000120,
    "district":"北投區",
    "address":"臺北市北投區裕民二路45號",
    "source_dataset":"taipei_clinic"
    }
  },
  {
    "type": "Feature",
    "geometry": {
       "type": "Point",
       "coordinates":  [ 121.5169895,25.11108957 ]
    },
    "properties": {
    "city":"taipei",
    "facility_type":"clinic",
    "category":"診所",
    "name":"榮陽安心診所",
    "district_code":63000120,
    "district":"北投區",
    "address":"臺北市北投區自強街168號",
    "source_dataset":"taipei_clinic"
    }
  },
  {
    "type": "Feature",
    "geometry": {
       "type": "Point",
       "coordinates":  [ 121.5225601,25.118915 ]
    },
    "properties": {
    "city":"taipei",
    "facility_type":"clinic",
    "category":"診所",
    "name":"如翊健康診所",
    "district_code":63000120,
    "district":"北投區",
    "address":"臺北市北投區天母西路126號、128號、128之1號",
    "source_dataset":"taipei_clinic"
    }
  },
  {
    "type": "Feature",
    "geometry": {
       "type": "Point",
       "coordinates":  [ 121.5104796,25.1130411 ]
    },
    "properties": {
    "city":"taipei",
    "facility_type":"clinic",
    "category":"診所",
    "name":"旭康復健科診所",
    "district_code":63000120,
    "district":"北投區",
    "address":"臺北市北投區石牌路一段40號(實際使用:1、2、3樓)",
    "source_dataset":"taipei_clinic"
    }
  },
  {
    "type": "Feature",
    "geometry": {
       "type": "Point",
       "coordinates":  [ 121.5205735,25.1111579 ]
    },
    "properties": {
    "city":"taipei",
    "facility_type":"clinic",
    "category":"診所",
    "name":"常哲診所",
    "district_code":63000120,
    "district":"北投區",
    "address":"臺北市北投區明德路157之4號(實際使用:1樓)",
    "source_dataset":"taipei_clinic"
    }
  },
  {
    "type": "Feature",
    "geometry": {
       "type": "Point",
       "coordinates":  [ 121.4994994,25.13161315 ]
    },
    "properties": {
    "city":"taipei",
    "facility_type":"clinic",
    "category":"診所",
    "name":"北辰身心醫學診所",
    "district_code":63000120,
    "district":"北投區",
    "address":"臺北市北投區光明路2巷9之3號1樓、9之3號2樓",
    "source_dataset":"taipei_clinic"
    }
  },
  {
    "type": "Feature",
    "geometry": {
       "type": "Point",
       "coordinates":  [ 121.5192841,25.10965112 ]
    },
    "properties": {
    "city":"taipei",
    "facility_type":"clinic",
    "category":"診所",
    "name":"臻心復健科診所",
    "district_code":63000120,
    "district":"北投區",
    "address":"臺北市北投區東華街1段360號1樓、370號(1、2樓)、372號(1、2樓)及376號(1、2樓)",
    "source_dataset":"taipei_clinic"
    }
  },
  {
    "type": "Feature",
    "geometry": {
       "type": "Point",
       "coordinates":  [ 121.5256312,25.12351495 ]
    },
    "properties": {
    "city":"taipei",
    "facility_type":"clinic",
    "category":"診所",
    "name":"牛津眼科診所",
    "district_code":63000120,
    "district":"北投區",
    "address":"臺北市北投區石牌路2段364號1樓及366號1樓",
    "source_dataset":"taipei_clinic"
    }
  },
  {
    "type": "Feature",
    "geometry": {
       "type": "Point",
       "coordinates":  [ 121.5142214,25.1104809 ]
    },
    "properties": {
    "city":"taipei",
    "facility_type":"clinic",
    "category":"診所",
    "name":"橙品耳鼻喉科診所",
    "district_code":63000120,
    "district":"北投區",
    "address":"臺北市北投區自強街70號1樓",
    "source_dataset":"taipei_clinic"
    }
  },
  {
    "type": "Feature",
    "geometry": {
       "type": "Point",
       "coordinates":  [ 121.5128171,25.11306117 ]
    },
    "properties": {
    "city":"taipei",
    "facility_type":"clinic",
    "category":"診所",
    "name":"心樂是診所",
    "district_code":63000120,
    "district":"北投區",
    "address":"臺北市北投區致遠一路2段105號1樓",
    "source_dataset":"taipei_clinic"
    }
  },
  {
    "type": "Feature",
    "geometry": {
       "type": "Point",
       "coordinates":  [ 121.5210206,25.1185042 ]
    },
    "properties": {
    "city":"taipei",
    "facility_type":"clinic",
    "category":"診所",
    "name":"天母力康診所",
    "district_code":63000120,
    "district":"北投區",
    "address":"臺北市北投區明德路365號(教學研究綜合大樓3樓)",
    "source_dataset":"taipei_clinic"
    }
  },
  {
    "type": "Feature",
    "geometry": {
       "type": "Point",
       "coordinates":  [ 121.5248746,25.1229365 ]
    },
    "properties": {
    "city":"taipei",
    "facility_type":"clinic",
    "category":"診所",
    "name":"文遠診所",
    "district_code":63000120,
    "district":"北投區",
    "address":"臺北市北投區石牌路2段346號(1、2樓)",
    "source_dataset":"taipei_clinic"
    }
  },
  {
    "type": "Feature",
    "geometry": {
       "type": "Point",
       "coordinates":  [ 121.4676497,25.12769917 ]
    },
    "properties": {
    "city":"taipei",
    "facility_type":"clinic",
    "category":"診所",
    "name":"和勤診所",
    "district_code":63000120,
    "district":"北投區",
    "address":"臺北市北投區中央北路4段543號1樓",
    "source_dataset":"taipei_clinic"
    }
  },
  {
    "type": "Feature",
    "geometry": {
       "type": "Point",
       "coordinates":  [ 121.5014269,25.1319197 ]
    },
    "properties": {
    "city":"taipei",
    "facility_type":"clinic",
    "category":"診所",
    "name":"豪康診所",
    "district_code":63000120,
    "district":"北投區",
    "address":"臺北市北投區中央南路一段57號2樓",
    "source_dataset":"taipei_clinic"
    }
  },
  {
    "type": "Feature",
    "geometry": {
       "type": "Point",
       "coordinates":  [ 121.5135875,25.10915962 ]
    },
    "properties": {
    "city":"taipei",
    "facility_type":"clinic",
    "category":"診所",
    "name":"石牌實和復健診所",
    "district_code":63000120,
    "district":"北投區",
    "address":"臺北市北投區文林北路256號2樓、258號2樓、260號2樓及262號1樓",
    "source_dataset":"taipei_clinic"
    }
  },
  {
    "type": "Feature",
    "geometry": {
       "type": "Point",
       "coordinates":  [ 121.5157333,25.1071104 ]
    },
    "properties": {
    "city":"taipei",
    "facility_type":"clinic",
    "category":"診所",
    "name":"一耀診所",
    "district_code":63000120,
    "district":"北投區",
    "address":"臺北市北投區文林北路186號1、2樓",
    "source_dataset":"taipei_clinic"
    }
  },
  {
    "type": "Feature",
    "geometry": {
       "type": "Point",
       "coordinates":  [ 121.523008,25.11876204 ]
    },
    "properties": {
    "city":"taipei",
    "facility_type":"clinic",
    "category":"診所",
    "name":"莊其穆教授婦女醫學診所",
    "district_code":63000120,
    "district":"北投區",
    "address":"臺北市北投區天母西路116號1樓及2樓",
    "source_dataset":"taipei_clinic"
    }
  },
  {
    "type": "Feature",
    "geometry": {
       "type": "Point",
       "coordinates":  [ 121.5146867,25.1106413 ]
    },
    "properties": {
    "city":"taipei",
    "facility_type":"clinic",
    "category":"診所",
    "name":"泰隆診所",
    "district_code":63000120,
    "district":"北投區",
    "address":"臺北市北投區自強街一四一巷十九號",
    "source_dataset":"taipei_clinic"
    }
  },
  {
    "type": "Feature",
    "geometry": {
       "type": "Point",
       "coordinates":  [ 121.4982307,25.13570295 ]
    },
    "properties": {
    "city":"taipei",
    "facility_type":"clinic",
    "category":"診所",
    "name":"永安家庭醫學科診所",
    "district_code":63000120,
    "district":"北投區",
    "address":"臺北市北投區中央北路一段172號(實際使用：一、二層)",
    "source_dataset":"taipei_clinic"
    }
  },
  {
    "type": "Feature",
    "geometry": {
       "type": "Point",
       "coordinates":  [ 121.506988,25.1176214 ]
    },
    "properties": {
    "city":"taipei",
    "facility_type":"clinic",
    "category":"診所",
    "name":"宏德診所．",
    "district_code":63000120,
    "district":"北投區",
    "address":"臺北市北投區尊賢街二七二號",
    "source_dataset":"taipei_clinic"
    }
  },
  {
    "type": "Feature",
    "geometry": {
       "type": "Point",
       "coordinates":  [ 121.510864,25.11317 ]
    },
    "properties": {
    "city":"taipei",
    "facility_type":"clinic",
    "category":"診所",
    "name":"鄭紹沂神經科診所",
    "district_code":63000120,
    "district":"北投區",
    "address":"臺北市北投區石牌路一段54號、54號2樓及56號",
    "source_dataset":"taipei_clinic"
    }
  },
  {
    "type": "Feature",
    "geometry": {
       "type": "Point",
       "coordinates":  [ 121.4944799,25.1371673 ]
    },
    "properties": {
    "city":"taipei",
    "facility_type":"clinic",
    "category":"診所",
    "name":"長宏診所",
    "district_code":63000120,
    "district":"北投區",
    "address":"臺北市北投區中央北路二段一二一號一樓",
    "source_dataset":"taipei_clinic"
    }
  },
  {
    "type": "Feature",
    "geometry": {
       "type": "Point",
       "coordinates":  [ 121.467284,25.120377 ]
    },
    "properties": {
    "city":"taipei",
    "facility_type":"clinic",
    "category":"診所",
    "name":"杏華診所",
    "district_code":63000120,
    "district":"北投區",
    "address":"臺北市北投區知行路218號(實際使用:1樓)",
    "source_dataset":"taipei_clinic"
    }
  },
  {
    "type": "Feature",
    "geometry": {
       "type": "Point",
       "coordinates":  [ 121.5006915,25.14016171 ]
    },
    "properties": {
    "city":"taipei",
    "facility_type":"clinic",
    "category":"診所",
    "name":"清田婦產科家醫科診所",
    "district_code":63000120,
    "district":"北投區",
    "address":"臺北市北投區中和街二六八號",
    "source_dataset":"taipei_clinic"
    }
  },
  {
    "type": "Feature",
    "geometry": {
       "type": "Point",
       "coordinates":  [ 121.5026419,25.13500105 ]
    },
    "properties": {
    "city":"taipei",
    "facility_type":"clinic",
    "category":"診所",
    "name":"張參雄診所",
    "district_code":63000120,
    "district":"北投區",
    "address":"臺北市北投區光明路166號(1、2層)、166-1號(1、2、3層)、166-2號(2、3層)",
    "source_dataset":"taipei_clinic"
    }
  },
  {
    "type": "Feature",
    "geometry": {
       "type": "Point",
       "coordinates":  [ 121.5024566,25.1345726 ]
    },
    "properties": {
    "city":"taipei",
    "facility_type":"clinic",
    "category":"診所",
    "name":"台新診所",
    "district_code":63000120,
    "district":"北投區",
    "address":"臺北市北投區光明路１４５號１樓",
    "source_dataset":"taipei_clinic"
    }
  },
  {
    "type": "Feature",
    "geometry": {
       "type": "Point",
       "coordinates":  [ 121.5176365,25.11456024 ]
    },
    "properties": {
    "city":"taipei",
    "facility_type":"clinic",
    "category":"診所",
    "name":"文林診所",
    "district_code":63000120,
    "district":"北投區",
    "address":"臺北市北投區裕民六路120號2樓",
    "source_dataset":"taipei_clinic"
    }
  },
  {
    "type": "Feature",
    "geometry": {
       "type": "Point",
       "coordinates":  [ 121.4950891,25.1371723 ]
    },
    "properties": {
    "city":"taipei",
    "facility_type":"clinic",
    "category":"診所",
    "name":"萬泰診所",
    "district_code":63000120,
    "district":"北投區",
    "address":"臺北市北投區中央北路二段五二號一樓",
    "source_dataset":"taipei_clinic"
    }
  },
  {
    "type": "Feature",
    "geometry": {
       "type": "Point",
       "coordinates":  [ 121.5090456,25.11513589 ]
    },
    "properties": {
    "city":"taipei",
    "facility_type":"clinic",
    "category":"診所",
    "name":"王志靈診所",
    "district_code":63000120,
    "district":"北投區",
    "address":"臺北市北投區實踐街44號",
    "source_dataset":"taipei_clinic"
    }
  },
  {
    "type": "Feature",
    "geometry": {
       "type": "Point",
       "coordinates":  [ 121.5124909,25.118302 ]
    },
    "properties": {
    "city":"taipei",
    "facility_type":"clinic",
    "category":"診所",
    "name":"惠康診所",
    "district_code":63000120,
    "district":"北投區",
    "address":"臺北市北投區西安街二段113號(實際使用:1樓)",
    "source_dataset":"taipei_clinic"
    }
  },
  {
    "type": "Feature",
    "geometry": {
       "type": "Point",
       "coordinates":  [ 121.520212,25.1098437 ]
    },
    "properties": {
    "city":"taipei",
    "facility_type":"clinic",
    "category":"診所",
    "name":"采新整形外科診所",
    "district_code":63000120,
    "district":"北投區",
    "address":"臺北市北投區明德路114、116號2樓",
    "source_dataset":"taipei_clinic"
    }
  },
  {
    "type": "Feature",
    "geometry": {
       "type": "Point",
       "coordinates":  [ 121.5149753,25.11063686 ]
    },
    "properties": {
    "city":"taipei",
    "facility_type":"clinic",
    "category":"診所",
    "name":"王永良診所",
    "district_code":63000120,
    "district":"北投區",
    "address":"臺北市北投區自強街九十四號",
    "source_dataset":"taipei_clinic"
    }
  },
  {
    "type": "Feature",
    "geometry": {
       "type": "Point",
       "coordinates":  [ 121.501155,25.12956285 ]
    },
    "properties": {
    "city":"taipei",
    "facility_type":"clinic",
    "category":"診所",
    "name":"張晉豪診所",
    "district_code":63000120,
    "district":"北投區",
    "address":"臺北市北投區中央南路一段155號",
    "source_dataset":"taipei_clinic"
    }
  },
  {
    "type": "Feature",
    "geometry": {
       "type": "Point",
       "coordinates":  [ 121.5012612,25.12889039 ]
    },
    "properties": {
    "city":"taipei",
    "facility_type":"clinic",
    "category":"診所",
    "name":"洪志淳皮膚科診所",
    "district_code":63000120,
    "district":"北投區",
    "address":"臺北市北投區中央南路一段185號1樓",
    "source_dataset":"taipei_clinic"
    }
  },
  {
    "type": "Feature",
    "geometry": {
       "type": "Point",
       "coordinates":  [ 121.5143722,25.11051265 ]
    },
    "properties": {
    "city":"taipei",
    "facility_type":"clinic",
    "category":"診所",
    "name":"康田診所",
    "district_code":63000120,
    "district":"北投區",
    "address":"臺北市北投區自強街76號",
    "source_dataset":"taipei_clinic"
    }
  },
  {
    "type": "Feature",
    "geometry": {
       "type": "Point",
       "coordinates":  [ 121.4987237,25.13067225 ]
    },
    "properties": {
    "city":"taipei",
    "facility_type":"clinic",
    "category":"診所",
    "name":"承新診所",
    "district_code":63000120,
    "district":"北投區",
    "address":"臺北市北投區北投路二段11號",
    "source_dataset":"taipei_clinic"
    }
  },
  {
    "type": "Feature",
    "geometry": {
       "type": "Point",
       "coordinates":  [ 121.5236089,25.12205249 ]
    },
    "properties": {
    "city":"taipei",
    "facility_type":"clinic",
    "category":"診所",
    "name":"潔生診所",
    "district_code":63000120,
    "district":"北投區",
    "address":"臺北市北投區石牌路二段321號",
    "source_dataset":"taipei_clinic"
    }
  },
  {
    "type": "Feature",
    "geometry": {
       "type": "Point",
       "coordinates":  [ 121.5187205,25.10892536 ]
    },
    "properties": {
    "city":"taipei",
    "facility_type":"clinic",
    "category":"診所",
    "name":"陳珀勳診所",
    "district_code":63000120,
    "district":"北投區",
    "address":"臺北市北投區明德路85號",
    "source_dataset":"taipei_clinic"
    }
  },
  {
    "type": "Feature",
    "geometry": {
       "type": "Point",
       "coordinates":  [ 121.6050904,25.07322148 ]
    },
    "properties": {
    "city":"taipei",
    "facility_type":"clinic",
    "category":"診所",
    "name":"東成診所",
    "district_code":63000100,
    "district":"內湖區",
    "address":"臺北市內湖區民權東路六段495號２樓之1、之2，495號4樓",
    "source_dataset":"taipei_clinic"
    }
  },
  {
    "type": "Feature",
    "geometry": {
       "type": "Point",
       "coordinates":  [ 121.5919557,25.08199427 ]
    },
    "properties": {
    "city":"taipei",
    "facility_type":"clinic",
    "category":"診所",
    "name":"吳振光眼科診所",
    "district_code":63000100,
    "district":"內湖區",
    "address":"臺北市內湖區成功路四段四十二號三樓、五樓",
    "source_dataset":"taipei_clinic"
    }
  },
  {
    "type": "Feature",
    "geometry": {
       "type": "Point",
       "coordinates":  [ 121.5923231,25.08378824 ]
    },
    "properties": {
    "city":"taipei",
    "facility_type":"clinic",
    "category":"診所",
    "name":"立安診所",
    "district_code":63000100,
    "district":"內湖區",
    "address":"臺北市內湖區內湖路二段３６５號１樓",
    "source_dataset":"taipei_clinic"
    }
  },
  {
    "type": "Feature",
    "geometry": {
       "type": "Point",
       "coordinates":  [ 121.6166862,25.06801111 ]
    },
    "properties": {
    "city":"taipei",
    "facility_type":"clinic",
    "category":"診所",
    "name":"藍曾小兒科診所",
    "district_code":63000100,
    "district":"內湖區",
    "address":"臺北市內湖區東湖路１３２號",
    "source_dataset":"taipei_clinic"
    }
  },
  {
    "type": "Feature",
    "geometry": {
       "type": "Point",
       "coordinates":  [ 121.5914888,25.08154244 ]
    },
    "properties": {
    "city":"taipei",
    "facility_type":"clinic",
    "category":"診所",
    "name":"顏鳳麟婦產科診所",
    "district_code":63000100,
    "district":"內湖區",
    "address":"臺北市內湖區成功路四段28號2樓",
    "source_dataset":"taipei_clinic"
    }
  },
  {
    "type": "Feature",
    "geometry": {
       "type": "Point",
       "coordinates":  [ 121.6123575,25.06866178 ]
    },
    "properties": {
    "city":"taipei",
    "facility_type":"clinic",
    "category":"診所",
    "name":"汎美皮膚科診所",
    "district_code":63000100,
    "district":"內湖區",
    "address":"臺北市內湖區東湖路4號1樓",
    "source_dataset":"taipei_clinic"
    }
  },
  {
    "type": "Feature",
    "geometry": {
       "type": "Point",
       "coordinates":  [ 121.6168857,25.0681825 ]
    },
    "properties": {
    "city":"taipei",
    "facility_type":"clinic",
    "category":"診所",
    "name":"東湖眼科診所",
    "district_code":63000100,
    "district":"內湖區",
    "address":"臺北市內湖區東湖路137號",
    "source_dataset":"taipei_clinic"
    }
  },
  {
    "type": "Feature",
    "geometry": {
       "type": "Point",
       "coordinates":  [ 121.5908237,25.08090677 ]
    },
    "properties": {
    "city":"taipei",
    "facility_type":"clinic",
    "category":"診所",
    "name":"麗心診所",
    "district_code":63000100,
    "district":"內湖區",
    "address":"臺北市內湖區成功路四段2號3樓、6號3樓",
    "source_dataset":"taipei_clinic"
    }
  },
  {
    "type": "Feature",
    "geometry": {
       "type": "Point",
       "coordinates":  [ 121.6171427,25.06790027 ]
    },
    "properties": {
    "city":"taipei",
    "facility_type":"clinic",
    "category":"診所",
    "name":"東湖謝耳鼻喉科診所",
    "district_code":63000100,
    "district":"內湖區",
    "address":"臺北市內湖區東湖路148號",
    "source_dataset":"taipei_clinic"
    }
  },
  {
    "type": "Feature",
    "geometry": {
       "type": "Point",
       "coordinates":  [ 121.592227,25.08180377 ]
    },
    "properties": {
    "city":"taipei",
    "facility_type":"clinic",
    "category":"診所",
    "name":"湖光皮膚專科診所",
    "district_code":63000100,
    "district":"內湖區",
    "address":"臺北市內湖區成功路4段59之1號3樓",
    "source_dataset":"taipei_clinic"
    }
  },
  {
    "type": "Feature",
    "geometry": {
       "type": "Point",
       "coordinates":  [ 121.5933205,25.08100784 ]
    },
    "properties": {
    "city":"taipei",
    "facility_type":"clinic",
    "category":"診所",
    "name":"林孟勳診所",
    "district_code":63000100,
    "district":"內湖區",
    "address":"臺北市內湖區成功路四段61巷32弄2號1樓",
    "source_dataset":"taipei_clinic"
    }
  },
  {
    "type": "Feature",
    "geometry": {
       "type": "Point",
       "coordinates":  [ 121.6173914,25.06810172 ]
    },
    "properties": {
    "city":"taipei",
    "facility_type":"clinic",
    "category":"診所",
    "name":"東湖皮膚專科診所",
    "district_code":63000100,
    "district":"內湖區",
    "address":"臺北市內湖區東湖路153號",
    "source_dataset":"taipei_clinic"
    }
  },
  {
    "type": "Feature",
    "geometry": {
       "type": "Point",
       "coordinates":  [ 121.5927609,25.08170179 ]
    },
    "properties": {
    "city":"taipei",
    "facility_type":"clinic",
    "category":"診所",
    "name":"成安耳鼻喉科診所",
    "district_code":63000100,
    "district":"內湖區",
    "address":"臺北市內湖區成功路四段61巷10號",
    "source_dataset":"taipei_clinic"
    }
  },
  {
    "type": "Feature",
    "geometry": {
       "type": "Point",
       "coordinates":  [ 121.5783003,25.07820525 ]
    },
    "properties": {
    "city":"taipei",
    "facility_type":"clinic",
    "category":"診所",
    "name":"薈安診所",
    "district_code":63000100,
    "district":"內湖區",
    "address":"臺北市內湖區江南街6號",
    "source_dataset":"taipei_clinic"
    }
  },
  {
    "type": "Feature",
    "geometry": {
       "type": "Point",
       "coordinates":  [ 121.5902381,25.08032721 ]
    },
    "properties": {
    "city":"taipei",
    "facility_type":"clinic",
    "category":"診所",
    "name":"成功復健科診所",
    "district_code":63000100,
    "district":"內湖區",
    "address":"臺北市內湖區成功路3段162之1號1樓、164號1樓、164之1號1樓、166之1號1樓",
    "source_dataset":"taipei_clinic"
    }
  },
  {
    "type": "Feature",
    "geometry": {
       "type": "Point",
       "coordinates":  [ 121.6095827,25.0713795 ]
    },
    "properties": {
    "city":"taipei",
    "facility_type":"clinic",
    "category":"診所",
    "name":"祐生復健科診所",
    "district_code":63000100,
    "district":"內湖區",
    "address":"臺北市內湖區康寧路三段54之7號、54之11號",
    "source_dataset":"taipei_clinic"
    }
  },
  {
    "type": "Feature",
    "geometry": {
       "type": "Point",
       "coordinates":  [ 121.5834976,25.07787385 ]
    },
    "properties": {
    "city":"taipei",
    "facility_type":"clinic",
    "category":"診所",
    "name":"紫陽復健科診所",
    "district_code":63000100,
    "district":"內湖區",
    "address":"臺北市內湖區文德路208巷8號1樓、地下一樓",
    "source_dataset":"taipei_clinic"
    }
  },
  {
    "type": "Feature",
    "geometry": {
       "type": "Point",
       "coordinates":  [ 121.5705329,25.08189415 ]
    },
    "properties": {
    "city":"taipei",
    "facility_type":"clinic",
    "category":"診所",
    "name":"加安耳鼻喉科診所",
    "district_code":63000100,
    "district":"內湖區",
    "address":"臺北市內湖區內湖路1段401號1樓",
    "source_dataset":"taipei_clinic"
    }
  },
  {
    "type": "Feature",
    "geometry": {
       "type": "Point",
       "coordinates":  [ 121.5630558,25.08243769 ]
    },
    "properties": {
    "city":"taipei",
    "facility_type":"clinic",
    "category":"診所",
    "name":"哈佛眼科診所",
    "district_code":63000100,
    "district":"內湖區",
    "address":"臺北市內湖區基湖路10巷66號1樓",
    "source_dataset":"taipei_clinic"
    }
  },
  {
    "type": "Feature",
    "geometry": {
       "type": "Point",
       "coordinates":  [ 121.5729815,25.08103974 ]
    },
    "properties": {
    "city":"taipei",
    "facility_type":"clinic",
    "category":"診所",
    "name":"誠康診所",
    "district_code":63000100,
    "district":"內湖區",
    "address":"臺北市內湖區內湖路一段585號",
    "source_dataset":"taipei_clinic"
    }
  },
  {
    "type": "Feature",
    "geometry": {
       "type": "Point",
       "coordinates":  [ 121.590019,25.07959775 ]
    },
    "properties": {
    "city":"taipei",
    "facility_type":"clinic",
    "category":"診所",
    "name":"夏一新身心精神科診所",
    "district_code":63000100,
    "district":"內湖區",
    "address":"臺北市內湖區成功路三段143號4樓",
    "source_dataset":"taipei_clinic"
    }
  },
  {
    "type": "Feature",
    "geometry": {
       "type": "Point",
       "coordinates":  [ 121.5794967,25.07888561 ]
    },
    "properties": {
    "city":"taipei",
    "facility_type":"clinic",
    "category":"診所",
    "name":"焉醫師診所",
    "district_code":63000100,
    "district":"內湖區",
    "address":"臺北市內湖區內湖路2段21號1樓",
    "source_dataset":"taipei_clinic"
    }
  },
  {
    "type": "Feature",
    "geometry": {
       "type": "Point",
       "coordinates":  [ 121.5774719,25.07943142 ]
    },
    "properties": {
    "city":"taipei",
    "facility_type":"clinic",
    "category":"診所",
    "name":"晴安診所",
    "district_code":63000100,
    "district":"內湖區",
    "address":"臺北市內湖區內湖路一段709之1號",
    "source_dataset":"taipei_clinic"
    }
  },
  {
    "type": "Feature",
    "geometry": {
       "type": "Point",
       "coordinates":  [ 121.5654517,25.08633115 ]
    },
    "properties": {
    "city":"taipei",
    "facility_type":"clinic",
    "category":"診所",
    "name":"栩仕診所",
    "district_code":63000100,
    "district":"內湖區",
    "address":"臺北市內湖區文湖街88號3樓",
    "source_dataset":"taipei_clinic"
    }
  },
  {
    "type": "Feature",
    "geometry": {
       "type": "Point",
       "coordinates":  [ 121.5907738,25.08014867 ]
    },
    "properties": {
    "city":"taipei",
    "facility_type":"clinic",
    "category":"診所",
    "name":"內湖翰林眼科診所",
    "district_code":63000100,
    "district":"內湖區",
    "address":"臺北市內湖區成功路3段183號2樓",
    "source_dataset":"taipei_clinic"
    }
  },
  {
    "type": "Feature",
    "geometry": {
       "type": "Point",
       "coordinates":  [ 121.5796771,25.0658866 ]
    },
    "properties": {
    "city":"taipei",
    "facility_type":"clinic",
    "category":"診所",
    "name":"菁英診所",
    "district_code":63000100,
    "district":"內湖區",
    "address":"臺北市內湖區行忠路58號1、2樓",
    "source_dataset":"taipei_clinic"
    }
  },
  {
    "type": "Feature",
    "geometry": {
       "type": "Point",
       "coordinates":  [ 121.5827631,25.0781872 ]
    },
    "properties": {
    "city":"taipei",
    "facility_type":"clinic",
    "category":"診所",
    "name":"內湖大學眼科診所",
    "district_code":63000100,
    "district":"內湖區",
    "address":"臺北市內湖區文德路100號1、2樓",
    "source_dataset":"taipei_clinic"
    }
  },
  {
    "type": "Feature",
    "geometry": {
       "type": "Point",
       "coordinates":  [ 121.5902381,25.08032721 ]
    },
    "properties": {
    "city":"taipei",
    "facility_type":"clinic",
    "category":"診所",
    "name":"成功皮膚科診所",
    "district_code":63000100,
    "district":"內湖區",
    "address":"臺北市內湖區成功路3段162之1號1樓、164號1樓、164之1號1樓、166之1號1樓",
    "source_dataset":"taipei_clinic"
    }
  },
  {
    "type": "Feature",
    "geometry": {
       "type": "Point",
       "coordinates":  [ 121.5825415,25.07821335 ]
    },
    "properties": {
    "city":"taipei",
    "facility_type":"clinic",
    "category":"診所",
    "name":"林登山耳鼻喉科診所",
    "district_code":63000100,
    "district":"內湖區",
    "address":"臺北市內湖區文德路96號",
    "source_dataset":"taipei_clinic"
    }
  },
  {
    "type": "Feature",
    "geometry": {
       "type": "Point",
       "coordinates":  [ 121.5785083,25.08066881 ]
    },
    "properties": {
    "city":"taipei",
    "facility_type":"clinic",
    "category":"診所",
    "name":"仁弘耳鼻喉科診所",
    "district_code":63000100,
    "district":"內湖區",
    "address":"臺北市內湖區內湖路1段737巷50弄33號1樓",
    "source_dataset":"taipei_clinic"
    }
  },
  {
    "type": "Feature",
    "geometry": {
       "type": "Point",
       "coordinates":  [ 121.575057,25.07517784 ]
    },
    "properties": {
    "city":"taipei",
    "facility_type":"clinic",
    "category":"診所",
    "name":"瑞成診所",
    "district_code":63000100,
    "district":"內湖區",
    "address":"臺北市內湖區瑞光路258巷31號7樓",
    "source_dataset":"taipei_clinic"
    }
  },
  {
    "type": "Feature",
    "geometry": {
       "type": "Point",
       "coordinates":  [ 121.5748736,25.07500085 ]
    },
    "properties": {
    "city":"taipei",
    "facility_type":"clinic",
    "category":"診所",
    "name":"瑞健診所",
    "district_code":63000100,
    "district":"內湖區",
    "address":"臺北市內湖區瑞光路258巷37號7樓",
    "source_dataset":"taipei_clinic"
    }
  },
  {
    "type": "Feature",
    "geometry": {
       "type": "Point",
       "coordinates":  [ 121.5876984,25.068664 ]
    },
    "properties": {
    "city":"taipei",
    "facility_type":"clinic",
    "category":"診所",
    "name":"維仁診所",
    "district_code":63000100,
    "district":"內湖區",
    "address":"臺北市內湖區民權東路六段136巷4號",
    "source_dataset":"taipei_clinic"
    }
  },
  {
    "type": "Feature",
    "geometry": {
       "type": "Point",
       "coordinates":  [ 121.6188594,25.07014656 ]
    },
    "properties": {
    "city":"taipei",
    "facility_type":"clinic",
    "category":"診所",
    "name":"康樂診所",
    "district_code":63000100,
    "district":"內湖區",
    "address":"臺北市內湖區康樂街80號、82號、84號",
    "source_dataset":"taipei_clinic"
    }
  },
  {
    "type": "Feature",
    "geometry": {
       "type": "Point",
       "coordinates":  [ 121.5962265,25.08458936 ]
    },
    "properties": {
    "city":"taipei",
    "facility_type":"clinic",
    "category":"診所",
    "name":"杜耳鼻喉科診所",
    "district_code":63000100,
    "district":"內湖區",
    "address":"臺北市內湖區成功路四段222號",
    "source_dataset":"taipei_clinic"
    }
  },
  {
    "type": "Feature",
    "geometry": {
       "type": "Point",
       "coordinates":  [ 121.5687549,25.08175644 ]
    },
    "properties": {
    "city":"taipei",
    "facility_type":"clinic",
    "category":"診所",
    "name":"愛惟美診所",
    "district_code":63000100,
    "district":"內湖區",
    "address":"臺北市內湖區內湖路一段300號2樓之2、2樓之3",
    "source_dataset":"taipei_clinic"
    }
  },
  {
    "type": "Feature",
    "geometry": {
       "type": "Point",
       "coordinates":  [ 121.582215,25.06898586 ]
    },
    "properties": {
    "city":"taipei",
    "facility_type":"clinic",
    "category":"診所",
    "name":"全心圓診所",
    "district_code":63000100,
    "district":"內湖區",
    "address":"臺北市內湖區瑞光路26巷36弄2號3樓及2之1號3樓",
    "source_dataset":"taipei_clinic"
    }
  },
  {
    "type": "Feature",
    "geometry": {
       "type": "Point",
       "coordinates":  [ 121.6154206,25.06935938 ]
    },
    "properties": {
    "city":"taipei",
    "facility_type":"clinic",
    "category":"診所",
    "name":"富康復健科診所",
    "district_code":63000100,
    "district":"內湖區",
    "address":"臺北市內湖區東湖路113巷15號",
    "source_dataset":"taipei_clinic"
    }
  },
  {
    "type": "Feature",
    "geometry": {
       "type": "Point",
       "coordinates":  [ 121.5816571,25.06774006 ]
    },
    "properties": {
    "city":"taipei",
    "facility_type":"clinic",
    "category":"診所",
    "name":"禾馨內湖婦幼診所",
    "district_code":63000100,
    "district":"內湖區",
    "address":"臺北市內湖區民權東路六段42號5樓(之1、之2、之3)、6樓(之1、之2、之3)",
    "source_dataset":"taipei_clinic"
    }
  },
  {
    "type": "Feature",
    "geometry": {
       "type": "Point",
       "coordinates":  [ 121.5927461,25.07996785 ]
    },
    "properties": {
    "city":"taipei",
    "facility_type":"clinic",
    "category":"診所",
    "name":"禾安耳鼻喉科診所",
    "district_code":63000100,
    "district":"內湖區",
    "address":"臺北市內湖區康寧路一段75號",
    "source_dataset":"taipei_clinic"
    }
  },
  {
    "type": "Feature",
    "geometry": {
       "type": "Point",
       "coordinates":  [ 121.5912065,25.0602036 ]
    },
    "properties": {
    "city":"taipei",
    "facility_type":"clinic",
    "category":"診所",
    "name":"連安診所",
    "district_code":63000100,
    "district":"內湖區",
    "address":"臺北市內湖區內湖區路一段619號及619號2樓",
    "source_dataset":"taipei_clinic"
    }
  },
  {
    "type": "Feature",
    "geometry": {
       "type": "Point",
       "coordinates":  [ 121.5653957,25.08377428 ]
    },
    "properties": {
    "city":"taipei",
    "facility_type":"clinic",
    "category":"診所",
    "name":"育睿診所",
    "district_code":63000100,
    "district":"內湖區",
    "address":"臺北市內湖區內湖路1段217巷35號1樓",
    "source_dataset":"taipei_clinic"
    }
  },
  {
    "type": "Feature",
    "geometry": {
       "type": "Point",
       "coordinates":  [ 121.6140163,25.06907176 ]
    },
    "properties": {
    "city":"taipei",
    "facility_type":"clinic",
    "category":"診所",
    "name":"詠盛診所",
    "district_code":63000100,
    "district":"內湖區",
    "address":"臺北市內湖區東湖路43巷3號",
    "source_dataset":"taipei_clinic"
    }
  },
  {
    "type": "Feature",
    "geometry": {
       "type": "Point",
       "coordinates":  [ 121.5746484,25.0804302 ]
    },
    "properties": {
    "city":"taipei",
    "facility_type":"clinic",
    "category":"診所",
    "name":"辰星皮膚專科診所",
    "district_code":63000100,
    "district":"內湖區",
    "address":"臺北市內湖區內湖路1段633號1樓及635號1樓",
    "source_dataset":"taipei_clinic"
    }
  },
  {
    "type": "Feature",
    "geometry": {
       "type": "Point",
       "coordinates":  [ 121.5858158,25.06459988 ]
    },
    "properties": {
    "city":"taipei",
    "facility_type":"clinic",
    "category":"診所",
    "name":"永長欣診所",
    "district_code":63000100,
    "district":"內湖區",
    "address":"臺北市內湖區行善路397號2樓",
    "source_dataset":"taipei_clinic"
    }
  },
  {
    "type": "Feature",
    "geometry": {
       "type": "Point",
       "coordinates":  [ 121.5816571,25.06774006 ]
    },
    "properties": {
    "city":"taipei",
    "facility_type":"clinic",
    "category":"診所",
    "name":"禾馨民權婦幼診所",
    "district_code":63000100,
    "district":"內湖區",
    "address":"臺北市內湖區民權東路六段42號2樓(之1、之2、之3)、3樓(之1、之2、之3)、4樓(之1、之2、之3)",
    "source_dataset":"taipei_clinic"
    }
  },
  {
    "type": "Feature",
    "geometry": {
       "type": "Point",
       "coordinates":  [ 121.5842986,25.0787692 ]
    },
    "properties": {
    "city":"taipei",
    "facility_type":"clinic",
    "category":"診所",
    "name":"適康復健科診所",
    "district_code":63000100,
    "district":"內湖區",
    "address":"臺北市內湖區文德路141、143號",
    "source_dataset":"taipei_clinic"
    }
  },
  {
    "type": "Feature",
    "geometry": {
       "type": "Point",
       "coordinates":  [ 121.5760439,25.08023566 ]
    },
    "properties": {
    "city":"taipei",
    "facility_type":"clinic",
    "category":"診所",
    "name":"晴渼皮膚專科診所",
    "district_code":63000100,
    "district":"內湖區",
    "address":"臺北市內湖區內湖路1段667巷3號1樓及5號1樓",
    "source_dataset":"taipei_clinic"
    }
  },
  {
    "type": "Feature",
    "geometry": {
       "type": "Point",
       "coordinates":  [ 121.5740677,25.08063429 ]
    },
    "properties": {
    "city":"taipei",
    "facility_type":"clinic",
    "category":"診所",
    "name":"榮欣骨科診所",
    "district_code":63000100,
    "district":"內湖區",
    "address":"臺北市內湖區內湖路一段617號1樓、2樓",
    "source_dataset":"taipei_clinic"
    }
  },
  {
    "type": "Feature",
    "geometry": {
       "type": "Point",
       "coordinates":  [ 121.5989252,25.08453658 ]
    },
    "properties": {
    "city":"taipei",
    "facility_type":"clinic",
    "category":"診所",
    "name":"湖欣診所",
    "district_code":63000100,
    "district":"內湖區",
    "address":"臺北市內湖區成功路四段327號",
    "source_dataset":"taipei_clinic"
    }
  },
  {
    "type": "Feature",
    "geometry": {
       "type": "Point",
       "coordinates":  [ 121.5927345,25.06924667 ]
    },
    "properties": {
    "city":"taipei",
    "facility_type":"clinic",
    "category":"診所",
    "name":"曜暘診所",
    "district_code":63000100,
    "district":"內湖區",
    "address":"臺北市內湖區民權東路六段123巷8號",
    "source_dataset":"taipei_clinic"
    }
  },
  {
    "type": "Feature",
    "geometry": {
       "type": "Point",
       "coordinates":  [ 121.5632935,25.08072214 ]
    },
    "properties": {
    "city":"taipei",
    "facility_type":"clinic",
    "category":"診所",
    "name":"康研診所",
    "district_code":63000100,
    "district":"內湖區",
    "address":"臺北市內湖區堤頂大道二段409號",
    "source_dataset":"taipei_clinic"
    }
  },
  {
    "type": "Feature",
    "geometry": {
       "type": "Point",
       "coordinates":  [ 121.5802351,25.05481386 ]
    },
    "properties": {
    "city":"taipei",
    "facility_type":"clinic",
    "category":"診所",
    "name":"新明診所",
    "district_code":63000100,
    "district":"內湖區",
    "address":"臺北市內湖區新明路386號",
    "source_dataset":"taipei_clinic"
    }
  },
  {
    "type": "Feature",
    "geometry": {
       "type": "Point",
       "coordinates":  [ 121.5757406,25.05877035 ]
    },
    "properties": {
    "city":"taipei",
    "facility_type":"clinic",
    "category":"診所",
    "name":"美特博霖健康管理診所",
    "district_code":63000100,
    "district":"內湖區",
    "address":"臺北市內湖區新湖一路88號5樓",
    "source_dataset":"taipei_clinic"
    }
  },
  {
    "type": "Feature",
    "geometry": {
       "type": "Point",
       "coordinates":  [ 121.6125576,25.06865272 ]
    },
    "properties": {
    "city":"taipei",
    "facility_type":"clinic",
    "category":"診所",
    "name":"林威廷身心精神科診所",
    "district_code":63000100,
    "district":"內湖區",
    "address":"臺北市內湖區東湖路10號",
    "source_dataset":"taipei_clinic"
    }
  },
  {
    "type": "Feature",
    "geometry": {
       "type": "Point",
       "coordinates":  [ 121.595972,25.0685656 ]
    },
    "properties": {
    "city":"taipei",
    "facility_type":"clinic",
    "category":"診所",
    "name":"心力合診所",
    "district_code":63000100,
    "district":"內湖區",
    "address":"臺北市內湖區民權東路六段165、167、169、171號",
    "source_dataset":"taipei_clinic"
    }
  },
  {
    "type": "Feature",
    "geometry": {
       "type": "Point",
       "coordinates":  [ 121.5790067,25.07843062 ]
    },
    "properties": {
    "city":"taipei",
    "facility_type":"clinic",
    "category":"診所",
    "name":"陳德駿婦產科診所",
    "district_code":63000100,
    "district":"內湖區",
    "address":"臺北市內湖區文德路８號２樓",
    "source_dataset":"taipei_clinic"
    }
  },
  {
    "type": "Feature",
    "geometry": {
       "type": "Point",
       "coordinates":  [ 121.5889951,25.0693633 ]
    },
    "properties": {
    "city":"taipei",
    "facility_type":"clinic",
    "category":"診所",
    "name":"臺北市立聯合醫院附設內湖門診部",
    "district_code":63000100,
    "district":"內湖區",
    "address":"臺北市內湖區民權東路六段99號之1(1樓)",
    "source_dataset":"taipei_clinic"
    }
  },
  {
    "type": "Feature",
    "geometry": {
       "type": "Point",
       "coordinates":  [ 121.5653917,25.08279594 ]
    },
    "properties": {
    "city":"taipei",
    "facility_type":"clinic",
    "category":"診所",
    "name":"陳森豊診所",
    "district_code":63000100,
    "district":"內湖區",
    "address":"臺北市內湖區環山路一段２號１樓及２樓",
    "source_dataset":"taipei_clinic"
    }
  },
  {
    "type": "Feature",
    "geometry": {
       "type": "Point",
       "coordinates":  [ 121.5782862,25.08117526 ]
    },
    "properties": {
    "city":"taipei",
    "facility_type":"clinic",
    "category":"診所",
    "name":"王慶森診所",
    "district_code":63000100,
    "district":"內湖區",
    "address":"臺北市內湖區港墘路６5號",
    "source_dataset":"taipei_clinic"
    }
  },
  {
    "type": "Feature",
    "geometry": {
       "type": "Point",
       "coordinates":  [ 121.5705993,25.08187164 ]
    },
    "properties": {
    "city":"taipei",
    "facility_type":"clinic",
    "category":"診所",
    "name":"魏穀年診所",
    "district_code":63000100,
    "district":"內湖區",
    "address":"臺北市內湖區內湖路一段４０３號",
    "source_dataset":"taipei_clinic"
    }
  },
  {
    "type": "Feature",
    "geometry": {
       "type": "Point",
       "coordinates":  [ 121.5907841,25.08038294 ]
    },
    "properties": {
    "city":"taipei",
    "facility_type":"clinic",
    "category":"診所",
    "name":"康育診所",
    "district_code":63000100,
    "district":"內湖區",
    "address":"臺北市內湖區成功路三段189號2樓",
    "source_dataset":"taipei_clinic"
    }
  },
  {
    "type": "Feature",
    "geometry": {
       "type": "Point",
       "coordinates":  [ 121.5795877,25.07886046 ]
    },
    "properties": {
    "city":"taipei",
    "facility_type":"clinic",
    "category":"診所",
    "name":"宋小兒科診所",
    "district_code":63000100,
    "district":"內湖區",
    "address":"臺北市內湖區內湖路二段２５號",
    "source_dataset":"taipei_clinic"
    }
  },
  {
    "type": "Feature",
    "geometry": {
       "type": "Point",
       "coordinates":  [ 121.5908649,25.0804602 ]
    },
    "properties": {
    "city":"taipei",
    "facility_type":"clinic",
    "category":"診所",
    "name":"振興內兒科診所",
    "district_code":63000100,
    "district":"內湖區",
    "address":"臺北市內湖區成功路三段１９３號",
    "source_dataset":"taipei_clinic"
    }
  },
  {
    "type": "Feature",
    "geometry": {
       "type": "Point",
       "coordinates":  [ 121.6116979,25.07031467 ]
    },
    "properties": {
    "city":"taipei",
    "facility_type":"clinic",
    "category":"診所",
    "name":"東湖張耳鼻喉科診所",
    "district_code":63000100,
    "district":"內湖區",
    "address":"臺北市內湖區康寧路三段１６９號",
    "source_dataset":"taipei_clinic"
    }
  },
  {
    "type": "Feature",
    "geometry": {
       "type": "Point",
       "coordinates":  [ 121.6148184,25.0688325 ]
    },
    "properties": {
    "city":"taipei",
    "facility_type":"clinic",
    "category":"診所",
    "name":"鍾兆智婦產科診所",
    "district_code":63000100,
    "district":"內湖區",
    "address":"臺北市內湖區東湖路６５號１Ｆ，２Ｆ及地下室",
    "source_dataset":"taipei_clinic"
    }
  },
  {
    "type": "Feature",
    "geometry": {
       "type": "Point",
       "coordinates":  [ 121.5936406,25.08494822 ]
    },
    "properties": {
    "city":"taipei",
    "facility_type":"clinic",
    "category":"診所",
    "name":"雙湖診所",
    "district_code":63000100,
    "district":"內湖區",
    "address":"臺北市內湖區金龍路四十九號一樓",
    "source_dataset":"taipei_clinic"
    }
  },
  {
    "type": "Feature",
    "geometry": {
       "type": "Point",
       "coordinates":  [ 121.5961429,25.08457301 ]
    },
    "properties": {
    "city":"taipei",
    "facility_type":"clinic",
    "category":"診所",
    "name":"達美皮膚專科診所",
    "district_code":63000100,
    "district":"內湖區",
    "address":"臺北市內湖區成功路四段２２０號１樓至2樓",
    "source_dataset":"taipei_clinic"
    }
  },
  {
    "type": "Feature",
    "geometry": {
       "type": "Point",
       "coordinates":  [ 121.5938582,25.08487535 ]
    },
    "properties": {
    "city":"taipei",
    "facility_type":"clinic",
    "category":"診所",
    "name":"劉淦華診所",
    "district_code":63000100,
    "district":"內湖區",
    "address":"臺北市內湖區金龍路43號",
    "source_dataset":"taipei_clinic"
    }
  },
  {
    "type": "Feature",
    "geometry": {
       "type": "Point",
       "coordinates":  [ 121.6165718,25.06826026 ]
    },
    "properties": {
    "city":"taipei",
    "facility_type":"clinic",
    "category":"診所",
    "name":"施耳鼻喉科診所",
    "district_code":63000100,
    "district":"內湖區",
    "address":"臺北市內湖區東湖路127號1樓",
    "source_dataset":"taipei_clinic"
    }
  },
  {
    "type": "Feature",
    "geometry": {
       "type": "Point",
       "coordinates":  [ 121.5914888,25.08154244 ]
    },
    "properties": {
    "city":"taipei",
    "facility_type":"clinic",
    "category":"診所",
    "name":"成功眼科診所",
    "district_code":63000100,
    "district":"內湖區",
    "address":"臺北市內湖區成功路四段２８號４樓之２",
    "source_dataset":"taipei_clinic"
    }
  },
  {
    "type": "Feature",
    "geometry": {
       "type": "Point",
       "coordinates":  [ 121.59178,25.08182949 ]
    },
    "properties": {
    "city":"taipei",
    "facility_type":"clinic",
    "category":"診所",
    "name":"德文復健科診所",
    "district_code":63000100,
    "district":"內湖區",
    "address":"臺北市內湖區成功路四段36號2樓",
    "source_dataset":"taipei_clinic"
    }
  },
  {
    "type": "Feature",
    "geometry": {
       "type": "Point",
       "coordinates":  [ 121.5902381,25.08032721 ]
    },
    "properties": {
    "city":"taipei",
    "facility_type":"clinic",
    "category":"診所",
    "name":"成功耳鼻喉科診所",
    "district_code":63000100,
    "district":"內湖區",
    "address":"臺北市內湖區成功路3段162之1號1樓、164號1樓、164之1號1樓、166之1號1樓",
    "source_dataset":"taipei_clinic"
    }
  },
  {
    "type": "Feature",
    "geometry": {
       "type": "Point",
       "coordinates":  [ 121.5922805,25.08227359 ]
    },
    "properties": {
    "city":"taipei",
    "facility_type":"clinic",
    "category":"診所",
    "name":"鴻文婦產科診所",
    "district_code":63000100,
    "district":"內湖區",
    "address":"臺北市內湖區成功路四段５２號２樓",
    "source_dataset":"taipei_clinic"
    }
  },
  {
    "type": "Feature",
    "geometry": {
       "type": "Point",
       "coordinates":  [ 121.5754083,25.0778823 ]
    },
    "properties": {
    "city":"taipei",
    "facility_type":"clinic",
    "category":"診所",
    "name":"國泰醫療財團法人內湖國泰診所",
    "district_code":63000100,
    "district":"內湖區",
    "address":"臺北市內湖區瑞光路337號(1、2、3、4樓)",
    "source_dataset":"taipei_clinic"
    }
  },
  {
    "type": "Feature",
    "geometry": {
       "type": "Point",
       "coordinates":  [ 121.5805467,25.07864787 ]
    },
    "properties": {
    "city":"taipei",
    "facility_type":"clinic",
    "category":"診所",
    "name":"思維診所",
    "district_code":63000100,
    "district":"內湖區",
    "address":"臺北市內湖區文德路25號",
    "source_dataset":"taipei_clinic"
    }
  },
  {
    "type": "Feature",
    "geometry": {
       "type": "Point",
       "coordinates":  [ 121.5682725,25.07919241 ]
    },
    "properties": {
    "city":"taipei",
    "facility_type":"clinic",
    "category":"診所",
    "name":"陽光活力診所",
    "district_code":63000100,
    "district":"內湖區",
    "address":"臺北市內湖區瑞光路500號1樓及502號2樓",
    "source_dataset":"taipei_clinic"
    }
  },
  {
    "type": "Feature",
    "geometry": {
       "type": "Point",
       "coordinates":  [ 121.5856027,25.06391278 ]
    },
    "properties": {
    "city":"taipei",
    "facility_type":"clinic",
    "category":"診所",
    "name":"維克多診所",
    "district_code":63000100,
    "district":"內湖區",
    "address":"臺北市內湖區行善路385號3樓之6",
    "source_dataset":"taipei_clinic"
    }
  },
  {
    "type": "Feature",
    "geometry": {
       "type": "Point",
       "coordinates":  [ 121.581769,25.06741881 ]
    },
    "properties": {
    "city":"taipei",
    "facility_type":"clinic",
    "category":"診所",
    "name":"小禾馨民權小兒專科診所",
    "district_code":63000100,
    "district":"內湖區",
    "address":"臺北市內湖區行忠路191號",
    "source_dataset":"taipei_clinic"
    }
  },
  {
    "type": "Feature",
    "geometry": {
       "type": "Point",
       "coordinates":  [ 121.6075911,25.0725892 ]
    },
    "properties": {
    "city":"taipei",
    "facility_type":"clinic",
    "category":"診所",
    "name":"葫洲診所",
    "district_code":63000100,
    "district":"內湖區",
    "address":"臺北市內湖區康寧路三段35、37號",
    "source_dataset":"taipei_clinic"
    }
  },
  {
    "type": "Feature",
    "geometry": {
       "type": "Point",
       "coordinates":  [ 121.5877013,25.06225537 ]
    },
    "properties": {
    "city":"taipei",
    "facility_type":"clinic",
    "category":"診所",
    "name":"伊凡維納診所",
    "district_code":63000100,
    "district":"內湖區",
    "address":"臺北市內湖區金莊路26號3樓之2",
    "source_dataset":"taipei_clinic"
    }
  },
  {
    "type": "Feature",
    "geometry": {
       "type": "Point",
       "coordinates":  [ 121.5821069,25.0674468 ]
    },
    "properties": {
    "city":"taipei",
    "facility_type":"clinic",
    "category":"診所",
    "name":"禾馨眼科診所",
    "district_code":63000100,
    "district":"內湖區",
    "address":"臺北市內湖區行忠路195號1、2樓",
    "source_dataset":"taipei_clinic"
    }
  },
  {
    "type": "Feature",
    "geometry": {
       "type": "Point",
       "coordinates":  [ 121.5774654,25.06556723 ]
    },
    "properties": {
    "city":"taipei",
    "facility_type":"clinic",
    "category":"診所",
    "name":"戴念國骨科診所",
    "district_code":63000100,
    "district":"內湖區",
    "address":"臺北市內湖區行忠路57號5樓",
    "source_dataset":"taipei_clinic"
    }
  },
  {
    "type": "Feature",
    "geometry": {
       "type": "Point",
       "coordinates":  [ 121.6042101,25.07365308 ]
    },
    "properties": {
    "city":"taipei",
    "facility_type":"clinic",
    "category":"診所",
    "name":"麗康診所",
    "district_code":63000100,
    "district":"內湖區",
    "address":"臺北市內湖區金湖路362號",
    "source_dataset":"taipei_clinic"
    }
  },
  {
    "type": "Feature",
    "geometry": {
       "type": "Point",
       "coordinates":  [ 121.576908,25.07717153 ]
    },
    "properties": {
    "city":"taipei",
    "facility_type":"clinic",
    "category":"診所",
    "name":"瑞康診所",
    "district_code":63000100,
    "district":"內湖區",
    "address":"臺北市內湖區江南街96巷3號",
    "source_dataset":"taipei_clinic"
    }
  },
  {
    "type": "Feature",
    "geometry": {
       "type": "Point",
       "coordinates":  [ 121.5917497,25.07009731 ]
    },
    "properties": {
    "city":"taipei",
    "facility_type":"clinic",
    "category":"診所",
    "name":"瑞華診所",
    "district_code":63000100,
    "district":"內湖區",
    "address":"臺北市內湖區民權東路6段123巷34弄30號1樓及151之1號1樓",
    "source_dataset":"taipei_clinic"
    }
  },
  {
    "type": "Feature",
    "geometry": {
       "type": "Point",
       "coordinates":  [ 121.5754971,25.0778433 ]
    },
    "properties": {
    "city":"taipei",
    "facility_type":"clinic",
    "category":"診所",
    "name":"恆新復健科診所",
    "district_code":63000100,
    "district":"內湖區",
    "address":"臺北市內湖區瑞光路337號(7樓)",
    "source_dataset":"taipei_clinic"
    }
  },
  {
    "type": "Feature",
    "geometry": {
       "type": "Point",
       "coordinates":  [ 121.6048792,25.0736293 ]
    },
    "properties": {
    "city":"taipei",
    "facility_type":"clinic",
    "category":"診所",
    "name":"展欣眼科診所",
    "district_code":63000100,
    "district":"內湖區",
    "address":"臺北市內湖區金湖路382號（1樓）",
    "source_dataset":"taipei_clinic"
    }
  },
  {
    "type": "Feature",
    "geometry": {
       "type": "Point",
       "coordinates":  [ 121.5774138,25.0577453 ]
    },
    "properties": {
    "city":"taipei",
    "facility_type":"clinic",
    "category":"診所",
    "name":"唯有健康診所",
    "district_code":63000100,
    "district":"內湖區",
    "address":"臺北市內湖區行善路116號(1樓)",
    "source_dataset":"taipei_clinic"
    }
  },
  {
    "type": "Feature",
    "geometry": {
       "type": "Point",
       "coordinates":  [ 121.582215,25.06898586 ]
    },
    "properties": {
    "city":"taipei",
    "facility_type":"clinic",
    "category":"診所",
    "name":"全新圓診所",
    "district_code":63000100,
    "district":"內湖區",
    "address":"臺北市內湖區瑞光路26巷36弄2號2樓、2之1號2樓",
    "source_dataset":"taipei_clinic"
    }
  },
  {
    "type": "Feature",
    "geometry": {
       "type": "Point",
       "coordinates":  [ 121.5687549,25.08175644 ]
    },
    "properties": {
    "city":"taipei",
    "facility_type":"clinic",
    "category":"診所",
    "name":"維尚泌尿科診所",
    "district_code":63000100,
    "district":"內湖區",
    "address":"臺北市內湖區內湖路1段300號3樓之5",
    "source_dataset":"taipei_clinic"
    }
  },
  {
    "type": "Feature",
    "geometry": {
       "type": "Point",
       "coordinates":  [ 121.5865253,25.0657051 ]
    },
    "properties": {
    "city":"taipei",
    "facility_type":"clinic",
    "category":"診所",
    "name":"理真診所",
    "district_code":63000100,
    "district":"內湖區",
    "address":"臺北市內湖區金豐街16號(1樓)及18號(1樓)",
    "source_dataset":"taipei_clinic"
    }
  },
  {
    "type": "Feature",
    "geometry": {
       "type": "Point",
       "coordinates":  [ 121.5755407,25.0779138 ]
    },
    "properties": {
    "city":"taipei",
    "facility_type":"clinic",
    "category":"診所",
    "name":"奇樂三醫整合醫學診所",
    "district_code":63000100,
    "district":"內湖區",
    "address":"臺北市內湖區瑞光路337號(8樓)",
    "source_dataset":"taipei_clinic"
    }
  },
  {
    "type": "Feature",
    "geometry": {
       "type": "Point",
       "coordinates":  [ 121.5632798,25.08318814 ]
    },
    "properties": {
    "city":"taipei",
    "facility_type":"clinic",
    "category":"診所",
    "name":"紫陽診所",
    "district_code":63000100,
    "district":"內湖區",
    "address":"臺北市內湖區內湖路1段118號3樓",
    "source_dataset":"taipei_clinic"
    }
  },
  {
    "type": "Feature",
    "geometry": {
       "type": "Point",
       "coordinates":  [ 121.5815452,25.0676751 ]
    },
    "properties": {
    "city":"taipei",
    "facility_type":"clinic",
    "category":"診所",
    "name":"禾馨民權內科診所",
    "district_code":63000100,
    "district":"內湖區",
    "address":"臺北市內湖區民權東路6段40號(1樓含夾層)及42號1樓(含夾層)",
    "source_dataset":"taipei_clinic"
    }
  },
  {
    "type": "Feature",
    "geometry": {
       "type": "Point",
       "coordinates":  [ 121.575057,25.07517784 ]
    },
    "properties": {
    "city":"taipei",
    "facility_type":"clinic",
    "category":"診所",
    "name":"瑞宏診所",
    "district_code":63000100,
    "district":"內湖區",
    "address":"臺北市內湖區瑞光路258巷31號8樓、33號8樓及35號8樓",
    "source_dataset":"taipei_clinic"
    }
  },
  {
    "type": "Feature",
    "geometry": {
       "type": "Point",
       "coordinates":  [ 121.5754083,25.0778823 ]
    },
    "properties": {
    "city":"taipei",
    "facility_type":"clinic",
    "category":"診所",
    "name":"內湖101健康管理診所",
    "district_code":63000100,
    "district":"內湖區",
    "address":"臺北市內湖區瑞光路337號(9樓及10樓)",
    "source_dataset":"taipei_clinic"
    }
  },
  {
    "type": "Feature",
    "geometry": {
       "type": "Point",
       "coordinates":  [ 121.5721189,25.08130332 ]
    },
    "properties": {
    "city":"taipei",
    "facility_type":"clinic",
    "category":"診所",
    "name":"內湖身心精神科診所",
    "district_code":63000100,
    "district":"內湖區",
    "address":"臺北市內湖區內湖路1段439號1樓",
    "source_dataset":"taipei_clinic"
    }
  },
  {
    "type": "Feature",
    "geometry": {
       "type": "Point",
       "coordinates":  [ 121.5924593,25.08241748 ]
    },
    "properties": {
    "city":"taipei",
    "facility_type":"clinic",
    "category":"診所",
    "name":"藝群內湖診所",
    "district_code":63000100,
    "district":"內湖區",
    "address":"臺北市內湖區成功路4段58號4樓",
    "source_dataset":"taipei_clinic"
    }
  },
  {
    "type": "Feature",
    "geometry": {
       "type": "Point",
       "coordinates":  [ 121.5743977,25.065158 ]
    },
    "properties": {
    "city":"taipei",
    "facility_type":"clinic",
    "category":"診所",
    "name":"瑞佛健康管理診所",
    "district_code":63000100,
    "district":"內湖區",
    "address":"臺北市內湖區民權東路6段8號1、2樓(實際使用:2、3層)",
    "source_dataset":"taipei_clinic"
    }
  },
  {
    "type": "Feature",
    "geometry": {
       "type": "Point",
       "coordinates":  [ 121.5757651,25.0605596 ]
    },
    "properties": {
    "city":"taipei",
    "facility_type":"clinic",
    "category":"診所",
    "name":"雅斯翠診所",
    "district_code":63000100,
    "district":"內湖區",
    "address":"臺北市內湖區新湖二路87號1、2樓",
    "source_dataset":"taipei_clinic"
    }
  },
  {
    "type": "Feature",
    "geometry": {
       "type": "Point",
       "coordinates":  [ 121.592198,25.08177196 ]
    },
    "properties": {
    "city":"taipei",
    "facility_type":"clinic",
    "category":"診所",
    "name":"書拉密美學診所",
    "district_code":63000100,
    "district":"內湖區",
    "address":"臺北市內湖區成功路4段57號3樓",
    "source_dataset":"taipei_clinic"
    }
  },
  {
    "type": "Feature",
    "geometry": {
       "type": "Point",
       "coordinates":  [ 121.6004361,25.0848303 ]
    },
    "properties": {
    "city":"taipei",
    "facility_type":"clinic",
    "category":"診所",
    "name":"永育醫療大湖診所",
    "district_code":63000100,
    "district":"內湖區",
    "address":"臺北市內湖區成功路4段366號(1、2樓)",
    "source_dataset":"taipei_clinic"
    }
  },
  {
    "type": "Feature",
    "geometry": {
       "type": "Point",
       "coordinates":  [ 121.5738511,25.08038104 ]
    },
    "properties": {
    "city":"taipei",
    "facility_type":"clinic",
    "category":"診所",
    "name":"鑫美光視光眼科診所",
    "district_code":63000100,
    "district":"內湖區",
    "address":"臺北市內湖區內湖路1段512號1樓",
    "source_dataset":"taipei_clinic"
    }
  },
  {
    "type": "Feature",
    "geometry": {
       "type": "Point",
       "coordinates":  [ 121.6171948,25.06814536 ]
    },
    "properties": {
    "city":"taipei",
    "facility_type":"clinic",
    "category":"診所",
    "name":"佳霖診所",
    "district_code":63000100,
    "district":"內湖區",
    "address":"臺北市內湖區東湖路147號2樓",
    "source_dataset":"taipei_clinic"
    }
  },
  {
    "type": "Feature",
    "geometry": {
       "type": "Point",
       "coordinates":  [ 121.5774263,25.07302919 ]
    },
    "properties": {
    "city":"taipei",
    "facility_type":"clinic",
    "category":"診所",
    "name":"未來醫檢臨床病理科專科診所",
    "district_code":63000100,
    "district":"內湖區",
    "address":"臺北市內湖區陽光街351號6樓",
    "source_dataset":"taipei_clinic"
    }
  },
  {
    "type": "Feature",
    "geometry": {
       "type": "Point",
       "coordinates":  [ 121.5817182,25.0603428 ]
    },
    "properties": {
    "city":"taipei",
    "facility_type":"clinic",
    "category":"診所",
    "name":"樂善診所",
    "district_code":63000100,
    "district":"內湖區",
    "address":"臺北市內湖區行善路260號(1樓)",
    "source_dataset":"taipei_clinic"
    }
  },
  {
    "type": "Feature",
    "geometry": {
       "type": "Point",
       "coordinates":  [ 121.5816592,25.0673897 ]
    },
    "properties": {
    "city":"taipei",
    "facility_type":"clinic",
    "category":"診所",
    "name":"禾馨內湖內科診所",
    "district_code":63000100,
    "district":"內湖區",
    "address":"臺北市內湖區行忠路189號(1樓含夾層)",
    "source_dataset":"taipei_clinic"
    }
  },
  {
    "type": "Feature",
    "geometry": {
       "type": "Point",
       "coordinates":  [ 121.5706642,25.08138828 ]
    },
    "properties": {
    "city":"taipei",
    "facility_type":"clinic",
    "category":"診所",
    "name":"力康復健科診所",
    "district_code":63000100,
    "district":"內湖區",
    "address":"臺北市內湖區內湖路1段358號2樓",
    "source_dataset":"taipei_clinic"
    }
  },
  {
    "type": "Feature",
    "geometry": {
       "type": "Point",
       "coordinates":  [ 121.579888,25.07896339 ]
    },
    "properties": {
    "city":"taipei",
    "facility_type":"clinic",
    "category":"診所",
    "name":"高峰診所",
    "district_code":63000100,
    "district":"內湖區",
    "address":"臺北市內湖區內湖路2段39號1樓",
    "source_dataset":"taipei_clinic"
    }
  },
  {
    "type": "Feature",
    "geometry": {
       "type": "Point",
       "coordinates":  [ 121.5746019,25.06437787 ]
    },
    "properties": {
    "city":"taipei",
    "facility_type":"clinic",
    "category":"診所",
    "name":"雷文虎克精準健康診所",
    "district_code":63000100,
    "district":"內湖區",
    "address":"臺北市內湖區民善街219號5樓",
    "source_dataset":"taipei_clinic"
    }
  },
  {
    "type": "Feature",
    "geometry": {
       "type": "Point",
       "coordinates":  [ 121.5814777,25.07828262 ]
    },
    "properties": {
    "city":"taipei",
    "facility_type":"clinic",
    "category":"診所",
    "name":"抱抱心身醫學診所",
    "district_code":63000100,
    "district":"內湖區",
    "address":"臺北市內湖區文德路70號1樓及72號(1樓)",
    "source_dataset":"taipei_clinic"
    }
  },
  {
    "type": "Feature",
    "geometry": {
       "type": "Point",
       "coordinates":  [ 121.5760212,25.08017362 ]
    },
    "properties": {
    "city":"taipei",
    "facility_type":"clinic",
    "category":"診所",
    "name":"德威診所",
    "district_code":63000100,
    "district":"內湖區",
    "address":"臺北市內湖區內湖路1段667巷1號1樓",
    "source_dataset":"taipei_clinic"
    }
  },
  {
    "type": "Feature",
    "geometry": {
       "type": "Point",
       "coordinates":  [ 121.5704954,25.08102766 ]
    },
    "properties": {
    "city":"taipei",
    "facility_type":"clinic",
    "category":"診所",
    "name":"內湖全美診所",
    "district_code":63000100,
    "district":"內湖區",
    "address":"臺北市內湖區內湖路1段360巷2之1號1樓",
    "source_dataset":"taipei_clinic"
    }
  },
  {
    "type": "Feature",
    "geometry": {
       "type": "Point",
       "coordinates":  [ 121.6170323,25.0681695 ]
    },
    "properties": {
    "city":"taipei",
    "facility_type":"clinic",
    "category":"診所",
    "name":"保安診所",
    "district_code":63000100,
    "district":"內湖區",
    "address":"臺北市內湖區東湖路141之1號1、2樓",
    "source_dataset":"taipei_clinic"
    }
  },
  {
    "type": "Feature",
    "geometry": {
       "type": "Point",
       "coordinates":  [ 121.5806744,25.06530469 ]
    },
    "properties": {
    "city":"taipei",
    "facility_type":"clinic",
    "category":"診所",
    "name":"芮森醫學診所",
    "district_code":63000100,
    "district":"內湖區",
    "address":"臺北市內湖區新湖三路215號2樓",
    "source_dataset":"taipei_clinic"
    }
  },
  {
    "type": "Feature",
    "geometry": {
       "type": "Point",
       "coordinates":  [ 121.5689115,25.07812793 ]
    },
    "properties": {
    "city":"taipei",
    "facility_type":"clinic",
    "category":"診所",
    "name":"內湖美麗爾診所",
    "district_code":63000100,
    "district":"內湖區",
    "address":"臺北市內湖區瑞光路478巷22號1樓",
    "source_dataset":"taipei_clinic"
    }
  },
  {
    "type": "Feature",
    "geometry": {
       "type": "Point",
       "coordinates":  [ 121.5778238,25.06492889 ]
    },
    "properties": {
    "city":"taipei",
    "facility_type":"clinic",
    "category":"診所",
    "name":"馬丁健康管理診所",
    "district_code":63000100,
    "district":"內湖區",
    "address":"臺北市內湖區行忠路28巷1號1樓",
    "source_dataset":"taipei_clinic"
    }
  },
  {
    "type": "Feature",
    "geometry": {
       "type": "Point",
       "coordinates":  [ 121.5872252,25.06285963 ]
    },
    "properties": {
    "city":"taipei",
    "facility_type":"clinic",
    "category":"診所",
    "name":"宸諾i醫診所",
    "district_code":63000100,
    "district":"內湖區",
    "address":"臺北市內湖區石潭路65號7樓",
    "source_dataset":"taipei_clinic"
    }
  },
  {
    "type": "Feature",
    "geometry": {
       "type": "Point",
       "coordinates":  [ 121.5823155,25.0703595 ]
    },
    "properties": {
    "city":"taipei",
    "facility_type":"clinic",
    "category":"診所",
    "name":"美無極慕康診所",
    "district_code":63000100,
    "district":"內湖區",
    "address":"臺北市內湖區瑞光路60號6、7樓",
    "source_dataset":"taipei_clinic"
    }
  },
  {
    "type": "Feature",
    "geometry": {
       "type": "Point",
       "coordinates":  [ 121.617132,25.06990481 ]
    },
    "properties": {
    "city":"taipei",
    "facility_type":"clinic",
    "category":"診所",
    "name":"丁大元診所",
    "district_code":63000100,
    "district":"內湖區",
    "address":"臺北市內湖區東湖路119巷49弄4號1樓",
    "source_dataset":"taipei_clinic"
    }
  },
  {
    "type": "Feature",
    "geometry": {
       "type": "Point",
       "coordinates":  [ 121.6143451,25.06885812 ]
    },
    "properties": {
    "city":"taipei",
    "facility_type":"clinic",
    "category":"診所",
    "name":"徐醫師診所",
    "district_code":63000100,
    "district":"內湖區",
    "address":"臺北市內湖區東湖路５３號",
    "source_dataset":"taipei_clinic"
    }
  },
  {
    "type": "Feature",
    "geometry": {
       "type": "Point",
       "coordinates":  [ 121.6191564,25.07163563 ]
    },
    "properties": {
    "city":"taipei",
    "facility_type":"clinic",
    "category":"診所",
    "name":"林永正診所",
    "district_code":63000100,
    "district":"內湖區",
    "address":"臺北市內湖區康樂街１３０號",
    "source_dataset":"taipei_clinic"
    }
  },
  {
    "type": "Feature",
    "geometry": {
       "type": "Point",
       "coordinates":  [ 121.5918955,25.08193782 ]
    },
    "properties": {
    "city":"taipei",
    "facility_type":"clinic",
    "category":"診所",
    "name":"秉信診所",
    "district_code":63000100,
    "district":"內湖區",
    "address":"臺北市內湖區成功路四段40號２樓",
    "source_dataset":"taipei_clinic"
    }
  },
  {
    "type": "Feature",
    "geometry": {
       "type": "Point",
       "coordinates":  [ 121.5793218,25.07650346 ]
    },
    "properties": {
    "city":"taipei",
    "facility_type":"clinic",
    "category":"診所",
    "name":"弘育診所",
    "district_code":63000100,
    "district":"內湖區",
    "address":"臺北市內湖區文德路２２巷９弄６４號",
    "source_dataset":"taipei_clinic"
    }
  },
  {
    "type": "Feature",
    "geometry": {
       "type": "Point",
       "coordinates":  [ 121.5920845,25.08166562 ]
    },
    "properties": {
    "city":"taipei",
    "facility_type":"clinic",
    "category":"診所",
    "name":"馬思特診所",
    "district_code":63000100,
    "district":"內湖區",
    "address":"臺北市內湖區成功路四段５３號",
    "source_dataset":"taipei_clinic"
    }
  },
  {
    "type": "Feature",
    "geometry": {
       "type": "Point",
       "coordinates":  [ 121.6158159,25.06730922 ]
    },
    "properties": {
    "city":"taipei",
    "facility_type":"clinic",
    "category":"診所",
    "name":"慈銨診所",
    "district_code":63000100,
    "district":"內湖區",
    "address":"臺北市內湖區五分街95號1樓",
    "source_dataset":"taipei_clinic"
    }
  },
  {
    "type": "Feature",
    "geometry": {
       "type": "Point",
       "coordinates":  [ 121.5679831,25.08456489 ]
    },
    "properties": {
    "city":"taipei",
    "facility_type":"clinic",
    "category":"診所",
    "name":"西湖安康診所",
    "district_code":63000100,
    "district":"內湖區",
    "address":"臺北市內湖區內湖路一段２８５巷６５弄１８號１樓",
    "source_dataset":"taipei_clinic"
    }
  },
  {
    "type": "Feature",
    "geometry": {
       "type": "Point",
       "coordinates":  [ 121.5939447,25.07922144 ]
    },
    "properties": {
    "city":"taipei",
    "facility_type":"clinic",
    "category":"診所",
    "name":"康寧診所",
    "district_code":63000100,
    "district":"內湖區",
    "address":"臺北市內湖區康寧路一段144號1樓",
    "source_dataset":"taipei_clinic"
    }
  },
  {
    "type": "Feature",
    "geometry": {
       "type": "Point",
       "coordinates":  [ 121.5898543,25.0753254 ]
    },
    "properties": {
    "city":"taipei",
    "facility_type":"clinic",
    "category":"診所",
    "name":"洪永祥診所",
    "district_code":63000100,
    "district":"內湖區",
    "address":"臺北市內湖區成功路三段6巷1號、1號2樓",
    "source_dataset":"taipei_clinic"
    }
  },
  {
    "type": "Feature",
    "geometry": {
       "type": "Point",
       "coordinates":  [ 121.5799925,25.07832321 ]
    },
    "properties": {
    "city":"taipei",
    "facility_type":"clinic",
    "category":"診所",
    "name":"文德耳鼻喉科診所",
    "district_code":63000100,
    "district":"內湖區",
    "address":"臺北市內湖區文德路32號",
    "source_dataset":"taipei_clinic"
    }
  },
  {
    "type": "Feature",
    "geometry": {
       "type": "Point",
       "coordinates":  [ 121.5848954,25.06870691 ]
    },
    "properties": {
    "city":"taipei",
    "facility_type":"clinic",
    "category":"診所",
    "name":"內湖長春診所",
    "district_code":63000100,
    "district":"內湖區",
    "address":"臺北市內湖區民權東路六段64號",
    "source_dataset":"taipei_clinic"
    }
  },
  {
    "type": "Feature",
    "geometry": {
       "type": "Point",
       "coordinates":  [ 121.6054806,25.07400547 ]
    },
    "properties": {
    "city":"taipei",
    "facility_type":"clinic",
    "category":"診所",
    "name":"弘康復健科診所",
    "district_code":63000100,
    "district":"內湖區",
    "address":"臺北市內湖區成功路五段八十一號一樓",
    "source_dataset":"taipei_clinic"
    }
  },
  {
    "type": "Feature",
    "geometry": {
       "type": "Point",
       "coordinates":  [ 121.6129388,25.06893921 ]
    },
    "properties": {
    "city":"taipei",
    "facility_type":"clinic",
    "category":"診所",
    "name":"大愛眼科診所",
    "district_code":63000100,
    "district":"內湖區",
    "address":"臺北市內湖區東湖路15號1樓",
    "source_dataset":"taipei_clinic"
    }
  },
  {
    "type": "Feature",
    "geometry": {
       "type": "Point",
       "coordinates":  [ 121.5653917,25.08279594 ]
    },
    "properties": {
    "city":"taipei",
    "facility_type":"clinic",
    "category":"診所",
    "name":"宏仁眼科診所",
    "district_code":63000100,
    "district":"內湖區",
    "address":"臺北市內湖區環山路一段2號",
    "source_dataset":"taipei_clinic"
    }
  },
  {
    "type": "Feature",
    "geometry": {
       "type": "Point",
       "coordinates":  [ 121.5687549,25.08175644 ]
    },
    "properties": {
    "city":"taipei",
    "facility_type":"clinic",
    "category":"診所",
    "name":"陳喬鴻眼科診所",
    "district_code":63000100,
    "district":"內湖區",
    "address":"臺北市內湖區內湖路一段300號3樓之2、3樓之3",
    "source_dataset":"taipei_clinic"
    }
  },
  {
    "type": "Feature",
    "geometry": {
       "type": "Point",
       "coordinates":  [ 121.6094932,25.07143062 ]
    },
    "properties": {
    "city":"taipei",
    "facility_type":"clinic",
    "category":"診所",
    "name":"魏之明小兒科診所",
    "district_code":63000100,
    "district":"內湖區",
    "address":"臺北市內湖區康寧路三段54之6號1樓",
    "source_dataset":"taipei_clinic"
    }
  },
  {
    "type": "Feature",
    "geometry": {
       "type": "Point",
       "coordinates":  [ 121.6071179,25.07480519 ]
    },
    "properties": {
    "city":"taipei",
    "facility_type":"clinic",
    "category":"診所",
    "name":"日新診所",
    "district_code":63000100,
    "district":"內湖區",
    "address":"臺北市內湖區成功路五段446號1樓",
    "source_dataset":"taipei_clinic"
    }
  },
  {
    "type": "Feature",
    "geometry": {
       "type": "Point",
       "coordinates":  [ 121.5824069,25.0445319 ]
    },
    "properties": {
    "city":"taipei",
    "facility_type":"clinic",
    "category":"診所",
    "name":"南港諾貝爾眼科診所",
    "district_code":63000090,
    "district":"南港區",
    "address":"臺北市南港區忠孝東路五段980號(1、2樓)",
    "source_dataset":"taipei_clinic"
    }
  },
  {
    "type": "Feature",
    "geometry": {
       "type": "Point",
       "coordinates":  [ 121.5866973,25.04478588 ]
    },
    "properties": {
    "city":"taipei",
    "facility_type":"clinic",
    "category":"診所",
    "name":"天仁小兒科診所",
    "district_code":63000090,
    "district":"南港區",
    "address":"臺北市南港區成福路21號",
    "source_dataset":"taipei_clinic"
    }
  },
  {
    "type": "Feature",
    "geometry": {
       "type": "Point",
       "coordinates":  [ 121.5855114,25.04580495 ]
    },
    "properties": {
    "city":"taipei",
    "facility_type":"clinic",
    "category":"診所",
    "name":"麗馨診所",
    "district_code":63000090,
    "district":"南港區",
    "address":"臺北市南港區同德路84號",
    "source_dataset":"taipei_clinic"
    }
  },
  {
    "type": "Feature",
    "geometry": {
       "type": "Point",
       "coordinates":  [ 121.6117343,25.05533164 ]
    },
    "properties": {
    "city":"taipei",
    "facility_type":"clinic",
    "category":"診所",
    "name":"南港復健科診所",
    "district_code":63000090,
    "district":"南港區",
    "address":"臺北市南港區南港路一段172號",
    "source_dataset":"taipei_clinic"
    }
  },
  {
    "type": "Feature",
    "geometry": {
       "type": "Point",
       "coordinates":  [ 121.581583,25.04470029 ]
    },
    "properties": {
    "city":"taipei",
    "facility_type":"clinic",
    "category":"診所",
    "name":"友力耳鼻喉科診所",
    "district_code":63000090,
    "district":"南港區",
    "address":"臺北市南港區中坡北路12號1樓",
    "source_dataset":"taipei_clinic"
    }
  },
  {
    "type": "Feature",
    "geometry": {
       "type": "Point",
       "coordinates":  [ 121.6048022,25.05470165 ]
    },
    "properties": {
    "city":"taipei",
    "facility_type":"clinic",
    "category":"診所",
    "name":"開馨診所",
    "district_code":63000090,
    "district":"南港區",
    "address":"臺北市南港區南港路二段38巷6之1號",
    "source_dataset":"taipei_clinic"
    }
  },
  {
    "type": "Feature",
    "geometry": {
       "type": "Point",
       "coordinates":  [ 121.5851189,25.04671841 ]
    },
    "properties": {
    "city":"taipei",
    "facility_type":"clinic",
    "category":"診所",
    "name":"松展診所",
    "district_code":63000090,
    "district":"南港區",
    "address":"臺北市南港區忠孝東路六段110巷18號",
    "source_dataset":"taipei_clinic"
    }
  },
  {
    "type": "Feature",
    "geometry": {
       "type": "Point",
       "coordinates":  [ 121.6113961,25.05974737 ]
    },
    "properties": {
    "city":"taipei",
    "facility_type":"clinic",
    "category":"診所",
    "name":"艾萊診所",
    "district_code":63000090,
    "district":"南港區",
    "address":"臺北市南港區重陽路472之1號",
    "source_dataset":"taipei_clinic"
    }
  },
  {
    "type": "Feature",
    "geometry": {
       "type": "Point",
       "coordinates":  [ 121.6105103,25.0596418 ]
    },
    "properties": {
    "city":"taipei",
    "facility_type":"clinic",
    "category":"診所",
    "name":"稚顏美學診所",
    "district_code":63000090,
    "district":"南港區",
    "address":"臺北市南港區重陽路461號9樓",
    "source_dataset":"taipei_clinic"
    }
  },
  {
    "type": "Feature",
    "geometry": {
       "type": "Point",
       "coordinates":  [ 121.5823302,25.04442321 ]
    },
    "properties": {
    "city":"taipei",
    "facility_type":"clinic",
    "category":"診所",
    "name":"荃威診所",
    "district_code":63000090,
    "district":"南港區",
    "address":"臺北市南港區忠孝東路5段976號(實際營業地址:1、2層)",
    "source_dataset":"taipei_clinic"
    }
  },
  {
    "type": "Feature",
    "geometry": {
       "type": "Point",
       "coordinates":  [ 121.5833064,25.04525632 ]
    },
    "properties": {
    "city":"taipei",
    "facility_type":"clinic",
    "category":"診所",
    "name":"多田診所",
    "district_code":63000090,
    "district":"南港區",
    "address":"臺北市南港區忠孝東路6段6號2樓之1",
    "source_dataset":"taipei_clinic"
    }
  },
  {
    "type": "Feature",
    "geometry": {
       "type": "Point",
       "coordinates":  [ 121.6111165,25.0604779 ]
    },
    "properties": {
    "city":"taipei",
    "facility_type":"clinic",
    "category":"診所",
    "name":"星源未來診所",
    "district_code":63000090,
    "district":"南港區",
    "address":"臺北市南港區重陽路479號9樓",
    "source_dataset":"taipei_clinic"
    }
  },
  {
    "type": "Feature",
    "geometry": {
       "type": "Point",
       "coordinates":  [ 121.566819,25.0405415 ]
    },
    "properties": {
    "city":"taipei",
    "facility_type":"clinic",
    "category":"診所",
    "name":"南港美麗爾診所",
    "district_code":63000090,
    "district":"南港區",
    "address":"臺北市南港區忠孝東路5段978號2樓",
    "source_dataset":"taipei_clinic"
    }
  },
  {
    "type": "Feature",
    "geometry": {
       "type": "Point",
       "coordinates":  [ 121.615416,25.05322429 ]
    },
    "properties": {
    "city":"taipei",
    "facility_type":"clinic",
    "category":"診所",
    "name":"廖內兒科診所",
    "district_code":63000090,
    "district":"南港區",
    "address":"臺北市南港區忠孝東路七段６１７號",
    "source_dataset":"taipei_clinic"
    }
  },
  {
    "type": "Feature",
    "geometry": {
       "type": "Point",
       "coordinates":  [ 121.6165485,25.05386477 ]
    },
    "properties": {
    "city":"taipei",
    "facility_type":"clinic",
    "category":"診所",
    "name":"杏林內科小兒科診所",
    "district_code":63000090,
    "district":"南港區",
    "address":"臺北市南港區研究院路一段２５號",
    "source_dataset":"taipei_clinic"
    }
  },
  {
    "type": "Feature",
    "geometry": {
       "type": "Point",
       "coordinates":  [ 121.6153195,25.04625397 ]
    },
    "properties": {
    "city":"taipei",
    "facility_type":"clinic",
    "category":"診所",
    "name":"佑誠診所",
    "district_code":63000090,
    "district":"南港區",
    "address":"臺北市南港區研究院路二段27號1樓",
    "source_dataset":"taipei_clinic"
    }
  },
  {
    "type": "Feature",
    "geometry": {
       "type": "Point",
       "coordinates":  [ 121.5832811,25.04392955 ]
    },
    "properties": {
    "city":"taipei",
    "facility_type":"clinic",
    "category":"診所",
    "name":"蔣小兒科診所",
    "district_code":63000090,
    "district":"南港區",
    "address":"臺北市南港區玉成街１６６巷３0號１樓",
    "source_dataset":"taipei_clinic"
    }
  },
  {
    "type": "Feature",
    "geometry": {
       "type": "Point",
       "coordinates":  [ 121.5814279,25.05091949 ]
    },
    "properties": {
    "city":"taipei",
    "facility_type":"clinic",
    "category":"診所",
    "name":"陳志鑫診所",
    "district_code":63000090,
    "district":"南港區",
    "address":"臺北市南港區八德路四段８１２號",
    "source_dataset":"taipei_clinic"
    }
  },
  {
    "type": "Feature",
    "geometry": {
       "type": "Point",
       "coordinates":  [ 121.6057259,25.05581325 ]
    },
    "properties": {
    "city":"taipei",
    "facility_type":"clinic",
    "category":"診所",
    "name":"劉聖亞診所",
    "district_code":63000090,
    "district":"南港區",
    "address":"臺北市南港區興華路８２號１樓",
    "source_dataset":"taipei_clinic"
    }
  },
  {
    "type": "Feature",
    "geometry": {
       "type": "Point",
       "coordinates":  [ 121.587729,25.04878541 ]
    },
    "properties": {
    "city":"taipei",
    "facility_type":"clinic",
    "category":"診所",
    "name":"希文耳鼻喉科診所",
    "district_code":63000090,
    "district":"南港區",
    "address":"臺北市南港區忠孝東路六段234號",
    "source_dataset":"taipei_clinic"
    }
  },
  {
    "type": "Feature",
    "geometry": {
       "type": "Point",
       "coordinates":  [ 121.5813811,25.0456658 ]
    },
    "properties": {
    "city":"taipei",
    "facility_type":"clinic",
    "category":"診所",
    "name":"興盛診所",
    "district_code":63000090,
    "district":"南港區",
    "address":"臺北市南港區永吉路546、551號、中坡北路30巷16號2樓",
    "source_dataset":"taipei_clinic"
    }
  },
  {
    "type": "Feature",
    "geometry": {
       "type": "Point",
       "coordinates":  [ 121.5831839,25.04502642 ]
    },
    "properties": {
    "city":"taipei",
    "facility_type":"clinic",
    "category":"診所",
    "name":"義仁兒科診所",
    "district_code":63000090,
    "district":"南港區",
    "address":"臺北市南港區玉成街138號1樓",
    "source_dataset":"taipei_clinic"
    }
  },
  {
    "type": "Feature",
    "geometry": {
       "type": "Point",
       "coordinates":  [ 121.5879234,25.03946428 ]
    },
    "properties": {
    "city":"taipei",
    "facility_type":"clinic",
    "category":"診所",
    "name":"永育醫療福德診所",
    "district_code":63000090,
    "district":"南港區",
    "address":"臺北市南港區福德街320號1樓",
    "source_dataset":"taipei_clinic"
    }
  },
  {
    "type": "Feature",
    "geometry": {
       "type": "Point",
       "coordinates":  [ 121.5843549,25.04544119 ]
    },
    "properties": {
    "city":"taipei",
    "facility_type":"clinic",
    "category":"診所",
    "name":"天慈婦產科診所",
    "district_code":63000090,
    "district":"南港區",
    "address":"臺北市南港區同德路３７號１樓",
    "source_dataset":"taipei_clinic"
    }
  },
  {
    "type": "Feature",
    "geometry": {
       "type": "Point",
       "coordinates":  [ 121.6151078,25.04557017 ]
    },
    "properties": {
    "city":"taipei",
    "facility_type":"clinic",
    "category":"診所",
    "name":"李文珍小兒科診所",
    "district_code":63000090,
    "district":"南港區",
    "address":"臺北市南港區研究院路2段74號",
    "source_dataset":"taipei_clinic"
    }
  },
  {
    "type": "Feature",
    "geometry": {
       "type": "Point",
       "coordinates":  [ 121.5866973,25.04478588 ]
    },
    "properties": {
    "city":"taipei",
    "facility_type":"clinic",
    "category":"診所",
    "name":"天仁健康診所",
    "district_code":63000090,
    "district":"南港區",
    "address":"臺北市南港區成福路21號",
    "source_dataset":"taipei_clinic"
    }
  },
  {
    "type": "Feature",
    "geometry": {
       "type": "Point",
       "coordinates":  [ 121.6152256,25.0452083 ]
    },
    "properties": {
    "city":"taipei",
    "facility_type":"clinic",
    "category":"診所",
    "name":"維康診所",
    "district_code":63000090,
    "district":"南港區",
    "address":"臺北市南港區研究院路2段84巷1號1樓",
    "source_dataset":"taipei_clinic"
    }
  },
  {
    "type": "Feature",
    "geometry": {
       "type": "Point",
       "coordinates":  [ 121.5830823,25.04435765 ]
    },
    "properties": {
    "city":"taipei",
    "facility_type":"clinic",
    "category":"診所",
    "name":"優勢皮膚科診所",
    "district_code":63000090,
    "district":"南港區",
    "address":"臺北市南港區玉成街140巷11弄2號",
    "source_dataset":"taipei_clinic"
    }
  },
  {
    "type": "Feature",
    "geometry": {
       "type": "Point",
       "coordinates":  [ 121.6061283,25.05516682 ]
    },
    "properties": {
    "city":"taipei",
    "facility_type":"clinic",
    "category":"診所",
    "name":"泓安耳鼻喉科診所",
    "district_code":63000090,
    "district":"南港區",
    "address":"臺北市南港區興華路75號",
    "source_dataset":"taipei_clinic"
    }
  },
  {
    "type": "Feature",
    "geometry": {
       "type": "Point",
       "coordinates":  [ 121.580148,25.0503981 ]
    },
    "properties": {
    "city":"taipei",
    "facility_type":"clinic",
    "category":"診所",
    "name":"奕賢骨科外科診所",
    "district_code":63000090,
    "district":"南港區",
    "address":"臺北市南港區八德路四段774、776號",
    "source_dataset":"taipei_clinic"
    }
  },
  {
    "type": "Feature",
    "geometry": {
       "type": "Point",
       "coordinates":  [ 121.5852902,25.04569787 ]
    },
    "properties": {
    "city":"taipei",
    "facility_type":"clinic",
    "category":"診所",
    "name":"杏安診所",
    "district_code":63000090,
    "district":"南港區",
    "address":"臺北市南港區同德路74號、76號",
    "source_dataset":"taipei_clinic"
    }
  },
  {
    "type": "Feature",
    "geometry": {
       "type": "Point",
       "coordinates":  [ 121.6133092,25.05304137 ]
    },
    "properties": {
    "city":"taipei",
    "facility_type":"clinic",
    "category":"診所",
    "name":"康禾診所",
    "district_code":63000090,
    "district":"南港區",
    "address":"臺北市南港區忠孝東路七段551號",
    "source_dataset":"taipei_clinic"
    }
  },
  {
    "type": "Feature",
    "geometry": {
       "type": "Point",
       "coordinates":  [ 121.606758,25.05452944 ]
    },
    "properties": {
    "city":"taipei",
    "facility_type":"clinic",
    "category":"診所",
    "name":"臺北市立聯合醫院附設南港門診部",
    "district_code":63000090,
    "district":"南港區",
    "address":"臺北市南港區南港路1段360號1樓",
    "source_dataset":"taipei_clinic"
    }
  },
  {
    "type": "Feature",
    "geometry": {
       "type": "Point",
       "coordinates":  [ 121.6157069,25.0503804 ]
    },
    "properties": {
    "city":"taipei",
    "facility_type":"clinic",
    "category":"診所",
    "name":"黃家庭醫學科診所",
    "district_code":63000090,
    "district":"南港區",
    "address":"臺北市南港區研究院路一段１６１號",
    "source_dataset":"taipei_clinic"
    }
  },
  {
    "type": "Feature",
    "geometry": {
       "type": "Point",
       "coordinates":  [ 121.6126131,25.05575805 ]
    },
    "properties": {
    "city":"taipei",
    "facility_type":"clinic",
    "category":"診所",
    "name":"翊群耳鼻喉科診所",
    "district_code":63000090,
    "district":"南港區",
    "address":"臺北市南港區興東街29之1號",
    "source_dataset":"taipei_clinic"
    }
  },
  {
    "type": "Feature",
    "geometry": {
       "type": "Point",
       "coordinates":  [ 121.6157193,25.05011154 ]
    },
    "properties": {
    "city":"taipei",
    "facility_type":"clinic",
    "category":"診所",
    "name":"湯眼科診所",
    "district_code":63000090,
    "district":"南港區",
    "address":"臺北市南港區研究院路一段１６９號１樓",
    "source_dataset":"taipei_clinic"
    }
  },
  {
    "type": "Feature",
    "geometry": {
       "type": "Point",
       "coordinates":  [ 121.6155188,25.05323726 ]
    },
    "properties": {
    "city":"taipei",
    "facility_type":"clinic",
    "category":"診所",
    "name":"隆美皮膚科診所",
    "district_code":63000090,
    "district":"南港區",
    "address":"臺北市南港區忠孝東路七段6２1號",
    "source_dataset":"taipei_clinic"
    }
  },
  {
    "type": "Feature",
    "geometry": {
       "type": "Point",
       "coordinates":  [ 121.6165789,25.05407736 ]
    },
    "properties": {
    "city":"taipei",
    "facility_type":"clinic",
    "category":"診所",
    "name":"冠德耳鼻喉科診所",
    "district_code":63000090,
    "district":"南港區",
    "address":"臺北市南港區研究院路一段１７號１樓",
    "source_dataset":"taipei_clinic"
    }
  },
  {
    "type": "Feature",
    "geometry": {
       "type": "Point",
       "coordinates":  [ 121.6157763,25.04750073 ]
    },
    "properties": {
    "city":"taipei",
    "facility_type":"clinic",
    "category":"診所",
    "name":"中研耳鼻喉科診所",
    "district_code":63000090,
    "district":"南港區",
    "address":"臺北市南港區研究院路二段3之9號1樓",
    "source_dataset":"taipei_clinic"
    }
  },
  {
    "type": "Feature",
    "geometry": {
       "type": "Point",
       "coordinates":  [ 121.5832456,25.04322297 ]
    },
    "properties": {
    "city":"taipei",
    "facility_type":"clinic",
    "category":"診所",
    "name":"中坡耳鼻喉科診所",
    "district_code":63000090,
    "district":"南港區",
    "address":"臺北市南港區中坡南路29號",
    "source_dataset":"taipei_clinic"
    }
  },
  {
    "type": "Feature",
    "geometry": {
       "type": "Point",
       "coordinates":  [ 121.6160539,25.05158142 ]
    },
    "properties": {
    "city":"taipei",
    "facility_type":"clinic",
    "category":"診所",
    "name":"陳勝吉診所",
    "district_code":63000090,
    "district":"南港區",
    "address":"臺北市南港區研究院路一段115號1樓",
    "source_dataset":"taipei_clinic"
    }
  },
  {
    "type": "Feature",
    "geometry": {
       "type": "Point",
       "coordinates":  [ 121.5812537,25.0456322 ]
    },
    "properties": {
    "city":"taipei",
    "facility_type":"clinic",
    "category":"診所",
    "name":"吉盛興盛診所",
    "district_code":63000090,
    "district":"南港區",
    "address":"臺北市南港區永吉路547號及中坡北路30巷12號2樓、3樓",
    "source_dataset":"taipei_clinic"
    }
  },
  {
    "type": "Feature",
    "geometry": {
       "type": "Point",
       "coordinates":  [ 121.5392507,25.00073282 ]
    },
    "properties": {
    "city":"taipei",
    "facility_type":"clinic",
    "category":"診所",
    "name":"慈慧內科眼科聯合診所",
    "district_code":63000080,
    "district":"文山區",
    "address":"臺北市文山區羅斯福路五段264號",
    "source_dataset":"taipei_clinic"
    }
  },
  {
    "type": "Feature",
    "geometry": {
       "type": "Point",
       "coordinates":  [ 121.5620737,24.98387026 ]
    },
    "properties": {
    "city":"taipei",
    "facility_type":"clinic",
    "category":"診所",
    "name":"普仁診所",
    "district_code":63000080,
    "district":"文山區",
    "address":"臺北市文山區興隆路四段１７１號",
    "source_dataset":"taipei_clinic"
    }
  },
  {
    "type": "Feature",
    "geometry": {
       "type": "Point",
       "coordinates":  [ 121.5409631,24.990568 ]
    },
    "properties": {
    "city":"taipei",
    "facility_type":"clinic",
    "category":"診所",
    "name":"陳建業診所",
    "district_code":63000080,
    "district":"文山區",
    "address":"臺北市文山區景文街86號(1樓、2樓)、107號6樓",
    "source_dataset":"taipei_clinic"
    }
  },
  {
    "type": "Feature",
    "geometry": {
       "type": "Point",
       "coordinates":  [ 121.5479979,24.99974909 ]
    },
    "properties": {
    "city":"taipei",
    "facility_type":"clinic",
    "category":"診所",
    "name":"林建輝小兒科診所",
    "district_code":63000080,
    "district":"文山區",
    "address":"臺北市文山區興隆路二段７０號",
    "source_dataset":"taipei_clinic"
    }
  },
  {
    "type": "Feature",
    "geometry": {
       "type": "Point",
       "coordinates":  [ 121.5462388,24.9991036 ]
    },
    "properties": {
    "city":"taipei",
    "facility_type":"clinic",
    "category":"診所",
    "name":"瀚霖眼科診所",
    "district_code":63000080,
    "district":"文山區",
    "address":"臺北市文山區興隆路二段６７號",
    "source_dataset":"taipei_clinic"
    }
  },
  {
    "type": "Feature",
    "geometry": {
       "type": "Point",
       "coordinates":  [ 121.5470788,24.9993805 ]
    },
    "properties": {
    "city":"taipei",
    "facility_type":"clinic",
    "category":"診所",
    "name":"景升診所",
    "district_code":63000080,
    "district":"文山區",
    "address":"臺北市文山區興隆路二段９３之１號(實際營業事實為1樓及地下1樓）、95巷1號2樓、95巷3號2樓",
    "source_dataset":"taipei_clinic"
    }
  },
  {
    "type": "Feature",
    "geometry": {
       "type": "Point",
       "coordinates":  [ 121.5550331,25.00055344 ]
    },
    "properties": {
    "city":"taipei",
    "facility_type":"clinic",
    "category":"診所",
    "name":"葉洪小兒科診所",
    "district_code":63000080,
    "district":"文山區",
    "address":"臺北市文山區興隆路三段二Ｏ二號一樓",
    "source_dataset":"taipei_clinic"
    }
  },
  {
    "type": "Feature",
    "geometry": {
       "type": "Point",
       "coordinates":  [ 121.5613659,24.98502532 ]
    },
    "properties": {
    "city":"taipei",
    "facility_type":"clinic",
    "category":"診所",
    "name":"洪佑承小兒專科診所",
    "district_code":63000080,
    "district":"文山區",
    "address":"臺北市文山區興隆路四段64之2號",
    "source_dataset":"taipei_clinic"
    }
  },
  {
    "type": "Feature",
    "geometry": {
       "type": "Point",
       "coordinates":  [ 121.553343,25.00102727 ]
    },
    "properties": {
    "city":"taipei",
    "facility_type":"clinic",
    "category":"診所",
    "name":"晉康復健科診所",
    "district_code":63000080,
    "district":"文山區",
    "address":"臺北市文山區興隆路二段２２８之１號１樓",
    "source_dataset":"taipei_clinic"
    }
  },
  {
    "type": "Feature",
    "geometry": {
       "type": "Point",
       "coordinates":  [ 121.5567925,25.0004485 ]
    },
    "properties": {
    "city":"taipei",
    "facility_type":"clinic",
    "category":"診所",
    "name":"黃皮膚科診所",
    "district_code":63000080,
    "district":"文山區",
    "address":"臺北市文山區興隆路三段７９巷５號１及２樓",
    "source_dataset":"taipei_clinic"
    }
  },
  {
    "type": "Feature",
    "geometry": {
       "type": "Point",
       "coordinates":  [ 121.5590874,24.98121088 ]
    },
    "properties": {
    "city":"taipei",
    "facility_type":"clinic",
    "category":"診所",
    "name":"春林復健科診所",
    "district_code":63000080,
    "district":"文山區",
    "address":"臺北市文山區木新路三段229號",
    "source_dataset":"taipei_clinic"
    }
  },
  {
    "type": "Feature",
    "geometry": {
       "type": "Point",
       "coordinates":  [ 121.5695598,24.98441156 ]
    },
    "properties": {
    "city":"taipei",
    "facility_type":"clinic",
    "category":"診所",
    "name":"目欣眼科診所",
    "district_code":63000080,
    "district":"文山區",
    "address":"臺北市文山區木新路二段１２０號",
    "source_dataset":"taipei_clinic"
    }
  },
  {
    "type": "Feature",
    "geometry": {
       "type": "Point",
       "coordinates":  [ 121.5448381,24.99705168 ]
    },
    "properties": {
    "city":"taipei",
    "facility_type":"clinic",
    "category":"診所",
    "name":"官世英診所",
    "district_code":63000080,
    "district":"文山區",
    "address":"臺北市文山區景興路四十五號",
    "source_dataset":"taipei_clinic"
    }
  },
  {
    "type": "Feature",
    "geometry": {
       "type": "Point",
       "coordinates":  [ 121.562749,24.98227495 ]
    },
    "properties": {
    "city":"taipei",
    "facility_type":"clinic",
    "category":"診所",
    "name":"平安耳鼻喉科診所",
    "district_code":63000080,
    "district":"文山區",
    "address":"臺北市文山區木新路三段１０６號１樓",
    "source_dataset":"taipei_clinic"
    }
  },
  {
    "type": "Feature",
    "geometry": {
       "type": "Point",
       "coordinates":  [ 121.5687719,24.98756395 ]
    },
    "properties": {
    "city":"taipei",
    "facility_type":"clinic",
    "category":"診所",
    "name":"許至文耳鼻喉科診所",
    "district_code":63000080,
    "district":"文山區",
    "address":"臺北市文山區指南路一段2號",
    "source_dataset":"taipei_clinic"
    }
  },
  {
    "type": "Feature",
    "geometry": {
       "type": "Point",
       "coordinates":  [ 121.5592733,24.98125838 ]
    },
    "properties": {
    "city":"taipei",
    "facility_type":"clinic",
    "category":"診所",
    "name":"高鳴傑 眼科診所",
    "district_code":63000080,
    "district":"文山區",
    "address":"臺北市文山區木新路三段223號",
    "source_dataset":"taipei_clinic"
    }
  },
  {
    "type": "Feature",
    "geometry": {
       "type": "Point",
       "coordinates":  [ 121.5534868,25.00176268 ]
    },
    "properties": {
    "city":"taipei",
    "facility_type":"clinic",
    "category":"診所",
    "name":"屈銘軒小兒科診所",
    "district_code":63000080,
    "district":"文山區",
    "address":"臺北市文山區興隆路二段301巷4-2號",
    "source_dataset":"taipei_clinic"
    }
  },
  {
    "type": "Feature",
    "geometry": {
       "type": "Point",
       "coordinates":  [ 121.5597427,24.9954644 ]
    },
    "properties": {
    "city":"taipei",
    "facility_type":"clinic",
    "category":"診所",
    "name":"興隆診所",
    "district_code":63000080,
    "district":"文山區",
    "address":"臺北市文山區興隆路三段一一二巷九號一樓、地下一樓",
    "source_dataset":"taipei_clinic"
    }
  },
  {
    "type": "Feature",
    "geometry": {
       "type": "Point",
       "coordinates":  [ 121.5418346,24.99132843 ]
    },
    "properties": {
    "city":"taipei",
    "facility_type":"clinic",
    "category":"診所",
    "name":"漂亮101皮膚科診所",
    "district_code":63000080,
    "district":"文山區",
    "address":"臺北市文山區景美街20號2樓",
    "source_dataset":"taipei_clinic"
    }
  },
  {
    "type": "Feature",
    "geometry": {
       "type": "Point",
       "coordinates":  [ 121.5612284,24.98541546 ]
    },
    "properties": {
    "city":"taipei",
    "facility_type":"clinic",
    "category":"診所",
    "name":"長欣婦產科診所",
    "district_code":63000080,
    "district":"文山區",
    "address":"臺北市文山區興隆路四段六十號一樓",
    "source_dataset":"taipei_clinic"
    }
  },
  {
    "type": "Feature",
    "geometry": {
       "type": "Point",
       "coordinates":  [ 121.5401038,24.99238468 ]
    },
    "properties": {
    "city":"taipei",
    "facility_type":"clinic",
    "category":"診所",
    "name":"黃偉志小兒科診所",
    "district_code":63000080,
    "district":"文山區",
    "address":"臺北市文山區萬慶街12號1樓",
    "source_dataset":"taipei_clinic"
    }
  },
  {
    "type": "Feature",
    "geometry": {
       "type": "Point",
       "coordinates":  [ 121.5594471,24.9842167 ]
    },
    "properties": {
    "city":"taipei",
    "facility_type":"clinic",
    "category":"診所",
    "name":"世誠耳鼻喉科診所",
    "district_code":63000080,
    "district":"文山區",
    "address":"臺北市文山區忠順街一段107號1樓",
    "source_dataset":"taipei_clinic"
    }
  },
  {
    "type": "Feature",
    "geometry": {
       "type": "Point",
       "coordinates":  [ 121.5765227,24.98761962 ]
    },
    "properties": {
    "city":"taipei",
    "facility_type":"clinic",
    "category":"診所",
    "name":"臺北市立聯合醫院附設政大門診部",
    "district_code":63000080,
    "district":"文山區",
    "address":"臺北市文山區指南路二段117號",
    "source_dataset":"taipei_clinic"
    }
  },
  {
    "type": "Feature",
    "geometry": {
       "type": "Point",
       "coordinates":  [ 121.5593047,24.99804823 ]
    },
    "properties": {
    "city":"taipei",
    "facility_type":"clinic",
    "category":"診所",
    "name":"臺灣警察專科學校醫務室",
    "district_code":63000080,
    "district":"文山區",
    "address":"臺北市文山區興隆路三段153號",
    "source_dataset":"taipei_clinic"
    }
  },
  {
    "type": "Feature",
    "geometry": {
       "type": "Point",
       "coordinates":  [ 121.5401836,24.99186893 ]
    },
    "properties": {
    "city":"taipei",
    "facility_type":"clinic",
    "category":"診所",
    "name":"佳鴻診所",
    "district_code":63000080,
    "district":"文山區",
    "address":"臺北市文山區羅斯福路6段256號1樓",
    "source_dataset":"taipei_clinic"
    }
  },
  {
    "type": "Feature",
    "geometry": {
       "type": "Point",
       "coordinates":  [ 121.5408451,24.99654765 ]
    },
    "properties": {
    "city":"taipei",
    "facility_type":"clinic",
    "category":"診所",
    "name":"誠心身心醫學診所",
    "district_code":63000080,
    "district":"文山區",
    "address":"臺北市文山區羅斯福路6段138號1樓",
    "source_dataset":"taipei_clinic"
    }
  },
  {
    "type": "Feature",
    "geometry": {
       "type": "Point",
       "coordinates":  [ 121.5566881,25.00517998 ]
    },
    "properties": {
    "city":"taipei",
    "facility_type":"clinic",
    "category":"診所",
    "name":"欣成診所",
    "district_code":63000080,
    "district":"文山區",
    "address":"臺北市文山區辛亥路4段128之1號3樓",
    "source_dataset":"taipei_clinic"
    }
  },
  {
    "type": "Feature",
    "geometry": {
       "type": "Point",
       "coordinates":  [ 121.5551367,25.0004775 ]
    },
    "properties": {
    "city":"taipei",
    "facility_type":"clinic",
    "category":"診所",
    "name":"蘇黎世診所",
    "district_code":63000080,
    "district":"文山區",
    "address":"臺北市文山區興隆路3段28號(1樓、2樓)",
    "source_dataset":"taipei_clinic"
    }
  },
  {
    "type": "Feature",
    "geometry": {
       "type": "Point",
       "coordinates":  [ 121.5532805,25.0011557 ]
    },
    "properties": {
    "city":"taipei",
    "facility_type":"clinic",
    "category":"診所",
    "name":"莊豐賓泌尿科診所",
    "district_code":63000080,
    "district":"文山區",
    "address":"臺北市文山區興隆路2段224之4號1樓及地下1樓",
    "source_dataset":"taipei_clinic"
    }
  },
  {
    "type": "Feature",
    "geometry": {
       "type": "Point",
       "coordinates":  [ 121.551944,25.0014847 ]
    },
    "properties": {
    "city":"taipei",
    "facility_type":"clinic",
    "category":"診所",
    "name":"文山上明眼科診所",
    "district_code":63000080,
    "district":"文山區",
    "address":"臺北市文山區興隆路2段198號(1樓)、196號2樓之1",
    "source_dataset":"taipei_clinic"
    }
  },
  {
    "type": "Feature",
    "geometry": {
       "type": "Point",
       "coordinates":  [ 121.5563638,24.99981858 ]
    },
    "properties": {
    "city":"taipei",
    "facility_type":"clinic",
    "category":"診所",
    "name":"究美診所",
    "district_code":63000080,
    "district":"文山區",
    "address":"臺北市文山區興隆路3段76號5樓之3",
    "source_dataset":"taipei_clinic"
    }
  },
  {
    "type": "Feature",
    "geometry": {
       "type": "Point",
       "coordinates":  [ 121.5390673,25.00472589 ]
    },
    "properties": {
    "city":"taipei",
    "facility_type":"clinic",
    "category":"診所",
    "name":"萬隆力康復健科診所",
    "district_code":63000080,
    "district":"文山區",
    "address":"臺北市文山區羅斯福路5段127號2樓、129號2樓",
    "source_dataset":"taipei_clinic"
    }
  },
  {
    "type": "Feature",
    "geometry": {
       "type": "Point",
       "coordinates":  [ 121.5405585,24.99161937 ]
    },
    "properties": {
    "city":"taipei",
    "facility_type":"clinic",
    "category":"診所",
    "name":"山林診所",
    "district_code":63000080,
    "district":"文山區",
    "address":"臺北市文山區羅斯福路6段407號2樓、2樓之1",
    "source_dataset":"taipei_clinic"
    }
  },
  {
    "type": "Feature",
    "geometry": {
       "type": "Point",
       "coordinates":  [ 121.5411483,24.9980534 ]
    },
    "properties": {
    "city":"taipei",
    "facility_type":"clinic",
    "category":"診所",
    "name":"瑞杏診所",
    "district_code":63000080,
    "district":"文山區",
    "address":"臺北市文山區羅斯福路六段１５９巷１弄１２號1、2樓",
    "source_dataset":"taipei_clinic"
    }
  },
  {
    "type": "Feature",
    "geometry": {
       "type": "Point",
       "coordinates":  [ 121.5619753,24.98210056 ]
    },
    "properties": {
    "city":"taipei",
    "facility_type":"clinic",
    "category":"診所",
    "name":"健誠診所",
    "district_code":63000080,
    "district":"文山區",
    "address":"臺北市文山區木新路三段１２４號１樓",
    "source_dataset":"taipei_clinic"
    }
  },
  {
    "type": "Feature",
    "geometry": {
       "type": "Point",
       "coordinates":  [ 121.5597488,24.98158131 ]
    },
    "properties": {
    "city":"taipei",
    "facility_type":"clinic",
    "category":"診所",
    "name":"吳錫賢診所",
    "district_code":63000080,
    "district":"文山區",
    "address":"臺北市文山區木新路三段２０８號１樓",
    "source_dataset":"taipei_clinic"
    }
  },
  {
    "type": "Feature",
    "geometry": {
       "type": "Point",
       "coordinates":  [ 121.5585788,24.9810823 ]
    },
    "properties": {
    "city":"taipei",
    "facility_type":"clinic",
    "category":"診所",
    "name":"徐文治診所",
    "district_code":63000080,
    "district":"文山區",
    "address":"臺北市文山區木新路三段２４９號１樓",
    "source_dataset":"taipei_clinic"
    }
  },
  {
    "type": "Feature",
    "geometry": {
       "type": "Point",
       "coordinates":  [ 121.5591151,24.99770858 ]
    },
    "properties": {
    "city":"taipei",
    "facility_type":"clinic",
    "category":"診所",
    "name":"陳啟義眼科診所",
    "district_code":63000080,
    "district":"文山區",
    "address":"臺北市文山區興隆路三段204號１樓",
    "source_dataset":"taipei_clinic"
    }
  },
  {
    "type": "Feature",
    "geometry": {
       "type": "Point",
       "coordinates":  [ 121.5595542,24.98967307 ]
    },
    "properties": {
    "city":"taipei",
    "facility_type":"clinic",
    "category":"診所",
    "name":"德安小兒科診所",
    "district_code":63000080,
    "district":"文山區",
    "address":"臺北市文山區興隆路四段６－１０號",
    "source_dataset":"taipei_clinic"
    }
  },
  {
    "type": "Feature",
    "geometry": {
       "type": "Point",
       "coordinates":  [ 121.568697,24.98790947 ]
    },
    "properties": {
    "city":"taipei",
    "facility_type":"clinic",
    "category":"診所",
    "name":"欣民診所",
    "district_code":63000080,
    "district":"文山區",
    "address":"臺北市文山區保儀路37號",
    "source_dataset":"taipei_clinic"
    }
  },
  {
    "type": "Feature",
    "geometry": {
       "type": "Point",
       "coordinates":  [ 121.573603,24.98822164 ]
    },
    "properties": {
    "city":"taipei",
    "facility_type":"clinic",
    "category":"診所",
    "name":"慈幼診所",
    "district_code":63000080,
    "district":"文山區",
    "address":"臺北市文山區指南路二段二十一號一樓",
    "source_dataset":"taipei_clinic"
    }
  },
  {
    "type": "Feature",
    "geometry": {
       "type": "Point",
       "coordinates":  [ 121.5447854,24.99405608 ]
    },
    "properties": {
    "city":"taipei",
    "facility_type":"clinic",
    "category":"診所",
    "name":"林醫師診所",
    "district_code":63000080,
    "district":"文山區",
    "address":"臺北市文山區景興路１４５號",
    "source_dataset":"taipei_clinic"
    }
  },
  {
    "type": "Feature",
    "geometry": {
       "type": "Point",
       "coordinates":  [ 121.5394906,24.99013544 ]
    },
    "properties": {
    "city":"taipei",
    "facility_type":"clinic",
    "category":"診所",
    "name":"景福眼科診所",
    "district_code":63000080,
    "district":"文山區",
    "address":"臺北市文山區羅斯福路六段318號",
    "source_dataset":"taipei_clinic"
    }
  },
  {
    "type": "Feature",
    "geometry": {
       "type": "Point",
       "coordinates":  [ 121.5468639,24.99564111 ]
    },
    "properties": {
    "city":"taipei",
    "facility_type":"clinic",
    "category":"診所",
    "name":"瑞萱診所",
    "district_code":63000080,
    "district":"文山區",
    "address":"臺北市文山區景華街一二四號",
    "source_dataset":"taipei_clinic"
    }
  },
  {
    "type": "Feature",
    "geometry": {
       "type": "Point",
       "coordinates":  [ 121.5604984,24.98834033 ]
    },
    "properties": {
    "city":"taipei",
    "facility_type":"clinic",
    "category":"診所",
    "name":"徐慧玲診所",
    "district_code":63000080,
    "district":"文山區",
    "address":"臺北市文山區興隆路四段97號",
    "source_dataset":"taipei_clinic"
    }
  },
  {
    "type": "Feature",
    "geometry": {
       "type": "Point",
       "coordinates":  [ 121.5448068,24.99443483 ]
    },
    "properties": {
    "city":"taipei",
    "facility_type":"clinic",
    "category":"診所",
    "name":"震杰小兒科診所",
    "district_code":63000080,
    "district":"文山區",
    "address":"臺北市文山區景興路129號1樓",
    "source_dataset":"taipei_clinic"
    }
  },
  {
    "type": "Feature",
    "geometry": {
       "type": "Point",
       "coordinates":  [ 121.5738726,24.99822205 ]
    },
    "properties": {
    "city":"taipei",
    "facility_type":"clinic",
    "category":"診所",
    "name":"愛文診所",
    "district_code":63000080,
    "district":"文山區",
    "address":"臺北市文山區木柵路4段141號1樓及143號1樓",
    "source_dataset":"taipei_clinic"
    }
  },
  {
    "type": "Feature",
    "geometry": {
       "type": "Point",
       "coordinates":  [ 121.5610281,24.98583012 ]
    },
    "properties": {
    "city":"taipei",
    "facility_type":"clinic",
    "category":"診所",
    "name":"李信成眼科診所",
    "district_code":63000080,
    "district":"文山區",
    "address":"臺北市文山區興隆路四段54之7號1樓",
    "source_dataset":"taipei_clinic"
    }
  },
  {
    "type": "Feature",
    "geometry": {
       "type": "Point",
       "coordinates":  [ 121.5408227,24.99665928 ]
    },
    "properties": {
    "city":"taipei",
    "facility_type":"clinic",
    "category":"診所",
    "name":"景安診所",
    "district_code":63000080,
    "district":"文山區",
    "address":"臺北市文山區羅斯福路六段136號2樓",
    "source_dataset":"taipei_clinic"
    }
  },
  {
    "type": "Feature",
    "geometry": {
       "type": "Point",
       "coordinates":  [ 121.5661911,24.98298015 ]
    },
    "properties": {
    "city":"taipei",
    "facility_type":"clinic",
    "category":"診所",
    "name":"房國堂小兒專科診所",
    "district_code":63000080,
    "district":"文山區",
    "address":"臺北市文山區木新路二段269號",
    "source_dataset":"taipei_clinic"
    }
  },
  {
    "type": "Feature",
    "geometry": {
       "type": "Point",
       "coordinates":  [ 121.5446632,24.99346395 ]
    },
    "properties": {
    "city":"taipei",
    "facility_type":"clinic",
    "category":"診所",
    "name":"定安診所",
    "district_code":63000080,
    "district":"文山區",
    "address":"臺北市文山區景興路165號(實際營業為第一層)",
    "source_dataset":"taipei_clinic"
    }
  },
  {
    "type": "Feature",
    "geometry": {
       "type": "Point",
       "coordinates":  [ 121.5687095,24.98812668 ]
    },
    "properties": {
    "city":"taipei",
    "facility_type":"clinic",
    "category":"診所",
    "name":"林正豐診所",
    "district_code":63000080,
    "district":"文山區",
    "address":"臺北市文山區保儀路25號",
    "source_dataset":"taipei_clinic"
    }
  },
  {
    "type": "Feature",
    "geometry": {
       "type": "Point",
       "coordinates":  [ 121.5597922,24.99497409 ]
    },
    "properties": {
    "city":"taipei",
    "facility_type":"clinic",
    "category":"診所",
    "name":"文山復健科診所",
    "district_code":63000080,
    "district":"文山區",
    "address":"臺北市文山區興隆路三段207之4號、207之5號",
    "source_dataset":"taipei_clinic"
    }
  },
  {
    "type": "Feature",
    "geometry": {
       "type": "Point",
       "coordinates":  [ 121.5628942,24.98910298 ]
    },
    "properties": {
    "city":"taipei",
    "facility_type":"clinic",
    "category":"診所",
    "name":"聯恩診所",
    "district_code":63000080,
    "district":"文山區",
    "address":"臺北市文山區木柵路2段155號1樓",
    "source_dataset":"taipei_clinic"
    }
  },
  {
    "type": "Feature",
    "geometry": {
       "type": "Point",
       "coordinates":  [ 121.5520236,25.00162965 ]
    },
    "properties": {
    "city":"taipei",
    "facility_type":"clinic",
    "category":"診所",
    "name":"王令時內科診所",
    "district_code":63000080,
    "district":"文山區",
    "address":"臺北市文山區興隆路二段200號",
    "source_dataset":"taipei_clinic"
    }
  },
  {
    "type": "Feature",
    "geometry": {
       "type": "Point",
       "coordinates":  [ 121.5394761,25.00019261 ]
    },
    "properties": {
    "city":"taipei",
    "facility_type":"clinic",
    "category":"診所",
    "name":"林坤霖耳鼻喉科診所",
    "district_code":63000080,
    "district":"文山區",
    "address":"臺北市文山區羅斯福路六段14號",
    "source_dataset":"taipei_clinic"
    }
  },
  {
    "type": "Feature",
    "geometry": {
       "type": "Point",
       "coordinates":  [ 121.548193,25.0002272 ]
    },
    "properties": {
    "city":"taipei",
    "facility_type":"clinic",
    "category":"診所",
    "name":"東翰診所",
    "district_code":63000080,
    "district":"文山區",
    "address":"臺北市文山區興隆路二段139號",
    "source_dataset":"taipei_clinic"
    }
  },
  {
    "type": "Feature",
    "geometry": {
       "type": "Point",
       "coordinates":  [ 121.5625156,24.9826033 ]
    },
    "properties": {
    "city":"taipei",
    "facility_type":"clinic",
    "category":"診所",
    "name":"合康復健科診所",
    "district_code":63000080,
    "district":"文山區",
    "address":"臺北市文山區興隆路四段217號(實際營業場所1樓、2樓)",
    "source_dataset":"taipei_clinic"
    }
  },
  {
    "type": "Feature",
    "geometry": {
       "type": "Point",
       "coordinates":  [ 121.5619385,24.984231 ]
    },
    "properties": {
    "city":"taipei",
    "facility_type":"clinic",
    "category":"診所",
    "name":"邱成湦皮膚專科診所",
    "district_code":63000080,
    "district":"文山區",
    "address":"臺北市文山區興隆路4段163號(1樓及夾層)、163之1號(1樓及夾層)",
    "source_dataset":"taipei_clinic"
    }
  },
  {
    "type": "Feature",
    "geometry": {
       "type": "Point",
       "coordinates":  [ 121.5746881,24.99167048 ]
    },
    "properties": {
    "city":"taipei",
    "facility_type":"clinic",
    "category":"診所",
    "name":"秀明診所",
    "district_code":63000080,
    "district":"文山區",
    "address":"臺北市文山區秀明路2段22號",
    "source_dataset":"taipei_clinic"
    }
  },
  {
    "type": "Feature",
    "geometry": {
       "type": "Point",
       "coordinates":  [ 121.5685045,24.98839975 ]
    },
    "properties": {
    "city":"taipei",
    "facility_type":"clinic",
    "category":"診所",
    "name":"秀心診所",
    "district_code":63000080,
    "district":"文山區",
    "address":"臺北市文山區保儀路26巷1號2樓之1",
    "source_dataset":"taipei_clinic"
    }
  },
  {
    "type": "Feature",
    "geometry": {
       "type": "Point",
       "coordinates":  [ 121.5706414,25.00151297 ]
    },
    "properties": {
    "city":"taipei",
    "facility_type":"clinic",
    "category":"診所",
    "name":"王家庭醫學科診所",
    "district_code":63000080,
    "district":"文山區",
    "address":"臺北市文山區萬安街9號(實際使用第一層)",
    "source_dataset":"taipei_clinic"
    }
  },
  {
    "type": "Feature",
    "geometry": {
       "type": "Point",
       "coordinates":  [ 121.5549176,25.00161975 ]
    },
    "properties": {
    "city":"taipei",
    "facility_type":"clinic",
    "category":"診所",
    "name":"木柵身心診所",
    "district_code":63000080,
    "district":"文山區",
    "address":"臺北市文山區辛亥路四段246號",
    "source_dataset":"taipei_clinic"
    }
  },
  {
    "type": "Feature",
    "geometry": {
       "type": "Point",
       "coordinates":  [ 121.5478266,24.99960679 ]
    },
    "properties": {
    "city":"taipei",
    "facility_type":"clinic",
    "category":"診所",
    "name":"芳馨診所",
    "district_code":63000080,
    "district":"文山區",
    "address":"臺北市文山區興隆路二段62號",
    "source_dataset":"taipei_clinic"
    }
  },
  {
    "type": "Feature",
    "geometry": {
       "type": "Point",
       "coordinates":  [ 121.5401521,24.99179059 ]
    },
    "properties": {
    "city":"taipei",
    "facility_type":"clinic",
    "category":"診所",
    "name":"德康耳鼻喉科診所",
    "district_code":63000080,
    "district":"文山區",
    "address":"臺北市文山區羅斯福路六段260號",
    "source_dataset":"taipei_clinic"
    }
  },
  {
    "type": "Feature",
    "geometry": {
       "type": "Point",
       "coordinates":  [ 121.5592866,24.98401128 ]
    },
    "properties": {
    "city":"taipei",
    "facility_type":"clinic",
    "category":"診所",
    "name":"健鑫診所",
    "district_code":63000080,
    "district":"文山區",
    "address":"臺北市文山區忠順街一段28號",
    "source_dataset":"taipei_clinic"
    }
  },
  {
    "type": "Feature",
    "geometry": {
       "type": "Point",
       "coordinates":  [ 121.5600221,24.98164729 ]
    },
    "properties": {
    "city":"taipei",
    "facility_type":"clinic",
    "category":"診所",
    "name":"樂群耳鼻喉科家醫科診所",
    "district_code":63000080,
    "district":"文山區",
    "address":"臺北市文山區木新路三段202號",
    "source_dataset":"taipei_clinic"
    }
  },
  {
    "type": "Feature",
    "geometry": {
       "type": "Point",
       "coordinates":  [ 121.5449553,24.99846549 ]
    },
    "properties": {
    "city":"taipei",
    "facility_type":"clinic",
    "category":"診所",
    "name":"仁荔健康診所",
    "district_code":63000080,
    "district":"文山區",
    "address":"臺北市文山區興隆路一段258號",
    "source_dataset":"taipei_clinic"
    }
  },
  {
    "type": "Feature",
    "geometry": {
       "type": "Point",
       "coordinates":  [ 121.5439433,24.99179651 ]
    },
    "properties": {
    "city":"taipei",
    "facility_type":"clinic",
    "category":"診所",
    "name":"旭明眼科診所",
    "district_code":63000080,
    "district":"文山區",
    "address":"臺北市文山區景興路203號",
    "source_dataset":"taipei_clinic"
    }
  },
  {
    "type": "Feature",
    "geometry": {
       "type": "Point",
       "coordinates":  [ 121.5398218,24.99094547 ]
    },
    "properties": {
    "city":"taipei",
    "facility_type":"clinic",
    "category":"診所",
    "name":"璟美眼科診所",
    "district_code":63000080,
    "district":"文山區",
    "address":"臺北市文山區羅斯福路6段292號",
    "source_dataset":"taipei_clinic"
    }
  },
  {
    "type": "Feature",
    "geometry": {
       "type": "Point",
       "coordinates":  [ 121.5399011,24.9925464 ]
    },
    "properties": {
    "city":"taipei",
    "facility_type":"clinic",
    "category":"診所",
    "name":"慶如診所",
    "district_code":63000080,
    "district":"文山區",
    "address":"臺北市文山區萬慶街18號2樓",
    "source_dataset":"taipei_clinic"
    }
  },
  {
    "type": "Feature",
    "geometry": {
       "type": "Point",
       "coordinates":  [ 121.5403799,24.9923717 ]
    },
    "properties": {
    "city":"taipei",
    "facility_type":"clinic",
    "category":"診所",
    "name":"風寀時尚診所",
    "district_code":63000080,
    "district":"文山區",
    "address":"臺北市文山區羅斯福路六段236號(實際營業地址：1樓及夾層)",
    "source_dataset":"taipei_clinic"
    }
  },
  {
    "type": "Feature",
    "geometry": {
       "type": "Point",
       "coordinates":  [ 121.559425,24.98150908 ]
    },
    "properties": {
    "city":"taipei",
    "facility_type":"clinic",
    "category":"診所",
    "name":"大豐耳鼻喉科診所",
    "district_code":63000080,
    "district":"文山區",
    "address":"臺北市文山區木新路三段220號",
    "source_dataset":"taipei_clinic"
    }
  },
  {
    "type": "Feature",
    "geometry": {
       "type": "Point",
       "coordinates":  [ 121.5684505,24.9875971 ]
    },
    "properties": {
    "city":"taipei",
    "facility_type":"clinic",
    "category":"診所",
    "name":"明瀚骨科診所",
    "district_code":63000080,
    "district":"文山區",
    "address":"臺北市文山區保儀路58號(實際營業地址：1樓及第1層夾層)",
    "source_dataset":"taipei_clinic"
    }
  },
  {
    "type": "Feature",
    "geometry": {
       "type": "Point",
       "coordinates":  [ 121.5388171,25.00178228 ]
    },
    "properties": {
    "city":"taipei",
    "facility_type":"clinic",
    "category":"診所",
    "name":"和沛身心醫學診所",
    "district_code":63000080,
    "district":"文山區",
    "address":"臺北市文山區羅斯福路五段232號",
    "source_dataset":"taipei_clinic"
    }
  },
  {
    "type": "Feature",
    "geometry": {
       "type": "Point",
       "coordinates":  [ 121.5738726,24.99822205 ]
    },
    "properties": {
    "city":"taipei",
    "facility_type":"clinic",
    "category":"診所",
    "name":"愛文婦產科診所",
    "district_code":63000080,
    "district":"文山區",
    "address":"臺北市文山區木柵路4段141號1樓及143號1樓",
    "source_dataset":"taipei_clinic"
    }
  },
  {
    "type": "Feature",
    "geometry": {
       "type": "Point",
       "coordinates":  [ 121.5414239,24.99360455 ]
    },
    "properties": {
    "city":"taipei",
    "facility_type":"clinic",
    "category":"診所",
    "name":"黃兆宜曙光診所",
    "district_code":63000080,
    "district":"文山區",
    "address":"臺北市文山區景文街1號3樓",
    "source_dataset":"taipei_clinic"
    }
  },
  {
    "type": "Feature",
    "geometry": {
       "type": "Point",
       "coordinates":  [ 121.5676627,24.98866866 ]
    },
    "properties": {
    "city":"taipei",
    "facility_type":"clinic",
    "category":"診所",
    "name":"順欣診所",
    "district_code":63000080,
    "district":"文山區",
    "address":"臺北市文山區木柵路3段112號(實際營業地址：一層、二層)",
    "source_dataset":"taipei_clinic"
    }
  },
  {
    "type": "Feature",
    "geometry": {
       "type": "Point",
       "coordinates":  [ 121.5550786,25.0004853 ]
    },
    "properties": {
    "city":"taipei",
    "facility_type":"clinic",
    "category":"診所",
    "name":"夏安皮膚專科診所",
    "district_code":63000080,
    "district":"文山區",
    "address":"臺北市文山區興隆路3段26號(1樓、2樓)",
    "source_dataset":"taipei_clinic"
    }
  },
  {
    "type": "Feature",
    "geometry": {
       "type": "Point",
       "coordinates":  [ 121.5443862,24.99895988 ]
    },
    "properties": {
    "city":"taipei",
    "facility_type":"clinic",
    "category":"診所",
    "name":"仁耀診所",
    "district_code":63000080,
    "district":"文山區",
    "address":"臺北市文山區興隆路一段２７３號",
    "source_dataset":"taipei_clinic"
    }
  },
  {
    "type": "Feature",
    "geometry": {
       "type": "Point",
       "coordinates":  [ 121.5677139,24.98372835 ]
    },
    "properties": {
    "city":"taipei",
    "facility_type":"clinic",
    "category":"診所",
    "name":"保順診所",
    "district_code":63000080,
    "district":"文山區",
    "address":"臺北市文山區木新路二段２０６號",
    "source_dataset":"taipei_clinic"
    }
  },
  {
    "type": "Feature",
    "geometry": {
       "type": "Point",
       "coordinates":  [ 121.5391709,25.00199197 ]
    },
    "properties": {
    "city":"taipei",
    "facility_type":"clinic",
    "category":"診所",
    "name":"楊向榮耳鼻喉科診所",
    "district_code":63000080,
    "district":"文山區",
    "address":"臺北市文山區羅斯福路五段２２３號",
    "source_dataset":"taipei_clinic"
    }
  },
  {
    "type": "Feature",
    "geometry": {
       "type": "Point",
       "coordinates":  [ 121.5393585,25.00418275 ]
    },
    "properties": {
    "city":"taipei",
    "facility_type":"clinic",
    "category":"診所",
    "name":"興隆李內兒科診所",
    "district_code":63000080,
    "district":"文山區",
    "address":"臺北市文山區興隆路一段１２號",
    "source_dataset":"taipei_clinic"
    }
  },
  {
    "type": "Feature",
    "geometry": {
       "type": "Point",
       "coordinates":  [ 121.5494378,25.00082992 ]
    },
    "properties": {
    "city":"taipei",
    "facility_type":"clinic",
    "category":"診所",
    "name":"景美蔡登元婦產科診所",
    "district_code":63000080,
    "district":"文山區",
    "address":"臺北市文山區興隆路二段１８９號",
    "source_dataset":"taipei_clinic"
    }
  },
  {
    "type": "Feature",
    "geometry": {
       "type": "Point",
       "coordinates":  [ 121.5381598,25.00453276 ]
    },
    "properties": {
    "city":"taipei",
    "facility_type":"clinic",
    "category":"診所",
    "name":"李聯合診所",
    "district_code":63000080,
    "district":"文山區",
    "address":"臺北市文山區羅斯福路五段１７０巷１－３號２樓",
    "source_dataset":"taipei_clinic"
    }
  },
  {
    "type": "Feature",
    "geometry": {
       "type": "Point",
       "coordinates":  [ 121.5455079,24.99889874 ]
    },
    "properties": {
    "city":"taipei",
    "facility_type":"clinic",
    "category":"診所",
    "name":"興隆內科小兒科診所",
    "district_code":63000080,
    "district":"文山區",
    "address":"臺北市文山區興隆路二段１７號",
    "source_dataset":"taipei_clinic"
    }
  },
  {
    "type": "Feature",
    "geometry": {
       "type": "Point",
       "coordinates":  [ 121.5661013,24.98294911 ]
    },
    "properties": {
    "city":"taipei",
    "facility_type":"clinic",
    "category":"診所",
    "name":"泓仁診所",
    "district_code":63000080,
    "district":"文山區",
    "address":"臺北市文山區木新路二段２７３號",
    "source_dataset":"taipei_clinic"
    }
  },
  {
    "type": "Feature",
    "geometry": {
       "type": "Point",
       "coordinates":  [ 121.5615441,24.98541766 ]
    },
    "properties": {
    "city":"taipei",
    "facility_type":"clinic",
    "category":"診所",
    "name":"澤文診所",
    "district_code":63000080,
    "district":"文山區",
    "address":"臺北市文山區興隆路四段１３３號１樓",
    "source_dataset":"taipei_clinic"
    }
  },
  {
    "type": "Feature",
    "geometry": {
       "type": "Point",
       "coordinates":  [ 121.5186982,25.02874869 ]
    },
    "properties": {
    "city":"taipei",
    "facility_type":"hospital",
    "category":"醫院",
    "name":"郵政醫院（委託中英醫療社團法人經營）",
    "district_code":63000050,
    "district":"中正區",
    "address":"臺北市中正區福州街14號",
    "source_dataset":"taipei_hospital"
    }
  },
  {
    "type": "Feature",
    "geometry": {
       "type": "Point",
       "coordinates":  [ 121.5183428,25.03553921 ]
    },
    "properties": {
    "city":"taipei",
    "facility_type":"hospital",
    "category":"醫院",
    "name":"國立台灣大學醫學院附設醫院",
    "district_code":63000050,
    "district":"中正區",
    "address":"臺北市中正區中山南路７、８號；常德街１號",
    "source_dataset":"taipei_hospital"
    }
  },
  {
    "type": "Feature",
    "geometry": {
       "type": "Point",
       "coordinates":  [ 121.5187506,25.04434314 ]
    },
    "properties": {
    "city":"taipei",
    "facility_type":"hospital",
    "category":"醫院",
    "name":"國立臺灣大學醫學院附設醫院兒童醫院臺北市中正區中山南路8號121.518750625.04434314",
    "district_code":63000050,
    "district":"中正區",
    "address":"臺北市中正區中山南路8號",
    "source_dataset":"taipei_hospital"
    }
  },
  {
    "type": "Feature",
    "geometry": {
       "type": "Point",
       "coordinates":  [ 121.5088874,25.05069244 ]
    },
    "properties": {
    "city":"taipei",
    "facility_type":"hospital",
    "category":"醫院",
    "name":"臺北市立聯合醫院臺北市大同區鄭州路145號121.508887425.05069244",
    "district_code":63000060,
    "district":"大同區",
    "address":"臺北市大同區鄭州路145號",
    "source_dataset":"taipei_hospital"
    }
  },
  {
    "type": "Feature",
    "geometry": {
       "type": "Point",
       "coordinates":  [ 121.5316407,25.06145984 ]
    },
    "properties": {
    "city":"taipei",
    "facility_type":"hospital",
    "category":"醫院",
    "name":"泰安醫院",
    "district_code":63000040,
    "district":"中山區",
    "address":"臺北市中山區民權東路二段９２巷２之1號(地下一樓至地上六樓)",
    "source_dataset":"taipei_hospital"
    }
  },
  {
    "type": "Feature",
    "geometry": {
       "type": "Point",
       "coordinates":  [ 121.5339434,25.05027331 ]
    },
    "properties": {
    "city":"taipei",
    "facility_type":"hospital",
    "category":"醫院",
    "name":"協和婦女醫院",
    "district_code":63000040,
    "district":"中山區",
    "address":"臺北市中山區松江路85巷5號1，2，3，4樓、93巷6號1，2，4樓",
    "source_dataset":"taipei_hospital"
    }
  },
  {
    "type": "Feature",
    "geometry": {
       "type": "Point",
       "coordinates":  [ 121.522558,25.05888423 ]
    },
    "properties": {
    "city":"taipei",
    "facility_type":"hospital",
    "category":"醫院",
    "name":"台灣基督長老教會馬偕醫療財團法人馬偕紀念醫院",
    "district_code":63000040,
    "district":"中山區",
    "address":"臺北市中山區中山北路二段９２號",
    "source_dataset":"taipei_hospital"
    }
  },
  {
    "type": "Feature",
    "geometry": {
       "type": "Point",
       "coordinates":  [ 121.522558,25.05888423 ]
    },
    "properties": {
    "city":"taipei",
    "facility_type":"hospital",
    "category":"醫院",
    "name":"台灣基督長老教會馬偕醫療財團法人馬偕兒童醫院",
    "district_code":63000040,
    "district":"中山區",
    "address":"臺北市中山區中山北路2段92號",
    "source_dataset":"taipei_hospital"
    }
  },
  {
    "type": "Feature",
    "geometry": {
       "type": "Point",
       "coordinates":  [ 121.5485556,25.05023183 ]
    },
    "properties": {
    "city":"taipei",
    "facility_type":"hospital",
    "category":"醫院",
    "name":"長庚醫療財團法人台北長庚紀念醫院",
    "district_code":63000010,
    "district":"松山區",
    "address":"臺北市松山區敦化北路199號、197號、臺北市松山區敦化北路199巷6號",
    "source_dataset":"taipei_hospital"
    }
  },
  {
    "type": "Feature",
    "geometry": {
       "type": "Point",
       "coordinates":  [ 121.5444842,25.04758836 ]
    },
    "properties": {
    "city":"taipei",
    "facility_type":"hospital",
    "category":"醫院",
    "name":"基督復臨安息日會醫療財團法人臺安醫院\"臺北市松山區八德路二段424",
    "district_code":63000010,
    "district":"松山區",
    "address":"臺北市松山區八德路二段424426號\"",
    "source_dataset":"taipei_hospital"
    }
  },
  {
    "type": "Feature",
    "geometry": {
       "type": "Point",
       "coordinates":  [ 121.557695,25.04990354 ]
    },
    "properties": {
    "city":"taipei",
    "facility_type":"hospital",
    "category":"醫院",
    "name":"博仁綜合醫院",
    "district_code":63000010,
    "district":"松山區",
    "address":"臺北市松山區光復北路66號、68號地下一層、68號、68號2至7樓、68號2樓之1至7樓之1、68號2樓之2至7樓之2",
    "source_dataset":"taipei_hospital"
    }
  },
  {
    "type": "Feature",
    "geometry": {
       "type": "Point",
       "coordinates":  [ 121.5682821,25.04940059 ]
    },
    "properties": {
    "city":"taipei",
    "facility_type":"hospital",
    "category":"醫院",
    "name":"培靈醫院",
    "district_code":63000010,
    "district":"松山區",
    "address":"臺北市松山區八德路四段３５５號",
    "source_dataset":"taipei_hospital"
    }
  },
  {
    "type": "Feature",
    "geometry": {
       "type": "Point",
       "coordinates":  [ 121.5497106,25.03655173 ]
    },
    "properties": {
    "city":"taipei",
    "facility_type":"hospital",
    "category":"醫院",
    "name":"中山醫療社團法人中山醫院",
    "district_code":63000030,
    "district":"大安區",
    "address":"臺北市大安區仁愛路四段112巷11號",
    "source_dataset":"taipei_hospital"
    }
  },
  {
    "type": "Feature",
    "geometry": {
       "type": "Point",
       "coordinates":  [ 121.5577045,25.05394015 ]
    },
    "properties": {
    "city":"taipei",
    "facility_type":"hospital",
    "category":"醫院",
    "name":"三軍總醫院松山分院附設民眾診療服務處",
    "district_code":63000010,
    "district":"松山區",
    "address":"臺北市松山區健康路１３１號",
    "source_dataset":"taipei_hospital"
    }
  },
  {
    "type": "Feature",
    "geometry": {
       "type": "Point",
       "coordinates":  [ 121.5439164,25.01449586 ]
    },
    "properties": {
    "city":"taipei",
    "facility_type":"hospital",
    "category":"醫院",
    "name":"國立臺灣大學醫學院附設癌醫中心醫院",
    "district_code":63000030,
    "district":"大安區",
    "address":"臺北市大安區基隆路 3段155巷57號",
    "source_dataset":"taipei_hospital"
    }
  },
  {
    "type": "Feature",
    "geometry": {
       "type": "Point",
       "coordinates":  [ 121.5568623,25.04311217 ]
    },
    "properties": {
    "city":"taipei",
    "facility_type":"hospital",
    "category":"醫院",
    "name":"秀傳醫院",
    "district_code":63000030,
    "district":"大安區",
    "address":"臺北市大安區光復南路116巷1、3、5號1至4樓及地下1樓",
    "source_dataset":"taipei_hospital"
    }
  },
  {
    "type": "Feature",
    "geometry": {
       "type": "Point",
       "coordinates":  [ 121.5470295,25.03849645 ]
    },
    "properties": {
    "city":"taipei",
    "facility_type":"hospital",
    "category":"醫院",
    "name":"宏恩醫療財團法人宏恩綜合醫院",
    "district_code":63000030,
    "district":"大安區",
    "address":"臺北市大安區仁愛路四段７１巷１號",
    "source_dataset":"taipei_hospital"
    }
  },
  {
    "type": "Feature",
    "geometry": {
       "type": "Point",
       "coordinates":  [ 121.5473297,25.04186487 ]
    },
    "properties": {
    "city":"taipei",
    "facility_type":"hospital",
    "category":"醫院",
    "name":"中心診所醫療財團法人中心綜合醫院",
    "district_code":63000030,
    "district":"大安區",
    "address":"臺北市大安區忠孝東路四段７７號",
    "source_dataset":"taipei_hospital"
    }
  },
  {
    "type": "Feature",
    "geometry": {
       "type": "Point",
       "coordinates":  [ 121.5528014,25.03717848 ]
    },
    "properties": {
    "city":"taipei",
    "facility_type":"hospital",
    "category":"醫院",
    "name":"國泰醫療財團法人國泰綜合醫院",
    "district_code":63000030,
    "district":"大安區",
    "address":"臺北市大安區仁愛路四段266巷6號，280號",
    "source_dataset":"taipei_hospital"
    }
  },
  {
    "type": "Feature",
    "geometry": {
       "type": "Point",
       "coordinates":  [ 121.5098259,25.02405006 ]
    },
    "properties": {
    "city":"taipei",
    "facility_type":"hospital",
    "category":"醫院",
    "name":"同仁院醫療財團法人萬華醫院",
    "district_code":63000070,
    "district":"萬華區",
    "address":"臺北市萬華區中華路二段６０６巷６號",
    "source_dataset":"taipei_hospital"
    }
  },
  {
    "type": "Feature",
    "geometry": {
       "type": "Point",
       "coordinates":  [ 121.5042335,25.03642709 ]
    },
    "properties": {
    "city":"taipei",
    "facility_type":"hospital",
    "category":"醫院",
    "name":"財團法人台灣省私立台北仁濟院附設仁濟醫院",
    "district_code":63000070,
    "district":"萬華區",
    "address":"臺北市萬華區廣州街２００，２４３號",
    "source_dataset":"taipei_hospital"
    }
  },
  {
    "type": "Feature",
    "geometry": {
       "type": "Point",
       "coordinates":  [ 121.4945402,25.0277877 ]
    },
    "properties": {
    "city":"taipei",
    "facility_type":"hospital",
    "category":"醫院",
    "name":"西園醫療社團法人西園醫院",
    "district_code":63000070,
    "district":"萬華區",
    "address":"臺北市萬華區西園路二段266、268、270、272、276號、185、187、189號",
    "source_dataset":"taipei_hospital"
    }
  },
  {
    "type": "Feature",
    "geometry": {
       "type": "Point",
       "coordinates":  [ 121.5025511,25.04222858 ]
    },
    "properties": {
    "city":"taipei",
    "facility_type":"hospital",
    "category":"醫院",
    "name":"國立臺灣大學醫學院附設醫院北護分院",
    "district_code":63000070,
    "district":"萬華區",
    "address":"臺北市萬華區康定路３７號、臺北市萬華區內江街87號",
    "source_dataset":"taipei_hospital"
    }
  },
  {
    "type": "Feature",
    "geometry": {
       "type": "Point",
       "coordinates":  [ 121.5636377,25.02663801 ]
    },
    "properties": {
    "city":"taipei",
    "facility_type":"hospital",
    "category":"醫院",
    "name":"臺北醫學大學附設醫院",
    "district_code":63000020,
    "district":"信義區",
    "address":"臺北市信義區吳興街２５2號、250號",
    "source_dataset":"taipei_hospital"
    }
  },
  {
    "type": "Feature",
    "geometry": {
       "type": "Point",
       "coordinates":  [ 121.5202887,25.0962409 ]
    },
    "properties": {
    "city":"taipei",
    "facility_type":"hospital",
    "category":"醫院",
    "name":"新光醫療財團法人新光吳火獅紀念醫院臺北市士林區文昌路95號及士商路51號、51號2樓、51號3樓、51號4樓、51號5樓、51號6樓、51號7樓、53號、55號、57號121.520288725.0962409",
    "district_code":63000110,
    "district":"士林區",
    "address":"臺北市士林區文昌路95號及士商路51號、51號2樓、51號3樓、51號4樓、51號5樓、51號6樓、51號7樓、53號、55號、57號",
    "source_dataset":"taipei_hospital"
    }
  },
  {
    "type": "Feature",
    "geometry": {
       "type": "Point",
       "coordinates":  [ 121.5097013,25.1398048 ]
    },
    "properties": {
    "city":"taipei",
    "facility_type":"hospital",
    "category":"醫院",
    "name":"三軍總醫院北投分院附設民眾診療服務處",
    "district_code":63000120,
    "district":"北投區",
    "address":"臺北市北投區新民路６０號 中和街二五○號",
    "source_dataset":"taipei_hospital"
    }
  },
  {
    "type": "Feature",
    "geometry": {
       "type": "Point",
       "coordinates":  [ 121.5037059,25.13758475 ]
    },
    "properties": {
    "city":"taipei",
    "facility_type":"hospital",
    "category":"醫院",
    "name":"臺北市北投健康管理醫院",
    "district_code":63000120,
    "district":"北投區",
    "address":"臺北市北投區中和街2號",
    "source_dataset":"taipei_hospital"
    }
  },
  {
    "type": "Feature",
    "geometry": {
       "type": "Point",
       "coordinates":  [ 121.4720113,25.12834055 ]
    },
    "properties": {
    "city":"taipei",
    "facility_type":"hospital",
    "category":"醫院",
    "name":"醫療財團法人辜公亮基金會和信治癌中心醫院",
    "district_code":63000120,
    "district":"北投區",
    "address":"臺北市北投區立德路１２５號",
    "source_dataset":"taipei_hospital"
    }
  },
  {
    "type": "Feature",
    "geometry": {
       "type": "Point",
       "coordinates":  [ 121.5224005,25.11754255 ]
    },
    "properties": {
    "city":"taipei",
    "facility_type":"hospital",
    "category":"醫院",
    "name":"振興醫療財團法人振興醫院",
    "district_code":63000120,
    "district":"北投區",
    "address":"臺北市北投區振興街４５號",
    "source_dataset":"taipei_hospital"
    }
  },
  {
    "type": "Feature",
    "geometry": {
       "type": "Point",
       "coordinates":  [ 121.4663577,25.12018758 ]
    },
    "properties": {
    "city":"taipei",
    "facility_type":"hospital",
    "category":"醫院",
    "name":"臺北市立關渡醫院─委託臺北榮民總醫院經營",
    "district_code":63000120,
    "district":"北投區",
    "address":"臺北市北投區知行路二二五巷十二號",
    "source_dataset":"taipei_hospital"
    }
  },
  {
    "type": "Feature",
    "geometry": {
       "type": "Point",
       "coordinates":  [ 121.5191658,25.11918228 ]
    },
    "properties": {
    "city":"taipei",
    "facility_type":"hospital",
    "category":"醫院",
    "name":"臺北榮民總醫院",
    "district_code":63000120,
    "district":"北投區",
    "address":"臺北市北投區石牌路二段201號、322號",
    "source_dataset":"taipei_hospital"
    }
  },
  {
    "type": "Feature",
    "geometry": {
       "type": "Point",
       "coordinates":  [ 121.5905997,25.08212491 ]
    },
    "properties": {
    "city":"taipei",
    "facility_type":"hospital",
    "category":"醫院",
    "name":"中國醫藥大學附設醫院臺北分院",
    "district_code":63000100,
    "district":"內湖區",
    "address":"臺北市內湖區內湖路二段360號",
    "source_dataset":"taipei_hospital"
    }
  },
  {
    "type": "Feature",
    "geometry": {
       "type": "Point",
       "coordinates":  [ 121.6087792,25.07595162 ]
    },
    "properties": {
    "city":"taipei",
    "facility_type":"hospital",
    "category":"醫院",
    "name":"康寧醫療財團法人康寧醫院",
    "district_code":63000100,
    "district":"內湖區",
    "address":"臺北市內湖區成功路五段４２０巷２６號",
    "source_dataset":"taipei_hospital"
    }
  },
  {
    "type": "Feature",
    "geometry": {
       "type": "Point",
       "coordinates":  [ 121.5919821,25.07180042 ]
    },
    "properties": {
    "city":"taipei",
    "facility_type":"hospital",
    "category":"醫院",
    "name":"三軍總醫院附設民眾診療服務處",
    "district_code":63000100,
    "district":"內湖區",
    "address":"臺北市內湖區成功路二段325號；臺北市中正區汀州路3段40號",
    "source_dataset":"taipei_hospital"
    }
  },
  {
    "type": "Feature",
    "geometry": {
       "type": "Point",
       "coordinates":  [ 121.5583303,25.00030628 ]
    },
    "properties": {
    "city":"taipei",
    "facility_type":"hospital",
    "category":"醫院",
    "name":"臺北市立萬芳醫院－委託財團法人臺北醫學大學辦理",
    "district_code":63000080,
    "district":"文山區",
    "address":"臺北市文山區興隆路三段111號",
    "source_dataset":"taipei_hospital"
    }
  },
  {
    "type": "Feature",
    "geometry": {
       "type": "Point",
       "coordinates":  [ 121.5405334,24.99001925 ]
    },
    "properties": {
    "city":"taipei",
    "facility_type":"hospital",
    "category":"醫院",
    "name":"景美醫院",
    "district_code":63000080,
    "district":"文山區",
    "address":"臺北市文山區羅斯福路六段280號、文山區育英街2巷18號、文山區羅斯福路六段276巷1號1樓",
    "source_dataset":"taipei_hospital"
    }
  },
  {
    "type": "Feature",
    "geometry": {
       "type": "Point",
       "coordinates":  [ 121.5751861,25.08056184 ]
    },
    "properties": {
    "city":"taipei",
    "facility_type":"hospital",
    "category":"醫院",
    "name":"德威國際牙醫口腔醫院臺北市內湖區內湖路一段659號1樓",
    "district_code":63000100,
    "district":"內湖區",
    "address":"臺北市內湖區內湖路一段659號1樓",
    "source_dataset":"taipei_hospital"
    }
  }
]
}